Actual_Energy,Predicted_Energy,Confidence,CBIS_Decision,CBIS_Energy_J
21000.0,21000.055,1.0,STAY_ACTIVE,21000.0546875
7353.6,7344.412,0.9988,SCALE_DOWN,3000.0
12439.2,12406.335,0.9974,STAY_ACTIVE,12406.3349609375
5930.700000000001,5927.805,0.9995,SCALE_DOWN,3000.0
13016.1,13076.477,0.9954,STAY_ACTIVE,13076.4765625
3000.0,3000.4214,0.9999,SCALE_DOWN,3000.0
21000.0,21000.047,1.0,STAY_ACTIVE,21000.046875
7960.5,7970.0806,0.9988,SCALE_DOWN,3000.0
8631.6,8609.768,0.9975,SCALE_DOWN,3000.0
21000.0,20999.11,1.0,STAY_ACTIVE,20999.109375
3000.0,3000.4214,0.9999,SCALE_DOWN,3000.0
5215.8,5214.061,0.9997,SCALE_DOWN,3000.0
21000.0,21000.049,1.0,STAY_ACTIVE,21000.048828125
3000.0,3000.4214,0.9999,SCALE_DOWN,3000.0
13035.9,12971.345,0.995,STAY_ACTIVE,12971.3447265625
9835.8,9832.564,0.9997,STAY_ACTIVE,9832.564453125
3000.0,3000.4214,0.9999,SCALE_DOWN,3000.0
21000.0,21000.078,1.0,STAY_ACTIVE,21000.078125
21000.0,21000.078,1.0,STAY_ACTIVE,21000.078125
3000.0,3000.4214,0.9999,SCALE_DOWN,3000.0
3000.0,3000.4214,0.9999,SCALE_DOWN,3000.0
3000.0,3000.4214,0.9999,SCALE_DOWN,3000.0
5977.5,6054.7183,0.9871,SCALE_DOWN,3000.0
9775.5,9785.456,0.999,STAY_ACTIVE,9785.4560546875
13965.000000000002,13999.996,0.9975,STAY_ACTIVE,13999.99609375
20896.800000000003,20602.52,0.9859,STAY_ACTIVE,20602.51953125
3000.0,3000.4214,0.9999,SCALE_DOWN,3000.0
3000.0,3000.4214,0.9999,SCALE_DOWN,3000.0
3000.0,3000.4214,0.9999,SCALE_DOWN,3000.0
6723.900000000001,6710.3438,0.998,SCALE_DOWN,3000.0
3000.0,3000.4214,0.9999,SCALE_DOWN,3000.0
3000.0,3000.4214,0.9999,SCALE_DOWN,3000.0
21000.0,20999.172,1.0,STAY_ACTIVE,20999.171875
8444.7,8466.801,0.9974,SCALE_DOWN,3000.0
19971.3,19942.18,0.9985,STAY_ACTIVE,19942.1796875
3000.0,3000.4214,0.9999,SCALE_DOWN,3000.0
3576.6000000000004,3563.5251,0.9963,SCALE_DOWN,3000.0
3000.0,3000.4214,0.9999,SCALE_DOWN,3000.0
9014.7,9005.882,0.999,STAY_ACTIVE,9005.8818359375
3000.0,3000.4214,0.9999,SCALE_DOWN,3000.0
12512.4,12592.704,0.9936,STAY_ACTIVE,12592.7041015625
3000.0,3000.4214,0.9999,SCALE_DOWN,3000.0
3000.0,3000.4214,0.9999,SCALE_DOWN,3000.0
5794.200000000001,5817.3306,0.996,SCALE_DOWN,3000.0
21000.0,20999.596,1.0,STAY_ACTIVE,20999.595703125
3000.0,3000.4214,0.9999,SCALE_DOWN,3000.0
3000.0,3000.4214,0.9999,SCALE_DOWN,3000.0
21000.0,21000.047,1.0,STAY_ACTIVE,21000.046875
3254.1,3277.0964,0.9929,SCALE_DOWN,3000.0
12924.0,12975.214,0.996,STAY_ACTIVE,12975.2138671875
21000.0,21000.049,1.0,STAY_ACTIVE,21000.048828125
15851.1,15853.507,0.9998,STAY_ACTIVE,15853.5068359375
8047.8,8065.124,0.9978,SCALE_DOWN,3000.0
21000.0,21000.047,1.0,STAY_ACTIVE,21000.046875
21000.0,20999.467,1.0,STAY_ACTIVE,20999.466796875
21000.0,20990.295,0.9995,STAY_ACTIVE,20990.294921875
20408.4,20485.623,0.9962,STAY_ACTIVE,20485.623046875
3000.0,3000.4214,0.9999,SCALE_DOWN,3000.0
3000.0,3000.4214,0.9999,SCALE_DOWN,3000.0
3000.0,3000.4214,0.9999,SCALE_DOWN,3000.0
18210.6,18199.875,0.9994,STAY_ACTIVE,18199.875
21000.0,21000.078,1.0,STAY_ACTIVE,21000.078125
6482.4,6463.013,0.997,SCALE_DOWN,3000.0
7666.200000000001,7696.7295,0.996,SCALE_DOWN,3000.0
10631.1,10443.348,0.9823,STAY_ACTIVE,10443.34765625
3000.0,3000.4214,0.9999,SCALE_DOWN,3000.0
20192.7,20189.46,0.9998,STAY_ACTIVE,20189.4609375
9478.5,9501.907,0.9975,STAY_ACTIVE,9501.9072265625
10420.5,10415.049,0.9995,STAY_ACTIVE,10415.048828125
3774.9,3775.3174,0.9999,SCALE_DOWN,3000.0
9185.7,9187.132,0.9998,STAY_ACTIVE,9187.1318359375
9654.6,9624.252,0.9969,STAY_ACTIVE,9624.251953125
7307.1,7303.06,0.9994,SCALE_DOWN,3000.0
12373.5,12406.335,0.9973,STAY_ACTIVE,12406.3349609375
11025.000000000002,11049.368,0.9978,STAY_ACTIVE,11049.3681640625
3000.0,3000.4214,0.9999,SCALE_DOWN,3000.0
3900.9,3940.8186,0.9898,SCALE_DOWN,3000.0
20051.1,20054.908,0.9998,STAY_ACTIVE,20054.908203125
3000.0,3000.4214,0.9999,SCALE_DOWN,3000.0
18900.6,18901.422,1.0,STAY_ACTIVE,18901.421875
3000.0,3000.4214,0.9999,SCALE_DOWN,3000.0
7929.300000000001,7935.1475,0.9993,SCALE_DOWN,3000.0
3000.0,3000.4214,0.9999,SCALE_DOWN,3000.0
3000.0,3000.4214,0.9999,SCALE_DOWN,3000.0
3000.0,3000.4214,0.9999,SCALE_DOWN,3000.0
3000.0,3000.4214,0.9999,SCALE_DOWN,3000.0
11559.3,11493.923,0.9943,STAY_ACTIVE,11493.9228515625
3000.0,3000.4214,0.9999,SCALE_DOWN,3000.0
12397.2,12340.339,0.9954,STAY_ACTIVE,12340.3388671875
21000.0,21015.38,0.9993,STAY_ACTIVE,21015.380859375
10711.2,10676.155,0.9967,STAY_ACTIVE,10676.1552734375
7908.3,7912.307,0.9995,SCALE_DOWN,3000.0
7448.4,7475.118,0.9964,SCALE_DOWN,3000.0
3000.0,3000.4214,0.9999,SCALE_DOWN,3000.0
20988.6,20890.088,0.9953,STAY_ACTIVE,20890.087890625
3000.0,3000.4214,0.9999,SCALE_DOWN,3000.0
3000.0,3000.4214,0.9999,SCALE_DOWN,3000.0
21000.0,21000.078,1.0,STAY_ACTIVE,21000.078125
21000.0,21000.047,1.0,STAY_ACTIVE,21000.046875
17539.800000000003,17362.7,0.9899,STAY_ACTIVE,17362.69921875
9203.1,9351.595,0.9839,STAY_ACTIVE,9351.5947265625
3000.0,3000.4214,0.9999,SCALE_DOWN,3000.0
3000.0,3000.4214,0.9999,SCALE_DOWN,3000.0
11578.800000000005,11603.15,0.9979,STAY_ACTIVE,11603.150390625
8659.5,8608.636,0.9941,SCALE_DOWN,3000.0
10869.3,10866.376,0.9997,STAY_ACTIVE,10866.3759765625
8772.6,8732.925,0.9955,SCALE_DOWN,3000.0
21000.0,21015.037,0.9993,STAY_ACTIVE,21015.037109375
3000.0,3000.4214,0.9999,SCALE_DOWN,3000.0
5146.5,5140.587,0.9989,SCALE_DOWN,3000.0
6254.1,6230.595,0.9962,SCALE_DOWN,3000.0
3000.0,3000.4214,0.9999,SCALE_DOWN,3000.0
6144.6,6149.4814,0.9992,SCALE_DOWN,3000.0
21000.0,21000.121,1.0,STAY_ACTIVE,21000.12109375
21000.0,21000.049,1.0,STAY_ACTIVE,21000.048828125
3000.0,3000.4214,0.9999,SCALE_DOWN,3000.0
7321.5,7351.3306,0.9959,SCALE_DOWN,3000.0
5278.799999999999,5288.8945,0.9981,SCALE_DOWN,3000.0
8809.8,8824.809,0.9983,SCALE_DOWN,3000.0
3000.0,3000.4214,0.9999,SCALE_DOWN,3000.0
5023.200000000001,5000.625,0.9955,SCALE_DOWN,3000.0
4938.599999999999,4930.3403,0.9983,SCALE_DOWN,3000.0
11157.9,10999.434,0.9858,STAY_ACTIVE,10999.43359375
5027.4,5040.346,0.9974,SCALE_DOWN,3000.0
3000.0,3000.4214,0.9999,SCALE_DOWN,3000.0
3000.0,3000.4214,0.9999,SCALE_DOWN,3000.0
21000.0,21013.703,0.9993,STAY_ACTIVE,21013.703125
13576.5,13589.144,0.9991,STAY_ACTIVE,13589.1435546875
21000.0,21000.047,1.0,STAY_ACTIVE,21000.046875
16705.2,16775.797,0.9958,STAY_ACTIVE,16775.796875
16275.6,16204.848,0.9957,STAY_ACTIVE,16204.84765625
3000.0,3000.4214,0.9999,SCALE_DOWN,3000.0
7053.0,7174.334,0.9828,SCALE_DOWN,3000.0
21000.0,21000.047,1.0,STAY_ACTIVE,21000.046875
11452.5,11480.681,0.9975,STAY_ACTIVE,11480.6806640625
3000.0,3000.4214,0.9999,SCALE_DOWN,3000.0
3000.0,3000.4214,0.9999,SCALE_DOWN,3000.0
11374.8,11376.14,0.9999,STAY_ACTIVE,11376.1396484375
21000.0,21000.121,1.0,STAY_ACTIVE,21000.12109375
3000.0,3000.4214,0.9999,SCALE_DOWN,3000.0
21000.0,21000.078,1.0,STAY_ACTIVE,21000.078125
11883.9,11908.141,0.998,STAY_ACTIVE,11908.140625
21000.0,21000.078,1.0,STAY_ACTIVE,21000.078125
8640.900000000001,8580.704,0.993,SCALE_DOWN,3000.0
9273.0,9291.643,0.998,STAY_ACTIVE,9291.642578125
5487.3,5498.336,0.998,SCALE_DOWN,3000.0
3000.0,3000.4214,0.9999,SCALE_DOWN,3000.0
10980.0,10993.345,0.9988,STAY_ACTIVE,10993.3447265625
12882.0,12895.02,0.999,STAY_ACTIVE,12895.01953125
3000.0,3000.4214,0.9999,SCALE_DOWN,3000.0
10719.6,10724.2705,0.9996,STAY_ACTIVE,10724.2705078125
6436.5,6392.7026,0.9932,SCALE_DOWN,3000.0
7423.2,7446.7734,0.9968,SCALE_DOWN,3000.0
21000.0,20999.852,1.0,STAY_ACTIVE,20999.8515625
3000.0,3000.4214,0.9999,SCALE_DOWN,3000.0
3000.0,3000.4214,0.9999,SCALE_DOWN,3000.0
3000.0,3000.4214,0.9999,SCALE_DOWN,3000.0
3000.0,3000.4214,0.9999,SCALE_DOWN,3000.0
3000.0,3000.4214,0.9999,SCALE_DOWN,3000.0
3000.0,3000.4214,0.9999,SCALE_DOWN,3000.0
16510.5,16437.775,0.9956,STAY_ACTIVE,16437.775390625
3000.0,3000.4214,0.9999,SCALE_DOWN,3000.0
3000.0,3000.4214,0.9999,SCALE_DOWN,3000.0
5398.8,5399.324,0.9999,SCALE_DOWN,3000.0
3000.0,3000.4214,0.9999,SCALE_DOWN,3000.0
3000.0,3000.4214,0.9999,SCALE_DOWN,3000.0
9063.0,9046.81,0.9982,STAY_ACTIVE,9046.8095703125
21000.0,20999.852,1.0,STAY_ACTIVE,20999.8515625
8767.8,8750.061,0.998,SCALE_DOWN,3000.0
3000.0,3000.4214,0.9999,SCALE_DOWN,3000.0
21000.0,21054.861,0.9974,STAY_ACTIVE,21054.861328125
21000.0,20999.852,1.0,STAY_ACTIVE,20999.8515625
21000.0,20999.852,1.0,STAY_ACTIVE,20999.8515625
14324.1,14390.031,0.9954,STAY_ACTIVE,14390.03125
3000.0,3000.4214,0.9999,SCALE_DOWN,3000.0
3000.0,3000.4214,0.9999,SCALE_DOWN,3000.0
3000.0,3000.4214,0.9999,SCALE_DOWN,3000.0
9289.5,9256.367,0.9964,STAY_ACTIVE,9256.3671875
21000.0,21000.078,1.0,STAY_ACTIVE,21000.078125
3495.8999999999996,3521.7297,0.9926,SCALE_DOWN,3000.0
21000.0,21018.281,0.9991,STAY_ACTIVE,21018.28125
12207.6,12170.546,0.997,STAY_ACTIVE,12170.5458984375
6580.8,6593.0566,0.9981,SCALE_DOWN,3000.0
14572.8,14530.419,0.9971,STAY_ACTIVE,14530.4189453125
8121.9,8173.9707,0.9936,SCALE_DOWN,3000.0
21000.0,20996.1,0.9998,STAY_ACTIVE,20996.099609375
16461.9,16431.654,0.9982,STAY_ACTIVE,16431.654296875
6222.9,6232.25,0.9985,SCALE_DOWN,3000.0
3000.0,3000.4214,0.9999,SCALE_DOWN,3000.0
5383.5,5356.905,0.9951,SCALE_DOWN,3000.0
3000.0,3000.4214,0.9999,SCALE_DOWN,3000.0
10234.5,10235.367,0.9999,STAY_ACTIVE,10235.3671875
3000.0,3000.4214,0.9999,SCALE_DOWN,3000.0
8122.200000000001,8113.948,0.999,SCALE_DOWN,3000.0
21000.0,21000.322,1.0,STAY_ACTIVE,21000.322265625
3000.0,3000.4214,0.9999,SCALE_DOWN,3000.0
3000.0,3000.4214,0.9999,SCALE_DOWN,3000.0
3000.0,3000.4214,0.9999,SCALE_DOWN,3000.0
6685.5,6676.2686,0.9986,SCALE_DOWN,3000.0
7052.700000000001,7062.8105,0.9986,SCALE_DOWN,3000.0
6108.6,6131.1436,0.9963,SCALE_DOWN,3000.0
21000.0,21000.047,1.0,STAY_ACTIVE,21000.046875
3000.0,3000.4214,0.9999,SCALE_DOWN,3000.0
11773.2,11757.494,0.9987,STAY_ACTIVE,11757.494140625
21000.0,20997.662,0.9999,STAY_ACTIVE,20997.662109375
3000.0,3000.4214,0.9999,SCALE_DOWN,3000.0
3544.5,3525.792,0.9947,SCALE_DOWN,3000.0
4962.6,4941.0894,0.9957,SCALE_DOWN,3000.0
11007.0,11043.549,0.9967,STAY_ACTIVE,11043.548828125
19554.0,19518.857,0.9982,STAY_ACTIVE,19518.857421875
7645.5,7639.4614,0.9992,SCALE_DOWN,3000.0
3173.1,3143.1455,0.9906,SCALE_DOWN,3000.0
13662.3,13551.315,0.9919,STAY_ACTIVE,13551.3154296875
10422.9,10447.217,0.9977,STAY_ACTIVE,10447.216796875
21000.0,21000.047,1.0,STAY_ACTIVE,21000.046875
3000.0,3000.4214,0.9999,SCALE_DOWN,3000.0
3000.0,3000.4214,0.9999,SCALE_DOWN,3000.0
3000.0,3000.4214,0.9999,SCALE_DOWN,3000.0
6294.3,6269.527,0.9961,SCALE_DOWN,3000.0
14718.9,14827.829,0.9926,STAY_ACTIVE,14827.8291015625
9388.5,9403.344,0.9984,STAY_ACTIVE,9403.34375
3000.0,3000.4214,0.9999,SCALE_DOWN,3000.0
3000.0,3000.4214,0.9999,SCALE_DOWN,3000.0
10154.1,10148.005,0.9994,STAY_ACTIVE,10148.0048828125
3000.0,3000.4214,0.9999,SCALE_DOWN,3000.0
21000.0,21000.322,1.0,STAY_ACTIVE,21000.322265625
12717.3,12783.182,0.9948,STAY_ACTIVE,12783.181640625
3000.0,3000.4214,0.9999,SCALE_DOWN,3000.0
11427.3,11350.821,0.9933,STAY_ACTIVE,11350.8212890625
5865.0,5871.6396,0.9989,SCALE_DOWN,3000.0
12237.300000000005,12218.482,0.9985,STAY_ACTIVE,12218.482421875
3000.0,3000.4214,0.9999,SCALE_DOWN,3000.0
3867.3,3857.0957,0.9974,SCALE_DOWN,3000.0
8456.7,8433.721,0.9973,SCALE_DOWN,3000.0
3000.0,3000.4214,0.9999,SCALE_DOWN,3000.0
4116.3,4127.1934,0.9974,SCALE_DOWN,3000.0
3000.0,3000.4214,0.9999,SCALE_DOWN,3000.0
3000.0,3000.4214,0.9999,SCALE_DOWN,3000.0
21000.0,20922.697,0.9963,STAY_ACTIVE,20922.697265625
4743.9,4760.1924,0.9966,SCALE_DOWN,3000.0
21000.0,20999.852,1.0,STAY_ACTIVE,20999.8515625
5749.200000000001,5734.9434,0.9975,SCALE_DOWN,3000.0
7671.9,7662.3438,0.9988,SCALE_DOWN,3000.0
3000.0,3000.4214,0.9999,SCALE_DOWN,3000.0
3000.0,3000.4214,0.9999,SCALE_DOWN,3000.0
9027.3,9027.729,1.0,STAY_ACTIVE,9027.728515625
3000.0,3000.4214,0.9999,SCALE_DOWN,3000.0
10557.000000000002,10559.73,0.9997,STAY_ACTIVE,10559.73046875
3000.0,3000.4214,0.9999,SCALE_DOWN,3000.0
3000.0,3000.4214,0.9999,SCALE_DOWN,3000.0
3000.0,3000.4214,0.9999,SCALE_DOWN,3000.0
21000.0,21000.047,1.0,STAY_ACTIVE,21000.046875
21000.0,21000.047,1.0,STAY_ACTIVE,21000.046875
3000.0,3000.4214,0.9999,SCALE_DOWN,3000.0
21000.0,21000.078,1.0,STAY_ACTIVE,21000.078125
3000.0,3000.4214,0.9999,SCALE_DOWN,3000.0
3162.0,3155.5276,0.998,SCALE_DOWN,3000.0
15080.4,15143.555,0.9958,STAY_ACTIVE,15143.5546875
8919.6,8853.739,0.9926,SCALE_DOWN,3000.0
12357.000000000002,12334.264,0.9982,STAY_ACTIVE,12334.263671875
3000.0,3000.4214,0.9999,SCALE_DOWN,3000.0
3000.0,3000.4214,0.9999,SCALE_DOWN,3000.0
17256.0,17201.379,0.9968,STAY_ACTIVE,17201.37890625
21000.0,21000.049,1.0,STAY_ACTIVE,21000.048828125
3000.0,3000.4214,0.9999,SCALE_DOWN,3000.0
3000.0,3000.4214,0.9999,SCALE_DOWN,3000.0
17031.3,17131.492,0.9941,STAY_ACTIVE,17131.4921875
10242.3,10209.5205,0.9968,STAY_ACTIVE,10209.5205078125
21000.0,21015.186,0.9993,STAY_ACTIVE,21015.185546875
3244.7999999999997,3254.3242,0.9971,SCALE_DOWN,3000.0
3000.0,3000.4214,0.9999,SCALE_DOWN,3000.0
3000.0,3000.4214,0.9999,SCALE_DOWN,3000.0
7022.1,6982.9985,0.9944,SCALE_DOWN,3000.0
3000.0,3000.4214,0.9999,SCALE_DOWN,3000.0
3000.0,3000.4214,0.9999,SCALE_DOWN,3000.0
7661.1,7653.575,0.999,SCALE_DOWN,3000.0
3000.0,3000.4214,0.9999,SCALE_DOWN,3000.0
3000.0,3000.4214,0.9999,SCALE_DOWN,3000.0
21000.0,20999.562,1.0,STAY_ACTIVE,20999.5625
21000.0,21000.049,1.0,STAY_ACTIVE,21000.048828125
6110.4,6101.195,0.9985,SCALE_DOWN,3000.0
21000.0,21000.047,1.0,STAY_ACTIVE,21000.046875
5888.4,5882.0864,0.9989,SCALE_DOWN,3000.0
3000.0,3000.4214,0.9999,SCALE_DOWN,3000.0
21000.0,21000.078,1.0,STAY_ACTIVE,21000.078125
3000.0,3000.4214,0.9999,SCALE_DOWN,3000.0
3000.0,3000.4214,0.9999,SCALE_DOWN,3000.0
21000.0,20999.736,1.0,STAY_ACTIVE,20999.736328125
21000.0,21000.047,1.0,STAY_ACTIVE,21000.046875
21000.0,21000.078,1.0,STAY_ACTIVE,21000.078125
12118.500000000002,12120.612,0.9998,STAY_ACTIVE,12120.6123046875
3000.0,3000.4214,0.9999,SCALE_DOWN,3000.0
3000.0,3000.4214,0.9999,SCALE_DOWN,3000.0
7294.5,7308.375,0.9981,SCALE_DOWN,3000.0
5994.0,6000.495,0.9989,SCALE_DOWN,3000.0
3000.0,3000.4214,0.9999,SCALE_DOWN,3000.0
5765.4,5804.4873,0.9932,SCALE_DOWN,3000.0
3414.9,3410.648,0.9988,SCALE_DOWN,3000.0
7648.2,7642.1235,0.9992,SCALE_DOWN,3000.0
6508.800000000001,6459.3496,0.9924,SCALE_DOWN,3000.0
21000.0,21000.047,1.0,STAY_ACTIVE,21000.046875
6619.2,6624.9746,0.9991,SCALE_DOWN,3000.0
8160.6,8192.191,0.9961,SCALE_DOWN,3000.0
3000.0,3000.4214,0.9999,SCALE_DOWN,3000.0
21000.0,21017.2,0.9992,STAY_ACTIVE,21017.19921875
3000.0,3000.4214,0.9999,SCALE_DOWN,3000.0
21000.0,21000.047,1.0,STAY_ACTIVE,21000.046875
5751.6,5758.5103,0.9988,SCALE_DOWN,3000.0
3000.0,3000.4214,0.9999,SCALE_DOWN,3000.0
7142.4,7160.704,0.9974,SCALE_DOWN,3000.0
12437.4,12447.165,0.9992,STAY_ACTIVE,12447.1650390625
4695.3,4680.4253,0.9968,SCALE_DOWN,3000.0
3000.0,3000.4214,0.9999,SCALE_DOWN,3000.0
6423.299999999999,6418.3223,0.9992,SCALE_DOWN,3000.0
5720.400000000001,5718.434,0.9997,SCALE_DOWN,3000.0
12531.000000000002,12608.331,0.9938,STAY_ACTIVE,12608.3310546875
9855.0,9856.239,0.9999,STAY_ACTIVE,9856.2392578125
5178.0,5182.7207,0.9991,SCALE_DOWN,3000.0
3337.8,3339.5928,0.9995,SCALE_DOWN,3000.0
21000.0,21000.078,1.0,STAY_ACTIVE,21000.078125
10542.3,10547.25,0.9995,STAY_ACTIVE,10547.25
3000.0,3000.4214,0.9999,SCALE_DOWN,3000.0
8441.7,8555.345,0.9865,SCALE_DOWN,3000.0
3121.2,3124.9683,0.9988,SCALE_DOWN,3000.0
21000.0,21010.953,0.9995,STAY_ACTIVE,21010.953125
21000.0,21000.291,1.0,STAY_ACTIVE,21000.291015625
3000.0,3000.4214,0.9999,SCALE_DOWN,3000.0
4222.8,4211.3975,0.9973,SCALE_DOWN,3000.0
8395.8,8430.431,0.9959,SCALE_DOWN,3000.0
21000.0,21000.078,1.0,STAY_ACTIVE,21000.078125
7331.4000000000015,7300.403,0.9958,SCALE_DOWN,3000.0
3000.0,3000.4214,0.9999,SCALE_DOWN,3000.0
3266.1,3292.7153,0.9919,SCALE_DOWN,3000.0
4158.0,4135.2603,0.9945,SCALE_DOWN,3000.0
10239.600000000002,10241.311,0.9998,STAY_ACTIVE,10241.310546875
8393.099999999999,8387.523,0.9993,SCALE_DOWN,3000.0
3000.0,3000.4214,0.9999,SCALE_DOWN,3000.0
16482.899999999998,16344.104,0.9916,STAY_ACTIVE,16344.103515625
21000.0,21000.047,1.0,STAY_ACTIVE,21000.046875
3000.0,3000.4214,0.9999,SCALE_DOWN,3000.0
3000.0,3000.4214,0.9999,SCALE_DOWN,3000.0
6205.5,6220.295,0.9976,SCALE_DOWN,3000.0
7183.200000000001,7197.9644,0.9979,SCALE_DOWN,3000.0
3993.0,3989.4998,0.9991,SCALE_DOWN,3000.0
5462.4,5457.8506,0.9992,SCALE_DOWN,3000.0
5385.9,5399.324,0.9975,SCALE_DOWN,3000.0
3000.0,3000.4214,0.9999,SCALE_DOWN,3000.0
4085.1,4098.324,0.9968,SCALE_DOWN,3000.0
21000.0,20962.906,0.9982,STAY_ACTIVE,20962.90625
3000.0,3000.4214,0.9999,SCALE_DOWN,3000.0
6031.200000000001,6045.78,0.9976,SCALE_DOWN,3000.0
10006.5,10011.273,0.9995,STAY_ACTIVE,10011.2734375
3000.0,3000.4214,0.9999,SCALE_DOWN,3000.0
7158.0,7138.386,0.9973,SCALE_DOWN,3000.0
3000.0,3000.4214,0.9999,SCALE_DOWN,3000.0
17487.300000000003,17502.133,0.9992,STAY_ACTIVE,17502.1328125
5674.2,5679.0713,0.9991,SCALE_DOWN,3000.0
3000.0,3000.4214,0.9999,SCALE_DOWN,3000.0
21000.0,21000.078,1.0,STAY_ACTIVE,21000.078125
3000.0,3000.4214,0.9999,SCALE_DOWN,3000.0
21000.0,20998.215,0.9999,STAY_ACTIVE,20998.21484375
21000.0,21000.07,1.0,STAY_ACTIVE,21000.0703125
3000.0,3000.4214,0.9999,SCALE_DOWN,3000.0
3000.0,3000.4214,0.9999,SCALE_DOWN,3000.0
21000.0,20999.95,1.0,STAY_ACTIVE,20999.94921875
3000.0,3000.4214,0.9999,SCALE_DOWN,3000.0
6021.6,6053.3237,0.9947,SCALE_DOWN,3000.0
12978.6,12916.831,0.9952,STAY_ACTIVE,12916.8310546875
7788.9,7815.041,0.9966,SCALE_DOWN,3000.0
11682.6,11730.781,0.9959,STAY_ACTIVE,11730.78125
17939.399999999998,17984.012,0.9975,STAY_ACTIVE,17984.01171875
3000.0,3000.4214,0.9999,SCALE_DOWN,3000.0
6977.700000000001,6955.196,0.9968,SCALE_DOWN,3000.0
21000.0,21000.078,1.0,STAY_ACTIVE,21000.078125
21000.0,21000.047,1.0,STAY_ACTIVE,21000.046875
7364.1,7337.8994,0.9964,SCALE_DOWN,3000.0
3000.0,3000.4214,0.9999,SCALE_DOWN,3000.0
3000.0,3000.4214,0.9999,SCALE_DOWN,3000.0
21000.0,21000.078,1.0,STAY_ACTIVE,21000.078125
21000.0,21000.047,1.0,STAY_ACTIVE,21000.046875
21000.0,21000.078,1.0,STAY_ACTIVE,21000.078125
4699.5,4713.064,0.9971,SCALE_DOWN,3000.0
13694.4,13633.613,0.9956,STAY_ACTIVE,13633.61328125
9013.5,8993.06,0.9977,SCALE_DOWN,3000.0
8902.8,8896.467,0.9993,SCALE_DOWN,3000.0
3000.0,3000.4214,0.9999,SCALE_DOWN,3000.0
21000.0,21000.293,1.0,STAY_ACTIVE,21000.29296875
7127.700000000001,7136.134,0.9988,SCALE_DOWN,3000.0
21000.0,21000.049,1.0,STAY_ACTIVE,21000.048828125
21000.0,21013.672,0.9993,STAY_ACTIVE,21013.671875
21000.0,20997.861,0.9999,STAY_ACTIVE,20997.861328125
13204.8,13209.194,0.9997,STAY_ACTIVE,13209.1943359375
21000.0,21000.047,1.0,STAY_ACTIVE,21000.046875
16959.0,16973.883,0.9991,STAY_ACTIVE,16973.8828125
11085.3,11043.276,0.9962,STAY_ACTIVE,11043.2763671875
8357.4,8380.156,0.9973,SCALE_DOWN,3000.0
21000.0,21000.047,1.0,STAY_ACTIVE,21000.046875
12120.6,12141.709,0.9983,STAY_ACTIVE,12141.708984375
3927.6,3920.2456,0.9981,SCALE_DOWN,3000.0
21000.0,21000.047,1.0,STAY_ACTIVE,21000.046875
10279.2,10267.811,0.9989,STAY_ACTIVE,10267.810546875
3313.2000000000003,3339.5928,0.992,SCALE_DOWN,3000.0
3000.0,3000.4214,0.9999,SCALE_DOWN,3000.0
15021.900000000003,15033.646,0.9992,STAY_ACTIVE,15033.646484375
8515.800000000001,8518.021,0.9997,SCALE_DOWN,3000.0
3000.0,3000.4214,0.9999,SCALE_DOWN,3000.0
6799.5,6815.796,0.9976,SCALE_DOWN,3000.0
3000.0,3000.4214,0.9999,SCALE_DOWN,3000.0
19901.1,19892.412,0.9996,STAY_ACTIVE,19892.412109375
10700.1,10684.745,0.9986,STAY_ACTIVE,10684.7451171875
3000.0,3000.4214,0.9999,SCALE_DOWN,3000.0
21000.0,20982.928,0.9992,STAY_ACTIVE,20982.927734375
3000.0,3000.4214,0.9999,SCALE_DOWN,3000.0
3273.0,3266.2512,0.9979,SCALE_DOWN,3000.0
3000.0,3000.4214,0.9999,SCALE_DOWN,3000.0
13155.9,13164.598,0.9993,STAY_ACTIVE,13164.59765625
9985.5,9956.413,0.9971,STAY_ACTIVE,9956.4130859375
6458.4,6471.545,0.998,SCALE_DOWN,3000.0
3000.0,3000.4214,0.9999,SCALE_DOWN,3000.0
3000.0,3000.4214,0.9999,SCALE_DOWN,3000.0
9724.2,9804.16,0.9918,STAY_ACTIVE,9804.16015625
8860.5,8873.109,0.9986,SCALE_DOWN,3000.0
21000.0,20998.572,0.9999,STAY_ACTIVE,20998.572265625
3000.0,3000.4214,0.9999,SCALE_DOWN,3000.0
5076.299999999999,5098.726,0.9956,SCALE_DOWN,3000.0
3000.0,3000.4214,0.9999,SCALE_DOWN,3000.0
14278.200000000004,14272.012,0.9996,STAY_ACTIVE,14272.01171875
8116.800000000001,8099.8423,0.9979,SCALE_DOWN,3000.0
21000.0,21000.047,1.0,STAY_ACTIVE,21000.046875
3765.3,3779.1082,0.9963,SCALE_DOWN,3000.0
10813.8,10873.68,0.9945,STAY_ACTIVE,10873.6796875
3000.0,3000.4214,0.9999,SCALE_DOWN,3000.0
13739.1,13753.43,0.999,STAY_ACTIVE,13753.4296875
21000.0,21000.078,1.0,STAY_ACTIVE,21000.078125
5201.4,5188.908,0.9976,SCALE_DOWN,3000.0
17297.399999999998,17291.27,0.9996,STAY_ACTIVE,17291.26953125
12918.0,12943.205,0.998,STAY_ACTIVE,12943.205078125
3000.0,3000.4214,0.9999,SCALE_DOWN,3000.0
21000.0,20993.16,0.9997,STAY_ACTIVE,20993.16015625
3000.0,3000.4214,0.9999,SCALE_DOWN,3000.0
21000.0,21000.047,1.0,STAY_ACTIVE,21000.046875
13155.0,13129.534,0.9981,STAY_ACTIVE,13129.5341796875
3000.0,3000.4214,0.9999,SCALE_DOWN,3000.0
21000.0,21000.049,1.0,STAY_ACTIVE,21000.048828125
21000.0,21000.049,1.0,STAY_ACTIVE,21000.048828125
6010.200000000001,5965.0327,0.9925,SCALE_DOWN,3000.0
21000.0,21000.291,1.0,STAY_ACTIVE,21000.291015625
10696.5,10679.245,0.9984,STAY_ACTIVE,10679.2451171875
3000.0,3000.4214,0.9999,SCALE_DOWN,3000.0
3000.0,3000.4214,0.9999,SCALE_DOWN,3000.0
19344.300000000003,19553.662,0.9892,STAY_ACTIVE,19553.662109375
12099.3,12110.857,0.999,STAY_ACTIVE,12110.857421875
9279.3,9362.562,0.991,STAY_ACTIVE,9362.5615234375
9293.7,9301.434,0.9992,STAY_ACTIVE,9301.43359375
21000.0,20996.068,0.9998,STAY_ACTIVE,20996.068359375
3000.0,3000.4214,0.9999,SCALE_DOWN,3000.0
3000.0,3000.4214,0.9999,SCALE_DOWN,3000.0
3000.0,3000.4214,0.9999,SCALE_DOWN,3000.0
13144.8,13113.533,0.9976,STAY_ACTIVE,13113.533203125
16545.600000000002,16557.242,0.9993,STAY_ACTIVE,16557.2421875
3000.0,3000.4214,0.9999,SCALE_DOWN,3000.0
11385.9,11349.766,0.9968,STAY_ACTIVE,11349.765625
20017.800000000003,19829.25,0.9906,STAY_ACTIVE,19829.25
19915.800000000003,20093.94,0.9911,STAY_ACTIVE,20093.939453125
10516.5,10580.613,0.9939,STAY_ACTIVE,10580.61328125
3000.0,3000.4214,0.9999,SCALE_DOWN,3000.0
3000.0,3000.4214,0.9999,SCALE_DOWN,3000.0
3000.0,3000.4214,0.9999,SCALE_DOWN,3000.0
3000.0,3000.4214,0.9999,SCALE_DOWN,3000.0
21000.0,21000.049,1.0,STAY_ACTIVE,21000.048828125
21000.0,20996.81,0.9998,STAY_ACTIVE,20996.810546875
21000.0,21000.049,1.0,STAY_ACTIVE,21000.048828125
21000.0,21010.352,0.9995,STAY_ACTIVE,21010.3515625
3000.0,3000.4214,0.9999,SCALE_DOWN,3000.0
3000.0,3000.4214,0.9999,SCALE_DOWN,3000.0
3000.0,3000.4214,0.9999,SCALE_DOWN,3000.0
3419.7000000000003,3419.0027,0.9998,SCALE_DOWN,3000.0
6125.1,6164.3804,0.9936,SCALE_DOWN,3000.0
14243.4,14262.377,0.9987,STAY_ACTIVE,14262.376953125
3191.4,3167.4846,0.9925,SCALE_DOWN,3000.0
3000.0,3000.4214,0.9999,SCALE_DOWN,3000.0
6754.800000000001,6760.1523,0.9992,SCALE_DOWN,3000.0
3000.0,3000.4214,0.9999,SCALE_DOWN,3000.0
14379.0,14436.222,0.996,STAY_ACTIVE,14436.2216796875
3000.0,3000.4214,0.9999,SCALE_DOWN,3000.0
7489.8,7455.8403,0.9955,SCALE_DOWN,3000.0
21000.0,21000.078,1.0,STAY_ACTIVE,21000.078125
21000.0,21019.0,0.9991,STAY_ACTIVE,21019.0
11935.500000000002,11920.893,0.9988,STAY_ACTIVE,11920.892578125
10788.0,10790.935,0.9997,STAY_ACTIVE,10790.9345703125
13863.0,13828.148,0.9975,STAY_ACTIVE,13828.1484375
18726.0,18842.986,0.9938,STAY_ACTIVE,18842.986328125
8465.1,8499.317,0.996,SCALE_DOWN,3000.0
3696.3,3670.6663,0.9931,SCALE_DOWN,3000.0
3895.5,3892.0627,0.9991,SCALE_DOWN,3000.0
3000.0,3000.4214,0.9999,SCALE_DOWN,3000.0
5833.2,5825.071,0.9986,SCALE_DOWN,3000.0
21000.0,20999.658,1.0,STAY_ACTIVE,20999.658203125
3000.0,3000.4214,0.9999,SCALE_DOWN,3000.0
3265.7999999999997,3291.3198,0.9922,SCALE_DOWN,3000.0
3000.0,3000.4214,0.9999,SCALE_DOWN,3000.0
21000.0,21000.047,1.0,STAY_ACTIVE,21000.046875
21000.0,21000.049,1.0,STAY_ACTIVE,21000.048828125
21000.0,21000.502,1.0,STAY_ACTIVE,21000.501953125
3000.0,3000.4214,0.9999,SCALE_DOWN,3000.0
16148.4,16071.988,0.9953,STAY_ACTIVE,16071.98828125
10946.1,10972.854,0.9976,STAY_ACTIVE,10972.853515625
16797.3,16750.709,0.9972,STAY_ACTIVE,16750.708984375
14708.699999999995,14750.042,0.9972,STAY_ACTIVE,14750.0419921875
12616.800000000005,12579.26,0.997,STAY_ACTIVE,12579.259765625
3000.0,3000.4214,0.9999,SCALE_DOWN,3000.0
3000.0,3000.4214,0.9999,SCALE_DOWN,3000.0
13363.8,13342.162,0.9984,STAY_ACTIVE,13342.162109375
21000.0,20999.852,1.0,STAY_ACTIVE,20999.8515625
5810.700000000001,5839.928,0.995,SCALE_DOWN,3000.0
21000.0,21000.121,1.0,STAY_ACTIVE,21000.12109375
11256.3,11299.168,0.9962,STAY_ACTIVE,11299.16796875
5751.6,5742.5044,0.9984,SCALE_DOWN,3000.0
3000.0,3000.4214,0.9999,SCALE_DOWN,3000.0
3000.0,3000.4214,0.9999,SCALE_DOWN,3000.0
21000.0,21000.049,1.0,STAY_ACTIVE,21000.048828125
3000.0,3000.4214,0.9999,SCALE_DOWN,3000.0
8224.5,8263.705,0.9952,SCALE_DOWN,3000.0
16934.7,16967.672,0.9981,STAY_ACTIVE,16967.671875
13969.8,13987.703,0.9987,STAY_ACTIVE,13987.703125
14802.6,14901.236,0.9933,STAY_ACTIVE,14901.236328125
3000.0,3000.4214,0.9999,SCALE_DOWN,3000.0
3000.0,3000.4214,0.9999,SCALE_DOWN,3000.0
8502.3,8475.947,0.9969,SCALE_DOWN,3000.0
7264.8,7280.059,0.9979,SCALE_DOWN,3000.0
19880.7,19869.297,0.9994,STAY_ACTIVE,19869.296875
3000.0,3000.4214,0.9999,SCALE_DOWN,3000.0
8690.400000000001,8681.913,0.999,SCALE_DOWN,3000.0
21000.0,21000.047,1.0,STAY_ACTIVE,21000.046875
21000.0,21000.541,1.0,STAY_ACTIVE,21000.541015625
3000.0,3000.4214,0.9999,SCALE_DOWN,3000.0
4857.6,4847.3135,0.9979,SCALE_DOWN,3000.0
9875.7,9838.886,0.9963,STAY_ACTIVE,9838.8857421875
21000.0,21000.047,1.0,STAY_ACTIVE,21000.046875
5043.9,5059.318,0.9969,SCALE_DOWN,3000.0
3000.0,3000.4214,0.9999,SCALE_DOWN,3000.0
21000.0,21000.047,1.0,STAY_ACTIVE,21000.046875
3552.2999999999997,3545.8032,0.9982,SCALE_DOWN,3000.0
3000.0,3000.4214,0.9999,SCALE_DOWN,3000.0
3000.0,3000.4214,0.9999,SCALE_DOWN,3000.0
21000.0,20999.852,1.0,STAY_ACTIVE,20999.8515625
21000.0,21000.047,1.0,STAY_ACTIVE,21000.046875
9889.5,9912.539,0.9977,STAY_ACTIVE,9912.5390625
3000.0,3000.4214,0.9999,SCALE_DOWN,3000.0
10840.2,10662.704,0.9836,STAY_ACTIVE,10662.7041015625
10769.4,10790.242,0.9981,STAY_ACTIVE,10790.2421875
21000.0,21000.047,1.0,STAY_ACTIVE,21000.046875
3000.0,3000.4214,0.9999,SCALE_DOWN,3000.0
11652.000000000002,11695.38,0.9963,STAY_ACTIVE,11695.3798828125
3000.0,3000.4214,0.9999,SCALE_DOWN,3000.0
8112.6,8101.6416,0.9986,SCALE_DOWN,3000.0
12263.4,12257.251,0.9995,STAY_ACTIVE,12257.2509765625
3000.0,3000.4214,0.9999,SCALE_DOWN,3000.0
17693.7,17740.666,0.9973,STAY_ACTIVE,17740.666015625
5993.400000000001,5973.145,0.9966,SCALE_DOWN,3000.0
21000.0,21000.047,1.0,STAY_ACTIVE,21000.046875
4773.299999999999,4787.28,0.9971,SCALE_DOWN,3000.0
6900.3,6908.8955,0.9988,SCALE_DOWN,3000.0
3000.0,3000.4214,0.9999,SCALE_DOWN,3000.0
3999.6,3981.0742,0.9954,SCALE_DOWN,3000.0
3000.0,3000.4214,0.9999,SCALE_DOWN,3000.0
11933.1,11919.702,0.9989,STAY_ACTIVE,11919.7021484375
3000.0,3000.4214,0.9999,SCALE_DOWN,3000.0
21000.0,21000.195,1.0,STAY_ACTIVE,21000.1953125
3000.0,3000.4214,0.9999,SCALE_DOWN,3000.0
3000.0,3000.4214,0.9999,SCALE_DOWN,3000.0
17025.9,17039.543,0.9992,STAY_ACTIVE,17039.54296875
10532.4,10510.486,0.9979,STAY_ACTIVE,10510.486328125
10704.9,10696.946,0.9993,STAY_ACTIVE,10696.9462890625
3000.0,3000.4214,0.9999,SCALE_DOWN,3000.0
6743.1,6710.73,0.9952,SCALE_DOWN,3000.0
9869.7,9868.057,0.9998,STAY_ACTIVE,9868.056640625
3000.0,3000.4214,0.9999,SCALE_DOWN,3000.0
10044.3,10082.246,0.9962,STAY_ACTIVE,10082.24609375
21000.0,20986.299,0.9993,STAY_ACTIVE,20986.298828125
3000.0,3000.4214,0.9999,SCALE_DOWN,3000.0
8789.1,8760.975,0.9968,SCALE_DOWN,3000.0
3186.0,3168.9204,0.9946,SCALE_DOWN,3000.0
3000.0,3000.4214,0.9999,SCALE_DOWN,3000.0
7173.0,7180.0186,0.999,SCALE_DOWN,3000.0
12270.0,12197.37,0.9941,STAY_ACTIVE,12197.3701171875
3000.0,3000.4214,0.9999,SCALE_DOWN,3000.0
3000.0,3000.4214,0.9999,SCALE_DOWN,3000.0
3000.0,3000.4214,0.9999,SCALE_DOWN,3000.0
21000.0,21000.121,1.0,STAY_ACTIVE,21000.12109375
3000.0,3000.4214,0.9999,SCALE_DOWN,3000.0
12931.8,12902.341,0.9977,STAY_ACTIVE,12902.3408203125
21000.0,21000.047,1.0,STAY_ACTIVE,21000.046875
21000.0,21000.078,1.0,STAY_ACTIVE,21000.078125
3000.0,3000.4214,0.9999,SCALE_DOWN,3000.0
21000.0,20999.852,1.0,STAY_ACTIVE,20999.8515625
21000.0,21000.049,1.0,STAY_ACTIVE,21000.048828125
8585.400000000001,8570.412,0.9983,SCALE_DOWN,3000.0
3000.0,3000.4214,0.9999,SCALE_DOWN,3000.0
5769.3,5760.397,0.9985,SCALE_DOWN,3000.0
9707.1,9694.185,0.9987,STAY_ACTIVE,9694.1845703125
3000.0,3000.4214,0.9999,SCALE_DOWN,3000.0
13788.6,13794.0625,0.9996,STAY_ACTIVE,13794.0625
3000.0,3000.4214,0.9999,SCALE_DOWN,3000.0
7032.6,7059.0903,0.9962,SCALE_DOWN,3000.0
3000.0,3000.4214,0.9999,SCALE_DOWN,3000.0
3000.0,3000.4214,0.9999,SCALE_DOWN,3000.0
7790.700000000001,7809.1006,0.9976,SCALE_DOWN,3000.0
9074.1,9091.557,0.9981,STAY_ACTIVE,9091.556640625
18902.7,18883.775,0.999,STAY_ACTIVE,18883.775390625
6865.5,6846.207,0.9972,SCALE_DOWN,3000.0
12332.1,12340.205,0.9993,STAY_ACTIVE,12340.205078125
11043.3,11047.584,0.9996,STAY_ACTIVE,11047.583984375
13098.600000000002,13133.963,0.9973,STAY_ACTIVE,13133.962890625
3672.0,3684.7202,0.9965,SCALE_DOWN,3000.0
21000.0,21013.12,0.9994,STAY_ACTIVE,21013.119140625
9696.6,9714.379,0.9982,STAY_ACTIVE,9714.37890625
21000.0,21000.047,1.0,STAY_ACTIVE,21000.046875
3000.0,3000.4214,0.9999,SCALE_DOWN,3000.0
3000.0,3000.4214,0.9999,SCALE_DOWN,3000.0
21000.0,21000.049,1.0,STAY_ACTIVE,21000.048828125
7344.0,7384.959,0.9944,SCALE_DOWN,3000.0
3000.0,3000.4214,0.9999,SCALE_DOWN,3000.0
3000.0,3000.4214,0.9999,SCALE_DOWN,3000.0
19015.2,19111.129,0.995,STAY_ACTIVE,19111.12890625
9379.2,9352.502,0.9972,STAY_ACTIVE,9352.501953125
3000.0,3000.4214,0.9999,SCALE_DOWN,3000.0
21000.0,20999.133,1.0,STAY_ACTIVE,20999.1328125
6481.799999999999,6477.6733,0.9994,SCALE_DOWN,3000.0
3000.0,3000.4214,0.9999,SCALE_DOWN,3000.0
3438.3,3409.8533,0.9917,SCALE_DOWN,3000.0
3000.0,3000.4214,0.9999,SCALE_DOWN,3000.0
21000.0,21000.047,1.0,STAY_ACTIVE,21000.046875
14235.3,14271.979,0.9974,STAY_ACTIVE,14271.978515625
8658.6,8686.088,0.9968,SCALE_DOWN,3000.0
6367.8,6349.607,0.9971,SCALE_DOWN,3000.0
3000.0,3000.4214,0.9999,SCALE_DOWN,3000.0
18368.1,18507.65,0.9924,STAY_ACTIVE,18507.650390625
15396.9,15485.295,0.9943,STAY_ACTIVE,15485.294921875
3000.0,3000.4214,0.9999,SCALE_DOWN,3000.0
3000.0,3000.4214,0.9999,SCALE_DOWN,3000.0
14337.0,14318.885,0.9987,STAY_ACTIVE,14318.884765625
3000.0,3000.4214,0.9999,SCALE_DOWN,3000.0
21000.0,20994.844,0.9998,STAY_ACTIVE,20994.84375
21000.0,21000.24,1.0,STAY_ACTIVE,21000.240234375
14665.5,14643.686,0.9985,STAY_ACTIVE,14643.685546875
3000.0,3000.4214,0.9999,SCALE_DOWN,3000.0
13982.1,13906.516,0.9946,STAY_ACTIVE,13906.515625
3000.0,3000.4214,0.9999,SCALE_DOWN,3000.0
21000.0,20999.139,1.0,STAY_ACTIVE,20999.138671875
21000.0,21000.049,1.0,STAY_ACTIVE,21000.048828125
21000.0,21000.744,1.0,STAY_ACTIVE,21000.744140625
19598.1,19562.494,0.9982,STAY_ACTIVE,19562.494140625
3000.0,3000.4214,0.9999,SCALE_DOWN,3000.0
21000.0,21017.777,0.9992,STAY_ACTIVE,21017.77734375
21000.0,21000.049,1.0,STAY_ACTIVE,21000.048828125
3000.0,3000.4214,0.9999,SCALE_DOWN,3000.0
3000.0,3000.4214,0.9999,SCALE_DOWN,3000.0
3425.4,3407.1125,0.9947,SCALE_DOWN,3000.0
3000.0,3000.4214,0.9999,SCALE_DOWN,3000.0
3888.0,3910.6138,0.9942,SCALE_DOWN,3000.0
8607.0,8618.573,0.9987,SCALE_DOWN,3000.0
6192.9,6176.7163,0.9974,SCALE_DOWN,3000.0
14808.0,14796.006,0.9992,STAY_ACTIVE,14796.005859375
3000.0,3000.4214,0.9999,SCALE_DOWN,3000.0
8406.900000000001,8543.164,0.9838,SCALE_DOWN,3000.0
4419.299999999999,4377.7974,0.9906,SCALE_DOWN,3000.0
13960.2,14038.585,0.9944,STAY_ACTIVE,14038.5849609375
7982.1,7981.0557,0.9999,SCALE_DOWN,3000.0
3000.0,3000.4214,0.9999,SCALE_DOWN,3000.0
21000.0,20999.467,1.0,STAY_ACTIVE,20999.466796875
21000.0,21000.047,1.0,STAY_ACTIVE,21000.046875
17623.2,17712.287,0.9949,STAY_ACTIVE,17712.287109375
3000.0,3000.4214,0.9999,SCALE_DOWN,3000.0
21000.0,21000.049,1.0,STAY_ACTIVE,21000.048828125
21000.0,20999.271,1.0,STAY_ACTIVE,20999.271484375
11283.300000000005,11321.247,0.9966,STAY_ACTIVE,11321.2470703125
6417.0,6434.992,0.9972,SCALE_DOWN,3000.0
21000.0,21000.049,1.0,STAY_ACTIVE,21000.048828125
21000.0,20996.033,0.9998,STAY_ACTIVE,20996.033203125
4614.6,4616.567,0.9996,SCALE_DOWN,3000.0
5122.8,5137.6113,0.9971,SCALE_DOWN,3000.0
3000.0,3000.4214,0.9999,SCALE_DOWN,3000.0
16800.6,16906.7,0.9937,STAY_ACTIVE,16906.69921875
21000.0,21000.047,1.0,STAY_ACTIVE,21000.046875
16117.8,16032.931,0.9947,STAY_ACTIVE,16032.9306640625
3000.0,3000.4214,0.9999,SCALE_DOWN,3000.0
3000.0,3000.4214,0.9999,SCALE_DOWN,3000.0
3000.0,3000.4214,0.9999,SCALE_DOWN,3000.0
3000.0,3000.4214,0.9999,SCALE_DOWN,3000.0
3000.0,3000.4214,0.9999,SCALE_DOWN,3000.0
10614.9,10701.098,0.9919,STAY_ACTIVE,10701.09765625
10155.9,10148.005,0.9992,STAY_ACTIVE,10148.0048828125
21000.0,20999.479,1.0,STAY_ACTIVE,20999.478515625
20409.6,20486.71,0.9962,STAY_ACTIVE,20486.7109375
3000.0,3000.4214,0.9999,SCALE_DOWN,3000.0
9203.1,9230.465,0.997,STAY_ACTIVE,9230.46484375
21000.0,21000.047,1.0,STAY_ACTIVE,21000.046875
21000.0,20998.215,0.9999,STAY_ACTIVE,20998.21484375
21000.0,20996.742,0.9998,STAY_ACTIVE,20996.7421875
4895.4,4912.6377,0.9965,SCALE_DOWN,3000.0
10251.3,10267.832,0.9984,STAY_ACTIVE,10267.83203125
9968.7,9882.953,0.9914,STAY_ACTIVE,9882.953125
3000.0,3000.4214,0.9999,SCALE_DOWN,3000.0
15176.7,15239.303,0.9959,STAY_ACTIVE,15239.302734375
14094.6,14193.748,0.993,STAY_ACTIVE,14193.748046875
3000.0,3000.4214,0.9999,SCALE_DOWN,3000.0
5691.299999999999,5721.738,0.9947,SCALE_DOWN,3000.0
3000.0,3000.4214,0.9999,SCALE_DOWN,3000.0
21000.0,21000.07,1.0,STAY_ACTIVE,21000.0703125
3000.0,3000.4214,0.9999,SCALE_DOWN,3000.0
10974.6,10886.134,0.9919,STAY_ACTIVE,10886.1337890625
10020.6,10041.311,0.9979,STAY_ACTIVE,10041.310546875
3056.4,3072.2573,0.9948,SCALE_DOWN,3000.0
21000.0,20999.852,1.0,STAY_ACTIVE,20999.8515625
21000.0,20959.998,0.9981,STAY_ACTIVE,20959.998046875
3000.0,3000.4214,0.9999,SCALE_DOWN,3000.0
3000.0,3000.4214,0.9999,SCALE_DOWN,3000.0
7808.1,7704.2705,0.9867,SCALE_DOWN,3000.0
21000.0,20999.852,1.0,STAY_ACTIVE,20999.8515625
10260.6,10267.976,0.9993,STAY_ACTIVE,10267.9755859375
7397.700000000001,7427.6597,0.996,SCALE_DOWN,3000.0
21000.0,21000.078,1.0,STAY_ACTIVE,21000.078125
10667.7,10667.785,1.0,STAY_ACTIVE,10667.78515625
3000.0,3000.4214,0.9999,SCALE_DOWN,3000.0
3000.0,3000.4214,0.9999,SCALE_DOWN,3000.0
9198.0,9242.007,0.9952,STAY_ACTIVE,9242.0068359375
3000.0,3000.4214,0.9999,SCALE_DOWN,3000.0
21000.0,20998.734,0.9999,STAY_ACTIVE,20998.734375
3000.0,3000.4214,0.9999,SCALE_DOWN,3000.0
3000.0,3000.4214,0.9999,SCALE_DOWN,3000.0
15052.2,14960.65,0.9939,STAY_ACTIVE,14960.650390625
3000.0,3000.4214,0.9999,SCALE_DOWN,3000.0
21000.0,21000.078,1.0,STAY_ACTIVE,21000.078125
11263.5,11057.384,0.9817,STAY_ACTIVE,11057.3837890625
21000.0,21000.078,1.0,STAY_ACTIVE,21000.078125
3333.3,3313.336,0.994,SCALE_DOWN,3000.0
3000.0,3000.4214,0.9999,SCALE_DOWN,3000.0
21000.0,20999.428,1.0,STAY_ACTIVE,20999.427734375
4068.9,4044.939,0.9941,SCALE_DOWN,3000.0
3068.1,3038.9854,0.9905,SCALE_DOWN,3000.0
3000.0,3000.4214,0.9999,SCALE_DOWN,3000.0
3000.0,3000.4214,0.9999,SCALE_DOWN,3000.0
17764.199999999997,17841.914,0.9956,STAY_ACTIVE,17841.9140625
3522.2999999999997,3547.0278,0.993,SCALE_DOWN,3000.0
21000.0,21000.078,1.0,STAY_ACTIVE,21000.078125
3000.0,3000.4214,0.9999,SCALE_DOWN,3000.0
3000.0,3000.4214,0.9999,SCALE_DOWN,3000.0
12060.9,12101.015,0.9967,STAY_ACTIVE,12101.0146484375
3000.0,3000.4214,0.9999,SCALE_DOWN,3000.0
21000.0,21000.049,1.0,STAY_ACTIVE,21000.048828125
3571.8,3579.284,0.9979,SCALE_DOWN,3000.0
3000.0,3000.4214,0.9999,SCALE_DOWN,3000.0
11511.0,11403.7705,0.9907,STAY_ACTIVE,11403.7705078125
3000.0,3000.4214,0.9999,SCALE_DOWN,3000.0
17734.500000000004,17740.963,0.9996,STAY_ACTIVE,17740.962890625
3000.0,3000.4214,0.9999,SCALE_DOWN,3000.0
13326.9,13279.009,0.9964,STAY_ACTIVE,13279.0087890625
3000.0,3000.4214,0.9999,SCALE_DOWN,3000.0
14184.0,14145.073,0.9973,STAY_ACTIVE,14145.0732421875
5274.9,5278.2983,0.9994,SCALE_DOWN,3000.0
21000.0,21000.639,1.0,STAY_ACTIVE,21000.638671875
4952.1,4930.3403,0.9956,SCALE_DOWN,3000.0
6289.5,6253.822,0.9943,SCALE_DOWN,3000.0
3000.0,3000.4214,0.9999,SCALE_DOWN,3000.0
12288.6,12275.676,0.9989,STAY_ACTIVE,12275.67578125
3955.5,3915.828,0.99,SCALE_DOWN,3000.0
21000.0,21000.078,1.0,STAY_ACTIVE,21000.078125
21000.0,21000.047,1.0,STAY_ACTIVE,21000.046875
3399.0,3380.1113,0.9944,SCALE_DOWN,3000.0
3000.0,3000.4214,0.9999,SCALE_DOWN,3000.0
10282.5,10267.811,0.9986,STAY_ACTIVE,10267.810546875
21000.0,21000.049,1.0,STAY_ACTIVE,21000.048828125
12076.8,12075.704,0.9999,STAY_ACTIVE,12075.7041015625
3000.0,3000.4214,0.9999,SCALE_DOWN,3000.0
10625.7,10623.392,0.9998,STAY_ACTIVE,10623.3916015625
3000.0,3000.4214,0.9999,SCALE_DOWN,3000.0
3000.0,3000.4214,0.9999,SCALE_DOWN,3000.0
21000.0,21000.047,1.0,STAY_ACTIVE,21000.046875
3000.0,3000.4214,0.9999,SCALE_DOWN,3000.0
3000.0,3000.4214,0.9999,SCALE_DOWN,3000.0
3000.0,3000.4214,0.9999,SCALE_DOWN,3000.0
19199.1,19230.941,0.9983,STAY_ACTIVE,19230.94140625
3000.0,3000.4214,0.9999,SCALE_DOWN,3000.0
21000.0,21000.047,1.0,STAY_ACTIVE,21000.046875
5295.3,5278.2983,0.9968,SCALE_DOWN,3000.0
4477.8,4479.2637,0.9997,SCALE_DOWN,3000.0
21000.0,21000.047,1.0,STAY_ACTIVE,21000.046875
3559.2000000000003,3563.317,0.9988,SCALE_DOWN,3000.0
8143.2,8156.1074,0.9984,SCALE_DOWN,3000.0
3000.0,3000.4214,0.9999,SCALE_DOWN,3000.0
12342.6,12305.034,0.997,STAY_ACTIVE,12305.0341796875
4956.9,4972.4697,0.9969,SCALE_DOWN,3000.0
3000.0,3000.4214,0.9999,SCALE_DOWN,3000.0
14103.000000000002,14097.533,0.9996,STAY_ACTIVE,14097.533203125
13144.8,13113.533,0.9976,STAY_ACTIVE,13113.533203125
3000.0,3000.4214,0.9999,SCALE_DOWN,3000.0
21000.0,21000.121,1.0,STAY_ACTIVE,21000.12109375
9278.1,9264.11,0.9985,STAY_ACTIVE,9264.1103515625
20750.699999999997,20732.703,0.9991,STAY_ACTIVE,20732.703125
3000.0,3000.4214,0.9999,SCALE_DOWN,3000.0
21000.0,21000.047,1.0,STAY_ACTIVE,21000.046875
3000.0,3000.4214,0.9999,SCALE_DOWN,3000.0
11250.0,11343.171,0.9917,STAY_ACTIVE,11343.1708984375
17749.2,17674.697,0.9958,STAY_ACTIVE,17674.697265625
21000.0,20999.852,1.0,STAY_ACTIVE,20999.8515625
7496.4,7494.189,0.9997,SCALE_DOWN,3000.0
10696.2,10707.173,0.999,STAY_ACTIVE,10707.1728515625
3000.0,3000.4214,0.9999,SCALE_DOWN,3000.0
21000.0,20997.627,0.9999,STAY_ACTIVE,20997.626953125
21000.0,20999.102,1.0,STAY_ACTIVE,20999.1015625
3000.0,3000.4214,0.9999,SCALE_DOWN,3000.0
3000.0,3000.4214,0.9999,SCALE_DOWN,3000.0
18437.4,18481.584,0.9976,STAY_ACTIVE,18481.583984375
3000.0,3000.4214,0.9999,SCALE_DOWN,3000.0
3000.0,3000.4214,0.9999,SCALE_DOWN,3000.0
5541.9,5538.6265,0.9994,SCALE_DOWN,3000.0
7894.5,7868.0815,0.9967,SCALE_DOWN,3000.0
21000.0,21000.078,1.0,STAY_ACTIVE,21000.078125
21000.0,21000.049,1.0,STAY_ACTIVE,21000.048828125
3000.0,3000.4214,0.9999,SCALE_DOWN,3000.0
19309.2,19264.47,0.9977,STAY_ACTIVE,19264.470703125
5007.9,5038.651,0.9939,SCALE_DOWN,3000.0
16303.800000000005,16308.959,0.9997,STAY_ACTIVE,16308.958984375
4464.0,4440.352,0.9947,SCALE_DOWN,3000.0
8521.2,8437.9795,0.9902,SCALE_DOWN,3000.0
4099.5,4118.1665,0.9954,SCALE_DOWN,3000.0
3000.0,3000.4214,0.9999,SCALE_DOWN,3000.0
21000.0,21000.047,1.0,STAY_ACTIVE,21000.046875
21000.0,21000.078,1.0,STAY_ACTIVE,21000.078125
19482.9,19364.094,0.9939,STAY_ACTIVE,19364.09375
3000.0,3000.4214,0.9999,SCALE_DOWN,3000.0
21000.0,21016.16,0.9992,STAY_ACTIVE,21016.16015625
3311.4000000000005,3307.119,0.9987,SCALE_DOWN,3000.0
8378.1,8333.37,0.9947,SCALE_DOWN,3000.0
6539.1,6574.1816,0.9946,SCALE_DOWN,3000.0
13948.2,14011.497,0.9955,STAY_ACTIVE,14011.4970703125
3000.0,3000.4214,0.9999,SCALE_DOWN,3000.0
3000.0,3000.4214,0.9999,SCALE_DOWN,3000.0
13287.0,13297.445,0.9992,STAY_ACTIVE,13297.4453125
14624.1,14600.849,0.9984,STAY_ACTIVE,14600.8486328125
7163.4,7114.499,0.9932,SCALE_DOWN,3000.0
3051.6,3033.0989,0.9939,SCALE_DOWN,3000.0
21000.0,21000.047,1.0,STAY_ACTIVE,21000.046875
3000.0,3000.4214,0.9999,SCALE_DOWN,3000.0
7706.4,7703.013,0.9996,SCALE_DOWN,3000.0
21000.0,21000.078,1.0,STAY_ACTIVE,21000.078125
7079.4,7074.599,0.9993,SCALE_DOWN,3000.0
21000.0,21000.078,1.0,STAY_ACTIVE,21000.078125
6144.3,6126.7935,0.9972,SCALE_DOWN,3000.0
3000.0,3000.4214,0.9999,SCALE_DOWN,3000.0
13701.6,13793.334,0.9933,STAY_ACTIVE,13793.333984375
13069.8,13113.533,0.9967,STAY_ACTIVE,13113.533203125
8079.9,8077.436,0.9997,SCALE_DOWN,3000.0
10949.1,10940.668,0.9992,STAY_ACTIVE,10940.66796875
3000.0,3000.4214,0.9999,SCALE_DOWN,3000.0
5770.8,5797.2114,0.9954,SCALE_DOWN,3000.0
21000.0,21000.291,1.0,STAY_ACTIVE,21000.291015625
3791.4,3770.5142,0.9945,SCALE_DOWN,3000.0
7787.699999999999,7801.8394,0.9982,SCALE_DOWN,3000.0
8613.599999999999,8637.559,0.9972,SCALE_DOWN,3000.0
15606.3,15547.602,0.9962,STAY_ACTIVE,15547.6015625
3000.0,3000.4214,0.9999,SCALE_DOWN,3000.0
3000.0,3000.4214,0.9999,SCALE_DOWN,3000.0
14819.1,14792.334,0.9982,STAY_ACTIVE,14792.333984375
3000.0,3000.4214,0.9999,SCALE_DOWN,3000.0
3000.0,3000.4214,0.9999,SCALE_DOWN,3000.0
3000.0,3000.4214,0.9999,SCALE_DOWN,3000.0
21000.0,21000.291,1.0,STAY_ACTIVE,21000.291015625
21000.0,21000.068,1.0,STAY_ACTIVE,21000.068359375
3000.0,3000.4214,0.9999,SCALE_DOWN,3000.0
12482.4,12445.418,0.997,STAY_ACTIVE,12445.41796875
3000.0,3000.4214,0.9999,SCALE_DOWN,3000.0
3000.0,3000.4214,0.9999,SCALE_DOWN,3000.0
21000.0,20983.314,0.9992,STAY_ACTIVE,20983.314453125
9172.2,9200.66,0.9969,STAY_ACTIVE,9200.66015625
5146.5,5156.9883,0.998,SCALE_DOWN,3000.0
3000.0,3000.4214,0.9999,SCALE_DOWN,3000.0
3000.0,3000.4214,0.9999,SCALE_DOWN,3000.0
13370.7,13287.127,0.9937,STAY_ACTIVE,13287.126953125
21000.0,20998.826,0.9999,STAY_ACTIVE,20998.826171875
5714.1,5732.4624,0.9968,SCALE_DOWN,3000.0
3000.0,3000.4214,0.9999,SCALE_DOWN,3000.0
7643.099999999999,7633.61,0.9988,SCALE_DOWN,3000.0
4036.5,4040.4546,0.999,SCALE_DOWN,3000.0
21000.0,21000.078,1.0,STAY_ACTIVE,21000.078125
3000.0,3000.4214,0.9999,SCALE_DOWN,3000.0
3000.0,3000.4214,0.9999,SCALE_DOWN,3000.0
3000.0,3000.4214,0.9999,SCALE_DOWN,3000.0
3000.0,3000.4214,0.9999,SCALE_DOWN,3000.0
21000.0,21000.078,1.0,STAY_ACTIVE,21000.078125
3000.0,3000.4214,0.9999,SCALE_DOWN,3000.0
9612.6,9604.594,0.9992,STAY_ACTIVE,9604.59375
3000.0,3000.4214,0.9999,SCALE_DOWN,3000.0
8788.800000000001,8835.218,0.9947,SCALE_DOWN,3000.0
21000.0,20999.467,1.0,STAY_ACTIVE,20999.466796875
3000.0,3000.4214,0.9999,SCALE_DOWN,3000.0
3977.1,3944.1729,0.9917,SCALE_DOWN,3000.0
3212.4,3227.4932,0.9953,SCALE_DOWN,3000.0
3000.0,3000.4214,0.9999,SCALE_DOWN,3000.0
3000.0,3000.4214,0.9999,SCALE_DOWN,3000.0
3000.0,3000.4214,0.9999,SCALE_DOWN,3000.0
5215.799999999999,5203.214,0.9976,SCALE_DOWN,3000.0
21000.0,21000.121,1.0,STAY_ACTIVE,21000.12109375
18375.9,18027.965,0.9811,STAY_ACTIVE,18027.96484375
12444.0,12505.287,0.9951,STAY_ACTIVE,12505.287109375
3000.0,3000.4214,0.9999,SCALE_DOWN,3000.0
7473.6,7454.283,0.9974,SCALE_DOWN,3000.0
7826.7,7850.535,0.997,SCALE_DOWN,3000.0
3000.0,3000.4214,0.9999,SCALE_DOWN,3000.0
3893.4,3901.1135,0.998,SCALE_DOWN,3000.0
3000.0,3000.4214,0.9999,SCALE_DOWN,3000.0
5437.2,5470.6846,0.9938,SCALE_DOWN,3000.0
3000.0,3000.4214,0.9999,SCALE_DOWN,3000.0
3000.0,3000.4214,0.9999,SCALE_DOWN,3000.0
20101.500000000004,20153.152,0.9974,STAY_ACTIVE,20153.15234375
12715.5,12678.438,0.9971,STAY_ACTIVE,12678.4384765625
3000.0,3000.4214,0.9999,SCALE_DOWN,3000.0
3000.0,3000.4214,0.9999,SCALE_DOWN,3000.0
21000.0,21000.322,1.0,STAY_ACTIVE,21000.322265625
3000.0,3000.4214,0.9999,SCALE_DOWN,3000.0
6271.800000000001,6276.217,0.9993,SCALE_DOWN,3000.0
7638.0,7658.7666,0.9973,SCALE_DOWN,3000.0
3000.0,3000.4214,0.9999,SCALE_DOWN,3000.0
3579.0,3560.0972,0.9947,SCALE_DOWN,3000.0
12315.3,12309.533,0.9995,STAY_ACTIVE,12309.533203125
17266.2,17284.354,0.9989,STAY_ACTIVE,17284.353515625
8414.1,8403.588,0.9988,SCALE_DOWN,3000.0
3000.0,3000.4214,0.9999,SCALE_DOWN,3000.0
16208.400000000003,16129.016,0.9951,STAY_ACTIVE,16129.015625
12102.9,12071.958,0.9974,STAY_ACTIVE,12071.9580078125
3000.0,3000.4214,0.9999,SCALE_DOWN,3000.0
21000.0,21000.193,1.0,STAY_ACTIVE,21000.193359375
3000.0,3000.4214,0.9999,SCALE_DOWN,3000.0
21000.0,20999.951,1.0,STAY_ACTIVE,20999.951171875
21000.0,20797.396,0.9904,STAY_ACTIVE,20797.396484375
3000.0,3000.4214,0.9999,SCALE_DOWN,3000.0
5212.2,5217.1816,0.999,SCALE_DOWN,3000.0
21000.0,20988.502,0.9995,STAY_ACTIVE,20988.501953125
4987.8,4972.4697,0.9969,SCALE_DOWN,3000.0
7957.5,7928.668,0.9964,SCALE_DOWN,3000.0
12550.8,12569.024,0.9985,STAY_ACTIVE,12569.0244140625
9703.2,9715.61,0.9987,STAY_ACTIVE,9715.6103515625
3000.0,3000.4214,0.9999,SCALE_DOWN,3000.0
9308.1,9151.489,0.9832,STAY_ACTIVE,9151.4892578125
3000.0,3000.4214,0.9999,SCALE_DOWN,3000.0
3000.0,3000.4214,0.9999,SCALE_DOWN,3000.0
21000.0,21000.291,1.0,STAY_ACTIVE,21000.291015625
6636.3,6627.8394,0.9987,SCALE_DOWN,3000.0
3000.0,3000.4214,0.9999,SCALE_DOWN,3000.0
9906.9,9885.951,0.9979,STAY_ACTIVE,9885.951171875
21000.0,21000.047,1.0,STAY_ACTIVE,21000.046875
3000.0,3000.4214,0.9999,SCALE_DOWN,3000.0
4429.5,4420.938,0.9981,SCALE_DOWN,3000.0
3000.0,3000.4214,0.9999,SCALE_DOWN,3000.0
3000.0,3000.4214,0.9999,SCALE_DOWN,3000.0
8705.4,8700.577,0.9994,SCALE_DOWN,3000.0
12249.3,12353.708,0.9915,STAY_ACTIVE,12353.7080078125
6363.9,6380.3237,0.9974,SCALE_DOWN,3000.0
13995.6,14075.533,0.9943,STAY_ACTIVE,14075.533203125
3000.0,3000.4214,0.9999,SCALE_DOWN,3000.0
5118.9,5109.6494,0.9982,SCALE_DOWN,3000.0
21000.0,20998.572,0.9999,STAY_ACTIVE,20998.572265625
3000.0,3000.4214,0.9999,SCALE_DOWN,3000.0
21000.0,21000.078,1.0,STAY_ACTIVE,21000.078125
7914.000000000001,7917.6216,0.9995,SCALE_DOWN,3000.0
21000.0,21000.078,1.0,STAY_ACTIVE,21000.078125
3000.0,3000.4214,0.9999,SCALE_DOWN,3000.0
21000.0,21000.049,1.0,STAY_ACTIVE,21000.048828125
5068.799999999999,5093.537,0.9951,SCALE_DOWN,3000.0
6089.700000000001,6087.7627,0.9997,SCALE_DOWN,3000.0
3000.0,3000.4214,0.9999,SCALE_DOWN,3000.0
5057.4,5056.4805,0.9998,SCALE_DOWN,3000.0
16371.6,16416.045,0.9973,STAY_ACTIVE,16416.044921875
10507.8,10508.989,0.9999,STAY_ACTIVE,10508.9892578125
7567.8,7514.659,0.993,SCALE_DOWN,3000.0
3000.0,3000.4214,0.9999,SCALE_DOWN,3000.0
7785.0,7801.8394,0.9978,SCALE_DOWN,3000.0
21000.0,21000.64,1.0,STAY_ACTIVE,21000.640625
5489.4,5474.851,0.9973,SCALE_DOWN,3000.0
3477.6000000000004,3501.0103,0.9933,SCALE_DOWN,3000.0
3000.0,3000.4214,0.9999,SCALE_DOWN,3000.0
3000.0,3000.4214,0.9999,SCALE_DOWN,3000.0
21000.0,21000.047,1.0,STAY_ACTIVE,21000.046875
3000.0,3000.4214,0.9999,SCALE_DOWN,3000.0
3000.0,3000.4214,0.9999,SCALE_DOWN,3000.0
5747.400000000001,5725.8867,0.9963,SCALE_DOWN,3000.0
3000.0,3000.4214,0.9999,SCALE_DOWN,3000.0
21000.0,20999.498,1.0,STAY_ACTIVE,20999.498046875
21000.0,21000.049,1.0,STAY_ACTIVE,21000.048828125
3000.0,3000.4214,0.9999,SCALE_DOWN,3000.0
7302.0,7267.0815,0.9952,SCALE_DOWN,3000.0
7842.9,7836.7485,0.9992,SCALE_DOWN,3000.0
21000.0,21000.047,1.0,STAY_ACTIVE,21000.046875
5903.1,5902.806,1.0,SCALE_DOWN,3000.0
7046.4,7040.996,0.9992,SCALE_DOWN,3000.0
5611.5,5624.8594,0.9976,SCALE_DOWN,3000.0
21000.0,21000.049,1.0,STAY_ACTIVE,21000.048828125
4649.1,4642.906,0.9987,SCALE_DOWN,3000.0
3000.0,3000.4214,0.9999,SCALE_DOWN,3000.0
5795.1,5816.3193,0.9963,SCALE_DOWN,3000.0
10013.1,9932.479,0.9919,STAY_ACTIVE,9932.478515625
16773.0,16703.262,0.9958,STAY_ACTIVE,16703.26171875
5634.0,5637.7505,0.9993,SCALE_DOWN,3000.0
3000.0,3000.4214,0.9999,SCALE_DOWN,3000.0
15125.1,15314.855,0.9875,STAY_ACTIVE,15314.85546875
12067.5,12090.182,0.9981,STAY_ACTIVE,12090.181640625
17877.0,17737.79,0.9922,STAY_ACTIVE,17737.7890625
3000.0,3000.4214,0.9999,SCALE_DOWN,3000.0
10782.9,10795.799,0.9988,STAY_ACTIVE,10795.798828125
11617.2,11496.26,0.9896,STAY_ACTIVE,11496.259765625
3808.5,3807.263,0.9997,SCALE_DOWN,3000.0
3000.0,3000.4214,0.9999,SCALE_DOWN,3000.0
3000.0,3000.4214,0.9999,SCALE_DOWN,3000.0
3000.0,3000.4214,0.9999,SCALE_DOWN,3000.0
3000.0,3000.4214,0.9999,SCALE_DOWN,3000.0
8210.1,8207.842,0.9997,SCALE_DOWN,3000.0
3000.0,3000.4214,0.9999,SCALE_DOWN,3000.0
17708.100000000006,17676.781,0.9982,STAY_ACTIVE,17676.78125
5356.8,5361.287,0.9992,SCALE_DOWN,3000.0
10710.000000000002,10679.537,0.9972,STAY_ACTIVE,10679.537109375
21000.0,20979.94,0.999,STAY_ACTIVE,20979.939453125
9687.6,9672.504,0.9984,STAY_ACTIVE,9672.50390625
4355.700000000001,4326.861,0.9934,SCALE_DOWN,3000.0
3000.0,3000.4214,0.9999,SCALE_DOWN,3000.0
3000.0,3000.4214,0.9999,SCALE_DOWN,3000.0
21000.0,20998.188,0.9999,STAY_ACTIVE,20998.1875
9208.5,9157.023,0.9944,STAY_ACTIVE,9157.0234375
8110.8,8114.2666,0.9996,SCALE_DOWN,3000.0
3000.0,3000.4214,0.9999,SCALE_DOWN,3000.0
13211.7,13187.401,0.9982,STAY_ACTIVE,13187.4013671875
3000.0,3000.4214,0.9999,SCALE_DOWN,3000.0
4770.6,4771.9688,0.9997,SCALE_DOWN,3000.0
9558.9,9521.415,0.9961,STAY_ACTIVE,9521.4150390625
21000.0,21000.047,1.0,STAY_ACTIVE,21000.046875
21000.0,21000.078,1.0,STAY_ACTIVE,21000.078125
3000.0,3000.4214,0.9999,SCALE_DOWN,3000.0
3000.0,3000.4214,0.9999,SCALE_DOWN,3000.0
3000.0,3000.4214,0.9999,SCALE_DOWN,3000.0
11971.5,11987.181,0.9987,STAY_ACTIVE,11987.1806640625
15839.1,15933.372,0.994,STAY_ACTIVE,15933.3720703125
21000.0,21000.049,1.0,STAY_ACTIVE,21000.048828125
3000.0,3000.4214,0.9999,SCALE_DOWN,3000.0
13219.2,13181.629,0.9972,STAY_ACTIVE,13181.62890625
20837.1,20895.363,0.9972,STAY_ACTIVE,20895.36328125
17424.300000000003,17408.791,0.9991,STAY_ACTIVE,17408.791015625
18972.0,19090.88,0.9937,STAY_ACTIVE,19090.880859375
3738.599999999999,3757.1401,0.995,SCALE_DOWN,3000.0
4182.0,4232.3833,0.988,SCALE_DOWN,3000.0
3000.0,3000.4214,0.9999,SCALE_DOWN,3000.0
10230.6,10303.203,0.9929,STAY_ACTIVE,10303.203125
3000.0,3000.4214,0.9999,SCALE_DOWN,3000.0
21000.0,20978.59,0.999,STAY_ACTIVE,20978.58984375
3000.0,3000.4214,0.9999,SCALE_DOWN,3000.0
3989.1,4004.3005,0.9962,SCALE_DOWN,3000.0
4697.4,4672.0195,0.9946,SCALE_DOWN,3000.0
21000.0,21000.047,1.0,STAY_ACTIVE,21000.046875
3000.0,3000.4214,0.9999,SCALE_DOWN,3000.0
9528.6,9526.75,0.9998,STAY_ACTIVE,9526.75
3000.0,3000.4214,0.9999,SCALE_DOWN,3000.0
21000.0,21000.049,1.0,STAY_ACTIVE,21000.048828125
15251.4,15278.348,0.9982,STAY_ACTIVE,15278.34765625
3000.0,3000.4214,0.9999,SCALE_DOWN,3000.0
7173.6,7160.704,0.9982,SCALE_DOWN,3000.0
3000.0,3000.4214,0.9999,SCALE_DOWN,3000.0
16578.600000000002,16638.53,0.9964,STAY_ACTIVE,16638.529296875
3000.0,3000.4214,0.9999,SCALE_DOWN,3000.0
3000.0,3000.4214,0.9999,SCALE_DOWN,3000.0
19699.2,19761.947,0.9968,STAY_ACTIVE,19761.947265625
21000.0,21028.055,0.9987,STAY_ACTIVE,21028.0546875
21000.0,21000.047,1.0,STAY_ACTIVE,21000.046875
3000.0,3000.4214,0.9999,SCALE_DOWN,3000.0
3000.0,3000.4214,0.9999,SCALE_DOWN,3000.0
21000.0,21000.047,1.0,STAY_ACTIVE,21000.046875
3000.0,3000.4214,0.9999,SCALE_DOWN,3000.0
6511.5,6494.3555,0.9974,SCALE_DOWN,3000.0
3695.7,3684.1875,0.9969,SCALE_DOWN,3000.0
21000.0,21000.047,1.0,STAY_ACTIVE,21000.046875
5347.200000000001,5363.0913,0.997,SCALE_DOWN,3000.0
13351.2,13342.046,0.9993,STAY_ACTIVE,13342.0458984375
3000.0,3000.4214,0.9999,SCALE_DOWN,3000.0
8215.8,8200.706,0.9982,SCALE_DOWN,3000.0
3000.0,3000.4214,0.9999,SCALE_DOWN,3000.0
8916.3,8976.739,0.9932,SCALE_DOWN,3000.0
6599.1,6559.526,0.994,SCALE_DOWN,3000.0
21000.0,21000.047,1.0,STAY_ACTIVE,21000.046875
7919.1,7932.7505,0.9983,SCALE_DOWN,3000.0
21000.0,21000.047,1.0,STAY_ACTIVE,21000.046875
3000.0,3000.4214,0.9999,SCALE_DOWN,3000.0
3000.0,3000.4214,0.9999,SCALE_DOWN,3000.0
21000.0,21000.078,1.0,STAY_ACTIVE,21000.078125
6524.700000000001,6508.509,0.9975,SCALE_DOWN,3000.0
21000.0,20994.666,0.9997,STAY_ACTIVE,20994.666015625
8012.699999999999,7992.9033,0.9975,SCALE_DOWN,3000.0
4050.3,4077.1484,0.9934,SCALE_DOWN,3000.0
21000.0,21000.049,1.0,STAY_ACTIVE,21000.048828125
21000.0,21000.047,1.0,STAY_ACTIVE,21000.046875
21000.0,21000.047,1.0,STAY_ACTIVE,21000.046875
6390.6,6366.9023,0.9963,SCALE_DOWN,3000.0
13151.7,13186.843,0.9973,STAY_ACTIVE,13186.8427734375
3000.0,3000.4214,0.9999,SCALE_DOWN,3000.0
15421.2,15367.361,0.9965,STAY_ACTIVE,15367.361328125
3000.0,3000.4214,0.9999,SCALE_DOWN,3000.0
21000.0,21000.078,1.0,STAY_ACTIVE,21000.078125
3000.0,3000.4214,0.9999,SCALE_DOWN,3000.0
3000.0,3000.4214,0.9999,SCALE_DOWN,3000.0
3000.0,3000.4214,0.9999,SCALE_DOWN,3000.0
13372.500000000002,13356.227,0.9988,STAY_ACTIVE,13356.2265625
3086.1,3082.367,0.9988,SCALE_DOWN,3000.0
3000.0,3000.4214,0.9999,SCALE_DOWN,3000.0
3000.0,3000.4214,0.9999,SCALE_DOWN,3000.0
21000.0,21000.047,1.0,STAY_ACTIVE,21000.046875
17894.100000000002,17932.207,0.9979,STAY_ACTIVE,17932.20703125
3662.7,3661.9526,0.9998,SCALE_DOWN,3000.0
15736.8,15707.425,0.9981,STAY_ACTIVE,15707.4248046875
21000.0,21000.047,1.0,STAY_ACTIVE,21000.046875
3000.0,3000.4214,0.9999,SCALE_DOWN,3000.0
21000.0,20999.479,1.0,STAY_ACTIVE,20999.478515625
8403.6,8401.348,0.9997,SCALE_DOWN,3000.0
13617.6,13656.345,0.9972,STAY_ACTIVE,13656.3447265625
3000.0,3000.4214,0.9999,SCALE_DOWN,3000.0
3000.0,3000.4214,0.9999,SCALE_DOWN,3000.0
6719.400000000001,6729.507,0.9985,SCALE_DOWN,3000.0
3881.7,3901.1135,0.995,SCALE_DOWN,3000.0
9561.600000000002,9541.965,0.9979,STAY_ACTIVE,9541.96484375
3000.0,3000.4214,0.9999,SCALE_DOWN,3000.0
3892.5,3920.8916,0.9927,SCALE_DOWN,3000.0
21000.0,21000.047,1.0,STAY_ACTIVE,21000.046875
6564.3,6571.7827,0.9989,SCALE_DOWN,3000.0
3000.0,3000.4214,0.9999,SCALE_DOWN,3000.0
8895.0,8935.733,0.9954,SCALE_DOWN,3000.0
4800.6,4790.3237,0.9979,SCALE_DOWN,3000.0
3159.0,3181.4456,0.9929,SCALE_DOWN,3000.0
20418.6,20490.777,0.9965,STAY_ACTIVE,20490.77734375
4452.3,4466.2686,0.9969,SCALE_DOWN,3000.0
3000.0,3000.4214,0.9999,SCALE_DOWN,3000.0
21000.0,21000.047,1.0,STAY_ACTIVE,21000.046875
3000.0,3000.4214,0.9999,SCALE_DOWN,3000.0
5455.200000000001,5469.0757,0.9975,SCALE_DOWN,3000.0
7507.200000000001,7521.485,0.9981,SCALE_DOWN,3000.0
21000.0,21000.078,1.0,STAY_ACTIVE,21000.078125
3000.0,3000.4214,0.9999,SCALE_DOWN,3000.0
13528.800000000005,13527.041,0.9999,STAY_ACTIVE,13527.041015625
3922.8,3980.463,0.9853,SCALE_DOWN,3000.0
13533.300000000005,13589.493,0.9958,STAY_ACTIVE,13589.4931640625
5848.8,5821.4146,0.9953,SCALE_DOWN,3000.0
8371.2,8237.218,0.984,SCALE_DOWN,3000.0
3000.0,3000.4214,0.9999,SCALE_DOWN,3000.0
3000.0,3000.4214,0.9999,SCALE_DOWN,3000.0
3000.0,3000.4214,0.9999,SCALE_DOWN,3000.0
21000.0,21000.078,1.0,STAY_ACTIVE,21000.078125
3000.0,3000.4214,0.9999,SCALE_DOWN,3000.0
3000.0,3000.4214,0.9999,SCALE_DOWN,3000.0
3000.0,3000.4214,0.9999,SCALE_DOWN,3000.0
3000.0,3000.4214,0.9999,SCALE_DOWN,3000.0
7849.5,7848.7383,0.9999,SCALE_DOWN,3000.0
21000.0,20998.857,0.9999,STAY_ACTIVE,20998.857421875
21000.0,21000.25,1.0,STAY_ACTIVE,21000.25
21000.0,20999.326,1.0,STAY_ACTIVE,20999.326171875
15114.0,15207.543,0.9938,STAY_ACTIVE,15207.54296875
3000.0,3000.4214,0.9999,SCALE_DOWN,3000.0
15120.6,15211.1455,0.994,STAY_ACTIVE,15211.1455078125
9293.1,9200.096,0.99,STAY_ACTIVE,9200.095703125
21000.0,21000.67,1.0,STAY_ACTIVE,21000.669921875
18393.0,18466.39,0.996,STAY_ACTIVE,18466.390625
21000.0,20997.377,0.9999,STAY_ACTIVE,20997.376953125
8597.4,8598.679,0.9999,SCALE_DOWN,3000.0
3000.0,3000.4214,0.9999,SCALE_DOWN,3000.0
3000.0,3000.4214,0.9999,SCALE_DOWN,3000.0
7533.6,7499.4224,0.9955,SCALE_DOWN,3000.0
6729.000000000001,6728.4688,0.9999,SCALE_DOWN,3000.0
3000.0,3000.4214,0.9999,SCALE_DOWN,3000.0
19650.0,19746.393,0.9951,STAY_ACTIVE,19746.392578125
7203.3,7210.2705,0.999,SCALE_DOWN,3000.0
20367.0,20491.418,0.9939,STAY_ACTIVE,20491.41796875
3000.0,3000.4214,0.9999,SCALE_DOWN,3000.0
3000.0,3000.4214,0.9999,SCALE_DOWN,3000.0
9584.7,9577.33,0.9992,STAY_ACTIVE,9577.330078125
21000.0,20977.996,0.999,STAY_ACTIVE,20977.99609375
3000.0,3000.4214,0.9999,SCALE_DOWN,3000.0
6255.0,6196.265,0.9906,SCALE_DOWN,3000.0
3000.0,3000.4214,0.9999,SCALE_DOWN,3000.0
13723.8,13715.605,0.9994,STAY_ACTIVE,13715.60546875
21000.0,21012.32,0.9994,STAY_ACTIVE,21012.3203125
4975.2,4986.9287,0.9976,SCALE_DOWN,3000.0
7298.700000000001,7307.0415,0.9989,SCALE_DOWN,3000.0
21000.0,20999.852,1.0,STAY_ACTIVE,20999.8515625
3000.0,3000.4214,0.9999,SCALE_DOWN,3000.0
21000.0,21000.047,1.0,STAY_ACTIVE,21000.046875
3000.0,3000.4214,0.9999,SCALE_DOWN,3000.0
6853.8,6885.7075,0.9953,SCALE_DOWN,3000.0
3812.1,3824.499,0.9967,SCALE_DOWN,3000.0
3000.0,3000.4214,0.9999,SCALE_DOWN,3000.0
5238.3,5266.9253,0.9945,SCALE_DOWN,3000.0
3000.0,3000.4214,0.9999,SCALE_DOWN,3000.0
8309.1,8329.864,0.9975,SCALE_DOWN,3000.0
9406.2,9382.916,0.9975,STAY_ACTIVE,9382.916015625
3000.0,3000.4214,0.9999,SCALE_DOWN,3000.0
11145.6,11139.075,0.9994,STAY_ACTIVE,11139.0751953125
3000.0,3000.4214,0.9999,SCALE_DOWN,3000.0
8076.9000000000015,8066.761,0.9987,SCALE_DOWN,3000.0
8222.4,8222.655,1.0,SCALE_DOWN,3000.0
3000.0,3000.4214,0.9999,SCALE_DOWN,3000.0
7400.4,7372.9614,0.9963,SCALE_DOWN,3000.0
18891.300000000003,19003.496,0.9941,STAY_ACTIVE,19003.49609375
3000.0,3000.4214,0.9999,SCALE_DOWN,3000.0
3000.0,3000.4214,0.9999,SCALE_DOWN,3000.0
17387.100000000006,17385.756,0.9999,STAY_ACTIVE,17385.755859375
13217.1,13283.722,0.995,STAY_ACTIVE,13283.7216796875
3000.0,3000.4214,0.9999,SCALE_DOWN,3000.0
21000.0,21000.047,1.0,STAY_ACTIVE,21000.046875
3000.0,3000.4214,0.9999,SCALE_DOWN,3000.0
3000.0,3000.4214,0.9999,SCALE_DOWN,3000.0
21000.0,20999.564,1.0,STAY_ACTIVE,20999.564453125
11606.4,11622.799,0.9986,STAY_ACTIVE,11622.798828125
21000.0,21000.047,1.0,STAY_ACTIVE,21000.046875
3000.0,3000.4214,0.9999,SCALE_DOWN,3000.0
21000.0,21000.049,1.0,STAY_ACTIVE,21000.048828125
21000.0,21000.291,1.0,STAY_ACTIVE,21000.291015625
6104.4,6125.248,0.9966,SCALE_DOWN,3000.0
8809.5,8777.956,0.9964,SCALE_DOWN,3000.0
7618.5,7609.4155,0.9988,SCALE_DOWN,3000.0
4768.5,4773.48,0.999,SCALE_DOWN,3000.0
21000.0,21000.078,1.0,STAY_ACTIVE,21000.078125
10023.3,10029.762,0.9994,STAY_ACTIVE,10029.76171875
3000.0,3000.4214,0.9999,SCALE_DOWN,3000.0
3000.0,3000.4214,0.9999,SCALE_DOWN,3000.0
3000.0,3000.4214,0.9999,SCALE_DOWN,3000.0
3000.0,3000.4214,0.9999,SCALE_DOWN,3000.0
3000.0,3000.4214,0.9999,SCALE_DOWN,3000.0
15210.000000000002,15262.969,0.9965,STAY_ACTIVE,15262.96875
21000.0,21000.195,1.0,STAY_ACTIVE,21000.1953125
5524.8,5497.0376,0.995,SCALE_DOWN,3000.0
16719.0,16783.549,0.9961,STAY_ACTIVE,16783.548828125
3000.0,3000.4214,0.9999,SCALE_DOWN,3000.0
3136.2000000000003,3178.4324,0.9865,SCALE_DOWN,3000.0
3000.0,3000.4214,0.9999,SCALE_DOWN,3000.0
21000.0,21019.482,0.9991,STAY_ACTIVE,21019.482421875
9709.2,9691.73,0.9982,STAY_ACTIVE,9691.73046875
9499.8,9521.03,0.9978,STAY_ACTIVE,9521.0302734375
9157.8,9095.565,0.9932,STAY_ACTIVE,9095.5654296875
21000.0,21000.047,1.0,STAY_ACTIVE,21000.046875
3000.0,3000.4214,0.9999,SCALE_DOWN,3000.0
17372.399999999998,17328.646,0.9975,STAY_ACTIVE,17328.646484375
6917.700000000001,6909.0327,0.9987,SCALE_DOWN,3000.0
3000.0,3000.4214,0.9999,SCALE_DOWN,3000.0
3000.0,3000.4214,0.9999,SCALE_DOWN,3000.0
8519.1,8509.094,0.9988,SCALE_DOWN,3000.0
3000.0,3000.4214,0.9999,SCALE_DOWN,3000.0
20719.2,20869.102,0.9928,STAY_ACTIVE,20869.1015625
5999.4,6025.1943,0.9957,SCALE_DOWN,3000.0
3853.5,3881.618,0.9927,SCALE_DOWN,3000.0
15131.100000000002,15081.462,0.9967,STAY_ACTIVE,15081.4619140625
21000.0,21000.639,1.0,STAY_ACTIVE,21000.638671875
21000.0,21000.047,1.0,STAY_ACTIVE,21000.046875
7047.6,7027.821,0.9972,SCALE_DOWN,3000.0
14098.8,14128.129,0.9979,STAY_ACTIVE,14128.12890625
6410.1,6408.846,0.9998,SCALE_DOWN,3000.0
21000.0,21036.354,0.9983,STAY_ACTIVE,21036.353515625
3000.0,3000.4214,0.9999,SCALE_DOWN,3000.0
9113.7,9148.947,0.9961,STAY_ACTIVE,9148.947265625
5271.3,5274.315,0.9994,SCALE_DOWN,3000.0
8517.3,8515.287,0.9998,SCALE_DOWN,3000.0
16659.9,16623.09,0.9978,STAY_ACTIVE,16623.08984375
3000.0,3000.4214,0.9999,SCALE_DOWN,3000.0
19132.2,19230.97,0.9948,STAY_ACTIVE,19230.970703125
19901.4,19824.664,0.9961,STAY_ACTIVE,19824.6640625
10595.1,10598.109,0.9997,STAY_ACTIVE,10598.109375
6353.400000000001,6345.2437,0.9987,SCALE_DOWN,3000.0
3000.0,3000.4214,0.9999,SCALE_DOWN,3000.0
10058.4,10107.191,0.9951,STAY_ACTIVE,10107.19140625
21000.0,21000.047,1.0,STAY_ACTIVE,21000.046875
21000.0,21000.047,1.0,STAY_ACTIVE,21000.046875
10781.4,10801.807,0.9981,STAY_ACTIVE,10801.806640625
21000.0,20997.783,0.9999,STAY_ACTIVE,20997.783203125
7869.3,7843.992,0.9968,SCALE_DOWN,3000.0
7506.000000000001,7507.9243,0.9997,SCALE_DOWN,3000.0
7876.200000000001,7927.512,0.9935,SCALE_DOWN,3000.0
6371.400000000001,6362.191,0.9986,SCALE_DOWN,3000.0
3000.0,3000.4214,0.9999,SCALE_DOWN,3000.0
3000.0,3000.4214,0.9999,SCALE_DOWN,3000.0
7624.800000000001,7608.1885,0.9978,SCALE_DOWN,3000.0
14721.300000000005,14636.414,0.9942,STAY_ACTIVE,14636.4140625
3000.0,3000.4214,0.9999,SCALE_DOWN,3000.0
3000.0,3000.4214,0.9999,SCALE_DOWN,3000.0
6281.700000000001,6289.8984,0.9987,SCALE_DOWN,3000.0
4529.4,4547.0933,0.9961,SCALE_DOWN,3000.0
3000.0,3000.4214,0.9999,SCALE_DOWN,3000.0
4110.6,4118.0938,0.9982,SCALE_DOWN,3000.0
7512.6,7484.198,0.9962,SCALE_DOWN,3000.0
3000.0,3000.4214,0.9999,SCALE_DOWN,3000.0
3000.0,3000.4214,0.9999,SCALE_DOWN,3000.0
3000.0,3000.4214,0.9999,SCALE_DOWN,3000.0
3000.0,3000.4214,0.9999,SCALE_DOWN,3000.0
17562.300000000003,17497.229,0.9963,STAY_ACTIVE,17497.228515625
3000.0,3000.4214,0.9999,SCALE_DOWN,3000.0
3000.0,3000.4214,0.9999,SCALE_DOWN,3000.0
3000.0,3000.4214,0.9999,SCALE_DOWN,3000.0
8839.800000000001,8828.551,0.9987,SCALE_DOWN,3000.0
21000.0,21000.057,1.0,STAY_ACTIVE,21000.056640625
3000.0,3000.4214,0.9999,SCALE_DOWN,3000.0
3000.0,3000.4214,0.9999,SCALE_DOWN,3000.0
3000.0,3000.4214,0.9999,SCALE_DOWN,3000.0
12517.5,12579.097,0.9951,STAY_ACTIVE,12579.0966796875
21000.0,21000.047,1.0,STAY_ACTIVE,21000.046875
3000.0,3000.4214,0.9999,SCALE_DOWN,3000.0
12445.8,12514.521,0.9945,STAY_ACTIVE,12514.521484375
4273.8,4273.2188,0.9999,SCALE_DOWN,3000.0
3000.0,3000.4214,0.9999,SCALE_DOWN,3000.0
18435.300000000003,18313.135,0.9934,STAY_ACTIVE,18313.134765625
11969.7,11921.332,0.996,STAY_ACTIVE,11921.33203125
14317.2,14339.189,0.9985,STAY_ACTIVE,14339.189453125
10965.9,11025.268,0.9946,STAY_ACTIVE,11025.267578125
11301.9,11366.521,0.9943,STAY_ACTIVE,11366.521484375
7485.0,7495.7686,0.9986,SCALE_DOWN,3000.0
3000.0,3000.4214,0.9999,SCALE_DOWN,3000.0
13797.9,14035.92,0.9827,STAY_ACTIVE,14035.919921875
3000.0,3000.4214,0.9999,SCALE_DOWN,3000.0
10572.6,10545.874,0.9975,STAY_ACTIVE,10545.8740234375
9143.4,9133.529,0.9989,STAY_ACTIVE,9133.529296875
3000.0,3000.4214,0.9999,SCALE_DOWN,3000.0
3000.0,3000.4214,0.9999,SCALE_DOWN,3000.0
3000.0,3000.4214,0.9999,SCALE_DOWN,3000.0
3000.0,3000.4214,0.9999,SCALE_DOWN,3000.0
4058.7,4040.4546,0.9955,SCALE_DOWN,3000.0
3000.0,3000.4214,0.9999,SCALE_DOWN,3000.0
3000.0,3000.4214,0.9999,SCALE_DOWN,3000.0
3000.0,3000.4214,0.9999,SCALE_DOWN,3000.0
12515.1,12466.461,0.9961,STAY_ACTIVE,12466.4609375
3873.3,3861.7273,0.997,SCALE_DOWN,3000.0
18899.7,18882.34,0.9991,STAY_ACTIVE,18882.33984375
16602.9,16585.994,0.999,STAY_ACTIVE,16585.994140625
8800.5,8823.144,0.9974,SCALE_DOWN,3000.0
3000.0,3000.4214,0.9999,SCALE_DOWN,3000.0
3000.0,3000.4214,0.9999,SCALE_DOWN,3000.0
21000.0,21000.047,1.0,STAY_ACTIVE,21000.046875
5747.1,5766.495,0.9966,SCALE_DOWN,3000.0
13732.5,13746.445,0.999,STAY_ACTIVE,13746.4453125
19069.800000000003,19104.344,0.9982,STAY_ACTIVE,19104.34375
9850.5,9950.018,0.9899,STAY_ACTIVE,9950.017578125
5579.4,5580.795,0.9997,SCALE_DOWN,3000.0
3000.0,3000.4214,0.9999,SCALE_DOWN,3000.0
21000.0,21000.047,1.0,STAY_ACTIVE,21000.046875
3000.0,3000.4214,0.9999,SCALE_DOWN,3000.0
10612.2,10562.565,0.9953,STAY_ACTIVE,10562.5654296875
3000.0,3000.4214,0.9999,SCALE_DOWN,3000.0
8537.1,8531.058,0.9993,SCALE_DOWN,3000.0
18040.5,18059.38,0.999,STAY_ACTIVE,18059.380859375
19734.6,19834.5,0.9949,STAY_ACTIVE,19834.5
8828.1,8793.072,0.996,SCALE_DOWN,3000.0
14472.6,14555.894,0.9942,STAY_ACTIVE,14555.8935546875
3000.0,3000.4214,0.9999,SCALE_DOWN,3000.0
3000.0,3000.4214,0.9999,SCALE_DOWN,3000.0
3963.0,3944.1729,0.9952,SCALE_DOWN,3000.0
5651.4,5632.368,0.9966,SCALE_DOWN,3000.0
8224.800000000001,8264.475,0.9952,SCALE_DOWN,3000.0
21000.0,20996.146,0.9998,STAY_ACTIVE,20996.146484375
3000.0,3000.4214,0.9999,SCALE_DOWN,3000.0
6001.800000000001,5992.841,0.9985,SCALE_DOWN,3000.0
3000.0,3000.4214,0.9999,SCALE_DOWN,3000.0
3000.0,3000.4214,0.9999,SCALE_DOWN,3000.0
8705.4,8745.578,0.9954,SCALE_DOWN,3000.0
21000.0,21000.047,1.0,STAY_ACTIVE,21000.046875
6746.700000000001,6775.399,0.9957,SCALE_DOWN,3000.0
21000.0,20997.943,0.9999,STAY_ACTIVE,20997.943359375
3000.0,3000.4214,0.9999,SCALE_DOWN,3000.0
3000.0,3000.4214,0.9999,SCALE_DOWN,3000.0
7423.8,7397.911,0.9965,SCALE_DOWN,3000.0
3000.0,3000.4214,0.9999,SCALE_DOWN,3000.0
3000.0,3000.4214,0.9999,SCALE_DOWN,3000.0
3377.4,3369.6292,0.9977,SCALE_DOWN,3000.0
11832.6,11833.971,0.9999,STAY_ACTIVE,11833.970703125
3545.4,3555.9714,0.997,SCALE_DOWN,3000.0
19188.0,19046.055,0.9926,STAY_ACTIVE,19046.0546875
6892.8,6900.993,0.9988,SCALE_DOWN,3000.0
10500.3,10495.485,0.9995,STAY_ACTIVE,10495.4853515625
3000.0,3000.4214,0.9999,SCALE_DOWN,3000.0
3000.0,3000.4214,0.9999,SCALE_DOWN,3000.0
21000.0,20998.2,0.9999,STAY_ACTIVE,20998.19921875
12875.1,12901.776,0.9979,STAY_ACTIVE,12901.7763671875
5912.7,5924.5986,0.998,SCALE_DOWN,3000.0
21000.0,21000.047,1.0,STAY_ACTIVE,21000.046875
9324.6,9286.073,0.9959,STAY_ACTIVE,9286.0732421875
6342.0,6353.901,0.9981,SCALE_DOWN,3000.0
3000.0,3000.4214,0.9999,SCALE_DOWN,3000.0
9040.5,9001.874,0.9957,STAY_ACTIVE,9001.8740234375
3000.0,3000.4214,0.9999,SCALE_DOWN,3000.0
21000.0,21000.047,1.0,STAY_ACTIVE,21000.046875
6991.200000000001,6970.0737,0.997,SCALE_DOWN,3000.0
5618.4,5603.6943,0.9974,SCALE_DOWN,3000.0
3000.0,3000.4214,0.9999,SCALE_DOWN,3000.0
3000.0,3000.4214,0.9999,SCALE_DOWN,3000.0
3000.0,3000.4214,0.9999,SCALE_DOWN,3000.0
3000.0,3000.4214,0.9999,SCALE_DOWN,3000.0
9098.4,9099.207,0.9999,STAY_ACTIVE,9099.20703125
3000.0,3000.4214,0.9999,SCALE_DOWN,3000.0
19305.3,19324.09,0.999,STAY_ACTIVE,19324.08984375
16909.5,16897.975,0.9993,STAY_ACTIVE,16897.974609375
3000.0,3000.4214,0.9999,SCALE_DOWN,3000.0
3000.0,3000.4214,0.9999,SCALE_DOWN,3000.0
21000.0,21043.604,0.9979,STAY_ACTIVE,21043.603515625
6063.599999999999,6048.2964,0.9975,SCALE_DOWN,3000.0
10742.1,10757.503,0.9986,STAY_ACTIVE,10757.5029296875
3000.0,3000.4214,0.9999,SCALE_DOWN,3000.0
21000.0,20999.688,1.0,STAY_ACTIVE,20999.6875
8154.9,8174.2734,0.9976,SCALE_DOWN,3000.0
3000.0,3000.4214,0.9999,SCALE_DOWN,3000.0
7422.299999999999,7410.524,0.9984,SCALE_DOWN,3000.0
21000.0,21000.047,1.0,STAY_ACTIVE,21000.046875
21000.0,21000.291,1.0,STAY_ACTIVE,21000.291015625
21000.0,21000.078,1.0,STAY_ACTIVE,21000.078125
5919.9,5915.495,0.9993,SCALE_DOWN,3000.0
3000.0,3000.4214,0.9999,SCALE_DOWN,3000.0
21000.0,21000.047,1.0,STAY_ACTIVE,21000.046875
3000.0,3000.4214,0.9999,SCALE_DOWN,3000.0
21000.0,21000.047,1.0,STAY_ACTIVE,21000.046875
19690.5,19892.088,0.9898,STAY_ACTIVE,19892.087890625
12891.0,12925.214,0.9973,STAY_ACTIVE,12925.2138671875
21000.0,21013.338,0.9994,STAY_ACTIVE,21013.337890625
5634.299999999999,5642.007,0.9986,SCALE_DOWN,3000.0
6392.400000000001,6390.506,0.9997,SCALE_DOWN,3000.0
4989.299999999999,4968.0645,0.9957,SCALE_DOWN,3000.0
21000.0,20999.852,1.0,STAY_ACTIVE,20999.8515625
6156.3,6111.414,0.9927,SCALE_DOWN,3000.0
3089.1,3082.9043,0.998,SCALE_DOWN,3000.0
3000.0,3000.4214,0.9999,SCALE_DOWN,3000.0
3000.0,3000.4214,0.9999,SCALE_DOWN,3000.0
15255.9,15254.464,0.9999,STAY_ACTIVE,15254.4638671875
3000.0,3000.4214,0.9999,SCALE_DOWN,3000.0
21000.0,20998.477,0.9999,STAY_ACTIVE,20998.4765625
7121.700000000001,7103.9146,0.9975,SCALE_DOWN,3000.0
6973.5,6989.4766,0.9977,SCALE_DOWN,3000.0
6323.1,6312.142,0.9983,SCALE_DOWN,3000.0
3000.0,3000.4214,0.9999,SCALE_DOWN,3000.0
3000.0,3000.4214,0.9999,SCALE_DOWN,3000.0
14803.2,14826.223,0.9984,STAY_ACTIVE,14826.22265625
7364.700000000001,7341.134,0.9968,SCALE_DOWN,3000.0
3000.0,3000.4214,0.9999,SCALE_DOWN,3000.0
3900.3,3919.3684,0.9951,SCALE_DOWN,3000.0
3000.0,3000.4214,0.9999,SCALE_DOWN,3000.0
21000.0,20997.674,0.9999,STAY_ACTIVE,20997.673828125
3000.0,3000.4214,0.9999,SCALE_DOWN,3000.0
3000.0,3000.4214,0.9999,SCALE_DOWN,3000.0
21000.0,21000.281,1.0,STAY_ACTIVE,21000.28125
4786.5,4799.7104,0.9972,SCALE_DOWN,3000.0
3000.0,3000.4214,0.9999,SCALE_DOWN,3000.0
11610.000000000002,11630.3955,0.9982,STAY_ACTIVE,11630.3955078125
3000.0,3000.4214,0.9999,SCALE_DOWN,3000.0
11128.5,11135.312,0.9994,STAY_ACTIVE,11135.3115234375
9310.5,9324.1455,0.9985,STAY_ACTIVE,9324.1455078125
3304.8,3292.7153,0.9963,SCALE_DOWN,3000.0
3000.0,3000.4214,0.9999,SCALE_DOWN,3000.0
6603.9,6603.569,0.9999,SCALE_DOWN,3000.0
13271.7,13220.607,0.9962,STAY_ACTIVE,13220.607421875
5913.0,6102.4946,0.968,SCALE_DOWN,3000.0
7059.9,7068.043,0.9988,SCALE_DOWN,3000.0
21000.0,20995.219,0.9998,STAY_ACTIVE,20995.21875
17131.2,17058.957,0.9958,STAY_ACTIVE,17058.95703125
3000.0,3000.4214,0.9999,SCALE_DOWN,3000.0
10884.0,10971.9,0.9919,STAY_ACTIVE,10971.900390625
3000.0,3000.4214,0.9999,SCALE_DOWN,3000.0
3000.0,3000.4214,0.9999,SCALE_DOWN,3000.0
21000.0,21000.047,1.0,STAY_ACTIVE,21000.046875
12678.9,12708.853,0.9976,STAY_ACTIVE,12708.8525390625
6345.6,6265.168,0.9873,SCALE_DOWN,3000.0
8193.3,8171.7266,0.9974,SCALE_DOWN,3000.0
21000.0,21000.047,1.0,STAY_ACTIVE,21000.046875
9313.2,9324.1455,0.9988,STAY_ACTIVE,9324.1455078125
4266.6,4268.6504,0.9995,SCALE_DOWN,3000.0
3000.0,3000.4214,0.9999,SCALE_DOWN,3000.0
15152.4,15223.344,0.9953,STAY_ACTIVE,15223.34375
10933.8,11001.958,0.9938,STAY_ACTIVE,11001.9580078125
10116.9,10086.868,0.997,STAY_ACTIVE,10086.8681640625
9880.5,9899.6,0.9981,STAY_ACTIVE,9899.599609375
21000.0,20998.285,0.9999,STAY_ACTIVE,20998.28515625
7665.6,7637.7188,0.9964,SCALE_DOWN,3000.0
6463.5,6445.9653,0.9973,SCALE_DOWN,3000.0
3000.0,3000.4214,0.9999,SCALE_DOWN,3000.0
20710.2,20683.955,0.9987,STAY_ACTIVE,20683.955078125
6744.6,6755.3306,0.9984,SCALE_DOWN,3000.0
12687.300000000005,12728.514,0.9968,STAY_ACTIVE,12728.513671875
7403.400000000001,7426.938,0.9968,SCALE_DOWN,3000.0
8220.9,8252.304,0.9962,SCALE_DOWN,3000.0
11622.0,11678.672,0.9951,STAY_ACTIVE,11678.671875
3000.0,3000.4214,0.9999,SCALE_DOWN,3000.0
5994.6,5973.145,0.9964,SCALE_DOWN,3000.0
18497.7,18635.85,0.9925,STAY_ACTIVE,18635.849609375
9266.7,9192.196,0.992,STAY_ACTIVE,9192.1962890625
14563.2,14596.617,0.9977,STAY_ACTIVE,14596.6171875
3000.0,3000.4214,0.9999,SCALE_DOWN,3000.0
6155.700000000001,6136.5884,0.9969,SCALE_DOWN,3000.0
3000.0,3000.4214,0.9999,SCALE_DOWN,3000.0
21000.0,20997.45,0.9999,STAY_ACTIVE,20997.44921875
21000.0,21000.049,1.0,STAY_ACTIVE,21000.048828125
13618.8,13656.766,0.9972,STAY_ACTIVE,13656.765625
7710.3,7688.201,0.9971,SCALE_DOWN,3000.0
14757.9,14634.279,0.9916,STAY_ACTIVE,14634.279296875
3000.0,3000.4214,0.9999,SCALE_DOWN,3000.0
21000.0,21000.078,1.0,STAY_ACTIVE,21000.078125
3000.0,3000.4214,0.9999,SCALE_DOWN,3000.0
19382.7,19550.832,0.9913,STAY_ACTIVE,19550.83203125
6657.3,6681.1187,0.9964,SCALE_DOWN,3000.0
5315.1,5297.6743,0.9967,SCALE_DOWN,3000.0
5725.8,5730.0186,0.9993,SCALE_DOWN,3000.0
3000.0,3000.4214,0.9999,SCALE_DOWN,3000.0
7425.6,7454.283,0.9961,SCALE_DOWN,3000.0
3000.0,3000.4214,0.9999,SCALE_DOWN,3000.0
11605.2,11649.856,0.9962,STAY_ACTIVE,11649.8564453125
4474.8,4459.9395,0.9967,SCALE_DOWN,3000.0
4658.7,4676.767,0.9961,SCALE_DOWN,3000.0
3000.0,3000.4214,0.9999,SCALE_DOWN,3000.0
9623.7,9622.533,0.9999,STAY_ACTIVE,9622.533203125
11149.2,11152.178,0.9997,STAY_ACTIVE,11152.177734375
5592.6,5609.7563,0.9969,SCALE_DOWN,3000.0
3483.8999999999996,3469.8303,0.996,SCALE_DOWN,3000.0
3000.0,3000.4214,0.9999,SCALE_DOWN,3000.0
3000.0,3000.4214,0.9999,SCALE_DOWN,3000.0
21000.0,21000.047,1.0,STAY_ACTIVE,21000.046875
11252.7,11257.472,0.9996,STAY_ACTIVE,11257.4716796875
18708.300000000003,18707.225,0.9999,STAY_ACTIVE,18707.224609375
21000.0,21000.049,1.0,STAY_ACTIVE,21000.048828125
9266.7,9266.762,1.0,STAY_ACTIVE,9266.76171875
3000.0,3000.4214,0.9999,SCALE_DOWN,3000.0
3000.0,3000.4214,0.9999,SCALE_DOWN,3000.0
21000.0,21000.639,1.0,STAY_ACTIVE,21000.638671875
3000.0,3000.4214,0.9999,SCALE_DOWN,3000.0
3000.0,3000.4214,0.9999,SCALE_DOWN,3000.0
6404.4,6410.8936,0.999,SCALE_DOWN,3000.0
21000.0,20999.852,1.0,STAY_ACTIVE,20999.8515625
21000.0,20879.467,0.9943,STAY_ACTIVE,20879.466796875
3000.0,3000.4214,0.9999,SCALE_DOWN,3000.0
20685.0,20563.602,0.9941,STAY_ACTIVE,20563.6015625
3000.0,3000.4214,0.9999,SCALE_DOWN,3000.0
11464.2,11432.177,0.9972,STAY_ACTIVE,11432.1767578125
5965.5,5976.1724,0.9982,SCALE_DOWN,3000.0
7054.5,7055.7583,0.9998,SCALE_DOWN,3000.0
4521.0,4514.4727,0.9986,SCALE_DOWN,3000.0
21000.0,20997.596,0.9999,STAY_ACTIVE,20997.595703125
7697.1,7685.795,0.9985,SCALE_DOWN,3000.0
3000.0,3000.4214,0.9999,SCALE_DOWN,3000.0
3000.0,3000.4214,0.9999,SCALE_DOWN,3000.0
3954.9,4017.6882,0.9841,SCALE_DOWN,3000.0
11875.2,11837.629,0.9968,STAY_ACTIVE,11837.62890625
21000.0,20999.562,1.0,STAY_ACTIVE,20999.5625
18757.500000000004,18743.076,0.9992,STAY_ACTIVE,18743.076171875
5697.0,5671.1777,0.9955,SCALE_DOWN,3000.0
12269.7,12279.211,0.9992,STAY_ACTIVE,12279.2109375
21000.0,21000.047,1.0,STAY_ACTIVE,21000.046875
3000.0,3000.4214,0.9999,SCALE_DOWN,3000.0
3000.0,3000.4214,0.9999,SCALE_DOWN,3000.0
8866.800000000001,8888.919,0.9975,SCALE_DOWN,3000.0
21000.0,21000.047,1.0,STAY_ACTIVE,21000.046875
3000.0,3000.4214,0.9999,SCALE_DOWN,3000.0
9588.6,9605.961,0.9982,STAY_ACTIVE,9605.9609375
7427.1,7387.56,0.9947,SCALE_DOWN,3000.0
21000.0,21000.049,1.0,STAY_ACTIVE,21000.048828125
10301.4,10279.8545,0.9979,STAY_ACTIVE,10279.8544921875
8208.9,8281.184,0.9912,SCALE_DOWN,3000.0
6167.7,6149.8965,0.9971,SCALE_DOWN,3000.0
3000.0,3000.4214,0.9999,SCALE_DOWN,3000.0
3000.0,3000.4214,0.9999,SCALE_DOWN,3000.0
3000.0,3000.4214,0.9999,SCALE_DOWN,3000.0
7097.4,7113.2695,0.9978,SCALE_DOWN,3000.0
16942.2,16991.824,0.9971,STAY_ACTIVE,16991.82421875
12638.4,12647.064,0.9993,STAY_ACTIVE,12647.064453125
5301.9,5311.118,0.9983,SCALE_DOWN,3000.0
21000.0,21000.047,1.0,STAY_ACTIVE,21000.046875
20206.2,20265.61,0.9971,STAY_ACTIVE,20265.609375
12107.1,12131.341,0.998,STAY_ACTIVE,12131.3408203125
16150.2,16143.746,0.9996,STAY_ACTIVE,16143.74609375
5693.4,5692.4688,0.9998,SCALE_DOWN,3000.0
6323.700000000001,6294.418,0.9954,SCALE_DOWN,3000.0
21000.0,21000.078,1.0,STAY_ACTIVE,21000.078125
3000.0,3000.4214,0.9999,SCALE_DOWN,3000.0
3000.0,3000.4214,0.9999,SCALE_DOWN,3000.0
3000.0,3000.4214,0.9999,SCALE_DOWN,3000.0
13039.2,12975.772,0.9951,STAY_ACTIVE,12975.7724609375
3000.0,3000.4214,0.9999,SCALE_DOWN,3000.0
3000.0,3000.4214,0.9999,SCALE_DOWN,3000.0
6516.6,6510.053,0.999,SCALE_DOWN,3000.0
3366.0,3352.477,0.996,SCALE_DOWN,3000.0
17996.4,18133.762,0.9924,STAY_ACTIVE,18133.76171875
3000.0,3000.4214,0.9999,SCALE_DOWN,3000.0
5493.299999999999,5481.059,0.9978,SCALE_DOWN,3000.0
6026.700000000001,6033.5933,0.9989,SCALE_DOWN,3000.0
21000.0,20999.852,1.0,STAY_ACTIVE,20999.8515625
8070.9,8072.2397,0.9998,SCALE_DOWN,3000.0
8653.5,8622.246,0.9964,SCALE_DOWN,3000.0
3000.0,3000.4214,0.9999,SCALE_DOWN,3000.0
6978.6,6986.6626,0.9988,SCALE_DOWN,3000.0
3000.0,3000.4214,0.9999,SCALE_DOWN,3000.0
6175.5,6168.458,0.9989,SCALE_DOWN,3000.0
3237.3,3254.3242,0.9947,SCALE_DOWN,3000.0
3000.0,3000.4214,0.9999,SCALE_DOWN,3000.0
3000.0,3000.4214,0.9999,SCALE_DOWN,3000.0
3000.0,3000.4214,0.9999,SCALE_DOWN,3000.0
21000.0,21000.322,1.0,STAY_ACTIVE,21000.322265625
3000.0,3000.4214,0.9999,SCALE_DOWN,3000.0
21000.0,20988.828,0.9995,STAY_ACTIVE,20988.828125
3000.0,3000.4214,0.9999,SCALE_DOWN,3000.0
3000.0,3000.4214,0.9999,SCALE_DOWN,3000.0
8556.6,8568.091,0.9987,SCALE_DOWN,3000.0
6249.9,6255.1455,0.9992,SCALE_DOWN,3000.0
21000.0,21000.025,1.0,STAY_ACTIVE,21000.025390625
3000.0,3000.4214,0.9999,SCALE_DOWN,3000.0
21000.0,21000.775,1.0,STAY_ACTIVE,21000.775390625
5989.5,6043.072,0.9911,SCALE_DOWN,3000.0
3000.0,3000.4214,0.9999,SCALE_DOWN,3000.0
12733.5,12766.978,0.9974,STAY_ACTIVE,12766.9775390625
21000.0,20998.336,0.9999,STAY_ACTIVE,20998.3359375
3000.0,3000.4214,0.9999,SCALE_DOWN,3000.0
21000.0,20980.137,0.9991,STAY_ACTIVE,20980.13671875
3000.0,3000.4214,0.9999,SCALE_DOWN,3000.0
3000.0,3000.4214,0.9999,SCALE_DOWN,3000.0
21000.0,21000.049,1.0,STAY_ACTIVE,21000.048828125
3348.6,3333.1628,0.9954,SCALE_DOWN,3000.0
13672.8,13689.795,0.9988,STAY_ACTIVE,13689.794921875
13175.7,13192.399,0.9987,STAY_ACTIVE,13192.3994140625
3261.2999999999997,3264.3325,0.9991,SCALE_DOWN,3000.0
9195.9,9240.39,0.9952,STAY_ACTIVE,9240.3896484375
3000.0,3000.4214,0.9999,SCALE_DOWN,3000.0
3000.0,3000.4214,0.9999,SCALE_DOWN,3000.0
4268.4,4267.1094,0.9997,SCALE_DOWN,3000.0
3000.0,3000.4214,0.9999,SCALE_DOWN,3000.0
15529.2,15488.765,0.9974,STAY_ACTIVE,15488.7646484375
7666.200000000001,7699.846,0.9956,SCALE_DOWN,3000.0
3000.0,3000.4214,0.9999,SCALE_DOWN,3000.0
15451.2,15347.566,0.9933,STAY_ACTIVE,15347.56640625
21000.0,21000.047,1.0,STAY_ACTIVE,21000.046875
3000.0,3000.4214,0.9999,SCALE_DOWN,3000.0
13409.4,13432.965,0.9982,STAY_ACTIVE,13432.96484375
4100.4,4104.836,0.9989,SCALE_DOWN,3000.0
21000.0,20995.773,0.9998,STAY_ACTIVE,20995.7734375
21000.0,21000.047,1.0,STAY_ACTIVE,21000.046875
3000.0,3000.4214,0.9999,SCALE_DOWN,3000.0
21000.0,21000.049,1.0,STAY_ACTIVE,21000.048828125
9289.5,9312.476,0.9975,STAY_ACTIVE,9312.4755859375
9833.4,9803.096,0.9969,STAY_ACTIVE,9803.095703125
3000.0,3000.4214,0.9999,SCALE_DOWN,3000.0
9316.2,9265.0625,0.9945,STAY_ACTIVE,9265.0625
7133.7,7108.793,0.9965,SCALE_DOWN,3000.0
3000.0,3000.4214,0.9999,SCALE_DOWN,3000.0
16000.500000000004,16008.082,0.9995,STAY_ACTIVE,16008.08203125
3000.0,3000.4214,0.9999,SCALE_DOWN,3000.0
8411.1,8457.161,0.9945,SCALE_DOWN,3000.0
7866.6,7877.908,0.9986,SCALE_DOWN,3000.0
21000.0,20999.133,1.0,STAY_ACTIVE,20999.1328125
17118.600000000002,17135.096,0.999,STAY_ACTIVE,17135.095703125
21000.0,20999.852,1.0,STAY_ACTIVE,20999.8515625
3306.0,3296.7358,0.9972,SCALE_DOWN,3000.0
3000.0,3000.4214,0.9999,SCALE_DOWN,3000.0
3000.0,3000.4214,0.9999,SCALE_DOWN,3000.0
3000.0,3000.4214,0.9999,SCALE_DOWN,3000.0
21000.0,21000.047,1.0,STAY_ACTIVE,21000.046875
3584.0999999999995,3545.7725,0.9893,SCALE_DOWN,3000.0
3000.0,3000.4214,0.9999,SCALE_DOWN,3000.0
21000.0,21000.057,1.0,STAY_ACTIVE,21000.056640625
3000.0,3000.4214,0.9999,SCALE_DOWN,3000.0
3000.0,3000.4214,0.9999,SCALE_DOWN,3000.0
3000.0,3000.4214,0.9999,SCALE_DOWN,3000.0
5545.5,5518.257,0.9951,SCALE_DOWN,3000.0
3000.0,3000.4214,0.9999,SCALE_DOWN,3000.0
10971.3,11015.868,0.9959,STAY_ACTIVE,11015.8681640625
10658.7,10684.745,0.9976,STAY_ACTIVE,10684.7451171875
14667.9,14649.087,0.9987,STAY_ACTIVE,14649.0869140625
21000.0,21000.047,1.0,STAY_ACTIVE,21000.046875
21000.0,21000.639,1.0,STAY_ACTIVE,21000.638671875
21000.0,21000.67,1.0,STAY_ACTIVE,21000.669921875
17717.399999999998,17741.732,0.9986,STAY_ACTIVE,17741.732421875
5274.9,5313.3813,0.9927,SCALE_DOWN,3000.0
12148.2,12138.7295,0.9992,STAY_ACTIVE,12138.7294921875
18498.9,18523.707,0.9987,STAY_ACTIVE,18523.70703125
3000.0,3000.4214,0.9999,SCALE_DOWN,3000.0
5310.299999999999,5340.398,0.9943,SCALE_DOWN,3000.0
21000.0,21000.078,1.0,STAY_ACTIVE,21000.078125
3000.0,3000.4214,0.9999,SCALE_DOWN,3000.0
21000.0,21000.047,1.0,STAY_ACTIVE,21000.046875
18103.500000000004,18078.334,0.9986,STAY_ACTIVE,18078.333984375
6047.7,6019.7925,0.9954,SCALE_DOWN,3000.0
21000.0,20998.19,0.9999,STAY_ACTIVE,20998.189453125
3000.0,3000.4214,0.9999,SCALE_DOWN,3000.0
9562.2,9568.878,0.9993,STAY_ACTIVE,9568.8779296875
20502.6,20402.455,0.9951,STAY_ACTIVE,20402.455078125
9583.5,9653.163,0.9927,STAY_ACTIVE,9653.1630859375
3000.0,3000.4214,0.9999,SCALE_DOWN,3000.0
3372.2999999999997,3352.477,0.9941,SCALE_DOWN,3000.0
3000.0,3000.4214,0.9999,SCALE_DOWN,3000.0
3000.0,3000.4214,0.9999,SCALE_DOWN,3000.0
6981.9,6978.5273,0.9995,SCALE_DOWN,3000.0
6584.1,6579.5005,0.9993,SCALE_DOWN,3000.0
21000.0,21000.639,1.0,STAY_ACTIVE,21000.638671875
5402.4,5384.8,0.9967,SCALE_DOWN,3000.0
21000.0,21000.078,1.0,STAY_ACTIVE,21000.078125
3000.0,3000.4214,0.9999,SCALE_DOWN,3000.0
3000.0,3000.4214,0.9999,SCALE_DOWN,3000.0
3000.0,3000.4214,0.9999,SCALE_DOWN,3000.0
10311.6,10263.612,0.9953,STAY_ACTIVE,10263.6123046875
5485.200000000001,5465.7354,0.9965,SCALE_DOWN,3000.0
3000.0,3000.4214,0.9999,SCALE_DOWN,3000.0
3000.0,3000.4214,0.9999,SCALE_DOWN,3000.0
3000.0,3000.4214,0.9999,SCALE_DOWN,3000.0
6429.0,6459.614,0.9952,SCALE_DOWN,3000.0
21000.0,21000.047,1.0,STAY_ACTIVE,21000.046875
9073.2,9066.665,0.9993,STAY_ACTIVE,9066.6650390625
6824.1,6818.819,0.9992,SCALE_DOWN,3000.0
12686.1,12735.339,0.9961,STAY_ACTIVE,12735.3388671875
21000.0,21000.049,1.0,STAY_ACTIVE,21000.048828125
5530.799999999999,5535.014,0.9992,SCALE_DOWN,3000.0
21000.0,20999.852,1.0,STAY_ACTIVE,20999.8515625
3000.0,3000.4214,0.9999,SCALE_DOWN,3000.0
3000.0,3000.4214,0.9999,SCALE_DOWN,3000.0
9209.1,9243.998,0.9962,STAY_ACTIVE,9243.998046875
21000.0,21018.281,0.9991,STAY_ACTIVE,21018.28125
21000.0,21000.164,1.0,STAY_ACTIVE,21000.1640625
3505.5,3540.326,0.9901,SCALE_DOWN,3000.0
6908.4,6911.9194,0.9995,SCALE_DOWN,3000.0
3000.0,3000.4214,0.9999,SCALE_DOWN,3000.0
12422.7,12433.916,0.9991,STAY_ACTIVE,12433.916015625
6358.2,6343.0723,0.9976,SCALE_DOWN,3000.0
3000.0,3000.4214,0.9999,SCALE_DOWN,3000.0
3000.0,3000.4214,0.9999,SCALE_DOWN,3000.0
6490.200000000001,6506.896,0.9974,SCALE_DOWN,3000.0
3000.0,3000.4214,0.9999,SCALE_DOWN,3000.0
21000.0,21015.006,0.9993,STAY_ACTIVE,21015.005859375
10054.8,9982.394,0.9928,STAY_ACTIVE,9982.3935546875
8008.800000000001,8011.741,0.9996,SCALE_DOWN,3000.0
3000.0,3000.4214,0.9999,SCALE_DOWN,3000.0
10640.7,10607.935,0.9969,STAY_ACTIVE,10607.9345703125
6371.1,6370.3286,0.9999,SCALE_DOWN,3000.0
5217.0,5214.061,0.9994,SCALE_DOWN,3000.0
3000.0,3000.4214,0.9999,SCALE_DOWN,3000.0
7107.0,7093.6733,0.9981,SCALE_DOWN,3000.0
21000.0,21000.047,1.0,STAY_ACTIVE,21000.046875
3000.0,3000.4214,0.9999,SCALE_DOWN,3000.0
3000.0,3000.4214,0.9999,SCALE_DOWN,3000.0
3000.0,3000.4214,0.9999,SCALE_DOWN,3000.0
3000.0,3000.4214,0.9999,SCALE_DOWN,3000.0
3266.1,3285.9084,0.9939,SCALE_DOWN,3000.0
3302.1000000000004,3318.9998,0.9949,SCALE_DOWN,3000.0
3000.0,3000.4214,0.9999,SCALE_DOWN,3000.0
3000.0,3000.4214,0.9999,SCALE_DOWN,3000.0
8649.900000000001,8682.768,0.9962,SCALE_DOWN,3000.0
3000.0,3000.4214,0.9999,SCALE_DOWN,3000.0
8952.6,8948.103,0.9995,SCALE_DOWN,3000.0
5557.8,5543.0107,0.9973,SCALE_DOWN,3000.0
12716.7,12697.251,0.9985,STAY_ACTIVE,12697.2509765625
3335.4,3331.9075,0.999,SCALE_DOWN,3000.0
3000.0,3000.4214,0.9999,SCALE_DOWN,3000.0
11004.9,10847.513,0.9857,STAY_ACTIVE,10847.5126953125
3000.0,3000.4214,0.9999,SCALE_DOWN,3000.0
21000.0,20997.941,0.9999,STAY_ACTIVE,20997.94140625
3000.0,3000.4214,0.9999,SCALE_DOWN,3000.0
3000.0,3000.4214,0.9999,SCALE_DOWN,3000.0
12382.5,12384.274,0.9999,STAY_ACTIVE,12384.2744140625
8789.1,8734.66,0.9938,SCALE_DOWN,3000.0
13384.8,13411.925,0.998,STAY_ACTIVE,13411.9248046875
3136.5,3143.1455,0.9979,SCALE_DOWN,3000.0
9582.0,9563.974,0.9981,STAY_ACTIVE,9563.9736328125
21000.0,21000.078,1.0,STAY_ACTIVE,21000.078125
13846.199999999995,13876.557,0.9978,STAY_ACTIVE,13876.556640625
3000.0,3000.4214,0.9999,SCALE_DOWN,3000.0
14624.100000000002,14570.734,0.9964,STAY_ACTIVE,14570.734375
8057.7,8050.6455,0.9991,SCALE_DOWN,3000.0
3000.0,3000.4214,0.9999,SCALE_DOWN,3000.0
21000.0,20962.906,0.9982,STAY_ACTIVE,20962.90625
11852.7,11869.04,0.9986,STAY_ACTIVE,11869.0400390625
21000.0,21000.047,1.0,STAY_ACTIVE,21000.046875
5910.0,5902.9023,0.9988,SCALE_DOWN,3000.0
7292.1,7261.8726,0.9959,SCALE_DOWN,3000.0
21000.0,21000.049,1.0,STAY_ACTIVE,21000.048828125
3000.0,3000.4214,0.9999,SCALE_DOWN,3000.0
10269.9,10279.6,0.9991,STAY_ACTIVE,10279.599609375
21000.0,21000.078,1.0,STAY_ACTIVE,21000.078125
5848.200000000001,5901.734,0.9908,SCALE_DOWN,3000.0
21000.0,20999.107,1.0,STAY_ACTIVE,20999.107421875
3000.0,3000.4214,0.9999,SCALE_DOWN,3000.0
3990.900000000001,4014.4836,0.9941,SCALE_DOWN,3000.0
16424.4,16419.701,0.9997,STAY_ACTIVE,16419.701171875
3000.0,3000.4214,0.9999,SCALE_DOWN,3000.0
13830.0,13770.588,0.9957,STAY_ACTIVE,13770.587890625
3000.0,3000.4214,0.9999,SCALE_DOWN,3000.0
3346.2,3339.94,0.9981,SCALE_DOWN,3000.0
6146.1,6169.14,0.9963,SCALE_DOWN,3000.0
3000.0,3000.4214,0.9999,SCALE_DOWN,3000.0
3000.0,3000.4214,0.9999,SCALE_DOWN,3000.0
5910.0,5899.066,0.9981,SCALE_DOWN,3000.0
3000.0,3000.4214,0.9999,SCALE_DOWN,3000.0
3000.0,3000.4214,0.9999,SCALE_DOWN,3000.0
9768.0,9715.455,0.9946,STAY_ACTIVE,9715.455078125
3000.0,3000.4214,0.9999,SCALE_DOWN,3000.0
3000.0,3000.4214,0.9999,SCALE_DOWN,3000.0
13455.3,13401.078,0.996,STAY_ACTIVE,13401.078125
4604.4,4574.75,0.9936,SCALE_DOWN,3000.0
5736.0,5717.757,0.9968,SCALE_DOWN,3000.0
9615.6,9612.465,0.9997,STAY_ACTIVE,9612.46484375
21000.0,21000.078,1.0,STAY_ACTIVE,21000.078125
3000.0,3000.4214,0.9999,SCALE_DOWN,3000.0
10316.7,10286.744,0.9971,STAY_ACTIVE,10286.744140625
3000.0,3000.4214,0.9999,SCALE_DOWN,3000.0
3000.0,3000.4214,0.9999,SCALE_DOWN,3000.0
11373.6,11317.364,0.9951,STAY_ACTIVE,11317.3642578125
9192.6,9287.346,0.9897,STAY_ACTIVE,9287.345703125
9423.0,9419.723,0.9997,STAY_ACTIVE,9419.72265625
14637.900000000003,14607.385,0.9979,STAY_ACTIVE,14607.384765625
10810.8,10794.02,0.9984,STAY_ACTIVE,10794.01953125
21000.0,21000.078,1.0,STAY_ACTIVE,21000.078125
11180.7,10988.974,0.9829,STAY_ACTIVE,10988.9736328125
12331.2,12371.1875,0.9968,STAY_ACTIVE,12371.1875
12876.0,12912.647,0.9972,STAY_ACTIVE,12912.6474609375
21000.0,20999.299,1.0,STAY_ACTIVE,20999.298828125
3000.0,3000.4214,0.9999,SCALE_DOWN,3000.0
21000.0,20996.395,0.9998,STAY_ACTIVE,20996.39453125
7184.4,7175.9214,0.9988,SCALE_DOWN,3000.0
9472.8,9561.733,0.9906,STAY_ACTIVE,9561.7333984375
5282.7,5302.1914,0.9963,SCALE_DOWN,3000.0
9606.9,9652.405,0.9953,STAY_ACTIVE,9652.4052734375
3000.0,3000.4214,0.9999,SCALE_DOWN,3000.0
19599.300000000003,19650.682,0.9974,STAY_ACTIVE,19650.681640625
4588.8,4578.15,0.9977,SCALE_DOWN,3000.0
21000.0,20998.2,0.9999,STAY_ACTIVE,20998.19921875
21000.0,21000.049,1.0,STAY_ACTIVE,21000.048828125
3225.0,3214.7563,0.9968,SCALE_DOWN,3000.0
3000.0,3000.4214,0.9999,SCALE_DOWN,3000.0
21000.0,21000.291,1.0,STAY_ACTIVE,21000.291015625
3000.0,3000.4214,0.9999,SCALE_DOWN,3000.0
7699.200000000001,7665.556,0.9956,SCALE_DOWN,3000.0
3000.0,3000.4214,0.9999,SCALE_DOWN,3000.0
21000.0,21000.047,1.0,STAY_ACTIVE,21000.046875
3000.0,3000.4214,0.9999,SCALE_DOWN,3000.0
3000.0,3000.4214,0.9999,SCALE_DOWN,3000.0
3723.0,3734.2979,0.997,SCALE_DOWN,3000.0
3000.0,3000.4214,0.9999,SCALE_DOWN,3000.0
3000.0,3000.4214,0.9999,SCALE_DOWN,3000.0
3000.0,3000.4214,0.9999,SCALE_DOWN,3000.0
3000.0,3000.4214,0.9999,SCALE_DOWN,3000.0
3000.0,3000.4214,0.9999,SCALE_DOWN,3000.0
3000.0,3000.4214,0.9999,SCALE_DOWN,3000.0
4272.3,4246.997,0.9941,SCALE_DOWN,3000.0
10560.3,10555.943,0.9996,STAY_ACTIVE,10555.943359375
15597.899999999998,15682.025,0.9946,STAY_ACTIVE,15682.025390625
21000.0,21000.09,1.0,STAY_ACTIVE,21000.08984375
21000.0,21000.047,1.0,STAY_ACTIVE,21000.046875
4081.2,4092.0347,0.9973,SCALE_DOWN,3000.0
11153.4,11143.912,0.9991,STAY_ACTIVE,11143.912109375
3042.9,3052.9617,0.9967,SCALE_DOWN,3000.0
21000.0,20769.562,0.989,STAY_ACTIVE,20769.5625
5209.200000000001,5191.941,0.9967,SCALE_DOWN,3000.0
3000.0,3000.4214,0.9999,SCALE_DOWN,3000.0
15918.3,15917.13,0.9999,STAY_ACTIVE,15917.1298828125
3000.0,3000.4214,0.9999,SCALE_DOWN,3000.0
6716.1,6699.1875,0.9975,SCALE_DOWN,3000.0
10065.6,10122.916,0.9943,STAY_ACTIVE,10122.916015625
3000.0,3000.4214,0.9999,SCALE_DOWN,3000.0
21000.0,21000.047,1.0,STAY_ACTIVE,21000.046875
10120.800000000005,10084.201,0.9964,STAY_ACTIVE,10084.201171875
21000.0,20999.852,1.0,STAY_ACTIVE,20999.8515625
21000.0,21000.049,1.0,STAY_ACTIVE,21000.048828125
15135.000000000002,15065.081,0.9954,STAY_ACTIVE,15065.0810546875
4777.2,4816.697,0.9917,SCALE_DOWN,3000.0
3000.0,3000.4214,0.9999,SCALE_DOWN,3000.0
21000.0,20999.297,1.0,STAY_ACTIVE,20999.296875
3000.0,3000.4214,0.9999,SCALE_DOWN,3000.0
3407.7,3430.4355,0.9933,SCALE_DOWN,3000.0
14648.4,14599.23,0.9966,STAY_ACTIVE,14599.23046875
19328.1,19343.672,0.9992,STAY_ACTIVE,19343.671875
5646.0,5632.465,0.9976,SCALE_DOWN,3000.0
6999.9000000000015,6997.9136,0.9997,SCALE_DOWN,3000.0
3000.0,3000.4214,0.9999,SCALE_DOWN,3000.0
12214.2,12225.412,0.9991,STAY_ACTIVE,12225.412109375
6519.3,6493.4946,0.996,SCALE_DOWN,3000.0
5447.1,5432.087,0.9972,SCALE_DOWN,3000.0
3000.0,3000.4214,0.9999,SCALE_DOWN,3000.0
3000.0,3000.4214,0.9999,SCALE_DOWN,3000.0
3000.0,3000.4214,0.9999,SCALE_DOWN,3000.0
3000.0,3000.4214,0.9999,SCALE_DOWN,3000.0
3000.0,3000.4214,0.9999,SCALE_DOWN,3000.0
5020.2,5046.5234,0.9948,SCALE_DOWN,3000.0
8097.6,8086.26,0.9986,SCALE_DOWN,3000.0
6272.400000000001,6292.3296,0.9968,SCALE_DOWN,3000.0
3000.0,3000.4214,0.9999,SCALE_DOWN,3000.0
3000.0,3000.4214,0.9999,SCALE_DOWN,3000.0
3000.0,3000.4214,0.9999,SCALE_DOWN,3000.0
5980.5,5969.5728,0.9982,SCALE_DOWN,3000.0
7069.5,7059.5396,0.9986,SCALE_DOWN,3000.0
8307.6,8310.044,0.9997,SCALE_DOWN,3000.0
21000.0,20999.326,1.0,STAY_ACTIVE,20999.326171875
3000.0,3000.4214,0.9999,SCALE_DOWN,3000.0
21000.0,21000.047,1.0,STAY_ACTIVE,21000.046875
21000.0,21000.049,1.0,STAY_ACTIVE,21000.048828125
5630.1,5632.368,0.9996,SCALE_DOWN,3000.0
21000.0,20998.488,0.9999,STAY_ACTIVE,20998.48828125
16005.6,15990.658,0.9991,STAY_ACTIVE,15990.658203125
21000.0,21000.078,1.0,STAY_ACTIVE,21000.078125
3000.0,3000.4214,0.9999,SCALE_DOWN,3000.0
21000.0,21000.291,1.0,STAY_ACTIVE,21000.291015625
3000.0,3000.4214,0.9999,SCALE_DOWN,3000.0
7989.3,7993.9126,0.9994,SCALE_DOWN,3000.0
3000.0,3000.4214,0.9999,SCALE_DOWN,3000.0
3000.0,3000.4214,0.9999,SCALE_DOWN,3000.0
21000.0,21000.047,1.0,STAY_ACTIVE,21000.046875
3199.8,3195.0469,0.9985,SCALE_DOWN,3000.0
3793.2,3779.9287,0.9965,SCALE_DOWN,3000.0
7421.1,7335.4287,0.9885,SCALE_DOWN,3000.0
21000.0,20998.205,0.9999,STAY_ACTIVE,20998.205078125
4825.2,4856.5103,0.9935,SCALE_DOWN,3000.0
11350.8,11335.683,0.9987,STAY_ACTIVE,11335.6826171875
21000.0,21000.281,1.0,STAY_ACTIVE,21000.28125
21000.0,20965.697,0.9984,STAY_ACTIVE,20965.697265625
15848.4,15782.543,0.9958,STAY_ACTIVE,15782.54296875
8485.8,8449.902,0.9958,SCALE_DOWN,3000.0
5273.700000000001,5259.3955,0.9973,SCALE_DOWN,3000.0
21000.0,20996.697,0.9998,STAY_ACTIVE,20996.697265625
3000.0,3000.4214,0.9999,SCALE_DOWN,3000.0
12968.1,12973.551,0.9996,STAY_ACTIVE,12973.55078125
8918.4,8884.454,0.9962,SCALE_DOWN,3000.0
21000.0,21000.047,1.0,STAY_ACTIVE,21000.046875
3000.0,3000.4214,0.9999,SCALE_DOWN,3000.0
3000.0,3000.4214,0.9999,SCALE_DOWN,3000.0
3000.0,3000.4214,0.9999,SCALE_DOWN,3000.0
3000.0,3000.4214,0.9999,SCALE_DOWN,3000.0
3000.0,3000.4214,0.9999,SCALE_DOWN,3000.0
16103.1,16078.706,0.9985,STAY_ACTIVE,16078.7060546875
18309.9,18244.521,0.9964,STAY_ACTIVE,18244.521484375
15605.1,15572.901,0.9979,STAY_ACTIVE,15572.9013671875
4541.1,4526.928,0.9969,SCALE_DOWN,3000.0
3000.0,3000.4214,0.9999,SCALE_DOWN,3000.0
4033.5,4008.2664,0.9937,SCALE_DOWN,3000.0
11655.9,11669.642,0.9988,STAY_ACTIVE,11669.6416015625
21000.0,21000.078,1.0,STAY_ACTIVE,21000.078125
3000.0,3000.4214,0.9999,SCALE_DOWN,3000.0
3000.0,3000.4214,0.9999,SCALE_DOWN,3000.0
14872.2,14860.404,0.9992,STAY_ACTIVE,14860.404296875
5586.9,5593.8784,0.9988,SCALE_DOWN,3000.0
9802.2,9837.746,0.9964,STAY_ACTIVE,9837.74609375
21000.0,21000.09,1.0,STAY_ACTIVE,21000.08984375
6859.200000000001,6846.207,0.9981,SCALE_DOWN,3000.0
3000.0,3000.4214,0.9999,SCALE_DOWN,3000.0
21000.0,21000.047,1.0,STAY_ACTIVE,21000.046875
8670.900000000001,8692.326,0.9975,SCALE_DOWN,3000.0
21000.0,21000.049,1.0,STAY_ACTIVE,21000.048828125
12518.1,12540.647,0.9982,STAY_ACTIVE,12540.6474609375
9536.4,9566.371,0.9969,STAY_ACTIVE,9566.37109375
21000.0,21000.047,1.0,STAY_ACTIVE,21000.046875
5430.6,5435.5,0.9991,SCALE_DOWN,3000.0
21000.0,21000.049,1.0,STAY_ACTIVE,21000.048828125
3000.0,3000.4214,0.9999,SCALE_DOWN,3000.0
11530.2,11514.84,0.9987,STAY_ACTIVE,11514.83984375
3000.0,3000.4214,0.9999,SCALE_DOWN,3000.0
3000.0,3000.4214,0.9999,SCALE_DOWN,3000.0
21000.0,21000.047,1.0,STAY_ACTIVE,21000.046875
3000.0,3000.4214,0.9999,SCALE_DOWN,3000.0
21000.0,21013.703,0.9993,STAY_ACTIVE,21013.703125
21000.0,20999.467,1.0,STAY_ACTIVE,20999.466796875
13011.3,13004.554,0.9995,STAY_ACTIVE,13004.5537109375
21000.0,21000.047,1.0,STAY_ACTIVE,21000.046875
3000.0,3000.4214,0.9999,SCALE_DOWN,3000.0
12417.3,12361.797,0.9955,STAY_ACTIVE,12361.796875
3000.0,3000.4214,0.9999,SCALE_DOWN,3000.0
3000.0,3000.4214,0.9999,SCALE_DOWN,3000.0
3000.0,3000.4214,0.9999,SCALE_DOWN,3000.0
3000.0,3000.4214,0.9999,SCALE_DOWN,3000.0
3000.0,3000.4214,0.9999,SCALE_DOWN,3000.0
3000.0,3000.4214,0.9999,SCALE_DOWN,3000.0
3000.0,3000.4214,0.9999,SCALE_DOWN,3000.0
21000.0,20999.562,1.0,STAY_ACTIVE,20999.5625
6949.199999999999,6948.0605,0.9998,SCALE_DOWN,3000.0
21000.0,21000.049,1.0,STAY_ACTIVE,21000.048828125
3000.0,3000.4214,0.9999,SCALE_DOWN,3000.0
5037.3,5037.5117,1.0,SCALE_DOWN,3000.0
21000.0,21000.049,1.0,STAY_ACTIVE,21000.048828125
21000.0,21015.037,0.9993,STAY_ACTIVE,21015.037109375
21000.0,20995.16,0.9998,STAY_ACTIVE,20995.16015625
3444.9000000000005,3429.21,0.9954,SCALE_DOWN,3000.0
3000.0,3000.4214,0.9999,SCALE_DOWN,3000.0
12835.2,12830.819,0.9997,STAY_ACTIVE,12830.8193359375
21000.0,20998.996,1.0,STAY_ACTIVE,20998.99609375
16590.300000000003,16475.434,0.9931,STAY_ACTIVE,16475.43359375
3802.8,3824.499,0.9943,SCALE_DOWN,3000.0
7844.4000000000015,7875.6797,0.996,SCALE_DOWN,3000.0
3000.0,3000.4214,0.9999,SCALE_DOWN,3000.0
17112.899999999998,17057.975,0.9968,STAY_ACTIVE,17057.974609375
21000.0,21000.047,1.0,STAY_ACTIVE,21000.046875
10692.000000000002,10688.656,0.9997,STAY_ACTIVE,10688.65625
12323.1,12198.792,0.9899,STAY_ACTIVE,12198.7919921875
3000.0,3000.4214,0.9999,SCALE_DOWN,3000.0
21000.0,21000.047,1.0,STAY_ACTIVE,21000.046875
3000.0,3000.4214,0.9999,SCALE_DOWN,3000.0
9020.100000000002,9022.6,0.9997,STAY_ACTIVE,9022.599609375
3066.3,3033.0989,0.9892,SCALE_DOWN,3000.0
21000.0,20998.217,0.9999,STAY_ACTIVE,20998.216796875
13511.1,13452.532,0.9957,STAY_ACTIVE,13452.5322265625
5433.6,5406.509,0.995,SCALE_DOWN,3000.0
3000.0,3000.4214,0.9999,SCALE_DOWN,3000.0
7881.900000000001,7890.646,0.9989,SCALE_DOWN,3000.0
3120.2999999999997,3164.9578,0.9857,SCALE_DOWN,3000.0
3000.0,3000.4214,0.9999,SCALE_DOWN,3000.0
20722.2,20732.703,0.9995,STAY_ACTIVE,20732.703125
3000.0,3000.4214,0.9999,SCALE_DOWN,3000.0
3000.0,3000.4214,0.9999,SCALE_DOWN,3000.0
3000.0,3000.4214,0.9999,SCALE_DOWN,3000.0
6798.900000000001,6785.1724,0.998,SCALE_DOWN,3000.0
6527.4,6492.4897,0.9947,SCALE_DOWN,3000.0
3826.8,3828.3484,0.9996,SCALE_DOWN,3000.0
21000.0,21000.047,1.0,STAY_ACTIVE,21000.046875
8228.1,8268.314,0.9951,SCALE_DOWN,3000.0
6197.400000000001,6163.849,0.9946,SCALE_DOWN,3000.0
3249.6000000000004,3255.5735,0.9982,SCALE_DOWN,3000.0
3000.0,3000.4214,0.9999,SCALE_DOWN,3000.0
4518.0,4520.1016,0.9995,SCALE_DOWN,3000.0
14214.3,14282.58,0.9952,STAY_ACTIVE,14282.580078125
3000.0,3000.4214,0.9999,SCALE_DOWN,3000.0
12069.000000000002,12125.568,0.9953,STAY_ACTIVE,12125.568359375
3000.0,3000.4214,0.9999,SCALE_DOWN,3000.0
10420.8,10434.282,0.9987,STAY_ACTIVE,10434.2822265625
3000.0,3000.4214,0.9999,SCALE_DOWN,3000.0
3000.0,3000.4214,0.9999,SCALE_DOWN,3000.0
21000.0,21000.047,1.0,STAY_ACTIVE,21000.046875
6755.4,6765.722,0.9985,SCALE_DOWN,3000.0
9566.1,9592.141,0.9973,STAY_ACTIVE,9592.140625
7784.4,7839.1455,0.993,SCALE_DOWN,3000.0
9065.1,9043.789,0.9976,STAY_ACTIVE,9043.7890625
14681.1,14707.835,0.9982,STAY_ACTIVE,14707.8349609375
3000.0,3000.4214,0.9999,SCALE_DOWN,3000.0
21000.0,21001.242,0.9999,STAY_ACTIVE,21001.2421875
3000.0,3000.4214,0.9999,SCALE_DOWN,3000.0
7820.700000000001,7885.435,0.9917,SCALE_DOWN,3000.0
21000.0,21000.078,1.0,STAY_ACTIVE,21000.078125
6791.1,6757.7544,0.9951,SCALE_DOWN,3000.0
3000.0,3000.4214,0.9999,SCALE_DOWN,3000.0
8680.8,8622.14,0.9932,SCALE_DOWN,3000.0
10902.3,10856.15,0.9958,STAY_ACTIVE,10856.150390625
3000.0,3000.4214,0.9999,SCALE_DOWN,3000.0
5343.6,5322.1104,0.996,SCALE_DOWN,3000.0
4049.1,3989.4998,0.9853,SCALE_DOWN,3000.0
6391.2,6332.5513,0.9908,SCALE_DOWN,3000.0
21000.0,20998.488,0.9999,STAY_ACTIVE,20998.48828125
6517.8,6496.006,0.9967,SCALE_DOWN,3000.0
21000.0,21000.047,1.0,STAY_ACTIVE,21000.046875
21000.0,21000.078,1.0,STAY_ACTIVE,21000.078125
14892.6,14878.88,0.9991,STAY_ACTIVE,14878.8798828125
3000.0,3000.4214,0.9999,SCALE_DOWN,3000.0
3000.0,3000.4214,0.9999,SCALE_DOWN,3000.0
7170.9,7164.2124,0.9991,SCALE_DOWN,3000.0
12055.2,12076.241,0.9983,STAY_ACTIVE,12076.2412109375
21000.0,21000.049,1.0,STAY_ACTIVE,21000.048828125
3000.0,3000.4214,0.9999,SCALE_DOWN,3000.0
3000.0,3000.4214,0.9999,SCALE_DOWN,3000.0
18375.9,18568.553,0.9895,STAY_ACTIVE,18568.552734375
3000.0,3000.4214,0.9999,SCALE_DOWN,3000.0
3768.6,3767.984,0.9998,SCALE_DOWN,3000.0
21000.0,21000.047,1.0,STAY_ACTIVE,21000.046875
21000.0,21058.729,0.9972,STAY_ACTIVE,21058.728515625
21000.0,20999.852,1.0,STAY_ACTIVE,20999.8515625
11153.4,11154.941,0.9999,STAY_ACTIVE,11154.94140625
3294.6000000000004,3285.9685,0.9974,SCALE_DOWN,3000.0
3122.7000000000003,3127.5364,0.9985,SCALE_DOWN,3000.0
11694.9,11763.503,0.9941,STAY_ACTIVE,11763.5029296875
21000.0,21000.047,1.0,STAY_ACTIVE,21000.046875
18797.7,18823.604,0.9986,STAY_ACTIVE,18823.603515625
17193.600000000002,17263.516,0.9959,STAY_ACTIVE,17263.515625
21000.0,21000.049,1.0,STAY_ACTIVE,21000.048828125
13961.100000000002,13935.956,0.9982,STAY_ACTIVE,13935.9560546875
10954.5,11054.036,0.9909,STAY_ACTIVE,11054.0361328125
9118.8,9080.108,0.9958,STAY_ACTIVE,9080.1083984375
3000.0,3000.4214,0.9999,SCALE_DOWN,3000.0
3000.0,3000.4214,0.9999,SCALE_DOWN,3000.0
21000.0,20999.328,1.0,STAY_ACTIVE,20999.328125
11650.5,11631.714,0.9984,STAY_ACTIVE,11631.7138671875
4440.6,4448.042,0.9983,SCALE_DOWN,3000.0
21000.0,21000.154,1.0,STAY_ACTIVE,21000.154296875
15420.9,15412.041,0.9994,STAY_ACTIVE,15412.041015625
3000.0,3000.4214,0.9999,SCALE_DOWN,3000.0
3940.8,3968.5645,0.993,SCALE_DOWN,3000.0
15072.3,15163.056,0.994,STAY_ACTIVE,15163.0556640625
3000.0,3000.4214,0.9999,SCALE_DOWN,3000.0
4860.6,4892.264,0.9935,SCALE_DOWN,3000.0
3000.0,3000.4214,0.9999,SCALE_DOWN,3000.0
8275.5,8311.207,0.9957,SCALE_DOWN,3000.0
3000.0,3000.4214,0.9999,SCALE_DOWN,3000.0
9167.7,9225.329,0.9937,STAY_ACTIVE,9225.3291015625
21000.0,21000.078,1.0,STAY_ACTIVE,21000.078125
17831.399999999998,17894.498,0.9965,STAY_ACTIVE,17894.498046875
13408.8,13453.998,0.9966,STAY_ACTIVE,13453.998046875
18480.000000000004,18558.242,0.9958,STAY_ACTIVE,18558.2421875
21000.0,21000.047,1.0,STAY_ACTIVE,21000.046875
17003.399999999998,16905.146,0.9942,STAY_ACTIVE,16905.146484375
6329.4,6344.4116,0.9976,SCALE_DOWN,3000.0
13662.6,13663.401,0.9999,STAY_ACTIVE,13663.4013671875
8374.2,8405.834,0.9962,SCALE_DOWN,3000.0
3000.0,3000.4214,0.9999,SCALE_DOWN,3000.0
3000.0,3000.4214,0.9999,SCALE_DOWN,3000.0
21000.0,20998.73,0.9999,STAY_ACTIVE,20998.73046875
7527.6,7507.9243,0.9974,SCALE_DOWN,3000.0
21000.0,21000.078,1.0,STAY_ACTIVE,21000.078125
5423.700000000001,5445.1167,0.9961,SCALE_DOWN,3000.0
7956.3,7962.083,0.9993,SCALE_DOWN,3000.0
6979.200000000001,6966.342,0.9982,SCALE_DOWN,3000.0
19357.800000000003,19250.217,0.9944,STAY_ACTIVE,19250.216796875
3000.0,3000.4214,0.9999,SCALE_DOWN,3000.0
3000.0,3000.4214,0.9999,SCALE_DOWN,3000.0
14408.1,14339.107,0.9952,STAY_ACTIVE,14339.107421875
21000.0,21000.047,1.0,STAY_ACTIVE,21000.046875
12674.4,12782.968,0.9914,STAY_ACTIVE,12782.9677734375
21000.0,21000.078,1.0,STAY_ACTIVE,21000.078125
21000.0,21000.639,1.0,STAY_ACTIVE,21000.638671875
15241.800000000005,15323.261,0.9947,STAY_ACTIVE,15323.2607421875
11451.3,11427.81,0.9979,STAY_ACTIVE,11427.8095703125
13546.5,13510.434,0.9973,STAY_ACTIVE,13510.43359375
3000.0,3000.4214,0.9999,SCALE_DOWN,3000.0
21000.0,21000.047,1.0,STAY_ACTIVE,21000.046875
8077.2,8091.315,0.9983,SCALE_DOWN,3000.0
21000.0,20996.697,0.9998,STAY_ACTIVE,20996.697265625
3000.0,3000.4214,0.9999,SCALE_DOWN,3000.0
19706.1,19531.59,0.9911,STAY_ACTIVE,19531.58984375
20705.4,20586.2,0.9942,STAY_ACTIVE,20586.19921875
14150.1,14141.37,0.9994,STAY_ACTIVE,14141.3701171875
3632.1,3641.339,0.9975,SCALE_DOWN,3000.0
3225.6,3237.211,0.9964,SCALE_DOWN,3000.0
19353.6,19265.28,0.9954,STAY_ACTIVE,19265.279296875
21000.0,21000.078,1.0,STAY_ACTIVE,21000.078125
3000.0,3000.4214,0.9999,SCALE_DOWN,3000.0
4107.6,4100.8003,0.9983,SCALE_DOWN,3000.0
11682.0,11609.501,0.9938,STAY_ACTIVE,11609.5009765625
3000.0,3000.4214,0.9999,SCALE_DOWN,3000.0
13288.2,13269.868,0.9986,STAY_ACTIVE,13269.8681640625
3000.0,3000.4214,0.9999,SCALE_DOWN,3000.0
16727.4,16698.838,0.9983,STAY_ACTIVE,16698.837890625
21000.0,21000.047,1.0,STAY_ACTIVE,21000.046875
3000.0,3000.4214,0.9999,SCALE_DOWN,3000.0
8045.1,8048.6094,0.9996,SCALE_DOWN,3000.0
3000.0,3000.4214,0.9999,SCALE_DOWN,3000.0
5699.7,5674.351,0.9956,SCALE_DOWN,3000.0
3000.0,3000.4214,0.9999,SCALE_DOWN,3000.0
4190.1,4204.156,0.9966,SCALE_DOWN,3000.0
3000.0,3000.4214,0.9999,SCALE_DOWN,3000.0
8334.0,8325.551,0.999,SCALE_DOWN,3000.0
4108.8,4089.5237,0.9953,SCALE_DOWN,3000.0
6655.5,6631.8325,0.9964,SCALE_DOWN,3000.0
21000.0,20983.867,0.9992,STAY_ACTIVE,20983.8671875
21000.0,20999.852,1.0,STAY_ACTIVE,20999.8515625
19989.300000000003,19978.55,0.9995,STAY_ACTIVE,19978.55078125
7194.0,7181.509,0.9983,SCALE_DOWN,3000.0
3199.5,3210.828,0.9965,SCALE_DOWN,3000.0
5385.3,5384.324,0.9998,SCALE_DOWN,3000.0
3000.0,3000.4214,0.9999,SCALE_DOWN,3000.0
16573.5,16387.168,0.9888,STAY_ACTIVE,16387.16796875
5733.3,5732.4624,0.9999,SCALE_DOWN,3000.0
21000.0,21000.047,1.0,STAY_ACTIVE,21000.046875
3000.0,3000.4214,0.9999,SCALE_DOWN,3000.0
7919.400000000001,7911.379,0.999,SCALE_DOWN,3000.0
9023.4,9043.159,0.9978,STAY_ACTIVE,9043.1591796875
5794.200000000001,5785.0845,0.9984,SCALE_DOWN,3000.0
11844.3,11774.301,0.9941,STAY_ACTIVE,11774.30078125
21000.0,21000.078,1.0,STAY_ACTIVE,21000.078125
3000.0,3000.4214,0.9999,SCALE_DOWN,3000.0
3000.0,3000.4214,0.9999,SCALE_DOWN,3000.0
5282.4,5280.004,0.9995,SCALE_DOWN,3000.0
3000.0,3000.4214,0.9999,SCALE_DOWN,3000.0
6742.500000000001,6710.739,0.9953,SCALE_DOWN,3000.0
3000.0,3000.4214,0.9999,SCALE_DOWN,3000.0
21000.0,21000.049,1.0,STAY_ACTIVE,21000.048828125
21000.0,21000.047,1.0,STAY_ACTIVE,21000.046875
21000.0,21000.24,1.0,STAY_ACTIVE,21000.240234375
11253.0,11201.399,0.9954,STAY_ACTIVE,11201.3994140625
21000.0,20999.852,1.0,STAY_ACTIVE,20999.8515625
21000.0,21000.047,1.0,STAY_ACTIVE,21000.046875
20209.8,20113.729,0.9952,STAY_ACTIVE,20113.728515625
7093.8,7112.5684,0.9974,SCALE_DOWN,3000.0
21000.0,21000.047,1.0,STAY_ACTIVE,21000.046875
4754.1,4743.9546,0.9979,SCALE_DOWN,3000.0
3000.0,3000.4214,0.9999,SCALE_DOWN,3000.0
7129.5,7100.4175,0.9959,SCALE_DOWN,3000.0
21000.0,21000.047,1.0,STAY_ACTIVE,21000.046875
3000.0,3000.4214,0.9999,SCALE_DOWN,3000.0
10707.3,10675.305,0.997,STAY_ACTIVE,10675.3046875
3000.0,3000.4214,0.9999,SCALE_DOWN,3000.0
21000.0,21000.047,1.0,STAY_ACTIVE,21000.046875
14458.800000000005,14567.791,0.9925,STAY_ACTIVE,14567.791015625
3000.0,3000.4214,0.9999,SCALE_DOWN,3000.0
3000.0,3000.4214,0.9999,SCALE_DOWN,3000.0
8496.599999999999,8475.947,0.9976,SCALE_DOWN,3000.0
17343.0,17383.773,0.9976,STAY_ACTIVE,17383.7734375
21000.0,20999.852,1.0,STAY_ACTIVE,20999.8515625
13696.5,13633.87,0.9954,STAY_ACTIVE,13633.8701171875
3000.0,3000.4214,0.9999,SCALE_DOWN,3000.0
8538.9,8597.063,0.9932,SCALE_DOWN,3000.0
3000.0,3000.4214,0.9999,SCALE_DOWN,3000.0
21000.0,20996.848,0.9998,STAY_ACTIVE,20996.84765625
10441.8,10487.32,0.9956,STAY_ACTIVE,10487.3203125
21000.0,20999.107,1.0,STAY_ACTIVE,20999.107421875
3000.0,3000.4214,0.9999,SCALE_DOWN,3000.0
3000.0,3000.4214,0.9999,SCALE_DOWN,3000.0
16174.2,16250.7295,0.9953,STAY_ACTIVE,16250.7294921875
21000.0,21010.816,0.9995,STAY_ACTIVE,21010.81640625
21000.0,20887.238,0.9946,STAY_ACTIVE,20887.23828125
6366.9,6345.2437,0.9966,SCALE_DOWN,3000.0
21000.0,20999.479,1.0,STAY_ACTIVE,20999.478515625
5775.0,5795.5127,0.9964,SCALE_DOWN,3000.0
10037.7,9970.363,0.9933,STAY_ACTIVE,9970.36328125
8982.300000000001,9001.947,0.9978,STAY_ACTIVE,9001.947265625
10137.3,10121.855,0.9985,STAY_ACTIVE,10121.85546875
3000.0,3000.4214,0.9999,SCALE_DOWN,3000.0
3000.0,3000.4214,0.9999,SCALE_DOWN,3000.0
6020.1,6002.4907,0.9971,SCALE_DOWN,3000.0
21000.0,20999.297,1.0,STAY_ACTIVE,20999.296875
5022.0,5025.2046,0.9994,SCALE_DOWN,3000.0
15986.4,16011.854,0.9984,STAY_ACTIVE,16011.853515625
6300.3,6313.584,0.9979,SCALE_DOWN,3000.0
3000.0,3000.4214,0.9999,SCALE_DOWN,3000.0
3000.0,3000.4214,0.9999,SCALE_DOWN,3000.0
3000.0,3000.4214,0.9999,SCALE_DOWN,3000.0
14381.4,14376.066,0.9996,STAY_ACTIVE,14376.06640625
21000.0,21000.078,1.0,STAY_ACTIVE,21000.078125
8359.5,8334.771,0.997,SCALE_DOWN,3000.0
9832.8,9838.861,0.9994,STAY_ACTIVE,9838.861328125
4392.3,4372.866,0.9956,SCALE_DOWN,3000.0
3000.0,3000.4214,0.9999,SCALE_DOWN,3000.0
21000.0,21000.047,1.0,STAY_ACTIVE,21000.046875
3000.0,3000.4214,0.9999,SCALE_DOWN,3000.0
3000.0,3000.4214,0.9999,SCALE_DOWN,3000.0
6686.699999999999,6662.074,0.9963,SCALE_DOWN,3000.0
5606.1,5584.859,0.9962,SCALE_DOWN,3000.0
3000.0,3000.4214,0.9999,SCALE_DOWN,3000.0
21000.0,21000.047,1.0,STAY_ACTIVE,21000.046875
3000.0,3000.4214,0.9999,SCALE_DOWN,3000.0
8601.900000000001,8564.452,0.9956,SCALE_DOWN,3000.0
6414.299999999999,6408.897,0.9992,SCALE_DOWN,3000.0
3000.0,3000.4214,0.9999,SCALE_DOWN,3000.0
3000.0,3000.4214,0.9999,SCALE_DOWN,3000.0
21000.0,21000.047,1.0,STAY_ACTIVE,21000.046875
3000.0,3000.4214,0.9999,SCALE_DOWN,3000.0
3000.0,3000.4214,0.9999,SCALE_DOWN,3000.0
3000.0,3000.4214,0.9999,SCALE_DOWN,3000.0
13311.9,13384.848,0.9945,STAY_ACTIVE,13384.84765625
21000.0,21000.047,1.0,STAY_ACTIVE,21000.046875
4142.1,4152.5,0.9975,SCALE_DOWN,3000.0
3000.0,3000.4214,0.9999,SCALE_DOWN,3000.0
9780.9,9724.513,0.9942,STAY_ACTIVE,9724.5126953125
3000.0,3000.4214,0.9999,SCALE_DOWN,3000.0
5407.8,5408.296,0.9999,SCALE_DOWN,3000.0
4953.9,4941.0894,0.9974,SCALE_DOWN,3000.0
15018.9,15044.095,0.9983,STAY_ACTIVE,15044.0947265625
10164.9,10169.696,0.9995,STAY_ACTIVE,10169.6962890625
13343.7,13394.364,0.9962,STAY_ACTIVE,13394.3642578125
3000.0,3000.4214,0.9999,SCALE_DOWN,3000.0
12285.9,12302.3,0.9987,STAY_ACTIVE,12302.2998046875
3000.0,3000.4214,0.9999,SCALE_DOWN,3000.0
21000.0,21000.078,1.0,STAY_ACTIVE,21000.078125
3000.0,3000.4214,0.9999,SCALE_DOWN,3000.0
3000.0,3000.4214,0.9999,SCALE_DOWN,3000.0
3000.0,3000.4214,0.9999,SCALE_DOWN,3000.0
21000.0,20999.328,1.0,STAY_ACTIVE,20999.328125
21000.0,21000.049,1.0,STAY_ACTIVE,21000.048828125
3000.0,3000.4214,0.9999,SCALE_DOWN,3000.0
3912.9,3886.4336,0.9932,SCALE_DOWN,3000.0
17691.600000000002,17653.46,0.9978,STAY_ACTIVE,17653.4609375
6895.5,6873.336,0.9968,SCALE_DOWN,3000.0
6679.5,6639.8887,0.9941,SCALE_DOWN,3000.0
15375.300000000005,15389.182,0.9991,STAY_ACTIVE,15389.181640625
21000.0,20999.426,1.0,STAY_ACTIVE,20999.42578125
5721.599999999999,5725.0425,0.9994,SCALE_DOWN,3000.0
3000.0,3000.4214,0.9999,SCALE_DOWN,3000.0
17810.100000000002,17770.994,0.9978,STAY_ACTIVE,17770.994140625
21000.0,20999.467,1.0,STAY_ACTIVE,20999.466796875
18609.0,18575.71,0.9982,STAY_ACTIVE,18575.7109375
3000.0,3000.4214,0.9999,SCALE_DOWN,3000.0
5313.9,5320.398,0.9988,SCALE_DOWN,3000.0
8268.0,8259.4795,0.999,SCALE_DOWN,3000.0
3000.0,3000.4214,0.9999,SCALE_DOWN,3000.0
7179.6,7177.97,0.9998,SCALE_DOWN,3000.0
18524.4,18513.275,0.9994,STAY_ACTIVE,18513.275390625
17752.800000000003,17702.36,0.9972,STAY_ACTIVE,17702.359375
21000.0,21000.047,1.0,STAY_ACTIVE,21000.046875
6847.2,6868.448,0.9969,SCALE_DOWN,3000.0
8589.3,8570.855,0.9979,SCALE_DOWN,3000.0
3000.0,3000.4214,0.9999,SCALE_DOWN,3000.0
3754.5,3757.1401,0.9993,SCALE_DOWN,3000.0
3000.0,3000.4214,0.9999,SCALE_DOWN,3000.0
3000.0,3000.4214,0.9999,SCALE_DOWN,3000.0
9683.4,9640.544,0.9956,STAY_ACTIVE,9640.5439453125
3000.0,3000.4214,0.9999,SCALE_DOWN,3000.0
3000.0,3000.4214,0.9999,SCALE_DOWN,3000.0
7673.4,7648.6753,0.9968,SCALE_DOWN,3000.0
9619.5,9619.138,1.0,STAY_ACTIVE,9619.1376953125
3000.0,3000.4214,0.9999,SCALE_DOWN,3000.0
3000.0,3000.4214,0.9999,SCALE_DOWN,3000.0
3000.0,3000.4214,0.9999,SCALE_DOWN,3000.0
3000.0,3000.4214,0.9999,SCALE_DOWN,3000.0
5905.5,5907.8887,0.9996,SCALE_DOWN,3000.0
15704.100000000002,15673.782,0.9981,STAY_ACTIVE,15673.7822265625
4880.1,4867.437,0.9974,SCALE_DOWN,3000.0
3000.0,3000.4214,0.9999,SCALE_DOWN,3000.0
17258.100000000006,17380.156,0.9929,STAY_ACTIVE,17380.15625
9006.6,8996.931,0.9989,SCALE_DOWN,3000.0
8460.0,8448.31,0.9986,SCALE_DOWN,3000.0
8230.2,8235.606,0.9993,SCALE_DOWN,3000.0
8536.2,8531.123,0.9994,SCALE_DOWN,3000.0
21000.0,21000.047,1.0,STAY_ACTIVE,21000.046875
3000.0,3000.4214,0.9999,SCALE_DOWN,3000.0
5394.0,5416.689,0.9958,SCALE_DOWN,3000.0
5515.8,5515.965,1.0,SCALE_DOWN,3000.0
21000.0,21000.049,1.0,STAY_ACTIVE,21000.048828125
7671.6,7682.763,0.9985,SCALE_DOWN,3000.0
10255.5,10266.855,0.9989,STAY_ACTIVE,10266.85546875
17312.100000000002,17358.863,0.9973,STAY_ACTIVE,17358.86328125
3000.0,3000.4214,0.9999,SCALE_DOWN,3000.0
8002.8,7996.1797,0.9992,SCALE_DOWN,3000.0
3000.0,3000.4214,0.9999,SCALE_DOWN,3000.0
12526.8,12505.09,0.9983,STAY_ACTIVE,12505.08984375
17023.200000000004,16865.354,0.9907,STAY_ACTIVE,16865.353515625
3000.0,3000.4214,0.9999,SCALE_DOWN,3000.0
5217.6,5216.9565,0.9999,SCALE_DOWN,3000.0
3000.0,3000.4214,0.9999,SCALE_DOWN,3000.0
3000.0,3000.4214,0.9999,SCALE_DOWN,3000.0
17179.2,17208.033,0.9983,STAY_ACTIVE,17208.033203125
21000.0,21000.047,1.0,STAY_ACTIVE,21000.046875
21000.0,20999.562,1.0,STAY_ACTIVE,20999.5625
15789.3,15768.652,0.9987,STAY_ACTIVE,15768.65234375
3000.0,3000.4214,0.9999,SCALE_DOWN,3000.0
3000.0,3000.4214,0.9999,SCALE_DOWN,3000.0
10278.0,10250.799,0.9974,STAY_ACTIVE,10250.798828125
10213.8,10228.268,0.9986,STAY_ACTIVE,10228.267578125
3000.0,3000.4214,0.9999,SCALE_DOWN,3000.0
6099.6,6084.731,0.9976,SCALE_DOWN,3000.0
7056.3,7095.265,0.9945,SCALE_DOWN,3000.0
3286.5,3306.085,0.994,SCALE_DOWN,3000.0
3000.0,3000.4214,0.9999,SCALE_DOWN,3000.0
3000.0,3000.4214,0.9999,SCALE_DOWN,3000.0
4032.0,4032.8904,0.9998,SCALE_DOWN,3000.0
21000.0,21000.078,1.0,STAY_ACTIVE,21000.078125
3000.0,3000.4214,0.9999,SCALE_DOWN,3000.0
3000.0,3000.4214,0.9999,SCALE_DOWN,3000.0
3000.0,3000.4214,0.9999,SCALE_DOWN,3000.0
3000.0,3000.4214,0.9999,SCALE_DOWN,3000.0
3000.0,3000.4214,0.9999,SCALE_DOWN,3000.0
21000.0,21000.078,1.0,STAY_ACTIVE,21000.078125
3000.0,3000.4214,0.9999,SCALE_DOWN,3000.0
14750.7,14818.482,0.9954,STAY_ACTIVE,14818.482421875
3000.0,3000.4214,0.9999,SCALE_DOWN,3000.0
3000.0,3000.4214,0.9999,SCALE_DOWN,3000.0
21000.0,21000.047,1.0,STAY_ACTIVE,21000.046875
3000.0,3000.4214,0.9999,SCALE_DOWN,3000.0
3000.0,3000.4214,0.9999,SCALE_DOWN,3000.0
11052.9,11030.63,0.998,STAY_ACTIVE,11030.6298828125
3000.0,3000.4214,0.9999,SCALE_DOWN,3000.0
21000.0,21000.271,1.0,STAY_ACTIVE,21000.271484375
3000.0,3000.4214,0.9999,SCALE_DOWN,3000.0
12571.8,12495.674,0.9939,STAY_ACTIVE,12495.673828125
3000.0,3000.4214,0.9999,SCALE_DOWN,3000.0
3000.0,3000.4214,0.9999,SCALE_DOWN,3000.0
13881.9,13934.347,0.9962,STAY_ACTIVE,13934.3466796875
5502.0,5495.018,0.9987,SCALE_DOWN,3000.0
6157.5,6172.3604,0.9976,SCALE_DOWN,3000.0
3000.0,3000.4214,0.9999,SCALE_DOWN,3000.0
3237.3,3254.3242,0.9947,SCALE_DOWN,3000.0
3000.0,3000.4214,0.9999,SCALE_DOWN,3000.0
4247.1,4251.1797,0.999,SCALE_DOWN,3000.0
15204.0,15118.556,0.9944,STAY_ACTIVE,15118.5556640625
19409.4,19308.277,0.9948,STAY_ACTIVE,19308.27734375
10050.6,10068.621,0.9982,STAY_ACTIVE,10068.62109375
11435.7,11542.687,0.9906,STAY_ACTIVE,11542.6865234375
21000.0,21000.047,1.0,STAY_ACTIVE,21000.046875
7232.4,7268.7046,0.995,SCALE_DOWN,3000.0
12646.2,12648.73,0.9998,STAY_ACTIVE,12648.73046875
3000.0,3000.4214,0.9999,SCALE_DOWN,3000.0
3000.0,3000.4214,0.9999,SCALE_DOWN,3000.0
4095.6,4105.6855,0.9975,SCALE_DOWN,3000.0
3000.0,3000.4214,0.9999,SCALE_DOWN,3000.0
6509.1,6500.491,0.9987,SCALE_DOWN,3000.0
3000.0,3000.4214,0.9999,SCALE_DOWN,3000.0
21000.0,21000.047,1.0,STAY_ACTIVE,21000.046875
3000.0,3000.4214,0.9999,SCALE_DOWN,3000.0
6542.7,6613.3877,0.9892,SCALE_DOWN,3000.0
6371.1,6368.0244,0.9995,SCALE_DOWN,3000.0
3000.0,3000.4214,0.9999,SCALE_DOWN,3000.0
21000.0,20999.25,1.0,STAY_ACTIVE,20999.25
12711.3,12679.964,0.9975,STAY_ACTIVE,12679.9638671875
3000.0,3000.4214,0.9999,SCALE_DOWN,3000.0
3000.0,3000.4214,0.9999,SCALE_DOWN,3000.0
3000.0,3000.4214,0.9999,SCALE_DOWN,3000.0
8022.299999999999,8015.239,0.9991,SCALE_DOWN,3000.0
5029.2,4994.581,0.9931,SCALE_DOWN,3000.0
21000.0,21002.334,0.9999,STAY_ACTIVE,21002.333984375
8659.2,8609.211,0.9942,SCALE_DOWN,3000.0
21000.0,21000.049,1.0,STAY_ACTIVE,21000.048828125
3000.0,3000.4214,0.9999,SCALE_DOWN,3000.0
21000.0,21000.078,1.0,STAY_ACTIVE,21000.078125
3000.0,3000.4214,0.9999,SCALE_DOWN,3000.0
3000.0,3000.4214,0.9999,SCALE_DOWN,3000.0
8688.599999999999,8721.579,0.9962,SCALE_DOWN,3000.0
21000.0,20982.957,0.9992,STAY_ACTIVE,20982.95703125
3000.0,3000.4214,0.9999,SCALE_DOWN,3000.0
12624.0,12594.234,0.9976,STAY_ACTIVE,12594.234375
10133.7,10116.784,0.9983,STAY_ACTIVE,10116.7841796875
6384.0,6366.9023,0.9973,SCALE_DOWN,3000.0
5073.6,5099.238,0.9949,SCALE_DOWN,3000.0
21000.0,20999.852,1.0,STAY_ACTIVE,20999.8515625
11491.5,11554.482,0.9945,STAY_ACTIVE,11554.482421875
6180.0,6169.14,0.9982,SCALE_DOWN,3000.0
3082.2000000000003,3072.8552,0.997,SCALE_DOWN,3000.0
3277.7999999999997,3292.7153,0.9954,SCALE_DOWN,3000.0
3000.0,3000.4214,0.9999,SCALE_DOWN,3000.0
14382.000000000002,14402.853,0.9986,STAY_ACTIVE,14402.8525390625
21000.0,21000.047,1.0,STAY_ACTIVE,21000.046875
9716.4,9722.051,0.9994,STAY_ACTIVE,9722.05078125
6179.4,6172.919,0.999,SCALE_DOWN,3000.0
21000.0,21000.078,1.0,STAY_ACTIVE,21000.078125
3000.0,3000.4214,0.9999,SCALE_DOWN,3000.0
14368.500000000002,14435.724,0.9953,STAY_ACTIVE,14435.7236328125
15972.899999999998,15911.61,0.9962,STAY_ACTIVE,15911.6103515625
8101.5,8146.1357,0.9945,SCALE_DOWN,3000.0
18929.4,18883.008,0.9975,STAY_ACTIVE,18883.0078125
21000.0,20999.852,1.0,STAY_ACTIVE,20999.8515625
17755.800000000003,17807.28,0.9971,STAY_ACTIVE,17807.279296875
21000.0,21000.049,1.0,STAY_ACTIVE,21000.048828125
3000.0,3000.4214,0.9999,SCALE_DOWN,3000.0
3000.0,3000.4214,0.9999,SCALE_DOWN,3000.0
3000.0,3000.4214,0.9999,SCALE_DOWN,3000.0
5063.700000000001,5090.674,0.9947,SCALE_DOWN,3000.0
3000.0,3000.4214,0.9999,SCALE_DOWN,3000.0
3277.2000000000003,3308.1152,0.9906,SCALE_DOWN,3000.0
3732.6,3751.8088,0.9949,SCALE_DOWN,3000.0
9863.4,9838.861,0.9975,STAY_ACTIVE,9838.861328125
3938.7,3920.8916,0.9955,SCALE_DOWN,3000.0
3000.0,3000.4214,0.9999,SCALE_DOWN,3000.0
15395.7,15382.369,0.9991,STAY_ACTIVE,15382.369140625
3000.0,3000.4214,0.9999,SCALE_DOWN,3000.0
3000.0,3000.4214,0.9999,SCALE_DOWN,3000.0
8963.7,8919.948,0.9951,SCALE_DOWN,3000.0
21000.0,21000.078,1.0,STAY_ACTIVE,21000.078125
9779.4,9799.436,0.998,STAY_ACTIVE,9799.435546875
3000.0,3000.4214,0.9999,SCALE_DOWN,3000.0
3000.0,3000.4214,0.9999,SCALE_DOWN,3000.0
3000.0,3000.4214,0.9999,SCALE_DOWN,3000.0
21000.0,21000.047,1.0,STAY_ACTIVE,21000.046875
4252.8,4254.114,0.9997,SCALE_DOWN,3000.0
21000.0,21023.035,0.9989,STAY_ACTIVE,21023.03515625
8565.3,8492.328,0.9915,SCALE_DOWN,3000.0
21000.0,21000.047,1.0,STAY_ACTIVE,21000.046875
10368.0,10406.729,0.9963,STAY_ACTIVE,10406.728515625
3000.0,3000.4214,0.9999,SCALE_DOWN,3000.0
3000.0,3000.4214,0.9999,SCALE_DOWN,3000.0
3000.0,3000.4214,0.9999,SCALE_DOWN,3000.0
3000.0,3000.4214,0.9999,SCALE_DOWN,3000.0
3000.0,3000.4214,0.9999,SCALE_DOWN,3000.0
21000.0,21000.047,1.0,STAY_ACTIVE,21000.046875
10825.5,10809.45,0.9985,STAY_ACTIVE,10809.4501953125
21000.0,21000.047,1.0,STAY_ACTIVE,21000.046875
6631.5,6639.985,0.9987,SCALE_DOWN,3000.0
3000.0,3000.4214,0.9999,SCALE_DOWN,3000.0
7086.6,7105.482,0.9973,SCALE_DOWN,3000.0
3000.0,3000.4214,0.9999,SCALE_DOWN,3000.0
3000.0,3000.4214,0.9999,SCALE_DOWN,3000.0
6507.3,6492.6675,0.9978,SCALE_DOWN,3000.0
5936.1,5940.4956,0.9993,SCALE_DOWN,3000.0
4140.0,4151.937,0.9971,SCALE_DOWN,3000.0
21000.0,21000.078,1.0,STAY_ACTIVE,21000.078125
8276.099999999999,8288.658,0.9985,SCALE_DOWN,3000.0
10356.6,10442.105,0.9917,STAY_ACTIVE,10442.10546875
3000.0,3000.4214,0.9999,SCALE_DOWN,3000.0
3000.0,3000.4214,0.9999,SCALE_DOWN,3000.0
3000.0,3000.4214,0.9999,SCALE_DOWN,3000.0
3506.3999999999996,3506.2646,1.0,SCALE_DOWN,3000.0
7263.6,7272.027,0.9988,SCALE_DOWN,3000.0
21000.0,21000.078,1.0,STAY_ACTIVE,21000.078125
9034.5,9022.6,0.9987,STAY_ACTIVE,9022.599609375
3000.0,3000.4214,0.9999,SCALE_DOWN,3000.0
3000.0,3000.4214,0.9999,SCALE_DOWN,3000.0
8266.5,8284.298,0.9978,SCALE_DOWN,3000.0
3602.7000000000003,3583.7385,0.9947,SCALE_DOWN,3000.0
3000.0,3000.4214,0.9999,SCALE_DOWN,3000.0
21000.0,21000.049,1.0,STAY_ACTIVE,21000.048828125
8110.8,8121.6816,0.9987,SCALE_DOWN,3000.0
3000.0,3000.4214,0.9999,SCALE_DOWN,3000.0
14496.9,14446.407,0.9965,STAY_ACTIVE,14446.4072265625
9315.6,9328.575,0.9986,STAY_ACTIVE,9328.5751953125
21000.0,20994.666,0.9997,STAY_ACTIVE,20994.666015625
14342.7,14230.775,0.9922,STAY_ACTIVE,14230.775390625
21000.0,20998.174,0.9999,STAY_ACTIVE,20998.173828125
21000.0,20998.328,0.9999,STAY_ACTIVE,20998.328125
8097.9000000000015,8103.083,0.9994,SCALE_DOWN,3000.0
3000.0,3000.4214,0.9999,SCALE_DOWN,3000.0
3000.0,3000.4214,0.9999,SCALE_DOWN,3000.0
5991.6,6028.8657,0.9938,SCALE_DOWN,3000.0
21000.0,20999.852,1.0,STAY_ACTIVE,20999.8515625
10749.6,10824.21,0.9931,STAY_ACTIVE,10824.2099609375
4408.2,4383.5435,0.9944,SCALE_DOWN,3000.0
21000.0,20996.7,0.9998,STAY_ACTIVE,20996.69921875
3000.0,3000.4214,0.9999,SCALE_DOWN,3000.0
12019.2,12053.891,0.9971,STAY_ACTIVE,12053.890625
10090.2,10077.829,0.9988,STAY_ACTIVE,10077.8291015625
3269.4,3264.6697,0.9986,SCALE_DOWN,3000.0
4944.6,4937.4263,0.9985,SCALE_DOWN,3000.0
21000.0,21000.047,1.0,STAY_ACTIVE,21000.046875
21000.0,20997.627,0.9999,STAY_ACTIVE,20997.626953125
16046.7,16103.578,0.9965,STAY_ACTIVE,16103.578125
9747.6,9768.432,0.9979,STAY_ACTIVE,9768.431640625
11014.2,11012.73,0.9999,STAY_ACTIVE,11012.73046875
21000.0,21000.049,1.0,STAY_ACTIVE,21000.048828125
20934.6,20912.055,0.9989,STAY_ACTIVE,20912.0546875
21000.0,20998.154,0.9999,STAY_ACTIVE,20998.154296875
16129.2,16214.359,0.9947,STAY_ACTIVE,16214.359375
15960.6,15783.828,0.9889,STAY_ACTIVE,15783.828125
21000.0,21000.047,1.0,STAY_ACTIVE,21000.046875
7885.200000000001,7857.6045,0.9965,SCALE_DOWN,3000.0
3000.0,3000.4214,0.9999,SCALE_DOWN,3000.0
3000.0,3000.4214,0.9999,SCALE_DOWN,3000.0
6516.3,6494.0474,0.9966,SCALE_DOWN,3000.0
6691.5,6708.883,0.9974,SCALE_DOWN,3000.0
21000.0,21000.047,1.0,STAY_ACTIVE,21000.046875
3000.0,3000.4214,0.9999,SCALE_DOWN,3000.0
5195.1,5186.9175,0.9984,SCALE_DOWN,3000.0
3000.0,3000.4214,0.9999,SCALE_DOWN,3000.0
3730.5,3716.4507,0.9962,SCALE_DOWN,3000.0
10708.5,10693.182,0.9986,STAY_ACTIVE,10693.181640625
3000.0,3000.4214,0.9999,SCALE_DOWN,3000.0
18642.9,18634.75,0.9996,STAY_ACTIVE,18634.75
6099.9,6122.1836,0.9963,SCALE_DOWN,3000.0
3000.0,3000.4214,0.9999,SCALE_DOWN,3000.0
7119.9,7141.3887,0.997,SCALE_DOWN,3000.0
8768.699999999999,8801.503,0.9963,SCALE_DOWN,3000.0
21000.0,21000.055,1.0,STAY_ACTIVE,21000.0546875
3000.0,3000.4214,0.9999,SCALE_DOWN,3000.0
17149.2,17174.176,0.9985,STAY_ACTIVE,17174.17578125
12544.2,12603.4375,0.9953,STAY_ACTIVE,12603.4375
21000.0,21000.047,1.0,STAY_ACTIVE,21000.046875
6403.799999999999,6393.4,0.9984,SCALE_DOWN,3000.0
10800.0,10806.368,0.9994,STAY_ACTIVE,10806.3681640625
5958.0,5945.9946,0.998,SCALE_DOWN,3000.0
4599.299999999999,4642.5874,0.9906,SCALE_DOWN,3000.0
7377.299999999999,7327.704,0.9933,SCALE_DOWN,3000.0
6632.699999999999,6628.2383,0.9993,SCALE_DOWN,3000.0
5031.0,5036.9673,0.9988,SCALE_DOWN,3000.0
3000.0,3000.4214,0.9999,SCALE_DOWN,3000.0
4299.0,4278.286,0.9952,SCALE_DOWN,3000.0
6280.799999999999,6255.1455,0.9959,SCALE_DOWN,3000.0
5939.1,5910.396,0.9952,SCALE_DOWN,3000.0
12845.1,12815.251,0.9977,STAY_ACTIVE,12815.2509765625
3000.0,3000.4214,0.9999,SCALE_DOWN,3000.0
3000.0,3000.4214,0.9999,SCALE_DOWN,3000.0
4509.3,4489.805,0.9957,SCALE_DOWN,3000.0
3000.0,3000.4214,0.9999,SCALE_DOWN,3000.0
21000.0,20999.271,1.0,STAY_ACTIVE,20999.271484375
3000.0,3000.4214,0.9999,SCALE_DOWN,3000.0
3000.0,3000.4214,0.9999,SCALE_DOWN,3000.0
3000.0,3000.4214,0.9999,SCALE_DOWN,3000.0
21000.0,20984.783,0.9993,STAY_ACTIVE,20984.783203125
3000.0,3000.4214,0.9999,SCALE_DOWN,3000.0
3000.0,3000.4214,0.9999,SCALE_DOWN,3000.0
3000.0,3000.4214,0.9999,SCALE_DOWN,3000.0
3000.0,3000.4214,0.9999,SCALE_DOWN,3000.0
13391.1,13309.053,0.9939,STAY_ACTIVE,13309.052734375
13696.8,13711.05,0.999,STAY_ACTIVE,13711.0498046875
3000.0,3000.4214,0.9999,SCALE_DOWN,3000.0
3289.2000000000003,3306.3325,0.9948,SCALE_DOWN,3000.0
4576.200000000001,4556.37,0.9957,SCALE_DOWN,3000.0
10655.1,10691.799,0.9966,STAY_ACTIVE,10691.798828125
7031.1,7046.0044,0.9979,SCALE_DOWN,3000.0
8218.2,8200.348,0.9978,SCALE_DOWN,3000.0
6743.700000000001,6710.73,0.9951,SCALE_DOWN,3000.0
21000.0,21000.047,1.0,STAY_ACTIVE,21000.046875
18855.300000000003,18883.176,0.9985,STAY_ACTIVE,18883.17578125
3000.0,3000.4214,0.9999,SCALE_DOWN,3000.0
21000.0,20996.07,0.9998,STAY_ACTIVE,20996.0703125
21000.0,21013.672,0.9993,STAY_ACTIVE,21013.671875
11165.7,11193.216,0.9975,STAY_ACTIVE,11193.2158203125
21000.0,21000.25,1.0,STAY_ACTIVE,21000.25
19818.0,19877.219,0.997,STAY_ACTIVE,19877.21875
6538.500000000001,6504.8354,0.9949,SCALE_DOWN,3000.0
10171.5,10136.514,0.9966,STAY_ACTIVE,10136.513671875
10287.9,10267.832,0.998,STAY_ACTIVE,10267.83203125
3000.0,3000.4214,0.9999,SCALE_DOWN,3000.0
3000.0,3000.4214,0.9999,SCALE_DOWN,3000.0
3000.0,3000.4214,0.9999,SCALE_DOWN,3000.0
3000.0,3000.4214,0.9999,SCALE_DOWN,3000.0
5524.200000000001,5508.565,0.9972,SCALE_DOWN,3000.0
11698.8,11710.354,0.999,STAY_ACTIVE,11710.353515625
7812.300000000001,7800.6016,0.9985,SCALE_DOWN,3000.0
8270.4,8270.553,1.0,SCALE_DOWN,3000.0
10645.8,10603.799,0.9961,STAY_ACTIVE,10603.798828125
3000.0,3000.4214,0.9999,SCALE_DOWN,3000.0
3789.6,3771.5334,0.9952,SCALE_DOWN,3000.0
21000.0,21000.047,1.0,STAY_ACTIVE,21000.046875
5427.6,5431.3096,0.9993,SCALE_DOWN,3000.0
3000.0,3000.4214,0.9999,SCALE_DOWN,3000.0
21000.0,21000.078,1.0,STAY_ACTIVE,21000.078125
6252.299999999999,6253.822,0.9998,SCALE_DOWN,3000.0
12762.9,12756.713,0.9995,STAY_ACTIVE,12756.712890625
11001.3,10993.54,0.9993,STAY_ACTIVE,10993.5400390625
16028.100000000002,16075.279,0.9971,STAY_ACTIVE,16075.279296875
21000.0,21000.047,1.0,STAY_ACTIVE,21000.046875
18516.9,18475.908,0.9978,STAY_ACTIVE,18475.908203125
3000.0,3000.4214,0.9999,SCALE_DOWN,3000.0
3318.2999999999997,3293.451,0.9925,SCALE_DOWN,3000.0
21000.0,21000.047,1.0,STAY_ACTIVE,21000.046875
3000.0,3000.4214,0.9999,SCALE_DOWN,3000.0
3000.0,3000.4214,0.9999,SCALE_DOWN,3000.0
3000.0,3000.4214,0.9999,SCALE_DOWN,3000.0
5151.9,5117.822,0.9934,SCALE_DOWN,3000.0
3000.0,3000.4214,0.9999,SCALE_DOWN,3000.0
21000.0,21000.322,1.0,STAY_ACTIVE,21000.322265625
15204.000000000002,15180.269,0.9984,STAY_ACTIVE,15180.2685546875
8190.0,8216.085,0.9968,SCALE_DOWN,3000.0
19138.2,19256.79,0.9938,STAY_ACTIVE,19256.7890625
21000.0,21000.047,1.0,STAY_ACTIVE,21000.046875
21000.0,21014.29,0.9993,STAY_ACTIVE,21014.2890625
3183.3,3182.478,0.9997,SCALE_DOWN,3000.0
4054.8,4038.446,0.996,SCALE_DOWN,3000.0
3000.0,3000.4214,0.9999,SCALE_DOWN,3000.0
16714.8,16670.531,0.9974,STAY_ACTIVE,16670.53125
3000.0,3000.4214,0.9999,SCALE_DOWN,3000.0
5902.799999999999,5918.684,0.9973,SCALE_DOWN,3000.0
21000.0,21000.078,1.0,STAY_ACTIVE,21000.078125
8301.900000000001,8335.031,0.996,SCALE_DOWN,3000.0
16991.4,16936.574,0.9968,STAY_ACTIVE,16936.57421875
6788.700000000001,6791.694,0.9996,SCALE_DOWN,3000.0
6129.300000000001,6149.5073,0.9967,SCALE_DOWN,3000.0
4218.6,4211.2246,0.9983,SCALE_DOWN,3000.0
3000.0,3000.4214,0.9999,SCALE_DOWN,3000.0
21000.0,21021.555,0.999,STAY_ACTIVE,21021.5546875
3000.0,3000.4214,0.9999,SCALE_DOWN,3000.0
4518.9,4540.2583,0.9953,SCALE_DOWN,3000.0
3000.0,3000.4214,0.9999,SCALE_DOWN,3000.0
3631.8,3608.9895,0.9937,SCALE_DOWN,3000.0
14778.000000000002,14731.104,0.9968,STAY_ACTIVE,14731.103515625
3000.0,3000.4214,0.9999,SCALE_DOWN,3000.0
21000.0,21000.047,1.0,STAY_ACTIVE,21000.046875
6996.6,7007.7544,0.9984,SCALE_DOWN,3000.0
5728.200000000001,5723.4316,0.9992,SCALE_DOWN,3000.0
3000.0,3000.4214,0.9999,SCALE_DOWN,3000.0
4442.4,4452.8135,0.9977,SCALE_DOWN,3000.0
13352.7,13274.8125,0.9942,STAY_ACTIVE,13274.8125
5600.1,5609.7563,0.9983,SCALE_DOWN,3000.0
3000.0,3000.4214,0.9999,SCALE_DOWN,3000.0
4377.9,4410.3438,0.9926,SCALE_DOWN,3000.0
13129.2,13135.068,0.9996,STAY_ACTIVE,13135.068359375
21000.0,21000.047,1.0,STAY_ACTIVE,21000.046875
21000.0,20981.3,0.9991,STAY_ACTIVE,20981.30078125
3000.0,3000.4214,0.9999,SCALE_DOWN,3000.0
5498.400000000001,5532.772,0.9937,SCALE_DOWN,3000.0
3928.2,3925.205,0.9992,SCALE_DOWN,3000.0
3683.4,3659.8904,0.9936,SCALE_DOWN,3000.0
21000.0,21000.047,1.0,STAY_ACTIVE,21000.046875
3000.0,3000.4214,0.9999,SCALE_DOWN,3000.0
10858.500000000002,10841.933,0.9985,STAY_ACTIVE,10841.9326171875
12931.2,12950.857,0.9985,STAY_ACTIVE,12950.857421875
17733.0,17780.398,0.9973,STAY_ACTIVE,17780.3984375
21000.0,21000.047,1.0,STAY_ACTIVE,21000.046875
5947.8,5938.2,0.9984,SCALE_DOWN,3000.0
3000.0,3000.4214,0.9999,SCALE_DOWN,3000.0
3000.0,3000.4214,0.9999,SCALE_DOWN,3000.0
3000.0,3000.4214,0.9999,SCALE_DOWN,3000.0
13650.9,13654.753,0.9997,STAY_ACTIVE,13654.7529296875
3000.0,3000.4214,0.9999,SCALE_DOWN,3000.0
3000.0,3000.4214,0.9999,SCALE_DOWN,3000.0
21000.0,20999.498,1.0,STAY_ACTIVE,20999.498046875
3000.0,3000.4214,0.9999,SCALE_DOWN,3000.0
21000.0,21000.047,1.0,STAY_ACTIVE,21000.046875
4083.0,4092.0347,0.9978,SCALE_DOWN,3000.0
5792.1,5796.329,0.9993,SCALE_DOWN,3000.0
21000.0,21000.078,1.0,STAY_ACTIVE,21000.078125
8231.1,8228.98,0.9997,SCALE_DOWN,3000.0
3000.0,3000.4214,0.9999,SCALE_DOWN,3000.0
3000.0,3000.4214,0.9999,SCALE_DOWN,3000.0
21000.0,21000.639,1.0,STAY_ACTIVE,21000.638671875
3000.0,3000.4214,0.9999,SCALE_DOWN,3000.0
21000.0,20999.95,1.0,STAY_ACTIVE,20999.94921875
18735.6,18787.98,0.9972,STAY_ACTIVE,18787.98046875
3882.3,3864.2642,0.9954,SCALE_DOWN,3000.0
21000.0,21000.047,1.0,STAY_ACTIVE,21000.046875
3000.0,3000.4214,0.9999,SCALE_DOWN,3000.0
12953.4,12953.316,1.0,STAY_ACTIVE,12953.31640625
3000.0,3000.4214,0.9999,SCALE_DOWN,3000.0
3000.0,3000.4214,0.9999,SCALE_DOWN,3000.0
7183.800000000001,7175.91,0.9989,SCALE_DOWN,3000.0
16105.8,16133.677,0.9983,STAY_ACTIVE,16133.6767578125
3000.0,3000.4214,0.9999,SCALE_DOWN,3000.0
3347.1,3339.5928,0.9978,SCALE_DOWN,3000.0
21000.0,20999.852,1.0,STAY_ACTIVE,20999.8515625
8304.0,8338.734,0.9958,SCALE_DOWN,3000.0
12366.6,12358.046,0.9993,STAY_ACTIVE,12358.0458984375
3000.0,3000.4214,0.9999,SCALE_DOWN,3000.0
16794.0,16726.969,0.996,STAY_ACTIVE,16726.96875
7130.7,7143.669,0.9982,SCALE_DOWN,3000.0
21000.0,21000.047,1.0,STAY_ACTIVE,21000.046875
7086.3,7082.6055,0.9995,SCALE_DOWN,3000.0
3000.0,3000.4214,0.9999,SCALE_DOWN,3000.0
21000.0,21000.047,1.0,STAY_ACTIVE,21000.046875
3000.0,3000.4214,0.9999,SCALE_DOWN,3000.0
21000.0,20980.195,0.9991,STAY_ACTIVE,20980.1953125
21000.0,21000.293,1.0,STAY_ACTIVE,21000.29296875
12265.5,12292.2705,0.9978,STAY_ACTIVE,12292.2705078125
3510.2999999999997,3535.0503,0.9929,SCALE_DOWN,3000.0
3448.2000000000003,3366.1567,0.9762,SCALE_DOWN,3000.0
3000.0,3000.4214,0.9999,SCALE_DOWN,3000.0
17179.800000000003,17106.088,0.9957,STAY_ACTIVE,17106.087890625
21000.0,20999.457,1.0,STAY_ACTIVE,20999.45703125
3000.0,3000.4214,0.9999,SCALE_DOWN,3000.0
21000.0,21000.078,1.0,STAY_ACTIVE,21000.078125
18421.800000000003,18387.844,0.9982,STAY_ACTIVE,18387.84375
14044.500000000002,14039.102,0.9996,STAY_ACTIVE,14039.1015625
21000.0,20999.852,1.0,STAY_ACTIVE,20999.8515625
20209.5,20052.363,0.9922,STAY_ACTIVE,20052.36328125
11941.8,11901.869,0.9967,STAY_ACTIVE,11901.869140625
6449.1,6458.7095,0.9985,SCALE_DOWN,3000.0
21000.0,20962.906,0.9982,STAY_ACTIVE,20962.90625
11218.500000000002,11248.21,0.9974,STAY_ACTIVE,11248.2099609375
14508.9,14477.415,0.9978,STAY_ACTIVE,14477.4150390625
7032.9,7001.0317,0.9955,SCALE_DOWN,3000.0
5517.0,5497.0376,0.9964,SCALE_DOWN,3000.0
21000.0,20997.621,0.9999,STAY_ACTIVE,20997.62109375
7199.1,7180.3833,0.9974,SCALE_DOWN,3000.0
8206.8,8491.087,0.9654,SCALE_DOWN,3000.0
3536.1,3547.0278,0.9969,SCALE_DOWN,3000.0
21000.0,21000.049,1.0,STAY_ACTIVE,21000.048828125
13715.100000000002,13690.351,0.9982,STAY_ACTIVE,13690.3505859375
3585.0,3583.7385,0.9996,SCALE_DOWN,3000.0
3000.0,3000.4214,0.9999,SCALE_DOWN,3000.0
21000.0,21000.047,1.0,STAY_ACTIVE,21000.046875
3000.0,3000.4214,0.9999,SCALE_DOWN,3000.0
14333.4,14271.965,0.9957,STAY_ACTIVE,14271.96484375
7417.200000000001,7412.9697,0.9994,SCALE_DOWN,3000.0
3000.0,3000.4214,0.9999,SCALE_DOWN,3000.0
10335.3,10333.772,0.9999,STAY_ACTIVE,10333.7724609375
6408.3,6408.8867,0.9999,SCALE_DOWN,3000.0
3000.0,3000.4214,0.9999,SCALE_DOWN,3000.0
3000.0,3000.4214,0.9999,SCALE_DOWN,3000.0
3000.0,3000.4214,0.9999,SCALE_DOWN,3000.0
9872.1,9854.77,0.9982,STAY_ACTIVE,9854.76953125
21000.0,20999.562,1.0,STAY_ACTIVE,20999.5625
3000.0,3000.4214,0.9999,SCALE_DOWN,3000.0
10720.500000000002,10744.671,0.9977,STAY_ACTIVE,10744.6708984375
4098.0,4091.955,0.9985,SCALE_DOWN,3000.0
16764.300000000003,16706.703,0.9966,STAY_ACTIVE,16706.703125
3000.0,3000.4214,0.9999,SCALE_DOWN,3000.0
3597.0,3613.727,0.9953,SCALE_DOWN,3000.0
14403.6,14456.647,0.9963,STAY_ACTIVE,14456.6474609375
3000.0,3000.4214,0.9999,SCALE_DOWN,3000.0
14113.8,14033.962,0.9943,STAY_ACTIVE,14033.9619140625
6024.6,6019.5317,0.9992,SCALE_DOWN,3000.0
3000.0,3000.4214,0.9999,SCALE_DOWN,3000.0
3000.0,3000.4214,0.9999,SCALE_DOWN,3000.0
3000.0,3000.4214,0.9999,SCALE_DOWN,3000.0
3253.2,3274.065,0.9936,SCALE_DOWN,3000.0
9597.9,9603.17,0.9995,STAY_ACTIVE,9603.169921875
5280.6,5252.3755,0.9947,SCALE_DOWN,3000.0
5734.5,5742.8594,0.9985,SCALE_DOWN,3000.0
3000.0,3000.4214,0.9999,SCALE_DOWN,3000.0
3000.0,3000.4214,0.9999,SCALE_DOWN,3000.0
15135.9,15116.181,0.9987,STAY_ACTIVE,15116.1806640625
7950.9,7936.3623,0.9982,SCALE_DOWN,3000.0
3000.0,3000.4214,0.9999,SCALE_DOWN,3000.0
5620.8,5583.2603,0.9933,SCALE_DOWN,3000.0
21000.0,20999.852,1.0,STAY_ACTIVE,20999.8515625
6340.8,6343.871,0.9995,SCALE_DOWN,3000.0
7976.4,8004.6865,0.9965,SCALE_DOWN,3000.0
11900.4,11868.36,0.9973,STAY_ACTIVE,11868.3603515625
21000.0,21002.414,0.9999,STAY_ACTIVE,21002.4140625
21000.0,21000.047,1.0,STAY_ACTIVE,21000.046875
5892.9,5871.187,0.9963,SCALE_DOWN,3000.0
8602.5,8631.104,0.9967,SCALE_DOWN,3000.0
6042.6,6051.8735,0.9985,SCALE_DOWN,3000.0
21000.0,21000.049,1.0,STAY_ACTIVE,21000.048828125
11889.0,11873.393,0.9987,STAY_ACTIVE,11873.392578125
13218.600000000002,13164.246,0.9959,STAY_ACTIVE,13164.24609375
3000.0,3000.4214,0.9999,SCALE_DOWN,3000.0
5753.400000000001,5727.8076,0.9956,SCALE_DOWN,3000.0
21000.0,20998.771,0.9999,STAY_ACTIVE,20998.771484375
13416.6,13346.279,0.9948,STAY_ACTIVE,13346.279296875
17291.100000000002,17201.121,0.9948,STAY_ACTIVE,17201.12109375
4303.8,4437.021,0.969,SCALE_DOWN,3000.0
3000.0,3000.4214,0.9999,SCALE_DOWN,3000.0
3000.0,3000.4214,0.9999,SCALE_DOWN,3000.0
20239.800000000003,20432.158,0.9905,STAY_ACTIVE,20432.158203125
3000.0,3000.4214,0.9999,SCALE_DOWN,3000.0
3000.0,3000.4214,0.9999,SCALE_DOWN,3000.0
9293.4,9316.423,0.9975,STAY_ACTIVE,9316.4228515625
3000.0,3000.4214,0.9999,SCALE_DOWN,3000.0
7745.700000000001,7736.0664,0.9988,SCALE_DOWN,3000.0
3000.0,3000.4214,0.9999,SCALE_DOWN,3000.0
3374.1,3352.7468,0.9937,SCALE_DOWN,3000.0
10033.8,10016.453,0.9983,STAY_ACTIVE,10016.453125
5389.5,5383.2305,0.9988,SCALE_DOWN,3000.0
3000.0,3000.4214,0.9999,SCALE_DOWN,3000.0
3000.0,3000.4214,0.9999,SCALE_DOWN,3000.0
3190.5,3214.1584,0.9926,SCALE_DOWN,3000.0
10137.000000000002,10149.732,0.9987,STAY_ACTIVE,10149.732421875
8697.3,8725.475,0.9968,SCALE_DOWN,3000.0
11406.9,11430.216,0.998,STAY_ACTIVE,11430.2158203125
21000.0,20968.65,0.9985,STAY_ACTIVE,20968.650390625
21000.0,20962.908,0.9982,STAY_ACTIVE,20962.908203125
5639.7,5629.8667,0.9983,SCALE_DOWN,3000.0
3000.0,3000.4214,0.9999,SCALE_DOWN,3000.0
3000.0,3000.4214,0.9999,SCALE_DOWN,3000.0
15104.400000000003,15161.227,0.9962,STAY_ACTIVE,15161.2265625
21000.0,21000.078,1.0,STAY_ACTIVE,21000.078125
3000.0,3000.4214,0.9999,SCALE_DOWN,3000.0
3000.0,3000.4214,0.9999,SCALE_DOWN,3000.0
5416.800000000001,5434.515,0.9967,SCALE_DOWN,3000.0
5441.4,5438.041,0.9994,SCALE_DOWN,3000.0
21000.0,21000.078,1.0,STAY_ACTIVE,21000.078125
21000.0,21000.078,1.0,STAY_ACTIVE,21000.078125
21000.0,21000.049,1.0,STAY_ACTIVE,21000.048828125
3000.0,3000.4214,0.9999,SCALE_DOWN,3000.0
10531.2,10584.091,0.995,STAY_ACTIVE,10584.0908203125
6726.9000000000015,6747.5405,0.9969,SCALE_DOWN,3000.0
3000.0,3000.4214,0.9999,SCALE_DOWN,3000.0
6696.300000000001,6717.547,0.9968,SCALE_DOWN,3000.0
3334.5,3304.344,0.991,SCALE_DOWN,3000.0
18718.8,18883.008,0.9912,STAY_ACTIVE,18883.0078125
4452.0,4461.322,0.9979,SCALE_DOWN,3000.0
21000.0,21000.047,1.0,STAY_ACTIVE,21000.046875
21000.0,21000.049,1.0,STAY_ACTIVE,21000.048828125
7383.6,7333.5728,0.9932,SCALE_DOWN,3000.0
6762.300000000001,6772.8477,0.9984,SCALE_DOWN,3000.0
7100.1,7067.476,0.9954,SCALE_DOWN,3000.0
10176.6,10169.969,0.9993,STAY_ACTIVE,10169.96875
14768.1,14556.19,0.9857,STAY_ACTIVE,14556.1904296875
21000.0,21015.66,0.9993,STAY_ACTIVE,21015.66015625
21000.0,21000.047,1.0,STAY_ACTIVE,21000.046875
10103.1,10018.765,0.9917,STAY_ACTIVE,10018.7646484375
10290.6,10302.471,0.9988,STAY_ACTIVE,10302.470703125
12672.6,12688.902,0.9987,STAY_ACTIVE,12688.90234375
20943.6,20872.225,0.9966,STAY_ACTIVE,20872.224609375
3000.0,3000.4214,0.9999,SCALE_DOWN,3000.0
14494.500000000002,14486.351,0.9994,STAY_ACTIVE,14486.3505859375
9375.6,9540.971,0.9824,STAY_ACTIVE,9540.970703125
7412.700000000001,7419.544,0.9991,SCALE_DOWN,3000.0
21000.0,21000.049,1.0,STAY_ACTIVE,21000.048828125
3000.0,3000.4214,0.9999,SCALE_DOWN,3000.0
5713.5,5743.531,0.9947,SCALE_DOWN,3000.0
14544.000000000002,14569.82,0.9982,STAY_ACTIVE,14569.8203125
3000.0,3000.4214,0.9999,SCALE_DOWN,3000.0
3000.0,3000.4214,0.9999,SCALE_DOWN,3000.0
3000.0,3000.4214,0.9999,SCALE_DOWN,3000.0
3000.0,3000.4214,0.9999,SCALE_DOWN,3000.0
3000.0,3000.4214,0.9999,SCALE_DOWN,3000.0
9366.0,9331.737,0.9963,STAY_ACTIVE,9331.7373046875
21000.0,20999.852,1.0,STAY_ACTIVE,20999.8515625
7949.4,7964.287,0.9981,SCALE_DOWN,3000.0
21000.0,21000.049,1.0,STAY_ACTIVE,21000.048828125
3000.0,3000.4214,0.9999,SCALE_DOWN,3000.0
7727.1,7723.092,0.9995,SCALE_DOWN,3000.0
13658.1,13637.176,0.9985,STAY_ACTIVE,13637.17578125
7491.6,7461.348,0.996,SCALE_DOWN,3000.0
3000.0,3000.4214,0.9999,SCALE_DOWN,3000.0
14474.4,14416.041,0.996,STAY_ACTIVE,14416.041015625
3000.0,3000.4214,0.9999,SCALE_DOWN,3000.0
21000.0,20962.562,0.9982,STAY_ACTIVE,20962.5625
21000.0,21000.047,1.0,STAY_ACTIVE,21000.046875
3000.0,3000.4214,0.9999,SCALE_DOWN,3000.0
5092.2,5057.2427,0.9931,SCALE_DOWN,3000.0
9019.2,9043.789,0.9973,STAY_ACTIVE,9043.7890625
21000.0,21000.049,1.0,STAY_ACTIVE,21000.048828125
21000.0,20998.826,0.9999,STAY_ACTIVE,20998.826171875
15118.8,15028.975,0.9941,STAY_ACTIVE,15028.974609375
3000.0,3000.4214,0.9999,SCALE_DOWN,3000.0
21000.0,21008.023,0.9996,STAY_ACTIVE,21008.0234375
6333.0,6332.813,1.0,SCALE_DOWN,3000.0
3000.0,3000.4214,0.9999,SCALE_DOWN,3000.0
3000.0,3000.4214,0.9999,SCALE_DOWN,3000.0
3000.0,3000.4214,0.9999,SCALE_DOWN,3000.0
17183.100000000002,17098.352,0.9951,STAY_ACTIVE,17098.3515625
5411.400000000001,5418.1367,0.9988,SCALE_DOWN,3000.0
21000.0,21000.049,1.0,STAY_ACTIVE,21000.048828125
6504.0,6519.7256,0.9976,SCALE_DOWN,3000.0
6854.1,6861.1836,0.999,SCALE_DOWN,3000.0
17099.7,17040.652,0.9965,STAY_ACTIVE,17040.65234375
14719.8,14826.415,0.9928,STAY_ACTIVE,14826.4150390625
3000.0,3000.4214,0.9999,SCALE_DOWN,3000.0
3000.0,3000.4214,0.9999,SCALE_DOWN,3000.0
3000.0,3000.4214,0.9999,SCALE_DOWN,3000.0
5797.5,5838.0986,0.993,SCALE_DOWN,3000.0
3348.0,3356.8796,0.9973,SCALE_DOWN,3000.0
3000.0,3000.4214,0.9999,SCALE_DOWN,3000.0
13247.4,13208.745,0.9971,STAY_ACTIVE,13208.7451171875
21000.0,20999.562,1.0,STAY_ACTIVE,20999.5625
8635.5,8612.02,0.9973,SCALE_DOWN,3000.0
16809.600000000002,16891.215,0.9951,STAY_ACTIVE,16891.21484375
3000.0,3000.4214,0.9999,SCALE_DOWN,3000.0
3724.5,3755.5073,0.9917,SCALE_DOWN,3000.0
21000.0,21000.078,1.0,STAY_ACTIVE,21000.078125
21000.0,21000.049,1.0,STAY_ACTIVE,21000.048828125
19908.6,19819.627,0.9955,STAY_ACTIVE,19819.626953125
7140.0,7145.026,0.9993,SCALE_DOWN,3000.0
9217.2,9261.286,0.9952,STAY_ACTIVE,9261.2861328125
3000.0,3000.4214,0.9999,SCALE_DOWN,3000.0
3000.0,3000.4214,0.9999,SCALE_DOWN,3000.0
3000.0,3000.4214,0.9999,SCALE_DOWN,3000.0
3000.0,3000.4214,0.9999,SCALE_DOWN,3000.0
3000.0,3000.4214,0.9999,SCALE_DOWN,3000.0
3000.0,3000.4214,0.9999,SCALE_DOWN,3000.0
3000.0,3000.4214,0.9999,SCALE_DOWN,3000.0
3228.2999999999997,3229.871,0.9995,SCALE_DOWN,3000.0
10413.0,10373.965,0.9963,STAY_ACTIVE,10373.96484375
3000.0,3000.4214,0.9999,SCALE_DOWN,3000.0
21000.0,21000.047,1.0,STAY_ACTIVE,21000.046875
3000.0,3000.4214,0.9999,SCALE_DOWN,3000.0
21000.0,20998.19,0.9999,STAY_ACTIVE,20998.189453125
3000.0,3000.4214,0.9999,SCALE_DOWN,3000.0
6701.700000000001,6704.7285,0.9995,SCALE_DOWN,3000.0
6375.3,6360.1904,0.9976,SCALE_DOWN,3000.0
4964.1,5007.9087,0.9912,SCALE_DOWN,3000.0
21000.0,21000.322,1.0,STAY_ACTIVE,21000.322265625
21000.0,20949.63,0.9976,STAY_ACTIVE,20949.630859375
9323.4,9302.714,0.9978,STAY_ACTIVE,9302.7138671875
6937.5,6951.641,0.998,SCALE_DOWN,3000.0
9225.3,9214.587,0.9988,STAY_ACTIVE,9214.5869140625
6881.1,6900.993,0.9971,SCALE_DOWN,3000.0
3000.0,3000.4214,0.9999,SCALE_DOWN,3000.0
4916.7,4913.5527,0.9994,SCALE_DOWN,3000.0
3000.0,3000.4214,0.9999,SCALE_DOWN,3000.0
3000.0,3000.4214,0.9999,SCALE_DOWN,3000.0
3000.0,3000.4214,0.9999,SCALE_DOWN,3000.0
21000.0,20995.738,0.9998,STAY_ACTIVE,20995.73828125
9744.0,9775.29,0.9968,STAY_ACTIVE,9775.2900390625
9273.9,9201.817,0.9922,STAY_ACTIVE,9201.8173828125
10962.6,10854.192,0.9901,STAY_ACTIVE,10854.1923828125
21000.0,21000.047,1.0,STAY_ACTIVE,21000.046875
3000.0,3000.4214,0.9999,SCALE_DOWN,3000.0
3000.0,3000.4214,0.9999,SCALE_DOWN,3000.0
11912.4,11971.738,0.995,STAY_ACTIVE,11971.73828125
21000.0,21000.24,1.0,STAY_ACTIVE,21000.240234375
3000.0,3000.4214,0.9999,SCALE_DOWN,3000.0
21000.0,20992.723,0.9997,STAY_ACTIVE,20992.72265625
21000.0,20962.906,0.9982,STAY_ACTIVE,20962.90625
21000.0,21000.078,1.0,STAY_ACTIVE,21000.078125
3000.0,3000.4214,0.9999,SCALE_DOWN,3000.0
21000.0,21000.047,1.0,STAY_ACTIVE,21000.046875
21000.0,21000.049,1.0,STAY_ACTIVE,21000.048828125
3281.4,3311.9556,0.9907,SCALE_DOWN,3000.0
21000.0,21000.049,1.0,STAY_ACTIVE,21000.048828125
3000.0,3000.4214,0.9999,SCALE_DOWN,3000.0
15617.7,15640.381,0.9985,STAY_ACTIVE,15640.380859375
3000.0,3000.4214,0.9999,SCALE_DOWN,3000.0
8644.2,8933.165,0.9666,SCALE_DOWN,3000.0
8754.6,8737.024,0.998,SCALE_DOWN,3000.0
3000.0,3000.4214,0.9999,SCALE_DOWN,3000.0
11447.1,11430.939,0.9986,STAY_ACTIVE,11430.939453125
21000.0,21000.047,1.0,STAY_ACTIVE,21000.046875
9453.0,9468.271,0.9984,STAY_ACTIVE,9468.271484375
6291.0,6298.8936,0.9987,SCALE_DOWN,3000.0
21000.0,20999.852,1.0,STAY_ACTIVE,20999.8515625
7662.6,7684.5293,0.9971,SCALE_DOWN,3000.0
7665.0,7701.5503,0.9952,SCALE_DOWN,3000.0
3818.7,3822.942,0.9989,SCALE_DOWN,3000.0
7303.5,7312.4976,0.9988,SCALE_DOWN,3000.0
12105.6,12153.039,0.9961,STAY_ACTIVE,12153.0390625
3000.0,3000.4214,0.9999,SCALE_DOWN,3000.0
21000.0,21000.639,1.0,STAY_ACTIVE,21000.638671875
11983.2,11965.942,0.9986,STAY_ACTIVE,11965.9423828125
21000.0,21000.049,1.0,STAY_ACTIVE,21000.048828125
21000.0,21036.45,0.9983,STAY_ACTIVE,21036.44921875
5794.5,5805.4507,0.9981,SCALE_DOWN,3000.0
3000.0,3000.4214,0.9999,SCALE_DOWN,3000.0
3000.0,3000.4214,0.9999,SCALE_DOWN,3000.0
5452.5,5437.898,0.9973,SCALE_DOWN,3000.0
8663.1,8644.472,0.9978,SCALE_DOWN,3000.0
3138.3,3132.0996,0.998,SCALE_DOWN,3000.0
9535.8,9541.519,0.9994,STAY_ACTIVE,9541.5185546875
3000.0,3000.4214,0.9999,SCALE_DOWN,3000.0
9258.6,9301.434,0.9954,STAY_ACTIVE,9301.43359375
3000.0,3000.4214,0.9999,SCALE_DOWN,3000.0
3145.8,3164.4446,0.9941,SCALE_DOWN,3000.0
12230.1,12269.202,0.9968,STAY_ACTIVE,12269.2021484375
10488.6,10572.773,0.992,STAY_ACTIVE,10572.7734375
16160.1,16121.327,0.9976,STAY_ACTIVE,16121.3271484375
3000.0,3000.4214,0.9999,SCALE_DOWN,3000.0
19575.6,19640.385,0.9967,STAY_ACTIVE,19640.384765625
3000.0,3000.4214,0.9999,SCALE_DOWN,3000.0
15054.0,14918.788,0.991,STAY_ACTIVE,14918.7880859375
12660.600000000002,12663.6875,0.9998,STAY_ACTIVE,12663.6875
3000.0,3000.4214,0.9999,SCALE_DOWN,3000.0
3000.0,3000.4214,0.9999,SCALE_DOWN,3000.0
21000.0,21000.047,1.0,STAY_ACTIVE,21000.046875
10084.2,10103.861,0.9981,STAY_ACTIVE,10103.861328125
3000.0,3000.4214,0.9999,SCALE_DOWN,3000.0
3463.2000000000003,3474.646,0.9967,SCALE_DOWN,3000.0
8430.3,8401.612,0.9966,SCALE_DOWN,3000.0
4290.3,4272.9604,0.996,SCALE_DOWN,3000.0
3000.0,3000.4214,0.9999,SCALE_DOWN,3000.0
17721.3,17780.398,0.9967,STAY_ACTIVE,17780.3984375
18516.300000000003,18538.92,0.9988,STAY_ACTIVE,18538.919921875
9214.5,9230.69,0.9982,STAY_ACTIVE,9230.6904296875
3243.0,3213.79,0.991,SCALE_DOWN,3000.0
21000.0,21008.275,0.9996,STAY_ACTIVE,21008.275390625
3184.2000000000003,3213.469,0.9908,SCALE_DOWN,3000.0
12135.000000000002,12160.295,0.9979,STAY_ACTIVE,12160.294921875
17790.0,17632.193,0.9911,STAY_ACTIVE,17632.193359375
3000.0,3000.4214,0.9999,SCALE_DOWN,3000.0
21000.0,20999.852,1.0,STAY_ACTIVE,20999.8515625
21000.0,21000.047,1.0,STAY_ACTIVE,21000.046875
16687.2,16648.502,0.9977,STAY_ACTIVE,16648.501953125
12083.4,12116.922,0.9972,STAY_ACTIVE,12116.921875
3000.0,3000.4214,0.9999,SCALE_DOWN,3000.0
3000.0,3000.4214,0.9999,SCALE_DOWN,3000.0
3464.7000000000003,3418.473,0.9867,SCALE_DOWN,3000.0
9395.100000000002,9383.285,0.9987,STAY_ACTIVE,9383.28515625
7981.5,8002.2427,0.9974,SCALE_DOWN,3000.0
3000.0,3000.4214,0.9999,SCALE_DOWN,3000.0
5001.0,5023.865,0.9954,SCALE_DOWN,3000.0
3000.0,3000.4214,0.9999,SCALE_DOWN,3000.0
21000.0,21000.047,1.0,STAY_ACTIVE,21000.046875
6322.5,6353.901,0.995,SCALE_DOWN,3000.0
6765.3,6767.384,0.9997,SCALE_DOWN,3000.0
3000.0,3000.4214,0.9999,SCALE_DOWN,3000.0
3000.0,3000.4214,0.9999,SCALE_DOWN,3000.0
7249.5,7232.9277,0.9977,SCALE_DOWN,3000.0
19101.6,19190.395,0.9954,STAY_ACTIVE,19190.39453125
5167.799999999999,5168.587,0.9998,SCALE_DOWN,3000.0
10737.9,10737.616,1.0,STAY_ACTIVE,10737.6162109375
21000.0,21000.049,1.0,STAY_ACTIVE,21000.048828125
3302.7000000000003,3303.9268,0.9996,SCALE_DOWN,3000.0
3000.0,3000.4214,0.9999,SCALE_DOWN,3000.0
7068.9,7074.599,0.9992,SCALE_DOWN,3000.0
21000.0,21000.047,1.0,STAY_ACTIVE,21000.046875
21000.0,20980.502,0.9991,STAY_ACTIVE,20980.501953125
10189.8,10199.424,0.9991,STAY_ACTIVE,10199.423828125
10680.0,10734.115,0.9949,STAY_ACTIVE,10734.115234375
21000.0,21000.047,1.0,STAY_ACTIVE,21000.046875
6568.8,6585.241,0.9975,SCALE_DOWN,3000.0
13105.5,13206.3125,0.9923,STAY_ACTIVE,13206.3125
3000.0,3000.4214,0.9999,SCALE_DOWN,3000.0
3000.0,3000.4214,0.9999,SCALE_DOWN,3000.0
12556.5,12509.522,0.9963,STAY_ACTIVE,12509.5224609375
3000.0,3000.4214,0.9999,SCALE_DOWN,3000.0
3000.0,3000.4214,0.9999,SCALE_DOWN,3000.0
8684.4,8705.754,0.9975,SCALE_DOWN,3000.0
3000.0,3000.4214,0.9999,SCALE_DOWN,3000.0
3000.0,3000.4214,0.9999,SCALE_DOWN,3000.0
11286.6,11286.75,1.0,STAY_ACTIVE,11286.75
3000.0,3000.4214,0.9999,SCALE_DOWN,3000.0
13450.2,13409.255,0.997,STAY_ACTIVE,13409.2548828125
21000.0,21000.047,1.0,STAY_ACTIVE,21000.046875
21000.0,21018.281,0.9991,STAY_ACTIVE,21018.28125
17456.399999999998,17473.338,0.999,STAY_ACTIVE,17473.337890625
11604.0,11566.018,0.9967,STAY_ACTIVE,11566.017578125
13446.6,13235.25,0.9843,STAY_ACTIVE,13235.25
3000.0,3000.4214,0.9999,SCALE_DOWN,3000.0
3000.0,3000.4214,0.9999,SCALE_DOWN,3000.0
5813.7,5828.085,0.9975,SCALE_DOWN,3000.0
8564.1,8523.088,0.9952,SCALE_DOWN,3000.0
3000.0,3000.4214,0.9999,SCALE_DOWN,3000.0
14106.9,14149.686,0.997,STAY_ACTIVE,14149.685546875
3000.0,3000.4214,0.9999,SCALE_DOWN,3000.0
3105.2999999999997,3125.7893,0.9934,SCALE_DOWN,3000.0
21000.0,21000.047,1.0,STAY_ACTIVE,21000.046875
3000.0,3000.4214,0.9999,SCALE_DOWN,3000.0
9170.7,9278.45,0.9883,STAY_ACTIVE,9278.4501953125
21000.0,21000.09,1.0,STAY_ACTIVE,21000.08984375
3000.0,3000.4214,0.9999,SCALE_DOWN,3000.0
3000.0,3000.4214,0.9999,SCALE_DOWN,3000.0
21000.0,21000.098,1.0,STAY_ACTIVE,21000.09765625
3000.0,3000.4214,0.9999,SCALE_DOWN,3000.0
10289.7,10242.678,0.9954,STAY_ACTIVE,10242.677734375
3000.0,3000.4214,0.9999,SCALE_DOWN,3000.0
3895.8,3866.0684,0.9924,SCALE_DOWN,3000.0
13038.9,13025.362,0.999,STAY_ACTIVE,13025.3623046875
21000.0,21000.049,1.0,STAY_ACTIVE,21000.048828125
3000.0,3000.4214,0.9999,SCALE_DOWN,3000.0
5302.5,5301.888,0.9999,SCALE_DOWN,3000.0
3000.0,3000.4214,0.9999,SCALE_DOWN,3000.0
7037.4000000000015,6982.9985,0.9923,SCALE_DOWN,3000.0
8755.800000000001,8752.014,0.9996,SCALE_DOWN,3000.0
5846.7,5860.222,0.9977,SCALE_DOWN,3000.0
21000.0,20989.762,0.9995,STAY_ACTIVE,20989.76171875
7490.4,7524.742,0.9954,SCALE_DOWN,3000.0
3000.0,3000.4214,0.9999,SCALE_DOWN,3000.0
3000.0,3000.4214,0.9999,SCALE_DOWN,3000.0
12604.8,12660.428,0.9956,STAY_ACTIVE,12660.427734375
15014.4,15142.891,0.9914,STAY_ACTIVE,15142.890625
21000.0,21000.047,1.0,STAY_ACTIVE,21000.046875
18129.9,18210.91,0.9955,STAY_ACTIVE,18210.91015625
5799.6,5687.2153,0.9806,SCALE_DOWN,3000.0
12483.9,12449.968,0.9973,STAY_ACTIVE,12449.9677734375
3000.0,3000.4214,0.9999,SCALE_DOWN,3000.0
8211.9,8235.606,0.9971,SCALE_DOWN,3000.0
7959.299999999999,7951.142,0.999,SCALE_DOWN,3000.0
4390.8,4393.307,0.9994,SCALE_DOWN,3000.0
3000.0,3000.4214,0.9999,SCALE_DOWN,3000.0
12382.5,12067.312,0.9745,STAY_ACTIVE,12067.3115234375
16637.7,16861.506,0.9865,STAY_ACTIVE,16861.505859375
3000.0,3000.4214,0.9999,SCALE_DOWN,3000.0
5904.9,5900.999,0.9993,SCALE_DOWN,3000.0
21000.0,20998.477,0.9999,STAY_ACTIVE,20998.4765625
3000.0,3000.4214,0.9999,SCALE_DOWN,3000.0
3000.0,3000.4214,0.9999,SCALE_DOWN,3000.0
21000.0,21000.047,1.0,STAY_ACTIVE,21000.046875
3000.0,3000.4214,0.9999,SCALE_DOWN,3000.0
3000.0,3000.4214,0.9999,SCALE_DOWN,3000.0
3000.0,3000.4214,0.9999,SCALE_DOWN,3000.0
10558.8,10508.193,0.9952,STAY_ACTIVE,10508.193359375
11836.5,11779.381,0.9952,STAY_ACTIVE,11779.380859375
21000.0,20965.697,0.9984,STAY_ACTIVE,20965.697265625
3000.0,3000.4214,0.9999,SCALE_DOWN,3000.0
8534.099999999999,8523.088,0.9987,SCALE_DOWN,3000.0
21000.0,20998.352,0.9999,STAY_ACTIVE,20998.3515625
6894.0,6887.8916,0.9991,SCALE_DOWN,3000.0
3000.0,3000.4214,0.9999,SCALE_DOWN,3000.0
14869.8,14840.522,0.998,STAY_ACTIVE,14840.5224609375
21000.0,21000.047,1.0,STAY_ACTIVE,21000.046875
3000.0,3000.4214,0.9999,SCALE_DOWN,3000.0
3000.0,3000.4214,0.9999,SCALE_DOWN,3000.0
3000.0,3000.4214,0.9999,SCALE_DOWN,3000.0
13724.4,13751.799,0.998,STAY_ACTIVE,13751.798828125
21000.0,21000.07,1.0,STAY_ACTIVE,21000.0703125
3000.0,3000.4214,0.9999,SCALE_DOWN,3000.0
6827.4,6811.794,0.9977,SCALE_DOWN,3000.0
3000.0,3000.4214,0.9999,SCALE_DOWN,3000.0
20519.1,20554.043,0.9983,STAY_ACTIVE,20554.04296875
21000.0,21000.049,1.0,STAY_ACTIVE,21000.048828125
7503.6,7523.0244,0.9974,SCALE_DOWN,3000.0
3000.0,3000.4214,0.9999,SCALE_DOWN,3000.0
12926.7,12942.649,0.9988,STAY_ACTIVE,12942.6494140625
3000.0,3000.4214,0.9999,SCALE_DOWN,3000.0
8688.6,8671.037,0.998,SCALE_DOWN,3000.0
7229.699999999999,7232.2803,0.9996,SCALE_DOWN,3000.0
3237.0,3221.6038,0.9952,SCALE_DOWN,3000.0
9941.100000000002,9937.031,0.9996,STAY_ACTIVE,9937.03125
3000.0,3000.4214,0.9999,SCALE_DOWN,3000.0
3000.0,3000.4214,0.9999,SCALE_DOWN,3000.0
10323.3,10317.245,0.9994,STAY_ACTIVE,10317.2451171875
21000.0,21000.047,1.0,STAY_ACTIVE,21000.046875
3000.0,3000.4214,0.9999,SCALE_DOWN,3000.0
9836.4,9832.564,0.9996,STAY_ACTIVE,9832.564453125
9305.7,9362.562,0.9939,STAY_ACTIVE,9362.5615234375
12497.7,12396.739,0.9919,STAY_ACTIVE,12396.7392578125
3000.0,3000.4214,0.9999,SCALE_DOWN,3000.0
7684.200000000001,7714.351,0.9961,SCALE_DOWN,3000.0
3000.0,3000.4214,0.9999,SCALE_DOWN,3000.0
12538.5,12491.28,0.9962,STAY_ACTIVE,12491.2802734375
6078.0,6069.963,0.9987,SCALE_DOWN,3000.0
8802.0,8732.566,0.9921,SCALE_DOWN,3000.0
19269.9,19155.756,0.9941,STAY_ACTIVE,19155.755859375
3000.0,3000.4214,0.9999,SCALE_DOWN,3000.0
3000.0,3000.4214,0.9999,SCALE_DOWN,3000.0
3000.0,3000.4214,0.9999,SCALE_DOWN,3000.0
3000.0,3000.4214,0.9999,SCALE_DOWN,3000.0
3000.0,3000.4214,0.9999,SCALE_DOWN,3000.0
3000.0,3000.4214,0.9999,SCALE_DOWN,3000.0
3000.0,3000.4214,0.9999,SCALE_DOWN,3000.0
14930.4,14920.243,0.9993,STAY_ACTIVE,14920.2431640625
3000.0,3000.4214,0.9999,SCALE_DOWN,3000.0
4548.900000000001,4591.908,0.9905,SCALE_DOWN,3000.0
12492.9,12509.631,0.9987,STAY_ACTIVE,12509.630859375
5476.5,5476.373,1.0,SCALE_DOWN,3000.0
3000.0,3000.4214,0.9999,SCALE_DOWN,3000.0
11592.3,11652.304,0.9948,STAY_ACTIVE,11652.3037109375
20732.4,20588.367,0.9931,STAY_ACTIVE,20588.3671875
21000.0,20999.852,1.0,STAY_ACTIVE,20999.8515625
5480.700000000001,5447.225,0.9939,SCALE_DOWN,3000.0
3000.0,3000.4214,0.9999,SCALE_DOWN,3000.0
6312.3,6308.8193,0.9994,SCALE_DOWN,3000.0
14471.4,14517.766,0.9968,STAY_ACTIVE,14517.765625
3000.0,3000.4214,0.9999,SCALE_DOWN,3000.0
9509.1,9504.109,0.9995,STAY_ACTIVE,9504.109375
3000.0,3000.4214,0.9999,SCALE_DOWN,3000.0
6859.500000000001,6850.4526,0.9987,SCALE_DOWN,3000.0
19443.6,19370.63,0.9962,STAY_ACTIVE,19370.630859375
10026.6,10005.709,0.9979,STAY_ACTIVE,10005.708984375
12221.7,12223.688,0.9998,STAY_ACTIVE,12223.6884765625
13796.1,13850.621,0.996,STAY_ACTIVE,13850.62109375
21000.0,21000.078,1.0,STAY_ACTIVE,21000.078125
3000.0,3000.4214,0.9999,SCALE_DOWN,3000.0
3000.0,3000.4214,0.9999,SCALE_DOWN,3000.0
8308.8,8346.102,0.9955,SCALE_DOWN,3000.0
3000.0,3000.4214,0.9999,SCALE_DOWN,3000.0
8687.1,8667.313,0.9977,SCALE_DOWN,3000.0
3000.0,3000.4214,0.9999,SCALE_DOWN,3000.0
4144.799999999999,4154.6387,0.9976,SCALE_DOWN,3000.0
21000.0,20999.637,1.0,STAY_ACTIVE,20999.63671875
5380.8,5380.761,1.0,SCALE_DOWN,3000.0
3000.0,3000.4214,0.9999,SCALE_DOWN,3000.0
7134.300000000001,7101.8657,0.9955,SCALE_DOWN,3000.0
19741.800000000003,19747.156,0.9997,STAY_ACTIVE,19747.15625
21000.0,21015.006,0.9993,STAY_ACTIVE,21015.005859375
4916.4,4918.4126,0.9996,SCALE_DOWN,3000.0
8707.800000000001,8748.846,0.9953,SCALE_DOWN,3000.0
3000.0,3000.4214,0.9999,SCALE_DOWN,3000.0
3000.0,3000.4214,0.9999,SCALE_DOWN,3000.0
13045.800000000005,12973.128,0.9944,STAY_ACTIVE,12973.1279296875
3000.0,3000.4214,0.9999,SCALE_DOWN,3000.0
3000.0,3000.4214,0.9999,SCALE_DOWN,3000.0
3000.0,3000.4214,0.9999,SCALE_DOWN,3000.0
3000.0,3000.4214,0.9999,SCALE_DOWN,3000.0
21000.0,21000.164,1.0,STAY_ACTIVE,21000.1640625
3000.0,3000.4214,0.9999,SCALE_DOWN,3000.0
10017.6,10278.692,0.9739,STAY_ACTIVE,10278.6923828125
21000.0,21000.047,1.0,STAY_ACTIVE,21000.046875
21000.0,21000.049,1.0,STAY_ACTIVE,21000.048828125
9116.7,9051.7295,0.9929,STAY_ACTIVE,9051.7294921875
21000.0,21000.049,1.0,STAY_ACTIVE,21000.048828125
3000.0,3000.4214,0.9999,SCALE_DOWN,3000.0
3000.0,3000.4214,0.9999,SCALE_DOWN,3000.0
8043.6,8051.741,0.999,SCALE_DOWN,3000.0
3000.0,3000.4214,0.9999,SCALE_DOWN,3000.0
21000.0,21000.047,1.0,STAY_ACTIVE,21000.046875
3000.0,3000.4214,0.9999,SCALE_DOWN,3000.0
21000.0,20997.662,0.9999,STAY_ACTIVE,20997.662109375
21000.0,21022.256,0.9989,STAY_ACTIVE,21022.255859375
17135.100000000002,17240.686,0.9938,STAY_ACTIVE,17240.685546875
17453.399999999998,17488.52,0.998,STAY_ACTIVE,17488.51953125
8557.2,8586.839,0.9965,SCALE_DOWN,3000.0
3000.0,3000.4214,0.9999,SCALE_DOWN,3000.0
12555.0,12558.253,0.9997,STAY_ACTIVE,12558.2529296875
5151.0,5160.0327,0.9982,SCALE_DOWN,3000.0
3000.0,3000.4214,0.9999,SCALE_DOWN,3000.0
21000.0,21000.078,1.0,STAY_ACTIVE,21000.078125
3000.0,3000.4214,0.9999,SCALE_DOWN,3000.0
5955.9,5967.091,0.9981,SCALE_DOWN,3000.0
6748.5,6769.9194,0.9968,SCALE_DOWN,3000.0
3000.0,3000.4214,0.9999,SCALE_DOWN,3000.0
3193.5,3195.5598,0.9994,SCALE_DOWN,3000.0
8986.800000000001,8954.992,0.9965,SCALE_DOWN,3000.0
3000.0,3000.4214,0.9999,SCALE_DOWN,3000.0
4069.5,4099.7876,0.9926,SCALE_DOWN,3000.0
21000.0,21001.172,0.9999,STAY_ACTIVE,21001.171875
6847.200000000001,6812.9834,0.995,SCALE_DOWN,3000.0
21000.0,21000.049,1.0,STAY_ACTIVE,21000.048828125
21000.0,21000.047,1.0,STAY_ACTIVE,21000.046875
16410.6,16422.898,0.9993,STAY_ACTIVE,16422.8984375
21000.0,21000.047,1.0,STAY_ACTIVE,21000.046875
21000.0,21000.047,1.0,STAY_ACTIVE,21000.046875
17055.899999999998,17017.043,0.9977,STAY_ACTIVE,17017.04296875
3000.0,3000.4214,0.9999,SCALE_DOWN,3000.0
3000.0,3000.4214,0.9999,SCALE_DOWN,3000.0
9233.4,9222.953,0.9989,STAY_ACTIVE,9222.953125
5960.1,5961.0347,0.9998,SCALE_DOWN,3000.0
7668.9,7649.8276,0.9975,SCALE_DOWN,3000.0
21000.0,21000.049,1.0,STAY_ACTIVE,21000.048828125
3719.7,3686.3958,0.991,SCALE_DOWN,3000.0
3000.0,3000.4214,0.9999,SCALE_DOWN,3000.0
21000.0,21000.07,1.0,STAY_ACTIVE,21000.0703125
5898.0,5889.3604,0.9985,SCALE_DOWN,3000.0
5677.5,5656.5,0.9963,SCALE_DOWN,3000.0
15245.1,15389.692,0.9905,STAY_ACTIVE,15389.6923828125
5237.4,5226.085,0.9978,SCALE_DOWN,3000.0
3000.0,3000.4214,0.9999,SCALE_DOWN,3000.0
20297.1,20334.049,0.9982,STAY_ACTIVE,20334.048828125
21000.0,21000.049,1.0,STAY_ACTIVE,21000.048828125
3000.0,3000.4214,0.9999,SCALE_DOWN,3000.0
4935.3,4954.2246,0.9962,SCALE_DOWN,3000.0
7966.200000000001,7968.7896,0.9997,SCALE_DOWN,3000.0
5305.8,5295.069,0.998,SCALE_DOWN,3000.0
3000.0,3000.4214,0.9999,SCALE_DOWN,3000.0
21000.0,20998.89,0.9999,STAY_ACTIVE,20998.890625
21000.0,20924.209,0.9964,STAY_ACTIVE,20924.208984375
12137.4,12122.224,0.9987,STAY_ACTIVE,12122.2236328125
3000.0,3000.4214,0.9999,SCALE_DOWN,3000.0
10934.4,10970.875,0.9967,STAY_ACTIVE,10970.875
21000.0,21001.158,0.9999,STAY_ACTIVE,21001.158203125
7065.0,7045.529,0.9972,SCALE_DOWN,3000.0
19958.699999999997,20247.846,0.9855,STAY_ACTIVE,20247.845703125
5330.700000000001,5315.1274,0.9971,SCALE_DOWN,3000.0
4548.0,4537.9526,0.9978,SCALE_DOWN,3000.0
21000.0,21000.047,1.0,STAY_ACTIVE,21000.046875
9435.6,9412.781,0.9976,STAY_ACTIVE,9412.78125
21000.0,21002.47,0.9999,STAY_ACTIVE,21002.470703125
6829.5,6858.4653,0.9958,SCALE_DOWN,3000.0
8075.700000000001,8068.094,0.9991,SCALE_DOWN,3000.0
3000.0,3000.4214,0.9999,SCALE_DOWN,3000.0
14736.6,14753.727,0.9988,STAY_ACTIVE,14753.7265625
4573.5,4549.988,0.9949,SCALE_DOWN,3000.0
3000.0,3000.4214,0.9999,SCALE_DOWN,3000.0
21000.0,20997.033,0.9999,STAY_ACTIVE,20997.033203125
4533.3,4515.7954,0.9961,SCALE_DOWN,3000.0
3401.4,3381.238,0.9941,SCALE_DOWN,3000.0
3000.0,3000.4214,0.9999,SCALE_DOWN,3000.0
3000.0,3000.4214,0.9999,SCALE_DOWN,3000.0
3000.0,3000.4214,0.9999,SCALE_DOWN,3000.0
5368.200000000001,5384.0376,0.997,SCALE_DOWN,3000.0
12638.1,12594.234,0.9965,STAY_ACTIVE,12594.234375
21000.0,21000.047,1.0,STAY_ACTIVE,21000.046875
3000.0,3000.4214,0.9999,SCALE_DOWN,3000.0
8786.4,8782.748,0.9996,SCALE_DOWN,3000.0
9354.9,9352.502,0.9997,STAY_ACTIVE,9352.501953125
21000.0,21000.047,1.0,STAY_ACTIVE,21000.046875
7652.700000000001,7648.116,0.9994,SCALE_DOWN,3000.0
5499.3,5495.9956,0.9994,SCALE_DOWN,3000.0
3000.0,3000.4214,0.9999,SCALE_DOWN,3000.0
21000.0,20998.27,0.9999,STAY_ACTIVE,20998.26953125
7546.800000000001,7557.8574,0.9985,SCALE_DOWN,3000.0
15206.4,15189.27,0.9989,STAY_ACTIVE,15189.26953125
11793.9,11824.759,0.9974,STAY_ACTIVE,11824.7587890625
21000.0,21013.672,0.9993,STAY_ACTIVE,21013.671875
21000.0,20999.299,1.0,STAY_ACTIVE,20999.298828125
21000.0,21000.049,1.0,STAY_ACTIVE,21000.048828125
10104.6,10082.571,0.9978,STAY_ACTIVE,10082.5712890625
21000.0,21000.047,1.0,STAY_ACTIVE,21000.046875
21000.0,21000.049,1.0,STAY_ACTIVE,21000.048828125
4017.599999999999,4043.0754,0.9937,SCALE_DOWN,3000.0
21000.0,20999.95,1.0,STAY_ACTIVE,20999.94921875
4017.9,4046.4028,0.9929,SCALE_DOWN,3000.0
3000.0,3000.4214,0.9999,SCALE_DOWN,3000.0
5948.700000000001,5945.1,0.9994,SCALE_DOWN,3000.0
21000.0,21000.047,1.0,STAY_ACTIVE,21000.046875
4292.1,4268.6504,0.9945,SCALE_DOWN,3000.0
10856.4,10856.55,1.0,STAY_ACTIVE,10856.5498046875
3433.5,3410.75,0.9934,SCALE_DOWN,3000.0
3408.0,3416.109,0.9976,SCALE_DOWN,3000.0
13012.2,13019.738,0.9994,STAY_ACTIVE,13019.73828125
7461.6,7477.9243,0.9978,SCALE_DOWN,3000.0
16622.7,16680.188,0.9965,STAY_ACTIVE,16680.1875
3000.0,3000.4214,0.9999,SCALE_DOWN,3000.0
11861.4,11846.719,0.9988,STAY_ACTIVE,11846.71875
7427.1,7446.878,0.9973,SCALE_DOWN,3000.0
3000.0,3000.4214,0.9999,SCALE_DOWN,3000.0
13810.2,13868.89,0.9958,STAY_ACTIVE,13868.8896484375
11988.3,12096.378,0.991,STAY_ACTIVE,12096.3779296875
5850.0,5919.3447,0.9881,SCALE_DOWN,3000.0
3000.0,3000.4214,0.9999,SCALE_DOWN,3000.0
3000.0,3000.4214,0.9999,SCALE_DOWN,3000.0
21000.0,21000.047,1.0,STAY_ACTIVE,21000.046875
21000.0,20998.8,0.9999,STAY_ACTIVE,20998.80078125
16910.100000000002,16957.15,0.9972,STAY_ACTIVE,16957.150390625
14550.9,14577.848,0.9981,STAY_ACTIVE,14577.84765625
13712.7,13487.264,0.9836,STAY_ACTIVE,13487.263671875
5503.5,5520.513,0.9969,SCALE_DOWN,3000.0
15185.1,15168.834,0.9989,STAY_ACTIVE,15168.833984375
21000.0,20999.852,1.0,STAY_ACTIVE,20999.8515625
3000.0,3000.4214,0.9999,SCALE_DOWN,3000.0
16209.6,16180.892,0.9982,STAY_ACTIVE,16180.8916015625
3000.0,3000.4214,0.9999,SCALE_DOWN,3000.0
15645.3,15626.79,0.9988,STAY_ACTIVE,15626.7900390625
21000.0,21000.047,1.0,STAY_ACTIVE,21000.046875
21000.0,20999.969,1.0,STAY_ACTIVE,20999.96875
3000.0,3000.4214,0.9999,SCALE_DOWN,3000.0
11641.8,11628.667,0.9989,STAY_ACTIVE,11628.6669921875
3000.0,3000.4214,0.9999,SCALE_DOWN,3000.0
21000.0,21000.078,1.0,STAY_ACTIVE,21000.078125
21000.0,21000.047,1.0,STAY_ACTIVE,21000.046875
4309.8,4335.0947,0.9941,SCALE_DOWN,3000.0
3000.0,3000.4214,0.9999,SCALE_DOWN,3000.0
13524.3,13550.207,0.9981,STAY_ACTIVE,13550.20703125
3000.0,3000.4214,0.9999,SCALE_DOWN,3000.0
3000.0,3000.4214,0.9999,SCALE_DOWN,3000.0
3000.0,3000.4214,0.9999,SCALE_DOWN,3000.0
4038.0,4007.1997,0.9924,SCALE_DOWN,3000.0
3000.0,3000.4214,0.9999,SCALE_DOWN,3000.0
3000.0,3000.4214,0.9999,SCALE_DOWN,3000.0
3000.0,3000.4214,0.9999,SCALE_DOWN,3000.0
3000.0,3000.4214,0.9999,SCALE_DOWN,3000.0
21000.0,20999.562,1.0,STAY_ACTIVE,20999.5625
11544.6,11518.298,0.9977,STAY_ACTIVE,11518.2978515625
21000.0,21000.092,1.0,STAY_ACTIVE,21000.091796875
3000.0,3000.4214,0.9999,SCALE_DOWN,3000.0
5031.9,5055.728,0.9953,SCALE_DOWN,3000.0
3000.0,3000.4214,0.9999,SCALE_DOWN,3000.0
3000.0,3000.4214,0.9999,SCALE_DOWN,3000.0
8271.0,8290.432,0.9977,SCALE_DOWN,3000.0
21000.0,21000.078,1.0,STAY_ACTIVE,21000.078125
21000.0,20998.574,0.9999,STAY_ACTIVE,20998.57421875
3000.0,3000.4214,0.9999,SCALE_DOWN,3000.0
13354.2,13361.094,0.9995,STAY_ACTIVE,13361.09375
3000.0,3000.4214,0.9999,SCALE_DOWN,3000.0
3000.0,3000.4214,0.9999,SCALE_DOWN,3000.0
3000.0,3000.4214,0.9999,SCALE_DOWN,3000.0
8705.1,8674.7705,0.9965,SCALE_DOWN,3000.0
3000.0,3000.4214,0.9999,SCALE_DOWN,3000.0
3000.0,3000.4214,0.9999,SCALE_DOWN,3000.0
3000.0,3000.4214,0.9999,SCALE_DOWN,3000.0
5206.799999999999,5236.182,0.9944,SCALE_DOWN,3000.0
3000.0,3000.4214,0.9999,SCALE_DOWN,3000.0
3107.7,3085.592,0.9929,SCALE_DOWN,3000.0
3000.0,3000.4214,0.9999,SCALE_DOWN,3000.0
3000.0,3000.4214,0.9999,SCALE_DOWN,3000.0
6810.0,6814.9297,0.9993,SCALE_DOWN,3000.0
5962.2,5941.8047,0.9966,SCALE_DOWN,3000.0
3000.0,3000.4214,0.9999,SCALE_DOWN,3000.0
11073.3,11088.401,0.9986,STAY_ACTIVE,11088.4013671875
21000.0,21000.047,1.0,STAY_ACTIVE,21000.046875
21000.0,21000.078,1.0,STAY_ACTIVE,21000.078125
3000.0,3000.4214,0.9999,SCALE_DOWN,3000.0
3000.0,3000.4214,0.9999,SCALE_DOWN,3000.0
7368.3,7408.767,0.9945,SCALE_DOWN,3000.0
6104.7,6101.6743,0.9995,SCALE_DOWN,3000.0
5984.4,5990.743,0.9989,SCALE_DOWN,3000.0
7644.6,7632.675,0.9984,SCALE_DOWN,3000.0
7535.4,7674.4385,0.9815,SCALE_DOWN,3000.0
3000.0,3000.4214,0.9999,SCALE_DOWN,3000.0
7293.9,7301.023,0.999,SCALE_DOWN,3000.0
5165.1,5192.545,0.9947,SCALE_DOWN,3000.0
5075.4,5075.6577,0.9999,SCALE_DOWN,3000.0
11043.3,11193.204,0.9864,STAY_ACTIVE,11193.2041015625
11020.500000000002,11062.209,0.9962,STAY_ACTIVE,11062.208984375
3000.0,3000.4214,0.9999,SCALE_DOWN,3000.0
3000.0,3000.4214,0.9999,SCALE_DOWN,3000.0
3000.0,3000.4214,0.9999,SCALE_DOWN,3000.0
21000.0,21000.049,1.0,STAY_ACTIVE,21000.048828125
8630.4,8646.449,0.9981,SCALE_DOWN,3000.0
3000.0,3000.4214,0.9999,SCALE_DOWN,3000.0
21000.0,20986.107,0.9993,STAY_ACTIVE,20986.107421875
19115.7,19178.678,0.9967,STAY_ACTIVE,19178.677734375
3000.0,3000.4214,0.9999,SCALE_DOWN,3000.0
3000.0,3000.4214,0.9999,SCALE_DOWN,3000.0
21000.0,20983.393,0.9992,STAY_ACTIVE,20983.392578125
7566.9,7584.1694,0.9977,SCALE_DOWN,3000.0
3000.0,3000.4214,0.9999,SCALE_DOWN,3000.0
3000.0,3000.4214,0.9999,SCALE_DOWN,3000.0
9356.4,9343.515,0.9986,STAY_ACTIVE,9343.5146484375
5060.700000000001,5051.719,0.9982,SCALE_DOWN,3000.0
3000.0,3000.4214,0.9999,SCALE_DOWN,3000.0
15601.8,15591.625,0.9993,STAY_ACTIVE,15591.625
21000.0,21000.078,1.0,STAY_ACTIVE,21000.078125
8010.0,7981.098,0.9964,SCALE_DOWN,3000.0
7677.3,7648.8647,0.9963,SCALE_DOWN,3000.0
17656.5,17501.041,0.9912,STAY_ACTIVE,17501.041015625
3000.0,3000.4214,0.9999,SCALE_DOWN,3000.0
21000.0,21000.047,1.0,STAY_ACTIVE,21000.046875
3000.0,3000.4214,0.9999,SCALE_DOWN,3000.0
7302.0,7303.1133,0.9998,SCALE_DOWN,3000.0
3000.0,3000.4214,0.9999,SCALE_DOWN,3000.0
21000.0,20977.91,0.9989,STAY_ACTIVE,20977.91015625
12398.7,12426.403,0.9978,STAY_ACTIVE,12426.4033203125
7938.599999999999,7965.8,0.9966,SCALE_DOWN,3000.0
7187.4,7172.247,0.9979,SCALE_DOWN,3000.0
21000.0,21002.512,0.9999,STAY_ACTIVE,21002.51171875
7384.8,7400.2246,0.9979,SCALE_DOWN,3000.0
21000.0,21000.049,1.0,STAY_ACTIVE,21000.048828125
3000.0,3000.4214,0.9999,SCALE_DOWN,3000.0
21000.0,21000.047,1.0,STAY_ACTIVE,21000.046875
6408.3,6390.506,0.9972,SCALE_DOWN,3000.0
12144.6,12035.132,0.991,STAY_ACTIVE,12035.1318359375
21000.0,21000.047,1.0,STAY_ACTIVE,21000.046875
8951.7,8988.469,0.9959,SCALE_DOWN,3000.0
21000.0,21000.078,1.0,STAY_ACTIVE,21000.078125
21000.0,21000.078,1.0,STAY_ACTIVE,21000.078125
6565.8,6586.0796,0.9969,SCALE_DOWN,3000.0
7225.800000000001,7245.3535,0.9973,SCALE_DOWN,3000.0
3000.0,3000.4214,0.9999,SCALE_DOWN,3000.0
21000.0,21000.047,1.0,STAY_ACTIVE,21000.046875
13245.9,13239.109,0.9995,STAY_ACTIVE,13239.109375
5858.1,5879.4727,0.9964,SCALE_DOWN,3000.0
21000.0,21002.512,0.9999,STAY_ACTIVE,21002.51171875
11883.3,11873.512,0.9992,STAY_ACTIVE,11873.51171875
7995.300000000001,7998.504,0.9996,SCALE_DOWN,3000.0
3000.0,3000.4214,0.9999,SCALE_DOWN,3000.0
21000.0,20999.672,1.0,STAY_ACTIVE,20999.671875
12514.500000000002,12540.8125,0.9979,STAY_ACTIVE,12540.8125
3000.0,3000.4214,0.9999,SCALE_DOWN,3000.0
6411.9,6382.9756,0.9955,SCALE_DOWN,3000.0
3000.0,3000.4214,0.9999,SCALE_DOWN,3000.0
3000.0,3000.4214,0.9999,SCALE_DOWN,3000.0
7993.8,7977.891,0.998,SCALE_DOWN,3000.0
8721.9,8668.055,0.9938,SCALE_DOWN,3000.0
7368.6,7396.427,0.9962,SCALE_DOWN,3000.0
21000.0,20999.521,1.0,STAY_ACTIVE,20999.521484375
11266.5,11270.573,0.9996,STAY_ACTIVE,11270.5732421875
3000.0,3000.4214,0.9999,SCALE_DOWN,3000.0
21000.0,20999.562,1.0,STAY_ACTIVE,20999.5625
3000.0,3000.4214,0.9999,SCALE_DOWN,3000.0
3000.0,3000.4214,0.9999,SCALE_DOWN,3000.0
10332.3,10375.807,0.9958,STAY_ACTIVE,10375.806640625
6487.8,6494.91,0.9989,SCALE_DOWN,3000.0
3000.0,3000.4214,0.9999,SCALE_DOWN,3000.0
21000.0,21000.078,1.0,STAY_ACTIVE,21000.078125
3000.0,3000.4214,0.9999,SCALE_DOWN,3000.0
7495.5,7477.9883,0.9977,SCALE_DOWN,3000.0
21000.0,21018.312,0.9991,STAY_ACTIVE,21018.3125
7722.299999999999,7704.9185,0.9977,SCALE_DOWN,3000.0
8166.6,8209.767,0.9947,SCALE_DOWN,3000.0
14052.3,14099.878,0.9966,STAY_ACTIVE,14099.8779296875
3000.0,3000.4214,0.9999,SCALE_DOWN,3000.0
5722.8,5757.8726,0.9939,SCALE_DOWN,3000.0
21000.0,21000.078,1.0,STAY_ACTIVE,21000.078125
17914.800000000003,17955.5,0.9977,STAY_ACTIVE,17955.5
7329.9,7322.579,0.999,SCALE_DOWN,3000.0
21000.0,21000.049,1.0,STAY_ACTIVE,21000.048828125
21000.0,21000.047,1.0,STAY_ACTIVE,21000.046875
21000.0,21000.078,1.0,STAY_ACTIVE,21000.078125
21000.0,21000.096,1.0,STAY_ACTIVE,21000.095703125
8559.9,8559.427,0.9999,SCALE_DOWN,3000.0
16299.9,16348.222,0.997,STAY_ACTIVE,16348.2216796875
3000.0,3000.4214,0.9999,SCALE_DOWN,3000.0
8948.1,8966.475,0.9979,SCALE_DOWN,3000.0
21000.0,20999.318,1.0,STAY_ACTIVE,20999.318359375
21000.0,21000.078,1.0,STAY_ACTIVE,21000.078125
8445.6,8458.351,0.9985,SCALE_DOWN,3000.0
5566.5,5547.785,0.9966,SCALE_DOWN,3000.0
5149.8,5159.814,0.9981,SCALE_DOWN,3000.0
3000.0,3000.4214,0.9999,SCALE_DOWN,3000.0
3000.0,3000.4214,0.9999,SCALE_DOWN,3000.0
3000.0,3000.4214,0.9999,SCALE_DOWN,3000.0
6405.0,6396.893,0.9987,SCALE_DOWN,3000.0
4369.200000000001,4368.59,0.9999,SCALE_DOWN,3000.0
21000.0,21000.047,1.0,STAY_ACTIVE,21000.046875
18796.5,18896.736,0.9947,STAY_ACTIVE,18896.736328125
5157.9,5144.7524,0.9975,SCALE_DOWN,3000.0
21000.0,20980.137,0.9991,STAY_ACTIVE,20980.13671875
5913.9,5941.3755,0.9954,SCALE_DOWN,3000.0
7578.0,7537.334,0.9946,SCALE_DOWN,3000.0
18780.9,18795.1,0.9992,STAY_ACTIVE,18795.099609375
13113.6,13118.654,0.9996,STAY_ACTIVE,13118.654296875
3000.0,3000.4214,0.9999,SCALE_DOWN,3000.0
18922.5,18846.084,0.996,STAY_ACTIVE,18846.083984375
3000.0,3000.4214,0.9999,SCALE_DOWN,3000.0
16177.2,16129.016,0.997,STAY_ACTIVE,16129.015625
3000.0,3000.4214,0.9999,SCALE_DOWN,3000.0
3000.0,3000.4214,0.9999,SCALE_DOWN,3000.0
3000.0,3000.4214,0.9999,SCALE_DOWN,3000.0
21000.0,20999.562,1.0,STAY_ACTIVE,20999.5625
3000.0,3000.4214,0.9999,SCALE_DOWN,3000.0
15315.600000000002,15239.082,0.995,STAY_ACTIVE,15239.08203125
3000.0,3000.4214,0.9999,SCALE_DOWN,3000.0
21000.0,21000.047,1.0,STAY_ACTIVE,21000.046875
3000.0,3000.4214,0.9999,SCALE_DOWN,3000.0
3000.0,3000.4214,0.9999,SCALE_DOWN,3000.0
3000.0,3000.4214,0.9999,SCALE_DOWN,3000.0
3000.0,3000.4214,0.9999,SCALE_DOWN,3000.0
12897.3,12872.318,0.9981,STAY_ACTIVE,12872.318359375
3000.0,3000.4214,0.9999,SCALE_DOWN,3000.0
3000.0,3000.4214,0.9999,SCALE_DOWN,3000.0
17652.9,17652.303,1.0,STAY_ACTIVE,17652.302734375
9986.7,9974.022,0.9987,STAY_ACTIVE,9974.0224609375
11455.8,11448.89,0.9994,STAY_ACTIVE,11448.8896484375
3234.0,3211.222,0.993,SCALE_DOWN,3000.0
3000.0,3000.4214,0.9999,SCALE_DOWN,3000.0
21000.0,21000.047,1.0,STAY_ACTIVE,21000.046875
21000.0,21000.078,1.0,STAY_ACTIVE,21000.078125
17319.300000000003,17218.803,0.9942,STAY_ACTIVE,17218.802734375
6305.1,6304.821,1.0,SCALE_DOWN,3000.0
3000.0,3000.4214,0.9999,SCALE_DOWN,3000.0
21000.0,21000.049,1.0,STAY_ACTIVE,21000.048828125
3000.0,3000.4214,0.9999,SCALE_DOWN,3000.0
13420.500000000002,13396.532,0.9982,STAY_ACTIVE,13396.5322265625
11248.2,11213.401,0.9969,STAY_ACTIVE,11213.4013671875
5813.1,5829.237,0.9972,SCALE_DOWN,3000.0
5569.200000000001,5580.517,0.998,SCALE_DOWN,3000.0
3000.0,3000.4214,0.9999,SCALE_DOWN,3000.0
15136.8,15109.211,0.9982,STAY_ACTIVE,15109.2109375
21000.0,21000.078,1.0,STAY_ACTIVE,21000.078125
3000.0,3000.4214,0.9999,SCALE_DOWN,3000.0
15582.6,15675.373,0.994,STAY_ACTIVE,15675.373046875
21000.0,21000.047,1.0,STAY_ACTIVE,21000.046875
21000.0,21000.078,1.0,STAY_ACTIVE,21000.078125
5657.1,5709.7573,0.9907,SCALE_DOWN,3000.0
6134.700000000001,6101.9165,0.9947,SCALE_DOWN,3000.0
10773.9,10752.368,0.998,STAY_ACTIVE,10752.3681640625
5940.6,5932.5166,0.9986,SCALE_DOWN,3000.0
15301.2,15302.2705,0.9999,STAY_ACTIVE,15302.2705078125
5110.799999999999,5126.3374,0.997,SCALE_DOWN,3000.0
3000.0,3000.4214,0.9999,SCALE_DOWN,3000.0
3000.0,3000.4214,0.9999,SCALE_DOWN,3000.0
3000.0,3000.4214,0.9999,SCALE_DOWN,3000.0
3000.0,3000.4214,0.9999,SCALE_DOWN,3000.0
3840.3,3844.3591,0.9989,SCALE_DOWN,3000.0
13608.9,13556.991,0.9962,STAY_ACTIVE,13556.9912109375
19329.9,19300.916,0.9985,STAY_ACTIVE,19300.916015625
6288.3,6310.209,0.9965,SCALE_DOWN,3000.0
21000.0,21000.047,1.0,STAY_ACTIVE,21000.046875
8485.8,8462.17,0.9972,SCALE_DOWN,3000.0
21000.0,21000.049,1.0,STAY_ACTIVE,21000.048828125
13383.6,13390.0205,0.9995,STAY_ACTIVE,13390.0205078125
10663.8,10669.009,0.9995,STAY_ACTIVE,10669.0087890625
3000.0,3000.4214,0.9999,SCALE_DOWN,3000.0
9289.2,9304.697,0.9983,STAY_ACTIVE,9304.697265625
3000.0,3000.4214,0.9999,SCALE_DOWN,3000.0
3000.0,3000.4214,0.9999,SCALE_DOWN,3000.0
15067.8,15038.167,0.998,STAY_ACTIVE,15038.1669921875
3000.0,3000.4214,0.9999,SCALE_DOWN,3000.0
10177.2,10213.919,0.9964,STAY_ACTIVE,10213.9189453125
7045.5,7029.419,0.9977,SCALE_DOWN,3000.0
3000.0,3000.4214,0.9999,SCALE_DOWN,3000.0
5262.9,5301.888,0.9926,SCALE_DOWN,3000.0
3000.0,3000.4214,0.9999,SCALE_DOWN,3000.0
3026.4,3032.5615,0.998,SCALE_DOWN,3000.0
17483.4,17417.227,0.9962,STAY_ACTIVE,17417.2265625
21000.0,21000.047,1.0,STAY_ACTIVE,21000.046875
3000.0,3000.4214,0.9999,SCALE_DOWN,3000.0
4569.0,4547.0933,0.9952,SCALE_DOWN,3000.0
21000.0,20998.174,0.9999,STAY_ACTIVE,20998.173828125
21000.0,21000.047,1.0,STAY_ACTIVE,21000.046875
7626.6,7640.124,0.9982,SCALE_DOWN,3000.0
21000.0,21000.078,1.0,STAY_ACTIVE,21000.078125
21000.0,21000.047,1.0,STAY_ACTIVE,21000.046875
3000.0,3000.4214,0.9999,SCALE_DOWN,3000.0
4872.6,4866.276,0.9987,SCALE_DOWN,3000.0
21000.0,20997.863,0.9999,STAY_ACTIVE,20997.86328125
12945.900000000003,12930.509,0.9988,STAY_ACTIVE,12930.5087890625
8933.7,8927.684,0.9993,SCALE_DOWN,3000.0
17048.100000000002,17077.379,0.9983,STAY_ACTIVE,17077.37890625
3000.0,3000.4214,0.9999,SCALE_DOWN,3000.0
21000.0,20999.326,1.0,STAY_ACTIVE,20999.326171875
15614.1,15668.593,0.9965,STAY_ACTIVE,15668.5927734375
21000.0,21000.047,1.0,STAY_ACTIVE,21000.046875
11719.2,11794.716,0.9936,STAY_ACTIVE,11794.7158203125
3000.0,3000.4214,0.9999,SCALE_DOWN,3000.0
3000.0,3000.4214,0.9999,SCALE_DOWN,3000.0
6354.0,6343.4146,0.9983,SCALE_DOWN,3000.0
9260.7,9265.421,0.9995,STAY_ACTIVE,9265.4208984375
21000.0,21000.078,1.0,STAY_ACTIVE,21000.078125
21000.0,21000.047,1.0,STAY_ACTIVE,21000.046875
3000.0,3000.4214,0.9999,SCALE_DOWN,3000.0
4628.7,4630.547,0.9996,SCALE_DOWN,3000.0
3000.0,3000.4214,0.9999,SCALE_DOWN,3000.0
4482.9,4466.2686,0.9963,SCALE_DOWN,3000.0
9947.1,9945.179,0.9998,STAY_ACTIVE,9945.1787109375
21000.0,21000.047,1.0,STAY_ACTIVE,21000.046875
17256.9,17360.182,0.994,STAY_ACTIVE,17360.181640625
3000.0,3000.4214,0.9999,SCALE_DOWN,3000.0
7179.000000000001,7155.2686,0.9967,SCALE_DOWN,3000.0
3000.0,3000.4214,0.9999,SCALE_DOWN,3000.0
21000.0,21013.338,0.9994,STAY_ACTIVE,21013.337890625
8880.3,8889.95,0.9989,SCALE_DOWN,3000.0
3000.0,3000.4214,0.9999,SCALE_DOWN,3000.0
21000.0,20999.479,1.0,STAY_ACTIVE,20999.478515625
16828.2,16774.264,0.9968,STAY_ACTIVE,16774.263671875
3123.2999999999997,3132.0996,0.9972,SCALE_DOWN,3000.0
3504.0,3474.9434,0.9917,SCALE_DOWN,3000.0
3000.0,3000.4214,0.9999,SCALE_DOWN,3000.0
21000.0,21000.047,1.0,STAY_ACTIVE,21000.046875
21000.0,20997.291,0.9999,STAY_ACTIVE,20997.291015625
5002.799999999999,4978.302,0.9951,SCALE_DOWN,3000.0
3000.0,3000.4214,0.9999,SCALE_DOWN,3000.0
3000.0,3000.4214,0.9999,SCALE_DOWN,3000.0
3000.0,3000.4214,0.9999,SCALE_DOWN,3000.0
7036.200000000001,6947.5864,0.9874,SCALE_DOWN,3000.0
8415.0,8453.094,0.9955,SCALE_DOWN,3000.0
7085.1,7106.1304,0.997,SCALE_DOWN,3000.0
21000.0,21000.047,1.0,STAY_ACTIVE,21000.046875
3381.2999999999997,3373.9287,0.9978,SCALE_DOWN,3000.0
3000.0,3000.4214,0.9999,SCALE_DOWN,3000.0
3000.0,3000.4214,0.9999,SCALE_DOWN,3000.0
12200.1,12191.73,0.9993,STAY_ACTIVE,12191.73046875
11727.3,11750.952,0.998,STAY_ACTIVE,11750.9521484375
8169.3,8151.2954,0.9978,SCALE_DOWN,3000.0
18840.0,18892.367,0.9972,STAY_ACTIVE,18892.3671875
3000.0,3000.4214,0.9999,SCALE_DOWN,3000.0
6874.800000000001,6896.831,0.9968,SCALE_DOWN,3000.0
21000.0,21000.078,1.0,STAY_ACTIVE,21000.078125
3000.0,3000.4214,0.9999,SCALE_DOWN,3000.0
18977.4,19063.781,0.9954,STAY_ACTIVE,19063.78125
10065.9,10067.578,0.9998,STAY_ACTIVE,10067.578125
3000.0,3000.4214,0.9999,SCALE_DOWN,3000.0
8814.6,8850.06,0.996,SCALE_DOWN,3000.0
3000.0,3000.4214,0.9999,SCALE_DOWN,3000.0
15575.400000000003,15573.8955,0.9999,STAY_ACTIVE,15573.8955078125
14255.7,14218.01,0.9974,STAY_ACTIVE,14218.009765625
20903.1,20893.424,0.9995,STAY_ACTIVE,20893.423828125
3000.0,3000.4214,0.9999,SCALE_DOWN,3000.0
19376.4,19383.406,0.9996,STAY_ACTIVE,19383.40625
3000.0,3000.4214,0.9999,SCALE_DOWN,3000.0
4078.2,4088.1882,0.9976,SCALE_DOWN,3000.0
3000.0,3000.4214,0.9999,SCALE_DOWN,3000.0
4068.6,4044.939,0.9942,SCALE_DOWN,3000.0
10821.3,10798.198,0.9979,STAY_ACTIVE,10798.1982421875
11286.3,11324.12,0.9966,STAY_ACTIVE,11324.1201171875
3000.0,3000.4214,0.9999,SCALE_DOWN,3000.0
10513.2,10544.033,0.9971,STAY_ACTIVE,10544.033203125
12590.1,12653.505,0.995,STAY_ACTIVE,12653.5048828125
3000.0,3000.4214,0.9999,SCALE_DOWN,3000.0
5736.6,5718.0327,0.9968,SCALE_DOWN,3000.0
12772.500000000002,12764.835,0.9994,STAY_ACTIVE,12764.8349609375
5163.6,5084.2104,0.9846,SCALE_DOWN,3000.0
8091.000000000001,8114.2666,0.9971,SCALE_DOWN,3000.0
20994.6,20984.582,0.9995,STAY_ACTIVE,20984.58203125
10488.0,10515.442,0.9974,STAY_ACTIVE,10515.4423828125
21000.0,20998.047,0.9999,STAY_ACTIVE,20998.046875
7467.9,7468.9644,0.9999,SCALE_DOWN,3000.0
3000.0,3000.4214,0.9999,SCALE_DOWN,3000.0
7211.700000000001,7221.0273,0.9987,SCALE_DOWN,3000.0
5496.3,5483.4937,0.9977,SCALE_DOWN,3000.0
17153.7,17102.914,0.997,STAY_ACTIVE,17102.9140625
21000.0,20995.58,0.9998,STAY_ACTIVE,20995.580078125
3000.0,3000.4214,0.9999,SCALE_DOWN,3000.0
3000.0,3000.4214,0.9999,SCALE_DOWN,3000.0
3946.2,3938.2063,0.998,SCALE_DOWN,3000.0
3000.0,3000.4214,0.9999,SCALE_DOWN,3000.0
15096.6,15156.022,0.9961,STAY_ACTIVE,15156.0224609375
3000.0,3000.4214,0.9999,SCALE_DOWN,3000.0
3000.0,3000.4214,0.9999,SCALE_DOWN,3000.0
11053.8,11048.307,0.9995,STAY_ACTIVE,11048.306640625
8463.9,8441.885,0.9974,SCALE_DOWN,3000.0
16143.9,16140.352,0.9998,STAY_ACTIVE,16140.3515625
7238.700000000001,7234.4507,0.9994,SCALE_DOWN,3000.0
4543.200000000001,4537.766,0.9988,SCALE_DOWN,3000.0
14397.9,14365.791,0.9978,STAY_ACTIVE,14365.791015625
21000.0,21000.078,1.0,STAY_ACTIVE,21000.078125
21000.0,20961.197,0.9982,STAY_ACTIVE,20961.197265625
5979.0,6006.244,0.9954,SCALE_DOWN,3000.0
18996.3,19010.791,0.9992,STAY_ACTIVE,19010.791015625
3000.0,3000.4214,0.9999,SCALE_DOWN,3000.0
3325.5,3304.344,0.9936,SCALE_DOWN,3000.0
8461.8,8447.378,0.9983,SCALE_DOWN,3000.0
3000.0,3000.4214,0.9999,SCALE_DOWN,3000.0
5113.200000000001,5045.142,0.9867,SCALE_DOWN,3000.0
13157.4,13387.587,0.9825,STAY_ACTIVE,13387.5869140625
3000.0,3000.4214,0.9999,SCALE_DOWN,3000.0
21000.0,21000.049,1.0,STAY_ACTIVE,21000.048828125
6342.3,6347.891,0.9991,SCALE_DOWN,3000.0
3131.7000000000003,3132.6843,0.9997,SCALE_DOWN,3000.0
21000.0,21000.049,1.0,STAY_ACTIVE,21000.048828125
6372.9,6378.5137,0.9991,SCALE_DOWN,3000.0
3000.0,3000.4214,0.9999,SCALE_DOWN,3000.0
15593.7,15515.405,0.995,STAY_ACTIVE,15515.4052734375
4220.1,4268.4946,0.9885,SCALE_DOWN,3000.0
3000.0,3000.4214,0.9999,SCALE_DOWN,3000.0
11784.3,11959.195,0.9852,STAY_ACTIVE,11959.1953125
6621.599999999999,6648.081,0.996,SCALE_DOWN,3000.0
7435.5,7428.763,0.9991,SCALE_DOWN,3000.0
6516.6,6494.91,0.9967,SCALE_DOWN,3000.0
21000.0,21000.047,1.0,STAY_ACTIVE,21000.046875
20504.4,20585.068,0.9961,STAY_ACTIVE,20585.068359375
21000.0,20999.852,1.0,STAY_ACTIVE,20999.8515625
3000.0,3000.4214,0.9999,SCALE_DOWN,3000.0
3000.0,3000.4214,0.9999,SCALE_DOWN,3000.0
8811.9,8862.539,0.9943,SCALE_DOWN,3000.0
3000.0,3000.4214,0.9999,SCALE_DOWN,3000.0
3000.0,3000.4214,0.9999,SCALE_DOWN,3000.0
10949.1,10993.54,0.9959,STAY_ACTIVE,10993.5400390625
3000.0,3000.4214,0.9999,SCALE_DOWN,3000.0
3000.0,3000.4214,0.9999,SCALE_DOWN,3000.0
7592.700000000001,7596.9727,0.9994,SCALE_DOWN,3000.0
14259.6,14226.608,0.9977,STAY_ACTIVE,14226.6083984375
10985.4,10977.224,0.9993,STAY_ACTIVE,10977.2236328125
6576.9000000000015,6557.3794,0.997,SCALE_DOWN,3000.0
3000.0,3000.4214,0.9999,SCALE_DOWN,3000.0
8606.1,8608.948,0.9997,SCALE_DOWN,3000.0
21000.0,21000.291,1.0,STAY_ACTIVE,21000.291015625
9199.8,9179.901,0.9978,STAY_ACTIVE,9179.9013671875
3000.0,3000.4214,0.9999,SCALE_DOWN,3000.0
21000.0,21000.049,1.0,STAY_ACTIVE,21000.048828125
3000.0,3000.4214,0.9999,SCALE_DOWN,3000.0
15400.5,15431.543,0.998,STAY_ACTIVE,15431.54296875
3000.0,3000.4214,0.9999,SCALE_DOWN,3000.0
3000.0,3000.4214,0.9999,SCALE_DOWN,3000.0
5924.1,5927.805,0.9994,SCALE_DOWN,3000.0
3000.0,3000.4214,0.9999,SCALE_DOWN,3000.0
3000.0,3000.4214,0.9999,SCALE_DOWN,3000.0
3000.0,3000.4214,0.9999,SCALE_DOWN,3000.0
7509.300000000001,7493.148,0.9978,SCALE_DOWN,3000.0
10911.6,10929.225,0.9984,STAY_ACTIVE,10929.224609375
21000.0,20999.852,1.0,STAY_ACTIVE,20999.8515625
11755.8,11705.105,0.9957,STAY_ACTIVE,11705.10546875
17154.000000000004,17151.838,0.9999,STAY_ACTIVE,17151.837890625
18946.2,18929.562,0.9991,STAY_ACTIVE,18929.5625
4431.0,4442.5566,0.9974,SCALE_DOWN,3000.0
21000.0,21007.725,0.9996,STAY_ACTIVE,21007.724609375
3000.0,3000.4214,0.9999,SCALE_DOWN,3000.0
4558.8,4549.5796,0.998,SCALE_DOWN,3000.0
3000.0,3000.4214,0.9999,SCALE_DOWN,3000.0
12098.4,12155.65,0.9953,STAY_ACTIVE,12155.650390625
19868.7,19820.275,0.9976,STAY_ACTIVE,19820.275390625
21000.0,20999.562,1.0,STAY_ACTIVE,20999.5625
21000.0,21000.047,1.0,STAY_ACTIVE,21000.046875
4551.3,4606.0986,0.988,SCALE_DOWN,3000.0
3000.0,3000.4214,0.9999,SCALE_DOWN,3000.0
3000.0,3000.4214,0.9999,SCALE_DOWN,3000.0
3000.0,3000.4214,0.9999,SCALE_DOWN,3000.0
8034.299999999999,8026.141,0.999,SCALE_DOWN,3000.0
4698.3,4700.8076,0.9995,SCALE_DOWN,3000.0
21000.0,21000.09,1.0,STAY_ACTIVE,21000.08984375
3000.0,3000.4214,0.9999,SCALE_DOWN,3000.0
3783.3,3803.44,0.9947,SCALE_DOWN,3000.0
3000.0,3000.4214,0.9999,SCALE_DOWN,3000.0
21000.0,20999.479,1.0,STAY_ACTIVE,20999.478515625
8927.1,8966.714,0.9956,SCALE_DOWN,3000.0
8448.0,8478.015,0.9964,SCALE_DOWN,3000.0
9778.5,9705.199,0.9925,STAY_ACTIVE,9705.19921875
13337.7,13326.828,0.9992,STAY_ACTIVE,13326.828125
3000.0,3000.4214,0.9999,SCALE_DOWN,3000.0
3000.0,3000.4214,0.9999,SCALE_DOWN,3000.0
6730.8,6769.9194,0.9942,SCALE_DOWN,3000.0
12803.7,12747.257,0.9956,STAY_ACTIVE,12747.2568359375
3000.0,3000.4214,0.9999,SCALE_DOWN,3000.0
21000.0,21000.023,1.0,STAY_ACTIVE,21000.0234375
21000.0,21000.049,1.0,STAY_ACTIVE,21000.048828125
5861.7,5876.8315,0.9974,SCALE_DOWN,3000.0
8193.3,8143.424,0.9939,SCALE_DOWN,3000.0
8557.2,8705.912,0.9826,SCALE_DOWN,3000.0
21000.0,21000.047,1.0,STAY_ACTIVE,21000.046875
7253.400000000001,7276.6387,0.9968,SCALE_DOWN,3000.0
21000.0,20999.562,1.0,STAY_ACTIVE,20999.5625
15251.400000000003,15234.084,0.9989,STAY_ACTIVE,15234.083984375
11102.1,11070.519,0.9972,STAY_ACTIVE,11070.5185546875
3000.0,3000.4214,0.9999,SCALE_DOWN,3000.0
10919.1,10884.621,0.9968,STAY_ACTIVE,10884.62109375
15824.7,15744.754,0.9949,STAY_ACTIVE,15744.75390625
6206.1,6219.8945,0.9978,SCALE_DOWN,3000.0
9376.8,9384.259,0.9992,STAY_ACTIVE,9384.2587890625
3000.0,3000.4214,0.9999,SCALE_DOWN,3000.0
9101.1,9116.705,0.9983,STAY_ACTIVE,9116.705078125
10987.5,11024.756,0.9966,STAY_ACTIVE,11024.755859375
21000.0,20999.54,1.0,STAY_ACTIVE,20999.5390625
21000.0,21000.047,1.0,STAY_ACTIVE,21000.046875
11627.1,11516.858,0.9905,STAY_ACTIVE,11516.8583984375
21000.0,21000.047,1.0,STAY_ACTIVE,21000.046875
3000.0,3000.4214,0.9999,SCALE_DOWN,3000.0
3000.0,3000.4214,0.9999,SCALE_DOWN,3000.0
21000.0,21000.25,1.0,STAY_ACTIVE,21000.25
21000.0,21010.953,0.9995,STAY_ACTIVE,21010.953125
3000.0,3000.4214,0.9999,SCALE_DOWN,3000.0
4452.900000000001,4430.523,0.995,SCALE_DOWN,3000.0
6582.9,6567.7036,0.9977,SCALE_DOWN,3000.0
21000.0,21000.047,1.0,STAY_ACTIVE,21000.046875
21000.0,21000.047,1.0,STAY_ACTIVE,21000.046875
4230.0,4255.8823,0.9939,SCALE_DOWN,3000.0
4672.5,4648.563,0.9949,SCALE_DOWN,3000.0
3000.0,3000.4214,0.9999,SCALE_DOWN,3000.0
21000.0,21000.078,1.0,STAY_ACTIVE,21000.078125
21000.0,21000.047,1.0,STAY_ACTIVE,21000.046875
3000.0,3000.4214,0.9999,SCALE_DOWN,3000.0
9934.2,9937.14,0.9997,STAY_ACTIVE,9937.1396484375
6770.4,6761.8296,0.9987,SCALE_DOWN,3000.0
9967.5,9913.57,0.9946,STAY_ACTIVE,9913.5703125
9874.2,9863.04,0.9989,STAY_ACTIVE,9863.0400390625
3000.0,3000.4214,0.9999,SCALE_DOWN,3000.0
13458.6,13485.327,0.998,STAY_ACTIVE,13485.3271484375
18609.0,18523.719,0.9954,STAY_ACTIVE,18523.71875
17700.0,17752.633,0.997,STAY_ACTIVE,17752.6328125
7136.700000000001,7164.2124,0.9961,SCALE_DOWN,3000.0
21000.0,20996.033,0.9998,STAY_ACTIVE,20996.033203125
21000.0,21000.047,1.0,STAY_ACTIVE,21000.046875
21000.0,21000.443,1.0,STAY_ACTIVE,21000.443359375
21000.0,21000.047,1.0,STAY_ACTIVE,21000.046875
8062.5,8078.3633,0.998,SCALE_DOWN,3000.0
3000.0,3000.4214,0.9999,SCALE_DOWN,3000.0
3000.0,3000.4214,0.9999,SCALE_DOWN,3000.0
21000.0,21000.078,1.0,STAY_ACTIVE,21000.078125
3000.0,3000.4214,0.9999,SCALE_DOWN,3000.0
4284.0,4273.8945,0.9976,SCALE_DOWN,3000.0
8966.4,8951.026,0.9983,SCALE_DOWN,3000.0
12470.1,12508.147,0.9969,STAY_ACTIVE,12508.1474609375
8732.4,8740.778,0.999,SCALE_DOWN,3000.0
3000.0,3000.4214,0.9999,SCALE_DOWN,3000.0
8265.900000000001,8133.484,0.984,SCALE_DOWN,3000.0
21000.0,20998.604,0.9999,STAY_ACTIVE,20998.603515625
3000.0,3000.4214,0.9999,SCALE_DOWN,3000.0
3000.0,3000.4214,0.9999,SCALE_DOWN,3000.0
3000.0,3000.4214,0.9999,SCALE_DOWN,3000.0
7695.3,7711.382,0.9979,SCALE_DOWN,3000.0
10023.3,10016.116,0.9993,STAY_ACTIVE,10016.1162109375
3000.0,3000.4214,0.9999,SCALE_DOWN,3000.0
21000.0,20999.852,1.0,STAY_ACTIVE,20999.8515625
7318.500000000001,7331.4185,0.9982,SCALE_DOWN,3000.0
3000.0,3000.4214,0.9999,SCALE_DOWN,3000.0
12405.6,12373.427,0.9974,STAY_ACTIVE,12373.4267578125
21000.0,21000.047,1.0,STAY_ACTIVE,21000.046875
3000.0,3000.4214,0.9999,SCALE_DOWN,3000.0
21000.0,21000.078,1.0,STAY_ACTIVE,21000.078125
21000.0,21000.049,1.0,STAY_ACTIVE,21000.048828125
8156.1,8175.6763,0.9976,SCALE_DOWN,3000.0
21000.0,21013.338,0.9994,STAY_ACTIVE,21013.337890625
3000.0,3000.4214,0.9999,SCALE_DOWN,3000.0
3000.0,3000.4214,0.9999,SCALE_DOWN,3000.0
3000.0,3000.4214,0.9999,SCALE_DOWN,3000.0
6725.4,6729.507,0.9994,SCALE_DOWN,3000.0
9940.8,9996.111,0.9944,STAY_ACTIVE,9996.111328125
21000.0,21000.047,1.0,STAY_ACTIVE,21000.046875
7107.0,7113.2695,0.9991,SCALE_DOWN,3000.0
5696.1,5692.1245,0.9993,SCALE_DOWN,3000.0
21000.0,21000.047,1.0,STAY_ACTIVE,21000.046875
3000.0,3000.4214,0.9999,SCALE_DOWN,3000.0
17068.2,17098.576,0.9982,STAY_ACTIVE,17098.576171875
3000.0,3000.4214,0.9999,SCALE_DOWN,3000.0
21000.0,21000.078,1.0,STAY_ACTIVE,21000.078125
3000.0,3000.4214,0.9999,SCALE_DOWN,3000.0
3000.0,3000.4214,0.9999,SCALE_DOWN,3000.0
6103.199999999999,6084.3477,0.9969,SCALE_DOWN,3000.0
3000.0,3000.4214,0.9999,SCALE_DOWN,3000.0
5760.9,5758.715,0.9996,SCALE_DOWN,3000.0
4725.3,4722.4395,0.9994,SCALE_DOWN,3000.0
13997.7,13987.269,0.9993,STAY_ACTIVE,13987.2685546875
6122.1,6101.9165,0.9967,SCALE_DOWN,3000.0
7190.700000000001,7179.818,0.9985,SCALE_DOWN,3000.0
6132.0,6125.044,0.9989,SCALE_DOWN,3000.0
3821.1,3793.2583,0.9927,SCALE_DOWN,3000.0
18380.1,18332.754,0.9974,STAY_ACTIVE,18332.75390625
3000.0,3000.4214,0.9999,SCALE_DOWN,3000.0
8990.7,9017.288,0.997,STAY_ACTIVE,9017.2880859375
4167.599999999999,4157.049,0.9975,SCALE_DOWN,3000.0
3000.0,3000.4214,0.9999,SCALE_DOWN,3000.0
3000.0,3000.4214,0.9999,SCALE_DOWN,3000.0
3000.0,3000.4214,0.9999,SCALE_DOWN,3000.0
5993.700000000001,5992.934,0.9999,SCALE_DOWN,3000.0
6862.8,6861.6133,0.9998,SCALE_DOWN,3000.0
18211.2,18254.662,0.9976,STAY_ACTIVE,18254.662109375
3000.0,3000.4214,0.9999,SCALE_DOWN,3000.0
6459.300000000001,6479.387,0.9969,SCALE_DOWN,3000.0
3000.0,3000.4214,0.9999,SCALE_DOWN,3000.0
21000.0,21000.639,1.0,STAY_ACTIVE,21000.638671875
21000.0,21000.049,1.0,STAY_ACTIVE,21000.048828125
3000.0,3000.4214,0.9999,SCALE_DOWN,3000.0
12389.4,12430.4795,0.9967,STAY_ACTIVE,12430.4794921875
3000.0,3000.4214,0.9999,SCALE_DOWN,3000.0
3000.0,3000.4214,0.9999,SCALE_DOWN,3000.0
21000.0,20999.367,1.0,STAY_ACTIVE,20999.3671875
8257.5,8279.434,0.9973,SCALE_DOWN,3000.0
3000.0,3000.4214,0.9999,SCALE_DOWN,3000.0
14584.8,14750.787,0.9886,STAY_ACTIVE,14750.787109375
10559.4,10583.716,0.9977,STAY_ACTIVE,10583.7158203125
21000.0,21000.047,1.0,STAY_ACTIVE,21000.046875
5563.799999999999,5545.674,0.9967,SCALE_DOWN,3000.0
18407.4,18613.479,0.9888,STAY_ACTIVE,18613.478515625
8233.199999999999,8288.294,0.9933,SCALE_DOWN,3000.0
6245.400000000001,6297.2827,0.9917,SCALE_DOWN,3000.0
21000.0,21000.068,1.0,STAY_ACTIVE,21000.068359375
16320.900000000003,16349.144,0.9983,STAY_ACTIVE,16349.1435546875
21000.0,21000.047,1.0,STAY_ACTIVE,21000.046875
21000.0,21000.639,1.0,STAY_ACTIVE,21000.638671875
14846.7,14849.914,0.9998,STAY_ACTIVE,14849.9140625
21000.0,21000.049,1.0,STAY_ACTIVE,21000.048828125
3000.0,3000.4214,0.9999,SCALE_DOWN,3000.0
3267.5999999999995,3254.3242,0.9959,SCALE_DOWN,3000.0
13306.500000000002,13245.19,0.9954,STAY_ACTIVE,13245.1904296875
21000.0,20999.467,1.0,STAY_ACTIVE,20999.466796875
3000.0,3000.4214,0.9999,SCALE_DOWN,3000.0
15039.3,15163.398,0.9917,STAY_ACTIVE,15163.3984375
10080.9,10131.811,0.9949,STAY_ACTIVE,10131.810546875
3000.0,3000.4214,0.9999,SCALE_DOWN,3000.0
12918.3,12977.637,0.9954,STAY_ACTIVE,12977.63671875
3721.8,3703.9658,0.9952,SCALE_DOWN,3000.0
5011.8,5025.2046,0.9973,SCALE_DOWN,3000.0
21000.0,21000.049,1.0,STAY_ACTIVE,21000.048828125
5235.9,5225.2207,0.998,SCALE_DOWN,3000.0
3000.0,3000.4214,0.9999,SCALE_DOWN,3000.0
6898.8,6908.8955,0.9985,SCALE_DOWN,3000.0
14589.0,14625.531,0.9975,STAY_ACTIVE,14625.53125
21000.0,20942.111,0.9972,STAY_ACTIVE,20942.111328125
6972.000000000001,6952.4927,0.9972,SCALE_DOWN,3000.0
21000.0,20999.852,1.0,STAY_ACTIVE,20999.8515625
3000.0,3000.4214,0.9999,SCALE_DOWN,3000.0
4748.700000000001,4719.23,0.9938,SCALE_DOWN,3000.0
21000.0,20999.852,1.0,STAY_ACTIVE,20999.8515625
3000.0,3000.4214,0.9999,SCALE_DOWN,3000.0
3314.1000000000004,3306.189,0.9976,SCALE_DOWN,3000.0
21000.0,21000.078,1.0,STAY_ACTIVE,21000.078125
3000.0,3000.4214,0.9999,SCALE_DOWN,3000.0
9108.3,9139.9,0.9965,STAY_ACTIVE,9139.900390625
20348.4,20375.3,0.9987,STAY_ACTIVE,20375.30078125
3000.0,3000.4214,0.9999,SCALE_DOWN,3000.0
3687.0,3698.91,0.9968,SCALE_DOWN,3000.0
3000.0,3000.4214,0.9999,SCALE_DOWN,3000.0
6267.9,6288.4146,0.9967,SCALE_DOWN,3000.0
9576.9,9526.392,0.9947,STAY_ACTIVE,9526.3916015625
21000.0,21000.078,1.0,STAY_ACTIVE,21000.078125
3000.0,3000.4214,0.9999,SCALE_DOWN,3000.0
6242.700000000001,6230.449,0.998,SCALE_DOWN,3000.0
15931.500000000002,15905.853,0.9984,STAY_ACTIVE,15905.8525390625
3000.0,3000.4214,0.9999,SCALE_DOWN,3000.0
11154.0,11143.52,0.9991,STAY_ACTIVE,11143.51953125
21000.0,21000.047,1.0,STAY_ACTIVE,21000.046875
9663.3,9660.818,0.9997,STAY_ACTIVE,9660.818359375
3000.0,3000.4214,0.9999,SCALE_DOWN,3000.0
10773.0,10744.671,0.9974,STAY_ACTIVE,10744.6708984375
4311.9,4279.329,0.9924,SCALE_DOWN,3000.0
3000.0,3000.4214,0.9999,SCALE_DOWN,3000.0
7558.5,7558.544,1.0,SCALE_DOWN,3000.0
8646.3,8483.98,0.9812,SCALE_DOWN,3000.0
6322.8,6387.1465,0.9898,SCALE_DOWN,3000.0
5331.299999999999,5321.4834,0.9982,SCALE_DOWN,3000.0
21000.0,21000.078,1.0,STAY_ACTIVE,21000.078125
3000.0,3000.4214,0.9999,SCALE_DOWN,3000.0
21000.0,21000.047,1.0,STAY_ACTIVE,21000.046875
21000.0,21000.047,1.0,STAY_ACTIVE,21000.046875
3000.0,3000.4214,0.9999,SCALE_DOWN,3000.0
5078.400000000001,5089.993,0.9977,SCALE_DOWN,3000.0
21000.0,20999.564,1.0,STAY_ACTIVE,20999.564453125
14727.3,14753.317,0.9982,STAY_ACTIVE,14753.3173828125
21000.0,20999.562,1.0,STAY_ACTIVE,20999.5625
14492.1,14471.37,0.9986,STAY_ACTIVE,14471.3701171875
5288.1,5268.883,0.9964,SCALE_DOWN,3000.0
11339.7,11350.826,0.999,STAY_ACTIVE,11350.826171875
3000.0,3000.4214,0.9999,SCALE_DOWN,3000.0
3000.0,3000.4214,0.9999,SCALE_DOWN,3000.0
3000.0,3000.4214,0.9999,SCALE_DOWN,3000.0
13162.5,13099.095,0.9952,STAY_ACTIVE,13099.0947265625
21000.0,21000.049,1.0,STAY_ACTIVE,21000.048828125
3000.0,3000.4214,0.9999,SCALE_DOWN,3000.0
3000.0,3000.4214,0.9999,SCALE_DOWN,3000.0
21000.0,21000.049,1.0,STAY_ACTIVE,21000.048828125
5074.8,5089.7236,0.9971,SCALE_DOWN,3000.0
21000.0,21000.047,1.0,STAY_ACTIVE,21000.046875
7936.500000000001,7911.379,0.9968,SCALE_DOWN,3000.0
21000.0,21000.049,1.0,STAY_ACTIVE,21000.048828125
16793.100000000002,16768.896,0.9986,STAY_ACTIVE,16768.896484375
21000.0,21000.047,1.0,STAY_ACTIVE,21000.046875
3000.0,3000.4214,0.9999,SCALE_DOWN,3000.0
3000.0,3000.4214,0.9999,SCALE_DOWN,3000.0
17608.2,17518.87,0.9949,STAY_ACTIVE,17518.869140625
3768.9,3757.1401,0.9969,SCALE_DOWN,3000.0
3000.0,3000.4214,0.9999,SCALE_DOWN,3000.0
3000.0,3000.4214,0.9999,SCALE_DOWN,3000.0
3000.0,3000.4214,0.9999,SCALE_DOWN,3000.0
3000.0,3000.4214,0.9999,SCALE_DOWN,3000.0
21000.0,21000.047,1.0,STAY_ACTIVE,21000.046875
3000.0,3000.4214,0.9999,SCALE_DOWN,3000.0
21000.0,21000.078,1.0,STAY_ACTIVE,21000.078125
19929.6,19887.41,0.9979,STAY_ACTIVE,19887.41015625
3000.0,3000.4214,0.9999,SCALE_DOWN,3000.0
10762.5,10774.167,0.9989,STAY_ACTIVE,10774.1669921875
3000.0,3000.4214,0.9999,SCALE_DOWN,3000.0
8270.7,8267.873,0.9997,SCALE_DOWN,3000.0
21000.0,21000.047,1.0,STAY_ACTIVE,21000.046875
12157.5,12136.4,0.9983,STAY_ACTIVE,12136.400390625
21000.0,20999.299,1.0,STAY_ACTIVE,20999.298828125
8105.7,8143.6074,0.9953,SCALE_DOWN,3000.0
3000.0,3000.4214,0.9999,SCALE_DOWN,3000.0
13668.0,13689.392,0.9984,STAY_ACTIVE,13689.3916015625
3000.0,3000.4214,0.9999,SCALE_DOWN,3000.0
3000.0,3000.4214,0.9999,SCALE_DOWN,3000.0
3000.0,3000.4214,0.9999,SCALE_DOWN,3000.0
21000.0,20999.297,1.0,STAY_ACTIVE,20999.296875
3545.1,3564.1384,0.9946,SCALE_DOWN,3000.0
3000.0,3000.4214,0.9999,SCALE_DOWN,3000.0
21000.0,21000.096,1.0,STAY_ACTIVE,21000.095703125
3000.0,3000.4214,0.9999,SCALE_DOWN,3000.0
6216.9,6216.9673,1.0,SCALE_DOWN,3000.0
16951.5,16944.688,0.9996,STAY_ACTIVE,16944.6875
3000.0,3000.4214,0.9999,SCALE_DOWN,3000.0
3000.0,3000.4214,0.9999,SCALE_DOWN,3000.0
4387.2,4393.307,0.9986,SCALE_DOWN,3000.0
10242.6,10236.289,0.9994,STAY_ACTIVE,10236.2890625
3000.0,3000.4214,0.9999,SCALE_DOWN,3000.0
21000.0,20999.766,1.0,STAY_ACTIVE,20999.765625
21000.0,20906.479,0.9955,STAY_ACTIVE,20906.478515625
21000.0,21000.049,1.0,STAY_ACTIVE,21000.048828125
20550.3,20465.154,0.9959,STAY_ACTIVE,20465.154296875
3000.0,3000.4214,0.9999,SCALE_DOWN,3000.0
20235.0,20312.26,0.9962,STAY_ACTIVE,20312.259765625
7550.1,7537.334,0.9983,SCALE_DOWN,3000.0
3000.0,3000.4214,0.9999,SCALE_DOWN,3000.0
9056.4,9056.644,1.0,STAY_ACTIVE,9056.6435546875
21000.0,20999.133,1.0,STAY_ACTIVE,20999.1328125
3000.0,3000.4214,0.9999,SCALE_DOWN,3000.0
21000.0,20997.979,0.9999,STAY_ACTIVE,20997.978515625
6789.3,6766.9453,0.9967,SCALE_DOWN,3000.0
21000.0,21000.047,1.0,STAY_ACTIVE,21000.046875
21000.0,21000.047,1.0,STAY_ACTIVE,21000.046875
9921.9,9887.194,0.9965,STAY_ACTIVE,9887.1943359375
21000.0,21000.092,1.0,STAY_ACTIVE,21000.091796875
11503.5,11565.083,0.9946,STAY_ACTIVE,11565.0830078125
5895.0,5897.876,0.9995,SCALE_DOWN,3000.0
3000.0,3000.4214,0.9999,SCALE_DOWN,3000.0
3000.0,3000.4214,0.9999,SCALE_DOWN,3000.0
3000.0,3000.4214,0.9999,SCALE_DOWN,3000.0
13777.2,13770.414,0.9995,STAY_ACTIVE,13770.4140625
11042.1,11078.116,0.9967,STAY_ACTIVE,11078.1162109375
6463.5,6458.7095,0.9993,SCALE_DOWN,3000.0
21000.0,20994.193,0.9997,STAY_ACTIVE,20994.193359375
3000.0,3000.4214,0.9999,SCALE_DOWN,3000.0
14231.7,14272.602,0.9971,STAY_ACTIVE,14272.6015625
9267.3,9247.328,0.9978,STAY_ACTIVE,9247.328125
21000.0,21016.191,0.9992,STAY_ACTIVE,21016.19140625
7544.700000000001,7521.485,0.9969,SCALE_DOWN,3000.0
13197.9,13182.818,0.9989,STAY_ACTIVE,13182.818359375
21000.0,20997.623,0.9999,STAY_ACTIVE,20997.623046875
4979.1,4968.728,0.9979,SCALE_DOWN,3000.0
3000.0,3000.4214,0.9999,SCALE_DOWN,3000.0
21000.0,20996.729,0.9998,STAY_ACTIVE,20996.728515625
17683.5,17712.467,0.9984,STAY_ACTIVE,17712.466796875
3000.0,3000.4214,0.9999,SCALE_DOWN,3000.0
6707.700000000001,6717.8716,0.9985,SCALE_DOWN,3000.0
3389.7000000000003,3386.26,0.999,SCALE_DOWN,3000.0
21000.0,20999.672,1.0,STAY_ACTIVE,20999.671875
3000.0,3000.4214,0.9999,SCALE_DOWN,3000.0
7440.0,7442.59,0.9997,SCALE_DOWN,3000.0
12236.1,12228.09,0.9993,STAY_ACTIVE,12228.08984375
21000.0,21000.047,1.0,STAY_ACTIVE,21000.046875
3000.0,3000.4214,0.9999,SCALE_DOWN,3000.0
6765.6,6766.9453,0.9998,SCALE_DOWN,3000.0
3000.0,3000.4214,0.9999,SCALE_DOWN,3000.0
21000.0,21000.049,1.0,STAY_ACTIVE,21000.048828125
3464.1000000000004,3447.5276,0.9952,SCALE_DOWN,3000.0
21000.0,21000.047,1.0,STAY_ACTIVE,21000.046875
3000.0,3000.4214,0.9999,SCALE_DOWN,3000.0
3000.0,3000.4214,0.9999,SCALE_DOWN,3000.0
3000.0,3000.4214,0.9999,SCALE_DOWN,3000.0
14711.100000000002,14671.848,0.9973,STAY_ACTIVE,14671.84765625
3000.0,3000.4214,0.9999,SCALE_DOWN,3000.0
3000.0,3000.4214,0.9999,SCALE_DOWN,3000.0
3000.0,3000.4214,0.9999,SCALE_DOWN,3000.0
21000.0,20999.479,1.0,STAY_ACTIVE,20999.478515625
21000.0,20999.852,1.0,STAY_ACTIVE,20999.8515625
3000.0,3000.4214,0.9999,SCALE_DOWN,3000.0
6080.1,6073.9707,0.999,SCALE_DOWN,3000.0
6689.1,6696.032,0.999,SCALE_DOWN,3000.0
11925.9,11910.352,0.9987,STAY_ACTIVE,11910.3515625
3000.0,3000.4214,0.9999,SCALE_DOWN,3000.0
3000.0,3000.4214,0.9999,SCALE_DOWN,3000.0
20403.0,20435.893,0.9984,STAY_ACTIVE,20435.892578125
3000.0,3000.4214,0.9999,SCALE_DOWN,3000.0
20328.9,20031.54,0.9854,STAY_ACTIVE,20031.5390625
3000.0,3000.4214,0.9999,SCALE_DOWN,3000.0
6795.6,6821.5884,0.9962,SCALE_DOWN,3000.0
12051.6,12101.88,0.9958,STAY_ACTIVE,12101.8798828125
6658.5,6658.4146,1.0,SCALE_DOWN,3000.0
9119.1,9138.103,0.9979,STAY_ACTIVE,9138.1025390625
12662.1,12683.112,0.9983,STAY_ACTIVE,12683.1123046875
17128.2,17149.01,0.9988,STAY_ACTIVE,17149.009765625
21000.0,21000.049,1.0,STAY_ACTIVE,21000.048828125
5204.7,5200.4336,0.9992,SCALE_DOWN,3000.0
6357.3,6331.471,0.9959,SCALE_DOWN,3000.0
12253.2,12274.609,0.9983,STAY_ACTIVE,12274.609375
11146.2,11078.0205,0.9939,STAY_ACTIVE,11078.0205078125
3000.0,3000.4214,0.9999,SCALE_DOWN,3000.0
21000.0,21000.078,1.0,STAY_ACTIVE,21000.078125
21000.0,21000.078,1.0,STAY_ACTIVE,21000.078125
9286.5,9380.267,0.9899,STAY_ACTIVE,9380.2666015625
12436.5,12301.104,0.9891,STAY_ACTIVE,12301.103515625
12763.2,12713.38,0.9961,STAY_ACTIVE,12713.3798828125
21000.0,21000.047,1.0,STAY_ACTIVE,21000.046875
3000.0,3000.4214,0.9999,SCALE_DOWN,3000.0
12080.1,12115.557,0.9971,STAY_ACTIVE,12115.556640625
21000.0,20999.367,1.0,STAY_ACTIVE,20999.3671875
21000.0,21000.121,1.0,STAY_ACTIVE,21000.12109375
10281.6,10298.422,0.9984,STAY_ACTIVE,10298.421875
21000.0,20999.479,1.0,STAY_ACTIVE,20999.478515625
5056.200000000001,5056.4805,0.9999,SCALE_DOWN,3000.0
21000.0,21000.049,1.0,STAY_ACTIVE,21000.048828125
3000.0,3000.4214,0.9999,SCALE_DOWN,3000.0
11634.0,11634.439,1.0,STAY_ACTIVE,11634.439453125
10223.7,10151.626,0.993,STAY_ACTIVE,10151.6259765625
19066.800000000003,19169.027,0.9946,STAY_ACTIVE,19169.02734375
9864.6,9850.006,0.9985,STAY_ACTIVE,9850.005859375
3688.2,3667.032,0.9943,SCALE_DOWN,3000.0
16066.500000000002,16081.022,0.9991,STAY_ACTIVE,16081.0224609375
6881.700000000001,6865.8047,0.9977,SCALE_DOWN,3000.0
3000.0,3000.4214,0.9999,SCALE_DOWN,3000.0
21000.0,21000.639,1.0,STAY_ACTIVE,21000.638671875
20060.4,19900.457,0.992,STAY_ACTIVE,19900.45703125
11416.5,11373.823,0.9963,STAY_ACTIVE,11373.8232421875
21000.0,20997.633,0.9999,STAY_ACTIVE,20997.6328125
5137.8,5144.7524,0.9986,SCALE_DOWN,3000.0
5271.9,5291.849,0.9962,SCALE_DOWN,3000.0
6526.5,6510.053,0.9975,SCALE_DOWN,3000.0
3000.0,3000.4214,0.9999,SCALE_DOWN,3000.0
3000.0,3000.4214,0.9999,SCALE_DOWN,3000.0
6332.1,6319.0845,0.9979,SCALE_DOWN,3000.0
21000.0,21000.078,1.0,STAY_ACTIVE,21000.078125
3000.0,3000.4214,0.9999,SCALE_DOWN,3000.0
6682.800000000001,6696.032,0.998,SCALE_DOWN,3000.0
12369.3,12410.68,0.9967,STAY_ACTIVE,12410.6796875
21000.0,21013.672,0.9993,STAY_ACTIVE,21013.671875
20646.300000000003,20639.977,0.9997,STAY_ACTIVE,20639.9765625
14618.999999999998,14511.16,0.9926,STAY_ACTIVE,14511.16015625
21000.0,20999.328,1.0,STAY_ACTIVE,20999.328125
13779.9,13746.042,0.9975,STAY_ACTIVE,13746.0419921875
21000.0,20999.107,1.0,STAY_ACTIVE,20999.107421875
21000.0,20997.596,0.9999,STAY_ACTIVE,20997.595703125
3000.0,3000.4214,0.9999,SCALE_DOWN,3000.0
16061.1,16150.785,0.9944,STAY_ACTIVE,16150.78515625
21000.0,21000.078,1.0,STAY_ACTIVE,21000.078125
15480.9,15497.107,0.999,STAY_ACTIVE,15497.107421875
21000.0,21000.078,1.0,STAY_ACTIVE,21000.078125
3000.0,3000.4214,0.9999,SCALE_DOWN,3000.0
3000.0,3000.4214,0.9999,SCALE_DOWN,3000.0
5034.9,4979.263,0.9889,SCALE_DOWN,3000.0
3000.0,3000.4214,0.9999,SCALE_DOWN,3000.0
17488.5,17450.514,0.9978,STAY_ACTIVE,17450.513671875
4426.2,4410.4517,0.9964,SCALE_DOWN,3000.0
21000.0,21041.273,0.998,STAY_ACTIVE,21041.2734375
15253.5,15389.952,0.9911,STAY_ACTIVE,15389.9521484375
15880.5,15860.319,0.9987,STAY_ACTIVE,15860.3193359375
11754.6,11833.798,0.9933,STAY_ACTIVE,11833.7978515625
21000.0,21000.047,1.0,STAY_ACTIVE,21000.046875
21000.0,20999.852,1.0,STAY_ACTIVE,20999.8515625
3000.0,3000.4214,0.9999,SCALE_DOWN,3000.0
13170.3,13141.629,0.9978,STAY_ACTIVE,13141.62890625
16194.000000000002,16199.662,0.9997,STAY_ACTIVE,16199.662109375
5838.599999999999,5843.9805,0.9991,SCALE_DOWN,3000.0
6162.0,6166.2573,0.9993,SCALE_DOWN,3000.0
7881.900000000001,7890.1313,0.999,SCALE_DOWN,3000.0
3000.0,3000.4214,0.9999,SCALE_DOWN,3000.0
21000.0,21000.09,1.0,STAY_ACTIVE,21000.08984375
3000.0,3000.4214,0.9999,SCALE_DOWN,3000.0
18155.1,18107.533,0.9974,STAY_ACTIVE,18107.533203125
8012.4000000000015,8025.5225,0.9984,SCALE_DOWN,3000.0
3000.0,3000.4214,0.9999,SCALE_DOWN,3000.0
15554.4,15513.733,0.9974,STAY_ACTIVE,15513.7333984375
4047.9,4067.6553,0.9951,SCALE_DOWN,3000.0
3000.0,3000.4214,0.9999,SCALE_DOWN,3000.0
21000.0,21000.047,1.0,STAY_ACTIVE,21000.046875
6803.1,6834.9907,0.9953,SCALE_DOWN,3000.0
3000.0,3000.4214,0.9999,SCALE_DOWN,3000.0
17951.7,17878.354,0.9959,STAY_ACTIVE,17878.353515625
3448.5,3369.3875,0.9771,SCALE_DOWN,3000.0
6525.000000000001,6492.6304,0.995,SCALE_DOWN,3000.0
6906.6,6895.5054,0.9984,SCALE_DOWN,3000.0
19367.699999999997,19436.799,0.9964,STAY_ACTIVE,19436.798828125
21000.0,21000.047,1.0,STAY_ACTIVE,21000.046875
8740.2,8719.993,0.9977,SCALE_DOWN,3000.0
3000.0,3000.4214,0.9999,SCALE_DOWN,3000.0
5357.4,5357.4736,1.0,SCALE_DOWN,3000.0
12269.7,12467.407,0.9839,STAY_ACTIVE,12467.4072265625
3000.0,3000.4214,0.9999,SCALE_DOWN,3000.0
3000.0,3000.4214,0.9999,SCALE_DOWN,3000.0
3000.0,3000.4214,0.9999,SCALE_DOWN,3000.0
3393.2999999999997,3381.238,0.9964,SCALE_DOWN,3000.0
21000.0,21000.047,1.0,STAY_ACTIVE,21000.046875
7916.1,7922.6714,0.9992,SCALE_DOWN,3000.0
7837.8,7810.709,0.9965,SCALE_DOWN,3000.0
10110.9,10121.967,0.9989,STAY_ACTIVE,10121.966796875
21000.0,20997.596,0.9999,STAY_ACTIVE,20997.595703125
12268.500000000002,12217.999,0.9959,STAY_ACTIVE,12217.9990234375
3000.0,3000.4214,0.9999,SCALE_DOWN,3000.0
6418.8,6427.6055,0.9986,SCALE_DOWN,3000.0
3000.0,3000.4214,0.9999,SCALE_DOWN,3000.0
4988.4,5014.3564,0.9948,SCALE_DOWN,3000.0
10511.4,10517.1875,0.9994,STAY_ACTIVE,10517.1875
3000.0,3000.4214,0.9999,SCALE_DOWN,3000.0
3761.7,3787.5479,0.9931,SCALE_DOWN,3000.0
9271.2,9302.495,0.9966,STAY_ACTIVE,9302.4951171875
3000.0,3000.4214,0.9999,SCALE_DOWN,3000.0
20937.300000000003,20822.164,0.9945,STAY_ACTIVE,20822.1640625
3000.0,3000.4214,0.9999,SCALE_DOWN,3000.0
5915.700000000001,5911.4546,0.9993,SCALE_DOWN,3000.0
21000.0,20999.584,1.0,STAY_ACTIVE,20999.583984375
5667.3,5688.968,0.9962,SCALE_DOWN,3000.0
15204.9,15207.09,0.9999,STAY_ACTIVE,15207.08984375
21000.0,21000.047,1.0,STAY_ACTIVE,21000.046875
3000.0,3000.4214,0.9999,SCALE_DOWN,3000.0
21000.0,21019.516,0.9991,STAY_ACTIVE,21019.515625
3000.0,3000.4214,0.9999,SCALE_DOWN,3000.0
3000.0,3000.4214,0.9999,SCALE_DOWN,3000.0
6798.000000000001,6807.8936,0.9985,SCALE_DOWN,3000.0
3000.0,3000.4214,0.9999,SCALE_DOWN,3000.0
3000.0,3000.4214,0.9999,SCALE_DOWN,3000.0
3000.0,3000.4214,0.9999,SCALE_DOWN,3000.0
21000.0,21000.047,1.0,STAY_ACTIVE,21000.046875
3000.0,3000.4214,0.9999,SCALE_DOWN,3000.0
21000.0,21000.049,1.0,STAY_ACTIVE,21000.048828125
3000.0,3000.4214,0.9999,SCALE_DOWN,3000.0
3000.0,3000.4214,0.9999,SCALE_DOWN,3000.0
21000.0,21016.16,0.9992,STAY_ACTIVE,21016.16015625
7501.5,7486.2944,0.998,SCALE_DOWN,3000.0
3000.0,3000.4214,0.9999,SCALE_DOWN,3000.0
3000.0,3000.4214,0.9999,SCALE_DOWN,3000.0
21000.0,21000.047,1.0,STAY_ACTIVE,21000.046875
3000.0,3000.4214,0.9999,SCALE_DOWN,3000.0
3000.0,3000.4214,0.9999,SCALE_DOWN,3000.0
3000.0,3000.4214,0.9999,SCALE_DOWN,3000.0
6009.9,5993.8057,0.9973,SCALE_DOWN,3000.0
9843.6,9804.724,0.9961,STAY_ACTIVE,9804.7236328125
3000.0,3000.4214,0.9999,SCALE_DOWN,3000.0
10692.6,10748.412,0.9948,STAY_ACTIVE,10748.412109375
3151.5,3124.9683,0.9916,SCALE_DOWN,3000.0
13034.999999999998,12990.859,0.9966,STAY_ACTIVE,12990.859375
12813.9,12793.344,0.9984,STAY_ACTIVE,12793.34375
21000.0,21000.078,1.0,STAY_ACTIVE,21000.078125
9769.8,9782.4375,0.9987,STAY_ACTIVE,9782.4375
21000.0,21000.639,1.0,STAY_ACTIVE,21000.638671875
4216.2,4186.5454,0.993,SCALE_DOWN,3000.0
3000.0,3000.4214,0.9999,SCALE_DOWN,3000.0
6142.2,6125.248,0.9972,SCALE_DOWN,3000.0
5892.9,5905.8765,0.9978,SCALE_DOWN,3000.0
8479.2,8510.656,0.9963,SCALE_DOWN,3000.0
3078.0,3082.367,0.9986,SCALE_DOWN,3000.0
21000.0,20999.852,1.0,STAY_ACTIVE,20999.8515625
15442.5,15394.625,0.9969,STAY_ACTIVE,15394.625
8847.6,8853.739,0.9993,SCALE_DOWN,3000.0
3463.5,3412.7817,0.9854,SCALE_DOWN,3000.0
21000.0,21000.049,1.0,STAY_ACTIVE,21000.048828125
9599.4,9619.138,0.9979,STAY_ACTIVE,9619.1376953125
5346.599999999999,5322.137,0.9954,SCALE_DOWN,3000.0
3000.0,3000.4214,0.9999,SCALE_DOWN,3000.0
3473.7000000000003,3418.473,0.9841,SCALE_DOWN,3000.0
3000.0,3000.4214,0.9999,SCALE_DOWN,3000.0
11580.3,11721.118,0.9878,STAY_ACTIVE,11721.1181640625
21000.0,20999.852,1.0,STAY_ACTIVE,20999.8515625
11187.3,11248.689,0.9945,STAY_ACTIVE,11248.689453125
15204.6,15242.587,0.9975,STAY_ACTIVE,15242.5869140625
17534.699999999997,17537.389,0.9998,STAY_ACTIVE,17537.388671875
3256.5,3292.7153,0.9889,SCALE_DOWN,3000.0
10041.3,10072.298,0.9969,STAY_ACTIVE,10072.2978515625
9797.7,9793.633,0.9996,STAY_ACTIVE,9793.6328125
15511.2,15546.828,0.9977,STAY_ACTIVE,15546.828125
21000.0,21000.047,1.0,STAY_ACTIVE,21000.046875
3000.0,3000.4214,0.9999,SCALE_DOWN,3000.0
4484.099999999999,4492.3657,0.9982,SCALE_DOWN,3000.0
3000.0,3000.4214,0.9999,SCALE_DOWN,3000.0
3000.0,3000.4214,0.9999,SCALE_DOWN,3000.0
15135.6,15156.408,0.9986,STAY_ACTIVE,15156.408203125
8711.1,8670.866,0.9954,SCALE_DOWN,3000.0
8495.1,8451.628,0.9949,SCALE_DOWN,3000.0
20736.6,20867.615,0.9937,STAY_ACTIVE,20867.615234375
3000.0,3000.4214,0.9999,SCALE_DOWN,3000.0
5261.400000000001,5515.757,0.9517,SCALE_DOWN,3000.0
3000.0,3000.4214,0.9999,SCALE_DOWN,3000.0
3000.0,3000.4214,0.9999,SCALE_DOWN,3000.0
5847.6,5855.606,0.9986,SCALE_DOWN,3000.0
3000.0,3000.4214,0.9999,SCALE_DOWN,3000.0
3000.0,3000.4214,0.9999,SCALE_DOWN,3000.0
3000.0,3000.4214,0.9999,SCALE_DOWN,3000.0
3000.0,3000.4214,0.9999,SCALE_DOWN,3000.0
21000.0,20980.137,0.9991,STAY_ACTIVE,20980.13671875
21000.0,21000.078,1.0,STAY_ACTIVE,21000.078125
3000.0,3000.4214,0.9999,SCALE_DOWN,3000.0
7090.200000000001,7092.3286,0.9997,SCALE_DOWN,3000.0
21000.0,21000.078,1.0,STAY_ACTIVE,21000.078125
21000.0,21000.049,1.0,STAY_ACTIVE,21000.048828125
11171.7,11232.312,0.9946,STAY_ACTIVE,11232.3115234375
3000.0,3000.4214,0.9999,SCALE_DOWN,3000.0
21000.0,21000.047,1.0,STAY_ACTIVE,21000.046875
21000.0,21000.047,1.0,STAY_ACTIVE,21000.046875
21000.0,21000.047,1.0,STAY_ACTIVE,21000.046875
9372.9,9365.777,0.9992,STAY_ACTIVE,9365.77734375
3000.0,3000.4214,0.9999,SCALE_DOWN,3000.0
21000.0,21000.047,1.0,STAY_ACTIVE,21000.046875
21000.0,21000.047,1.0,STAY_ACTIVE,21000.046875
15339.6,15371.579,0.9979,STAY_ACTIVE,15371.5791015625
21000.0,21000.047,1.0,STAY_ACTIVE,21000.046875
21000.0,21000.078,1.0,STAY_ACTIVE,21000.078125
21000.0,21000.047,1.0,STAY_ACTIVE,21000.046875
21000.0,21000.047,1.0,STAY_ACTIVE,21000.046875
5947.5,5945.737,0.9997,SCALE_DOWN,3000.0
6191.700000000001,6206.7393,0.9976,SCALE_DOWN,3000.0
19535.1,19394.068,0.9928,STAY_ACTIVE,19394.068359375
3000.0,3000.4214,0.9999,SCALE_DOWN,3000.0
14488.5,14458.279,0.9979,STAY_ACTIVE,14458.279296875
3000.0,3000.4214,0.9999,SCALE_DOWN,3000.0
14644.500000000002,14625.968,0.9987,STAY_ACTIVE,14625.9677734375
17559.3,17489.424,0.996,STAY_ACTIVE,17489.423828125
21000.0,21000.078,1.0,STAY_ACTIVE,21000.078125
3000.0,3000.4214,0.9999,SCALE_DOWN,3000.0
12792.300000000005,12885.139,0.9927,STAY_ACTIVE,12885.138671875
3000.0,3000.4214,0.9999,SCALE_DOWN,3000.0
3000.0,3000.4214,0.9999,SCALE_DOWN,3000.0
21000.0,21000.252,1.0,STAY_ACTIVE,21000.251953125
4017.9,3989.7964,0.993,SCALE_DOWN,3000.0
21000.0,21000.049,1.0,STAY_ACTIVE,21000.048828125
13748.7,13841.081,0.9933,STAY_ACTIVE,13841.0810546875
12093.600000000002,12090.653,0.9998,STAY_ACTIVE,12090.6533203125
17956.2,17968.19,0.9993,STAY_ACTIVE,17968.189453125
5572.5,5578.2666,0.999,SCALE_DOWN,3000.0
13551.3,13605.418,0.996,STAY_ACTIVE,13605.41796875
10014.6,10009.757,0.9995,STAY_ACTIVE,10009.7568359375
6844.5,6886.2417,0.9939,SCALE_DOWN,3000.0
21000.0,20996.676,0.9998,STAY_ACTIVE,20996.67578125
5544.3,5571.8115,0.995,SCALE_DOWN,3000.0
9181.2,9191.74,0.9989,STAY_ACTIVE,9191.740234375
3000.0,3000.4214,0.9999,SCALE_DOWN,3000.0
6125.4,6086.962,0.9937,SCALE_DOWN,3000.0
3000.0,3000.4214,0.9999,SCALE_DOWN,3000.0
3000.0,3000.4214,0.9999,SCALE_DOWN,3000.0
10110.0,10089.34,0.998,STAY_ACTIVE,10089.33984375
5281.200000000001,5278.2983,0.9995,SCALE_DOWN,3000.0
3000.0,3000.4214,0.9999,SCALE_DOWN,3000.0
3000.0,3000.4214,0.9999,SCALE_DOWN,3000.0
21000.0,20999.498,1.0,STAY_ACTIVE,20999.498046875
3000.0,3000.4214,0.9999,SCALE_DOWN,3000.0
3480.0,3485.433,0.9984,SCALE_DOWN,3000.0
13551.0,13725.826,0.9871,STAY_ACTIVE,13725.826171875
3000.0,3000.4214,0.9999,SCALE_DOWN,3000.0
3000.0,3000.4214,0.9999,SCALE_DOWN,3000.0
6292.5,6371.036,0.9875,SCALE_DOWN,3000.0
4614.6,4559.5957,0.9881,SCALE_DOWN,3000.0
18459.0,18322.06,0.9926,STAY_ACTIVE,18322.060546875
11203.5,11157.146,0.9959,STAY_ACTIVE,11157.146484375
7319.400000000001,7250.4653,0.9906,SCALE_DOWN,3000.0
6435.6,6439.605,0.9994,SCALE_DOWN,3000.0
6009.300000000001,6017.7764,0.9986,SCALE_DOWN,3000.0
3000.0,3000.4214,0.9999,SCALE_DOWN,3000.0
19278.9,19268.08,0.9994,STAY_ACTIVE,19268.080078125
12223.8,12297.273,0.994,STAY_ACTIVE,12297.2734375
3000.0,3000.4214,0.9999,SCALE_DOWN,3000.0
21000.0,21000.047,1.0,STAY_ACTIVE,21000.046875
18642.000000000004,18696.695,0.9971,STAY_ACTIVE,18696.6953125
3285.2999999999997,3311.5242,0.992,SCALE_DOWN,3000.0
21000.0,21000.047,1.0,STAY_ACTIVE,21000.046875
8137.8,8121.2964,0.998,SCALE_DOWN,3000.0
21000.0,21000.047,1.0,STAY_ACTIVE,21000.046875
3000.0,3000.4214,0.9999,SCALE_DOWN,3000.0
21000.0,21000.078,1.0,STAY_ACTIVE,21000.078125
3000.0,3000.4214,0.9999,SCALE_DOWN,3000.0
5690.099999999999,5691.0464,0.9998,SCALE_DOWN,3000.0
5459.700000000001,5475.459,0.9971,SCALE_DOWN,3000.0
3000.0,3000.4214,0.9999,SCALE_DOWN,3000.0
21000.0,21000.078,1.0,STAY_ACTIVE,21000.078125
5881.5,5925.487,0.9925,SCALE_DOWN,3000.0
12152.1,11541.692,0.9498,STAY_ACTIVE,11541.6923828125
4932.9,4918.9927,0.9972,SCALE_DOWN,3000.0
21000.0,21005.38,0.9997,STAY_ACTIVE,21005.380859375
3000.0,3000.4214,0.9999,SCALE_DOWN,3000.0
10819.500000000002,10866.328,0.9957,STAY_ACTIVE,10866.328125
21000.0,21000.047,1.0,STAY_ACTIVE,21000.046875
6386.400000000001,6414.9287,0.9955,SCALE_DOWN,3000.0
21000.0,20999.852,1.0,STAY_ACTIVE,20999.8515625
3000.0,3000.4214,0.9999,SCALE_DOWN,3000.0
3000.0,3000.4214,0.9999,SCALE_DOWN,3000.0
6277.200000000001,6265.0103,0.9981,SCALE_DOWN,3000.0
11927.1,11912.863,0.9988,STAY_ACTIVE,11912.86328125
3000.0,3000.4214,0.9999,SCALE_DOWN,3000.0
11306.4,11299.06,0.9994,STAY_ACTIVE,11299.0595703125
12015.0,12075.375,0.995,STAY_ACTIVE,12075.375
3000.0,3000.4214,0.9999,SCALE_DOWN,3000.0
7561.200000000001,7560.6313,0.9999,SCALE_DOWN,3000.0
11029.8,11026.629,0.9997,STAY_ACTIVE,11026.62890625
6274.8,6253.822,0.9967,SCALE_DOWN,3000.0
21000.0,21000.047,1.0,STAY_ACTIVE,21000.046875
4372.200000000001,4391.2334,0.9956,SCALE_DOWN,3000.0
3000.0,3000.4214,0.9999,SCALE_DOWN,3000.0
3000.0,3000.4214,0.9999,SCALE_DOWN,3000.0
11795.1,11922.84,0.9892,STAY_ACTIVE,11922.83984375
5811.9,5815.416,0.9994,SCALE_DOWN,3000.0
3000.0,3000.4214,0.9999,SCALE_DOWN,3000.0
3000.0,3000.4214,0.9999,SCALE_DOWN,3000.0
19500.000000000004,19445.51,0.9972,STAY_ACTIVE,19445.509765625
3000.0,3000.4214,0.9999,SCALE_DOWN,3000.0
9940.5,9882.953,0.9942,STAY_ACTIVE,9882.953125
12814.2,12984.31,0.9867,STAY_ACTIVE,12984.3095703125
14570.7,14866.167,0.9797,STAY_ACTIVE,14866.1669921875
7516.200000000001,7510.2397,0.9992,SCALE_DOWN,3000.0
21000.0,20999.852,1.0,STAY_ACTIVE,20999.8515625
16596.0,16707.178,0.9933,STAY_ACTIVE,16707.177734375
8391.3,8405.137,0.9984,SCALE_DOWN,3000.0
7476.6,7470.295,0.9992,SCALE_DOWN,3000.0
3000.0,3000.4214,0.9999,SCALE_DOWN,3000.0
7377.9,7408.767,0.9958,SCALE_DOWN,3000.0
17706.600000000002,17610.557,0.9946,STAY_ACTIVE,17610.556640625
21000.0,21000.078,1.0,STAY_ACTIVE,21000.078125
12900.0,12896.589,0.9997,STAY_ACTIVE,12896.5888671875
5793.299999999999,5803.454,0.9982,SCALE_DOWN,3000.0
6128.7,6139.5317,0.9982,SCALE_DOWN,3000.0
3000.0,3000.4214,0.9999,SCALE_DOWN,3000.0
10060.8,10079.882,0.9981,STAY_ACTIVE,10079.8818359375
21000.0,20996.79,0.9998,STAY_ACTIVE,20996.7890625
13167.6,13163.276,0.9997,STAY_ACTIVE,13163.2763671875
21000.0,20998.174,0.9999,STAY_ACTIVE,20998.173828125
3000.0,3000.4214,0.9999,SCALE_DOWN,3000.0
3000.0,3000.4214,0.9999,SCALE_DOWN,3000.0
21000.0,20997.5,0.9999,STAY_ACTIVE,20997.5
3000.0,3000.4214,0.9999,SCALE_DOWN,3000.0
3000.0,3000.4214,0.9999,SCALE_DOWN,3000.0
21000.0,20999.852,1.0,STAY_ACTIVE,20999.8515625
10778.7,10801.627,0.9979,STAY_ACTIVE,10801.626953125
8393.7,8376.517,0.998,SCALE_DOWN,3000.0
10861.8,10860.684,0.9999,STAY_ACTIVE,10860.68359375
21000.0,21000.047,1.0,STAY_ACTIVE,21000.046875
20093.7,20084.785,0.9996,STAY_ACTIVE,20084.78515625
3000.0,3000.4214,0.9999,SCALE_DOWN,3000.0
3000.0,3000.4214,0.9999,SCALE_DOWN,3000.0
6664.5,6751.5776,0.9869,SCALE_DOWN,3000.0
7332.0,7290.7905,0.9944,SCALE_DOWN,3000.0
4583.1,4598.677,0.9966,SCALE_DOWN,3000.0
3000.0,3000.4214,0.9999,SCALE_DOWN,3000.0
5661.3,5655.0674,0.9989,SCALE_DOWN,3000.0
6329.1,6296.15,0.9948,SCALE_DOWN,3000.0
3000.0,3000.4214,0.9999,SCALE_DOWN,3000.0
6309.300000000001,6324.342,0.9976,SCALE_DOWN,3000.0
10184.1,10069.67,0.9888,STAY_ACTIVE,10069.669921875
3000.0,3000.4214,0.9999,SCALE_DOWN,3000.0
21000.0,21000.078,1.0,STAY_ACTIVE,21000.078125
3000.0,3000.4214,0.9999,SCALE_DOWN,3000.0
3914.1,3947.316,0.9915,SCALE_DOWN,3000.0
21000.0,21000.078,1.0,STAY_ACTIVE,21000.078125
21000.0,20997.953,0.9999,STAY_ACTIVE,20997.953125
7714.500000000001,7666.4604,0.9938,SCALE_DOWN,3000.0
12548.7,12583.992,0.9972,STAY_ACTIVE,12583.9921875
3000.0,3000.4214,0.9999,SCALE_DOWN,3000.0
21000.0,21000.047,1.0,STAY_ACTIVE,21000.046875
3000.0,3000.4214,0.9999,SCALE_DOWN,3000.0
7152.9,7138.4717,0.998,SCALE_DOWN,3000.0
21000.0,21000.164,1.0,STAY_ACTIVE,21000.1640625
3000.0,3000.4214,0.9999,SCALE_DOWN,3000.0
4272.6,4273.088,0.9999,SCALE_DOWN,3000.0
3000.0,3000.4214,0.9999,SCALE_DOWN,3000.0
3000.0,3000.4214,0.9999,SCALE_DOWN,3000.0
3000.0,3000.4214,0.9999,SCALE_DOWN,3000.0
9690.9,9755.073,0.9934,STAY_ACTIVE,9755.0732421875
3000.0,3000.4214,0.9999,SCALE_DOWN,3000.0
9999.9,10073.096,0.9927,STAY_ACTIVE,10073.095703125
16983.600000000002,17039.059,0.9967,STAY_ACTIVE,17039.05859375
15980.1,15971.353,0.9995,STAY_ACTIVE,15971.3525390625
7354.5,7340.926,0.9982,SCALE_DOWN,3000.0
21000.0,21000.09,1.0,STAY_ACTIVE,21000.08984375
3000.0,3000.4214,0.9999,SCALE_DOWN,3000.0
9640.5,9718.005,0.992,STAY_ACTIVE,9718.0048828125
9661.2,9612.736,0.995,STAY_ACTIVE,9612.736328125
11120.4,11139.075,0.9983,STAY_ACTIVE,11139.0751953125
13474.2,13522.923,0.9964,STAY_ACTIVE,13522.9228515625
15733.2,15803.394,0.9955,STAY_ACTIVE,15803.3935546875
21000.0,20947.95,0.9975,STAY_ACTIVE,20947.94921875
20748.6,20650.146,0.9953,STAY_ACTIVE,20650.146484375
8786.1,8704.105,0.9907,SCALE_DOWN,3000.0
6813.0,6845.364,0.9952,SCALE_DOWN,3000.0
21000.0,21000.984,1.0,STAY_ACTIVE,21000.984375
10843.500000000002,10809.45,0.9969,STAY_ACTIVE,10809.4501953125
8243.7,8284.96,0.995,SCALE_DOWN,3000.0
3000.0,3000.4214,0.9999,SCALE_DOWN,3000.0
3196.5,3210.828,0.9955,SCALE_DOWN,3000.0
8167.799999999999,8173.9707,0.9992,SCALE_DOWN,3000.0
21000.0,20999.328,1.0,STAY_ACTIVE,20999.328125
4198.5,4183.9355,0.9965,SCALE_DOWN,3000.0
3000.0,3000.4214,0.9999,SCALE_DOWN,3000.0
5845.5,5840.464,0.9991,SCALE_DOWN,3000.0
21000.0,20993.656,0.9997,STAY_ACTIVE,20993.65625
21000.0,20998.734,0.9999,STAY_ACTIVE,20998.734375
21000.0,20999.133,1.0,STAY_ACTIVE,20999.1328125
19987.5,20036.117,0.9976,STAY_ACTIVE,20036.1171875
21000.0,21036.8,0.9982,STAY_ACTIVE,21036.80078125
11023.8,11049.368,0.9977,STAY_ACTIVE,11049.3681640625
21000.0,21000.047,1.0,STAY_ACTIVE,21000.046875
3000.0,3000.4214,0.9999,SCALE_DOWN,3000.0
3000.0,3000.4214,0.9999,SCALE_DOWN,3000.0
13385.7,13328.262,0.9957,STAY_ACTIVE,13328.26171875
21000.0,20999.367,1.0,STAY_ACTIVE,20999.3671875
20004.9,20130.543,0.9937,STAY_ACTIVE,20130.54296875
5031.6,5043.8413,0.9976,SCALE_DOWN,3000.0
21000.0,21000.078,1.0,STAY_ACTIVE,21000.078125
12427.5,12431.898,0.9996,STAY_ACTIVE,12431.8984375
3000.0,3000.4214,0.9999,SCALE_DOWN,3000.0
3000.0,3000.4214,0.9999,SCALE_DOWN,3000.0
15866.1,15854.605,0.9993,STAY_ACTIVE,15854.60546875
3000.0,3000.4214,0.9999,SCALE_DOWN,3000.0
11789.4,11855.147,0.9944,STAY_ACTIVE,11855.1474609375
3000.0,3000.4214,0.9999,SCALE_DOWN,3000.0
8466.9,8478.049,0.9987,SCALE_DOWN,3000.0
3311.1000000000004,3293.451,0.9947,SCALE_DOWN,3000.0
3000.0,3000.4214,0.9999,SCALE_DOWN,3000.0
21000.0,21000.049,1.0,STAY_ACTIVE,21000.048828125
3000.0,3000.4214,0.9999,SCALE_DOWN,3000.0
21000.0,21000.049,1.0,STAY_ACTIVE,21000.048828125
21000.0,21000.049,1.0,STAY_ACTIVE,21000.048828125
7375.800000000001,7327.4194,0.9934,SCALE_DOWN,3000.0
3000.0,3000.4214,0.9999,SCALE_DOWN,3000.0
17552.100000000002,17508.514,0.9975,STAY_ACTIVE,17508.513671875
3000.0,3000.4214,0.9999,SCALE_DOWN,3000.0
8297.1,8304.599,0.9991,SCALE_DOWN,3000.0
3000.0,3000.4214,0.9999,SCALE_DOWN,3000.0
10761.0,10765.005,0.9996,STAY_ACTIVE,10765.0048828125
20398.2,20479.514,0.996,STAY_ACTIVE,20479.513671875
6178.5,6214.4653,0.9942,SCALE_DOWN,3000.0
3000.0,3000.4214,0.9999,SCALE_DOWN,3000.0
4690.8,4694.808,0.9991,SCALE_DOWN,3000.0
3000.0,3000.4214,0.9999,SCALE_DOWN,3000.0
21000.0,21000.047,1.0,STAY_ACTIVE,21000.046875
21000.0,20998.338,0.9999,STAY_ACTIVE,20998.337890625
3000.0,3000.4214,0.9999,SCALE_DOWN,3000.0
21000.0,21000.09,1.0,STAY_ACTIVE,21000.08984375
13271.1,13233.893,0.9972,STAY_ACTIVE,13233.892578125
21000.0,21000.047,1.0,STAY_ACTIVE,21000.046875
3000.0,3000.4214,0.9999,SCALE_DOWN,3000.0
21000.0,21000.078,1.0,STAY_ACTIVE,21000.078125
3539.7000000000003,3540.326,0.9998,SCALE_DOWN,3000.0
3000.0,3000.4214,0.9999,SCALE_DOWN,3000.0
21000.0,20997.334,0.9999,STAY_ACTIVE,20997.333984375
19110.3,19155.5,0.9976,STAY_ACTIVE,19155.5
3000.0,3000.4214,0.9999,SCALE_DOWN,3000.0
6345.6,6330.4434,0.9976,SCALE_DOWN,3000.0
21000.0,21000.047,1.0,STAY_ACTIVE,21000.046875
18596.7,18784.613,0.9899,STAY_ACTIVE,18784.61328125
3000.0,3000.4214,0.9999,SCALE_DOWN,3000.0
3000.0,3000.4214,0.9999,SCALE_DOWN,3000.0
3000.0,3000.4214,0.9999,SCALE_DOWN,3000.0
21000.0,21000.047,1.0,STAY_ACTIVE,21000.046875
8044.799999999999,7998.577,0.9943,SCALE_DOWN,3000.0
14804.7,14920.136,0.9922,STAY_ACTIVE,14920.1357421875
3842.1,3870.051,0.9927,SCALE_DOWN,3000.0
7100.1,7055.7583,0.9938,SCALE_DOWN,3000.0
21000.0,20998.658,0.9999,STAY_ACTIVE,20998.658203125
21000.0,20998.912,0.9999,STAY_ACTIVE,20998.912109375
21000.0,21000.047,1.0,STAY_ACTIVE,21000.046875
21000.0,21000.078,1.0,STAY_ACTIVE,21000.078125
11789.4,11830.925,0.9965,STAY_ACTIVE,11830.9248046875
4922.4,4930.3403,0.9984,SCALE_DOWN,3000.0
21000.0,20999.498,1.0,STAY_ACTIVE,20999.498046875
3000.0,3000.4214,0.9999,SCALE_DOWN,3000.0
3000.0,3000.4214,0.9999,SCALE_DOWN,3000.0
21000.0,21000.195,1.0,STAY_ACTIVE,21000.1953125
3928.2,3932.4192,0.9989,SCALE_DOWN,3000.0
5461.200000000001,5437.898,0.9957,SCALE_DOWN,3000.0
21000.0,21000.049,1.0,STAY_ACTIVE,21000.048828125
21000.0,21000.049,1.0,STAY_ACTIVE,21000.048828125
7980.000000000001,7977.891,0.9997,SCALE_DOWN,3000.0
5772.299999999999,5763.5464,0.9985,SCALE_DOWN,3000.0
11546.4,11548.488,0.9998,STAY_ACTIVE,11548.48828125
3000.0,3000.4214,0.9999,SCALE_DOWN,3000.0
3000.0,3000.4214,0.9999,SCALE_DOWN,3000.0
21000.0,21000.322,1.0,STAY_ACTIVE,21000.322265625
12589.8,12569.506,0.9984,STAY_ACTIVE,12569.505859375
13830.3,13779.731,0.9963,STAY_ACTIVE,13779.7314453125
3000.0,3000.4214,0.9999,SCALE_DOWN,3000.0
3000.0,3000.4214,0.9999,SCALE_DOWN,3000.0
9556.5,9576.267,0.9979,STAY_ACTIVE,9576.2666015625
7783.800000000001,7770.74,0.9983,SCALE_DOWN,3000.0
3676.2,3705.3489,0.9921,SCALE_DOWN,3000.0
7474.800000000001,7468.9644,0.9992,SCALE_DOWN,3000.0
8589.900000000001,8570.412,0.9977,SCALE_DOWN,3000.0
6192.9,6159.9653,0.9947,SCALE_DOWN,3000.0
19476.9,19978.885,0.9742,STAY_ACTIVE,19978.884765625
17379.3,17313.314,0.9962,STAY_ACTIVE,17313.314453125
9501.3,9535.976,0.9964,STAY_ACTIVE,9535.9755859375
9769.8,9799.163,0.997,STAY_ACTIVE,9799.1630859375
16302.3,16334.548,0.998,STAY_ACTIVE,16334.5478515625
5261.1,5301.888,0.9922,SCALE_DOWN,3000.0
13820.4,13653.953,0.988,STAY_ACTIVE,13653.953125
21000.0,21000.078,1.0,STAY_ACTIVE,21000.078125
8967.0,8941.406,0.9971,SCALE_DOWN,3000.0
21000.0,21000.047,1.0,STAY_ACTIVE,21000.046875
3000.0,3000.4214,0.9999,SCALE_DOWN,3000.0
21000.0,21000.047,1.0,STAY_ACTIVE,21000.046875
3000.0,3000.4214,0.9999,SCALE_DOWN,3000.0
3000.0,3000.4214,0.9999,SCALE_DOWN,3000.0
7107.9,7113.8145,0.9992,SCALE_DOWN,3000.0
3000.0,3000.4214,0.9999,SCALE_DOWN,3000.0
3000.0,3000.4214,0.9999,SCALE_DOWN,3000.0
16967.7,16861.053,0.9937,STAY_ACTIVE,16861.052734375
13003.800000000005,13081.621,0.994,STAY_ACTIVE,13081.62109375
21000.0,21000.047,1.0,STAY_ACTIVE,21000.046875
3000.0,3000.4214,0.9999,SCALE_DOWN,3000.0
3960.0,3972.0579,0.997,SCALE_DOWN,3000.0
15041.7,15024.674,0.9989,STAY_ACTIVE,15024.673828125
3000.0,3000.4214,0.9999,SCALE_DOWN,3000.0
17507.7,17542.012,0.998,STAY_ACTIVE,17542.01171875
12693.600000000002,12706.527,0.999,STAY_ACTIVE,12706.52734375
21000.0,20942.416,0.9973,STAY_ACTIVE,20942.416015625
3000.0,3000.4214,0.9999,SCALE_DOWN,3000.0
11327.4,11326.835,1.0,STAY_ACTIVE,11326.8349609375
7389.0,7415.3057,0.9964,SCALE_DOWN,3000.0
3000.0,3000.4214,0.9999,SCALE_DOWN,3000.0
17943.300000000003,17951.479,0.9995,STAY_ACTIVE,17951.478515625
3000.0,3000.4214,0.9999,SCALE_DOWN,3000.0
10158.300000000005,10143.684,0.9986,STAY_ACTIVE,10143.68359375
21000.0,21000.047,1.0,STAY_ACTIVE,21000.046875
8500.199999999999,8470.618,0.9965,SCALE_DOWN,3000.0
3000.0,3000.4214,0.9999,SCALE_DOWN,3000.0
17099.399999999998,17039.543,0.9965,STAY_ACTIVE,17039.54296875
21000.0,20996.787,0.9998,STAY_ACTIVE,20996.787109375
3000.0,3000.4214,0.9999,SCALE_DOWN,3000.0
8712.0,8695.706,0.9981,SCALE_DOWN,3000.0
8398.5,8435.372,0.9956,SCALE_DOWN,3000.0
7107.0,7120.6567,0.9981,SCALE_DOWN,3000.0
21000.0,21001.686,0.9999,STAY_ACTIVE,21001.685546875
3275.7000000000003,3261.0415,0.9955,SCALE_DOWN,3000.0
3000.0,3000.4214,0.9999,SCALE_DOWN,3000.0
12742.8,12842.739,0.9922,STAY_ACTIVE,12842.7392578125
21000.0,20999.852,1.0,STAY_ACTIVE,20999.8515625
21000.0,21000.047,1.0,STAY_ACTIVE,21000.046875
3000.0,3000.4214,0.9999,SCALE_DOWN,3000.0
9532.5,9597.34,0.9932,STAY_ACTIVE,9597.33984375
14803.2,14893.3,0.9939,STAY_ACTIVE,14893.2998046875
7542.9,7514.0205,0.9962,SCALE_DOWN,3000.0
3000.0,3000.4214,0.9999,SCALE_DOWN,3000.0
3000.0,3000.4214,0.9999,SCALE_DOWN,3000.0
3000.0,3000.4214,0.9999,SCALE_DOWN,3000.0
3000.0,3000.4214,0.9999,SCALE_DOWN,3000.0
21000.0,21000.047,1.0,STAY_ACTIVE,21000.046875
10053.6,10062.668,0.9991,STAY_ACTIVE,10062.66796875
6161.1,6152.1787,0.9986,SCALE_DOWN,3000.0
4630.799999999999,4591.3667,0.9915,SCALE_DOWN,3000.0
5154.0,5177.642,0.9954,SCALE_DOWN,3000.0
15395.7,15379.915,0.999,STAY_ACTIVE,15379.9150390625
21000.0,21000.049,1.0,STAY_ACTIVE,21000.048828125
20261.1,20264.924,0.9998,STAY_ACTIVE,20264.923828125
3000.0,3000.4214,0.9999,SCALE_DOWN,3000.0
5084.099999999999,5090.7505,0.9987,SCALE_DOWN,3000.0
3000.0,3000.4214,0.9999,SCALE_DOWN,3000.0
3000.0,3000.4214,0.9999,SCALE_DOWN,3000.0
21000.0,21000.049,1.0,STAY_ACTIVE,21000.048828125
6114.0,6093.6787,0.9967,SCALE_DOWN,3000.0
3000.0,3000.4214,0.9999,SCALE_DOWN,3000.0
18479.7,18636.666,0.9915,STAY_ACTIVE,18636.666015625
7923.3,7877.5703,0.9942,SCALE_DOWN,3000.0
11929.2,12032.773,0.9913,STAY_ACTIVE,12032.7734375
5197.8,5192.3535,0.999,SCALE_DOWN,3000.0
21000.0,20998.572,0.9999,STAY_ACTIVE,20998.572265625
3000.0,3000.4214,0.9999,SCALE_DOWN,3000.0
3228.2999999999997,3202.6338,0.992,SCALE_DOWN,3000.0
3000.0,3000.4214,0.9999,SCALE_DOWN,3000.0
3000.0,3000.4214,0.9999,SCALE_DOWN,3000.0
3000.0,3000.4214,0.9999,SCALE_DOWN,3000.0
3000.0,3000.4214,0.9999,SCALE_DOWN,3000.0
7865.1,7857.6045,0.999,SCALE_DOWN,3000.0
13829.7,13874.858,0.9967,STAY_ACTIVE,13874.8583984375
7009.500000000001,6998.511,0.9984,SCALE_DOWN,3000.0
9230.4,9191.59,0.9958,STAY_ACTIVE,9191.58984375
3000.0,3000.4214,0.9999,SCALE_DOWN,3000.0
3000.0,3000.4214,0.9999,SCALE_DOWN,3000.0
21000.0,20999.299,1.0,STAY_ACTIVE,20999.298828125
7969.2,7959.5835,0.9988,SCALE_DOWN,3000.0
6222.0,6213.1616,0.9986,SCALE_DOWN,3000.0
3000.0,3000.4214,0.9999,SCALE_DOWN,3000.0
8794.800000000001,8800.911,0.9993,SCALE_DOWN,3000.0
7307.700000000001,7312.4976,0.9993,SCALE_DOWN,3000.0
3000.0,3000.4214,0.9999,SCALE_DOWN,3000.0
10072.8,10085.454,0.9987,STAY_ACTIVE,10085.4541015625
6073.200000000001,6064.2134,0.9985,SCALE_DOWN,3000.0
13251.3,13210.604,0.9969,STAY_ACTIVE,13210.603515625
10356.300000000005,10371.231,0.9986,STAY_ACTIVE,10371.2314453125
4703.7,4713.4683,0.9979,SCALE_DOWN,3000.0
9871.2,9860.248,0.9989,STAY_ACTIVE,9860.248046875
10360.8,10365.391,0.9996,STAY_ACTIVE,10365.390625
21000.0,20997.775,0.9999,STAY_ACTIVE,20997.775390625
11077.8,10921.316,0.9859,STAY_ACTIVE,10921.31640625
3000.0,3000.4214,0.9999,SCALE_DOWN,3000.0
3000.0,3000.4214,0.9999,SCALE_DOWN,3000.0
21000.0,20966.562,0.9984,STAY_ACTIVE,20966.5625
3000.0,3000.4214,0.9999,SCALE_DOWN,3000.0
3000.0,3000.4214,0.9999,SCALE_DOWN,3000.0
3000.0,3000.4214,0.9999,SCALE_DOWN,3000.0
10680.6,10648.609,0.997,STAY_ACTIVE,10648.609375
10560.9,10575.767,0.9986,STAY_ACTIVE,10575.7666015625
3347.1,3369.4675,0.9933,SCALE_DOWN,3000.0
3000.0,3000.4214,0.9999,SCALE_DOWN,3000.0
10713.3,10735.864,0.9979,STAY_ACTIVE,10735.8642578125
3000.0,3000.4214,0.9999,SCALE_DOWN,3000.0
6037.2,6042.319,0.9992,SCALE_DOWN,3000.0
11414.1,11449.166,0.9969,STAY_ACTIVE,11449.166015625
21000.0,20999.852,1.0,STAY_ACTIVE,20999.8515625
21000.0,21000.047,1.0,STAY_ACTIVE,21000.046875
8010.3,8038.6245,0.9965,SCALE_DOWN,3000.0
3000.0,3000.4214,0.9999,SCALE_DOWN,3000.0
3000.0,3000.4214,0.9999,SCALE_DOWN,3000.0
21000.0,21001.648,0.9999,STAY_ACTIVE,21001.6484375
9268.8,9267.798,0.9999,STAY_ACTIVE,9267.7978515625
12942.6,12902.167,0.9969,STAY_ACTIVE,12902.1669921875
14699.100000000002,14633.969,0.9956,STAY_ACTIVE,14633.96875
7238.700000000001,7263.422,0.9966,SCALE_DOWN,3000.0
3000.0,3000.4214,0.9999,SCALE_DOWN,3000.0
3000.0,3000.4214,0.9999,SCALE_DOWN,3000.0
15256.500000000002,15212.044,0.9971,STAY_ACTIVE,15212.0439453125
3000.0,3000.4214,0.9999,SCALE_DOWN,3000.0
3000.0,3000.4214,0.9999,SCALE_DOWN,3000.0
3000.0,3000.4214,0.9999,SCALE_DOWN,3000.0
21000.0,21000.047,1.0,STAY_ACTIVE,21000.046875
8552.7,8557.424,0.9994,SCALE_DOWN,3000.0
10874.4,10833.581,0.9962,STAY_ACTIVE,10833.5810546875
3000.0,3000.4214,0.9999,SCALE_DOWN,3000.0
3000.0,3000.4214,0.9999,SCALE_DOWN,3000.0
16764.3,16857.908,0.9944,STAY_ACTIVE,16857.908203125
21000.0,21000.078,1.0,STAY_ACTIVE,21000.078125
3000.0,3000.4214,0.9999,SCALE_DOWN,3000.0
3000.0,3000.4214,0.9999,SCALE_DOWN,3000.0
8463.599999999999,8441.776,0.9974,SCALE_DOWN,3000.0
14916.000000000002,14887.764,0.9981,STAY_ACTIVE,14887.763671875
3000.0,3000.4214,0.9999,SCALE_DOWN,3000.0
4256.700000000001,4302.963,0.9891,SCALE_DOWN,3000.0
8580.300000000001,8578.233,0.9998,SCALE_DOWN,3000.0
4335.9,4361.708,0.994,SCALE_DOWN,3000.0
14066.1,14080.807,0.999,STAY_ACTIVE,14080.806640625
21000.0,21000.047,1.0,STAY_ACTIVE,21000.046875
18559.5,18581.139,0.9988,STAY_ACTIVE,18581.138671875
6848.700000000001,6817.334,0.9954,SCALE_DOWN,3000.0
9728.1,9789.818,0.9937,STAY_ACTIVE,9789.818359375
3000.0,3000.4214,0.9999,SCALE_DOWN,3000.0
7304.4,7349.9995,0.9938,SCALE_DOWN,3000.0
3000.0,3000.4214,0.9999,SCALE_DOWN,3000.0
3000.0,3000.4214,0.9999,SCALE_DOWN,3000.0
3000.0,3000.4214,0.9999,SCALE_DOWN,3000.0
4885.5,4915.6855,0.9938,SCALE_DOWN,3000.0
21000.0,21013.12,0.9994,STAY_ACTIVE,21013.119140625
3000.0,3000.4214,0.9999,SCALE_DOWN,3000.0
6360.6,6333.8853,0.9958,SCALE_DOWN,3000.0
21000.0,20998.477,0.9999,STAY_ACTIVE,20998.4765625
21000.0,20997.8,0.9999,STAY_ACTIVE,20997.80078125
3000.0,3000.4214,0.9999,SCALE_DOWN,3000.0
3000.0,3000.4214,0.9999,SCALE_DOWN,3000.0
8633.7,8598.66,0.9959,SCALE_DOWN,3000.0
15779.7,15798.302,0.9988,STAY_ACTIVE,15798.3017578125
3000.0,3000.4214,0.9999,SCALE_DOWN,3000.0
3000.0,3000.4214,0.9999,SCALE_DOWN,3000.0
3317.7000000000003,3339.5928,0.9934,SCALE_DOWN,3000.0
3000.0,3000.4214,0.9999,SCALE_DOWN,3000.0
14430.6,14365.457,0.9955,STAY_ACTIVE,14365.45703125
6110.4,6122.1836,0.9981,SCALE_DOWN,3000.0
3000.0,3000.4214,0.9999,SCALE_DOWN,3000.0
3950.1,4024.3198,0.9812,SCALE_DOWN,3000.0
3000.0,3000.4214,0.9999,SCALE_DOWN,3000.0
21000.0,20999.852,1.0,STAY_ACTIVE,20999.8515625
5818.799999999999,5813.4346,0.9991,SCALE_DOWN,3000.0
5412.3,5431.3096,0.9965,SCALE_DOWN,3000.0
16470.9,16417.547,0.9968,STAY_ACTIVE,16417.546875
21000.0,20986.105,0.9993,STAY_ACTIVE,20986.10546875
13260.9,13168.836,0.9931,STAY_ACTIVE,13168.8359375
3000.0,3000.4214,0.9999,SCALE_DOWN,3000.0
21000.0,21000.047,1.0,STAY_ACTIVE,21000.046875
3000.0,3000.4214,0.9999,SCALE_DOWN,3000.0
3000.0,3000.4214,0.9999,SCALE_DOWN,3000.0
21000.0,21000.047,1.0,STAY_ACTIVE,21000.046875
7829.4,7845.9854,0.9979,SCALE_DOWN,3000.0
6571.5,6546.341,0.9962,SCALE_DOWN,3000.0
17135.7,17087.963,0.9972,STAY_ACTIVE,17087.962890625
5884.2,5892.3667,0.9986,SCALE_DOWN,3000.0
21000.0,21000.047,1.0,STAY_ACTIVE,21000.046875
3000.0,3000.4214,0.9999,SCALE_DOWN,3000.0
8592.0,8630.925,0.9955,SCALE_DOWN,3000.0
21000.0,20999.852,1.0,STAY_ACTIVE,20999.8515625
6669.6,6689.144,0.9971,SCALE_DOWN,3000.0
3000.0,3000.4214,0.9999,SCALE_DOWN,3000.0
3000.0,3000.4214,0.9999,SCALE_DOWN,3000.0
3000.0,3000.4214,0.9999,SCALE_DOWN,3000.0
18625.2,18709.137,0.9955,STAY_ACTIVE,18709.13671875
3098.4,3123.7593,0.9918,SCALE_DOWN,3000.0
5299.8,5295.069,0.9991,SCALE_DOWN,3000.0
3201.9,3179.9663,0.9931,SCALE_DOWN,3000.0
5889.6,5883.455,0.999,SCALE_DOWN,3000.0
4140.6,4118.1665,0.9946,SCALE_DOWN,3000.0
4321.5,4330.4976,0.9979,SCALE_DOWN,3000.0
19292.1,19441.95,0.9922,STAY_ACTIVE,19441.94921875
21000.0,21000.047,1.0,STAY_ACTIVE,21000.046875
5770.8,5776.6616,0.999,SCALE_DOWN,3000.0
21000.0,21030.4,0.9986,STAY_ACTIVE,21030.400390625
17493.3,17567.504,0.9958,STAY_ACTIVE,17567.50390625
20874.0,20759.1,0.9945,STAY_ACTIVE,20759.099609375
10806.000000000002,10906.75,0.9907,STAY_ACTIVE,10906.75
21000.0,21000.049,1.0,STAY_ACTIVE,21000.048828125
4217.1,4233.7446,0.9961,SCALE_DOWN,3000.0
19688.7,19789.707,0.9949,STAY_ACTIVE,19789.70703125
3000.0,3000.4214,0.9999,SCALE_DOWN,3000.0
10968.9,10932.681,0.9967,STAY_ACTIVE,10932.6806640625
21000.0,20999.398,1.0,STAY_ACTIVE,20999.3984375
21000.0,20999.852,1.0,STAY_ACTIVE,20999.8515625
5469.6,5450.3384,0.9965,SCALE_DOWN,3000.0
11682.0,11580.422,0.9913,STAY_ACTIVE,11580.421875
21000.0,20997.12,0.9999,STAY_ACTIVE,20997.119140625
17484.0,17399.916,0.9952,STAY_ACTIVE,17399.916015625
6785.7,6561.742,0.967,SCALE_DOWN,3000.0
5430.3,5428.9526,0.9998,SCALE_DOWN,3000.0
21000.0,21000.047,1.0,STAY_ACTIVE,21000.046875
6933.9,6945.35,0.9983,SCALE_DOWN,3000.0
21000.0,21000.078,1.0,STAY_ACTIVE,21000.078125
3000.0,3000.4214,0.9999,SCALE_DOWN,3000.0
17505.300000000003,17421.465,0.9952,STAY_ACTIVE,17421.46484375
3000.0,3000.4214,0.9999,SCALE_DOWN,3000.0
8967.6,8965.197,0.9997,SCALE_DOWN,3000.0
3000.0,3000.4214,0.9999,SCALE_DOWN,3000.0
3000.0,3000.4214,0.9999,SCALE_DOWN,3000.0
7098.900000000001,7123.101,0.9966,SCALE_DOWN,3000.0
10759.5,10733.653,0.9976,STAY_ACTIVE,10733.6533203125
3000.0,3000.4214,0.9999,SCALE_DOWN,3000.0
14121.6,13917.161,0.9855,STAY_ACTIVE,13917.1611328125
7450.199999999999,7428.763,0.9971,SCALE_DOWN,3000.0
3000.0,3000.4214,0.9999,SCALE_DOWN,3000.0
21000.0,21000.047,1.0,STAY_ACTIVE,21000.046875
3000.0,3000.4214,0.9999,SCALE_DOWN,3000.0
3000.0,3000.4214,0.9999,SCALE_DOWN,3000.0
13864.500000000002,13834.804,0.9979,STAY_ACTIVE,13834.8037109375
7311.3,7308.375,0.9996,SCALE_DOWN,3000.0
3000.0,3000.4214,0.9999,SCALE_DOWN,3000.0
3000.0,3000.4214,0.9999,SCALE_DOWN,3000.0
11691.9,11678.365,0.9988,STAY_ACTIVE,11678.365234375
5092.5,5091.7207,0.9998,SCALE_DOWN,3000.0
11582.4,11656.243,0.9936,STAY_ACTIVE,11656.2431640625
8938.2,9032.8955,0.9894,STAY_ACTIVE,9032.8955078125
9437.1,9498.477,0.9935,STAY_ACTIVE,9498.4765625
7557.3,7556.0024,0.9998,SCALE_DOWN,3000.0
3000.0,3000.4214,0.9999,SCALE_DOWN,3000.0
3000.0,3000.4214,0.9999,SCALE_DOWN,3000.0
6984.6,6986.5674,0.9997,SCALE_DOWN,3000.0
21000.0,21017.152,0.9992,STAY_ACTIVE,21017.15234375
21000.0,21000.078,1.0,STAY_ACTIVE,21000.078125
3321.9,3339.5928,0.9947,SCALE_DOWN,3000.0
3000.0,3000.4214,0.9999,SCALE_DOWN,3000.0
7374.0,7384.6123,0.9986,SCALE_DOWN,3000.0
16252.8,16276.931,0.9985,STAY_ACTIVE,16276.9306640625
3942.3,3980.463,0.9903,SCALE_DOWN,3000.0
6413.1,6414.9287,0.9997,SCALE_DOWN,3000.0
21000.0,21000.049,1.0,STAY_ACTIVE,21000.048828125
10238.1,10266.747,0.9972,STAY_ACTIVE,10266.7470703125
3000.0,3000.4214,0.9999,SCALE_DOWN,3000.0
3000.0,3000.4214,0.9999,SCALE_DOWN,3000.0
4711.5,4691.761,0.9958,SCALE_DOWN,3000.0
4170.9,4152.5,0.9956,SCALE_DOWN,3000.0
21000.0,20998.898,0.9999,STAY_ACTIVE,20998.8984375
9278.7,9262.059,0.9982,STAY_ACTIVE,9262.05859375
16787.100000000002,16797.912,0.9994,STAY_ACTIVE,16797.912109375
6834.6,6864.7017,0.9956,SCALE_DOWN,3000.0
3000.0,3000.4214,0.9999,SCALE_DOWN,3000.0
10586.7,10560.238,0.9975,STAY_ACTIVE,10560.23828125
3000.0,3000.4214,0.9999,SCALE_DOWN,3000.0
8392.8,8423.713,0.9963,SCALE_DOWN,3000.0
3000.0,3000.4214,0.9999,SCALE_DOWN,3000.0
21000.0,21000.047,1.0,STAY_ACTIVE,21000.046875
6411.6,6440.347,0.9955,SCALE_DOWN,3000.0
5778.900000000001,5738.7246,0.993,SCALE_DOWN,3000.0
6125.700000000001,6097.006,0.9953,SCALE_DOWN,3000.0
21000.0,21000.047,1.0,STAY_ACTIVE,21000.046875
21000.0,21000.047,1.0,STAY_ACTIVE,21000.046875
3000.0,3000.4214,0.9999,SCALE_DOWN,3000.0
21000.0,20999.852,1.0,STAY_ACTIVE,20999.8515625
9731.7,9743.067,0.9988,STAY_ACTIVE,9743.0673828125
3719.1,3726.5793,0.998,SCALE_DOWN,3000.0
3000.0,3000.4214,0.9999,SCALE_DOWN,3000.0
3000.0,3000.4214,0.9999,SCALE_DOWN,3000.0
7377.3,7378.398,0.9999,SCALE_DOWN,3000.0
10999.8,10990.555,0.9992,STAY_ACTIVE,10990.5546875
21000.0,21000.078,1.0,STAY_ACTIVE,21000.078125
8074.5,8104.1626,0.9963,SCALE_DOWN,3000.0
3000.0,3000.4214,0.9999,SCALE_DOWN,3000.0
4601.700000000001,4602.6343,0.9998,SCALE_DOWN,3000.0
3000.0,3000.4214,0.9999,SCALE_DOWN,3000.0
21000.0,21000.078,1.0,STAY_ACTIVE,21000.078125
6677.4,6652.042,0.9962,SCALE_DOWN,3000.0
3000.0,3000.4214,0.9999,SCALE_DOWN,3000.0
3000.0,3000.4214,0.9999,SCALE_DOWN,3000.0
7611.0,7637.0337,0.9966,SCALE_DOWN,3000.0
3000.0,3000.4214,0.9999,SCALE_DOWN,3000.0
21000.0,20999.283,1.0,STAY_ACTIVE,20999.283203125
21000.0,21000.078,1.0,STAY_ACTIVE,21000.078125
3400.5,3394.832,0.9983,SCALE_DOWN,3000.0
21000.0,21000.047,1.0,STAY_ACTIVE,21000.046875
21000.0,21000.744,1.0,STAY_ACTIVE,21000.744140625
10645.2,10643.563,0.9998,STAY_ACTIVE,10643.5634765625
6994.8,6993.139,0.9998,SCALE_DOWN,3000.0
21000.0,21000.047,1.0,STAY_ACTIVE,21000.046875
7792.500000000001,7774.358,0.9977,SCALE_DOWN,3000.0
6150.6,6172.207,0.9965,SCALE_DOWN,3000.0
3000.0,3000.4214,0.9999,SCALE_DOWN,3000.0
3000.0,3000.4214,0.9999,SCALE_DOWN,3000.0
6383.1,6362.191,0.9967,SCALE_DOWN,3000.0
21000.0,21000.291,1.0,STAY_ACTIVE,21000.291015625
7060.200000000001,7066.676,0.9991,SCALE_DOWN,3000.0
3109.2000000000003,3118.3608,0.9971,SCALE_DOWN,3000.0
21000.0,21000.047,1.0,STAY_ACTIVE,21000.046875
21000.0,20998.234,0.9999,STAY_ACTIVE,20998.234375
21000.0,20999.283,1.0,STAY_ACTIVE,20999.283203125
21000.0,20998.174,0.9999,STAY_ACTIVE,20998.173828125
6254.1,6256.5146,0.9996,SCALE_DOWN,3000.0
3000.0,3000.4214,0.9999,SCALE_DOWN,3000.0
5805.0,5797.0845,0.9986,SCALE_DOWN,3000.0
21000.0,21000.24,1.0,STAY_ACTIVE,21000.240234375
11616.6,11603.508,0.9989,STAY_ACTIVE,11603.5078125
14670.0,14732.369,0.9957,STAY_ACTIVE,14732.369140625
3000.0,3000.4214,0.9999,SCALE_DOWN,3000.0
6852.9,6866.5244,0.998,SCALE_DOWN,3000.0
3000.0,3000.4214,0.9999,SCALE_DOWN,3000.0
5297.700000000001,5276.193,0.9959,SCALE_DOWN,3000.0
12685.8,12682.565,0.9997,STAY_ACTIVE,12682.5654296875
21000.0,21000.049,1.0,STAY_ACTIVE,21000.048828125
21000.0,21000.322,1.0,STAY_ACTIVE,21000.322265625
8184.600000000001,8203.435,0.9977,SCALE_DOWN,3000.0
14046.0,14024.809,0.9985,STAY_ACTIVE,14024.80859375
13861.8,13875.035,0.999,STAY_ACTIVE,13875.03515625
3000.0,3000.4214,0.9999,SCALE_DOWN,3000.0
3000.0,3000.4214,0.9999,SCALE_DOWN,3000.0
3000.0,3000.4214,0.9999,SCALE_DOWN,3000.0
7284.6,7312.4927,0.9962,SCALE_DOWN,3000.0
3000.0,3000.4214,0.9999,SCALE_DOWN,3000.0
20123.7,20103.053,0.999,STAY_ACTIVE,20103.052734375
3972.3,3990.3018,0.9955,SCALE_DOWN,3000.0
21000.0,21000.24,1.0,STAY_ACTIVE,21000.240234375
21000.0,20997.596,0.9999,STAY_ACTIVE,20997.595703125
21000.0,21000.047,1.0,STAY_ACTIVE,21000.046875
3000.0,3000.4214,0.9999,SCALE_DOWN,3000.0
15773.7,15828.057,0.9966,STAY_ACTIVE,15828.056640625
21000.0,21000.047,1.0,STAY_ACTIVE,21000.046875
7122.0,7108.99,0.9982,SCALE_DOWN,3000.0
3000.0,3000.4214,0.9999,SCALE_DOWN,3000.0
6564.3,6548.145,0.9975,SCALE_DOWN,3000.0
3000.0,3000.4214,0.9999,SCALE_DOWN,3000.0
3000.0,3000.4214,0.9999,SCALE_DOWN,3000.0
9488.4,9495.165,0.9993,STAY_ACTIVE,9495.1650390625
3000.0,3000.4214,0.9999,SCALE_DOWN,3000.0
6717.300000000001,6665.4214,0.9923,SCALE_DOWN,3000.0
5740.5,5752.4478,0.9979,SCALE_DOWN,3000.0
3000.0,3000.4214,0.9999,SCALE_DOWN,3000.0
18888.9,18986.277,0.9948,STAY_ACTIVE,18986.27734375
6003.3,5993.5493,0.9984,SCALE_DOWN,3000.0
3000.0,3000.4214,0.9999,SCALE_DOWN,3000.0
9885.9,9838.886,0.9952,STAY_ACTIVE,9838.8857421875
3000.0,3000.4214,0.9999,SCALE_DOWN,3000.0
10102.500000000002,10187.686,0.9916,STAY_ACTIVE,10187.685546875
6597.9000000000015,6585.7373,0.9982,SCALE_DOWN,3000.0
6126.9,6139.164,0.998,SCALE_DOWN,3000.0
3000.0,3000.4214,0.9999,SCALE_DOWN,3000.0
21000.0,21000.047,1.0,STAY_ACTIVE,21000.046875
3000.0,3000.4214,0.9999,SCALE_DOWN,3000.0
14951.1,14884.28,0.9955,STAY_ACTIVE,14884.2802734375
3000.0,3000.4214,0.9999,SCALE_DOWN,3000.0
3000.0,3000.4214,0.9999,SCALE_DOWN,3000.0
6378.3,6358.592,0.9969,SCALE_DOWN,3000.0
3000.0,3000.4214,0.9999,SCALE_DOWN,3000.0
7956.0,7948.2607,0.999,SCALE_DOWN,3000.0
8319.6,8235.757,0.9899,SCALE_DOWN,3000.0
3000.0,3000.4214,0.9999,SCALE_DOWN,3000.0
16833.0,16839.756,0.9996,STAY_ACTIVE,16839.755859375
10197.9,10172.612,0.9975,STAY_ACTIVE,10172.6123046875
7830.9,7813.4585,0.9978,SCALE_DOWN,3000.0
10264.8,10232.372,0.9968,STAY_ACTIVE,10232.3720703125
9658.2,9697.632,0.9959,STAY_ACTIVE,9697.6318359375
5131.5,5133.604,0.9996,SCALE_DOWN,3000.0
3000.0,3000.4214,0.9999,SCALE_DOWN,3000.0
12344.7,12309.642,0.9972,STAY_ACTIVE,12309.6416015625
3000.0,3000.4214,0.9999,SCALE_DOWN,3000.0
3423.0,3440.0227,0.995,SCALE_DOWN,3000.0
19693.5,19805.123,0.9943,STAY_ACTIVE,19805.123046875
9821.1,9831.578,0.9989,STAY_ACTIVE,9831.578125
3000.0,3000.4214,0.9999,SCALE_DOWN,3000.0
3000.0,3000.4214,0.9999,SCALE_DOWN,3000.0
4787.1,4766.4453,0.9957,SCALE_DOWN,3000.0
3000.0,3000.4214,0.9999,SCALE_DOWN,3000.0
21000.0,21000.047,1.0,STAY_ACTIVE,21000.046875
3000.0,3000.4214,0.9999,SCALE_DOWN,3000.0
14031.6,14057.598,0.9981,STAY_ACTIVE,14057.59765625
3000.0,3000.4214,0.9999,SCALE_DOWN,3000.0
12968.4,13025.291,0.9956,STAY_ACTIVE,13025.291015625
3000.0,3000.4214,0.9999,SCALE_DOWN,3000.0
3000.0,3000.4214,0.9999,SCALE_DOWN,3000.0
3000.0,3000.4214,0.9999,SCALE_DOWN,3000.0
21000.0,21000.049,1.0,STAY_ACTIVE,21000.048828125
21000.0,21000.078,1.0,STAY_ACTIVE,21000.078125
3000.0,3000.4214,0.9999,SCALE_DOWN,3000.0
6278.7,6279.514,0.9999,SCALE_DOWN,3000.0
3000.0,3000.4214,0.9999,SCALE_DOWN,3000.0
4294.5,4316.6826,0.9948,SCALE_DOWN,3000.0
7167.3,7173.773,0.9991,SCALE_DOWN,3000.0
3000.0,3000.4214,0.9999,SCALE_DOWN,3000.0
11504.7,11629.642,0.9891,STAY_ACTIVE,11629.6416015625
3000.0,3000.4214,0.9999,SCALE_DOWN,3000.0
3000.0,3000.4214,0.9999,SCALE_DOWN,3000.0
3000.0,3000.4214,0.9999,SCALE_DOWN,3000.0
3000.0,3000.4214,0.9999,SCALE_DOWN,3000.0
21000.0,21000.047,1.0,STAY_ACTIVE,21000.046875
21000.0,20988.791,0.9995,STAY_ACTIVE,20988.791015625
3000.0,3000.4214,0.9999,SCALE_DOWN,3000.0
3000.0,3000.4214,0.9999,SCALE_DOWN,3000.0
4457.4,4433.283,0.9946,SCALE_DOWN,3000.0
14155.8,14249.659,0.9934,STAY_ACTIVE,14249.6591796875
3000.0,3000.4214,0.9999,SCALE_DOWN,3000.0
3000.0,3000.4214,0.9999,SCALE_DOWN,3000.0
3000.0,3000.4214,0.9999,SCALE_DOWN,3000.0
3000.0,3000.4214,0.9999,SCALE_DOWN,3000.0
8143.5,8150.3047,0.9992,SCALE_DOWN,3000.0
7878.0,7871.519,0.9992,SCALE_DOWN,3000.0
3000.0,3000.4214,0.9999,SCALE_DOWN,3000.0
10093.500000000002,10081.133,0.9988,STAY_ACTIVE,10081.1328125
3000.0,3000.4214,0.9999,SCALE_DOWN,3000.0
6513.6,6510.053,0.9995,SCALE_DOWN,3000.0
3000.0,3000.4214,0.9999,SCALE_DOWN,3000.0
14383.2,14405.407,0.9985,STAY_ACTIVE,14405.4072265625
11608.2,11665.365,0.9951,STAY_ACTIVE,11665.365234375
21000.0,21000.047,1.0,STAY_ACTIVE,21000.046875
3000.0,3000.4214,0.9999,SCALE_DOWN,3000.0
21000.0,21000.078,1.0,STAY_ACTIVE,21000.078125
9394.5,9417.633,0.9975,STAY_ACTIVE,9417.6328125
16230.6,16194.922,0.9978,STAY_ACTIVE,16194.921875
4174.2,4171.896,0.9994,SCALE_DOWN,3000.0
3000.0,3000.4214,0.9999,SCALE_DOWN,3000.0
3000.0,3000.4214,0.9999,SCALE_DOWN,3000.0
3000.0,3000.4214,0.9999,SCALE_DOWN,3000.0
15176.4,15159.12,0.9989,STAY_ACTIVE,15159.1201171875
7945.8,7964.287,0.9977,SCALE_DOWN,3000.0
21000.0,21000.047,1.0,STAY_ACTIVE,21000.046875
6538.5,6548.3833,0.9985,SCALE_DOWN,3000.0
7105.8,7075.214,0.9957,SCALE_DOWN,3000.0
3000.0,3000.4214,0.9999,SCALE_DOWN,3000.0
3000.0,3000.4214,0.9999,SCALE_DOWN,3000.0
3000.0,3000.4214,0.9999,SCALE_DOWN,3000.0
3000.0,3000.4214,0.9999,SCALE_DOWN,3000.0
21000.0,20962.938,0.9982,STAY_ACTIVE,20962.9375
12797.7,12785.301,0.999,STAY_ACTIVE,12785.30078125
6280.799999999999,6278.7383,0.9997,SCALE_DOWN,3000.0
3000.0,3000.4214,0.9999,SCALE_DOWN,3000.0
21000.0,20999.852,1.0,STAY_ACTIVE,20999.8515625
12668.1,12688.729,0.9984,STAY_ACTIVE,12688.728515625
4762.2,4741.7373,0.9957,SCALE_DOWN,3000.0
21000.0,21000.047,1.0,STAY_ACTIVE,21000.046875
21000.0,21000.078,1.0,STAY_ACTIVE,21000.078125
7158.0,7141.6777,0.9977,SCALE_DOWN,3000.0
9467.7,9439.851,0.9971,STAY_ACTIVE,9439.8505859375
20349.9,20324.402,0.9987,STAY_ACTIVE,20324.40234375
4899.9,4898.499,0.9997,SCALE_DOWN,3000.0
3645.0,3609.172,0.9902,SCALE_DOWN,3000.0
21000.0,21000.047,1.0,STAY_ACTIVE,21000.046875
6612.0,6611.623,0.9999,SCALE_DOWN,3000.0
16112.100000000002,15980.572,0.9918,STAY_ACTIVE,15980.572265625
21000.0,20975.268,0.9988,STAY_ACTIVE,20975.267578125
6588.6,6596.6123,0.9988,SCALE_DOWN,3000.0
3000.0,3000.4214,0.9999,SCALE_DOWN,3000.0
3000.0,3000.4214,0.9999,SCALE_DOWN,3000.0
3000.0,3000.4214,0.9999,SCALE_DOWN,3000.0
21000.0,20995.773,0.9998,STAY_ACTIVE,20995.7734375
3000.0,3000.4214,0.9999,SCALE_DOWN,3000.0
5294.1,5315.737,0.9959,SCALE_DOWN,3000.0
3000.0,3000.4214,0.9999,SCALE_DOWN,3000.0
3000.0,3000.4214,0.9999,SCALE_DOWN,3000.0
3000.0,3000.4214,0.9999,SCALE_DOWN,3000.0
12296.7,12390.502,0.9924,STAY_ACTIVE,12390.501953125
14104.800000000005,14176.325,0.9949,STAY_ACTIVE,14176.3251953125
3000.0,3000.4214,0.9999,SCALE_DOWN,3000.0
18730.199999999997,18766.697,0.9981,STAY_ACTIVE,18766.697265625
3625.8,3613.727,0.9967,SCALE_DOWN,3000.0
4687.2,4667.7764,0.9959,SCALE_DOWN,3000.0
3000.0,3000.4214,0.9999,SCALE_DOWN,3000.0
3000.0,3000.4214,0.9999,SCALE_DOWN,3000.0
12297.6,12252.852,0.9964,STAY_ACTIVE,12252.8515625
3000.0,3000.4214,0.9999,SCALE_DOWN,3000.0
21000.0,20999.479,1.0,STAY_ACTIVE,20999.478515625
8364.900000000001,8360.917,0.9995,SCALE_DOWN,3000.0
3000.0,3000.4214,0.9999,SCALE_DOWN,3000.0
5760.900000000001,5790.3926,0.9949,SCALE_DOWN,3000.0
9241.8,9214.587,0.9971,STAY_ACTIVE,9214.5869140625
5318.4,5314.858,0.9993,SCALE_DOWN,3000.0
3000.0,3000.4214,0.9999,SCALE_DOWN,3000.0
3000.0,3000.4214,0.9999,SCALE_DOWN,3000.0
8332.800000000001,8361.222,0.9966,SCALE_DOWN,3000.0
3000.0,3000.4214,0.9999,SCALE_DOWN,3000.0
15266.4,15082.817,0.988,STAY_ACTIVE,15082.8173828125
12894.6,12856.718,0.9971,STAY_ACTIVE,12856.7177734375
21000.0,21000.078,1.0,STAY_ACTIVE,21000.078125
21000.0,20930.498,0.9967,STAY_ACTIVE,20930.498046875
21000.0,21000.047,1.0,STAY_ACTIVE,21000.046875
15896.7,16011.952,0.9927,STAY_ACTIVE,16011.9521484375
9148.500000000002,9181.371,0.9964,STAY_ACTIVE,9181.37109375
3000.0,3000.4214,0.9999,SCALE_DOWN,3000.0
3356.4,3359.1418,0.9992,SCALE_DOWN,3000.0
5968.200000000001,5947.928,0.9966,SCALE_DOWN,3000.0
12039.0,12025.857,0.9989,STAY_ACTIVE,12025.857421875
3000.0,3000.4214,0.9999,SCALE_DOWN,3000.0
21000.0,21000.078,1.0,STAY_ACTIVE,21000.078125
3000.0,3000.4214,0.9999,SCALE_DOWN,3000.0
3000.0,3000.4214,0.9999,SCALE_DOWN,3000.0
3000.0,3000.4214,0.9999,SCALE_DOWN,3000.0
3000.0,3000.4214,0.9999,SCALE_DOWN,3000.0
21000.0,20997.932,0.9999,STAY_ACTIVE,20997.931640625
5450.1,5443.177,0.9987,SCALE_DOWN,3000.0
3000.0,3000.4214,0.9999,SCALE_DOWN,3000.0
7457.1,7483.7207,0.9964,SCALE_DOWN,3000.0
3000.0,3000.4214,0.9999,SCALE_DOWN,3000.0
3000.0,3000.4214,0.9999,SCALE_DOWN,3000.0
20017.2,20042.336,0.9987,STAY_ACTIVE,20042.3359375
3000.0,3000.4214,0.9999,SCALE_DOWN,3000.0
21000.0,21000.047,1.0,STAY_ACTIVE,21000.046875
21000.0,21000.047,1.0,STAY_ACTIVE,21000.046875
12879.9,12895.02,0.9988,STAY_ACTIVE,12895.01953125
3000.0,3000.4214,0.9999,SCALE_DOWN,3000.0
3000.0,3000.4214,0.9999,SCALE_DOWN,3000.0
21000.0,21000.049,1.0,STAY_ACTIVE,21000.048828125
3000.0,3000.4214,0.9999,SCALE_DOWN,3000.0
5476.5,5459.5137,0.9969,SCALE_DOWN,3000.0
3000.0,3000.4214,0.9999,SCALE_DOWN,3000.0
7678.200000000001,7653.575,0.9968,SCALE_DOWN,3000.0
3000.0,3000.4214,0.9999,SCALE_DOWN,3000.0
3000.0,3000.4214,0.9999,SCALE_DOWN,3000.0
7048.5,7082.7534,0.9951,SCALE_DOWN,3000.0
16064.4,15971.083,0.9942,STAY_ACTIVE,15971.0830078125
3000.0,3000.4214,0.9999,SCALE_DOWN,3000.0
3000.0,3000.4214,0.9999,SCALE_DOWN,3000.0
3000.0,3000.4214,0.9999,SCALE_DOWN,3000.0
3000.0,3000.4214,0.9999,SCALE_DOWN,3000.0
21000.0,21000.047,1.0,STAY_ACTIVE,21000.046875
3000.0,3000.4214,0.9999,SCALE_DOWN,3000.0
21000.0,21000.047,1.0,STAY_ACTIVE,21000.046875
17595.600000000002,17555.129,0.9977,STAY_ACTIVE,17555.12890625
21000.0,21000.047,1.0,STAY_ACTIVE,21000.046875
18460.2,18564.238,0.9944,STAY_ACTIVE,18564.23828125
3000.0,3000.4214,0.9999,SCALE_DOWN,3000.0
3000.0,3000.4214,0.9999,SCALE_DOWN,3000.0
11423.4,11447.421,0.9979,STAY_ACTIVE,11447.4208984375
3000.0,3000.4214,0.9999,SCALE_DOWN,3000.0
4244.4,4236.8315,0.9982,SCALE_DOWN,3000.0
18015.0,18112.867,0.9946,STAY_ACTIVE,18112.8671875
3740.4,3720.1553,0.9946,SCALE_DOWN,3000.0
3000.0,3000.4214,0.9999,SCALE_DOWN,3000.0
3000.0,3000.4214,0.9999,SCALE_DOWN,3000.0
10355.4,10307.187,0.9953,STAY_ACTIVE,10307.1865234375
6736.500000000001,6716.6553,0.9971,SCALE_DOWN,3000.0
3000.0,3000.4214,0.9999,SCALE_DOWN,3000.0
3000.0,3000.4214,0.9999,SCALE_DOWN,3000.0
21000.0,21000.64,1.0,STAY_ACTIVE,21000.640625
9936.3,9974.458,0.9962,STAY_ACTIVE,9974.4580078125
5607.0,5596.639,0.9982,SCALE_DOWN,3000.0
6974.1,6986.6626,0.9982,SCALE_DOWN,3000.0
9570.0,9459.262,0.9884,STAY_ACTIVE,9459.26171875
3000.0,3000.4214,0.9999,SCALE_DOWN,3000.0
3000.0,3000.4214,0.9999,SCALE_DOWN,3000.0
3000.0,3000.4214,0.9999,SCALE_DOWN,3000.0
17951.399999999998,18014.78,0.9965,STAY_ACTIVE,18014.779296875
17444.100000000002,17463.336,0.9989,STAY_ACTIVE,17463.3359375
13593.3,13513.27,0.9941,STAY_ACTIVE,13513.26953125
6913.5,6901.9927,0.9983,SCALE_DOWN,3000.0
3160.7999999999997,3127.5364,0.9895,SCALE_DOWN,3000.0
8948.4,8855.833,0.9897,SCALE_DOWN,3000.0
3000.0,3000.4214,0.9999,SCALE_DOWN,3000.0
7128.9,7144.8965,0.9978,SCALE_DOWN,3000.0
21000.0,21000.121,1.0,STAY_ACTIVE,21000.12109375
6902.4,6908.1245,0.9992,SCALE_DOWN,3000.0
3000.0,3000.4214,0.9999,SCALE_DOWN,3000.0
8643.0,8659.914,0.998,SCALE_DOWN,3000.0
9795.3,9817.369,0.9977,STAY_ACTIVE,9817.369140625
3000.0,3000.4214,0.9999,SCALE_DOWN,3000.0
6545.1,6552.947,0.9988,SCALE_DOWN,3000.0
3729.0,3718.304,0.9971,SCALE_DOWN,3000.0
3000.0,3000.4214,0.9999,SCALE_DOWN,3000.0
5098.8,5056.4805,0.9917,SCALE_DOWN,3000.0
3000.0,3000.4214,0.9999,SCALE_DOWN,3000.0
5050.2,5022.644,0.9945,SCALE_DOWN,3000.0
6802.5,6807.8936,0.9992,SCALE_DOWN,3000.0
12162.3,12169.138,0.9994,STAY_ACTIVE,12169.1376953125
4068.6,4099.6567,0.9924,SCALE_DOWN,3000.0
3000.0,3000.4214,0.9999,SCALE_DOWN,3000.0
10870.8,10872.401,0.9999,STAY_ACTIVE,10872.4013671875
16962.600000000002,17016.785,0.9968,STAY_ACTIVE,17016.78515625
21000.0,21000.281,1.0,STAY_ACTIVE,21000.28125
21000.0,21028.338,0.9987,STAY_ACTIVE,21028.337890625
5862.6,5877.872,0.9974,SCALE_DOWN,3000.0
3000.0,3000.4214,0.9999,SCALE_DOWN,3000.0
21000.0,20999.139,1.0,STAY_ACTIVE,20999.138671875
13827.000000000002,13879.65,0.9962,STAY_ACTIVE,13879.650390625
7158.6,7131.371,0.9962,SCALE_DOWN,3000.0
5584.5,5587.126,0.9995,SCALE_DOWN,3000.0
21000.0,21000.047,1.0,STAY_ACTIVE,21000.046875
14866.800000000005,14939.565,0.9951,STAY_ACTIVE,14939.5654296875
3000.0,3000.4214,0.9999,SCALE_DOWN,3000.0
6411.0,6414.9287,0.9994,SCALE_DOWN,3000.0
3000.0,3000.4214,0.9999,SCALE_DOWN,3000.0
9432.3,9417.037,0.9984,STAY_ACTIVE,9417.037109375
7361.400000000001,7359.141,0.9997,SCALE_DOWN,3000.0
3000.0,3000.4214,0.9999,SCALE_DOWN,3000.0
21000.0,21000.078,1.0,STAY_ACTIVE,21000.078125
21000.0,21000.078,1.0,STAY_ACTIVE,21000.078125
3000.0,3000.4214,0.9999,SCALE_DOWN,3000.0
21000.0,20998.912,0.9999,STAY_ACTIVE,20998.912109375
3000.0,3000.4214,0.9999,SCALE_DOWN,3000.0
3000.0,3000.4214,0.9999,SCALE_DOWN,3000.0
7408.500000000001,7404.58,0.9995,SCALE_DOWN,3000.0
6299.4,6305.8223,0.999,SCALE_DOWN,3000.0
21000.0,20980.135,0.9991,STAY_ACTIVE,20980.134765625
11564.1,11516.275,0.9959,STAY_ACTIVE,11516.275390625
7367.4,7366.504,0.9999,SCALE_DOWN,3000.0
8481.900000000001,8510.656,0.9966,SCALE_DOWN,3000.0
9467.7,9504.375,0.9961,STAY_ACTIVE,9504.375
8118.9000000000015,8146.1357,0.9966,SCALE_DOWN,3000.0
3000.0,3000.4214,0.9999,SCALE_DOWN,3000.0
21000.0,20999.48,1.0,STAY_ACTIVE,20999.48046875
12878.1,12854.4795,0.9982,STAY_ACTIVE,12854.4794921875
3000.0,3000.4214,0.9999,SCALE_DOWN,3000.0
8011.200000000001,7986.1685,0.9969,SCALE_DOWN,3000.0
6847.5,6884.2256,0.9946,SCALE_DOWN,3000.0
17163.300000000003,17239.367,0.9956,STAY_ACTIVE,17239.3671875
11848.5,11830.925,0.9985,STAY_ACTIVE,11830.9248046875
21000.0,21000.047,1.0,STAY_ACTIVE,21000.046875
13551.0,13568.817,0.9987,STAY_ACTIVE,13568.8173828125
21000.0,20999.51,1.0,STAY_ACTIVE,20999.509765625
19264.800000000003,19170.393,0.9951,STAY_ACTIVE,19170.392578125
21000.0,21000.67,1.0,STAY_ACTIVE,21000.669921875
7428.6,7404.1025,0.9967,SCALE_DOWN,3000.0
3000.0,3000.4214,0.9999,SCALE_DOWN,3000.0
15228.3,15276.751,0.9968,STAY_ACTIVE,15276.7509765625
4542.9,4522.4487,0.9955,SCALE_DOWN,3000.0
9004.2,9022.6,0.998,STAY_ACTIVE,9022.599609375
8911.800000000001,8900.352,0.9987,SCALE_DOWN,3000.0
3000.0,3000.4214,0.9999,SCALE_DOWN,3000.0
17889.000000000004,17738.047,0.9916,STAY_ACTIVE,17738.046875
3000.0,3000.4214,0.9999,SCALE_DOWN,3000.0
14818.8,14805.147,0.9991,STAY_ACTIVE,14805.1474609375
11009.4,11061.716,0.9952,STAY_ACTIVE,11061.7158203125
11402.4,11427.643,0.9978,STAY_ACTIVE,11427.642578125
3155.0999999999995,3168.8623,0.9956,SCALE_DOWN,3000.0
10203.3,10233.0,0.9971,STAY_ACTIVE,10233.0
3075.9,3072.0215,0.9987,SCALE_DOWN,3000.0
3000.0,3000.4214,0.9999,SCALE_DOWN,3000.0
16463.100000000002,16479.92,0.999,STAY_ACTIVE,16479.919921875
6672.6,6674.043,0.9998,SCALE_DOWN,3000.0
3000.0,3000.4214,0.9999,SCALE_DOWN,3000.0
21000.0,21000.047,1.0,STAY_ACTIVE,21000.046875
3000.0,3000.4214,0.9999,SCALE_DOWN,3000.0
3000.0,3000.4214,0.9999,SCALE_DOWN,3000.0
9609.0,9592.627,0.9983,STAY_ACTIVE,9592.626953125
8555.7,8577.425,0.9975,SCALE_DOWN,3000.0
3000.0,3000.4214,0.9999,SCALE_DOWN,3000.0
8343.599999999999,8358.35,0.9982,SCALE_DOWN,3000.0
5414.7,5409.624,0.9991,SCALE_DOWN,3000.0
9747.0,9740.286,0.9993,STAY_ACTIVE,9740.2861328125
3000.0,3000.4214,0.9999,SCALE_DOWN,3000.0
3000.0,3000.4214,0.9999,SCALE_DOWN,3000.0
3000.0,3000.4214,0.9999,SCALE_DOWN,3000.0
21000.0,21000.078,1.0,STAY_ACTIVE,21000.078125
3996.9,4032.8904,0.991,SCALE_DOWN,3000.0
18162.6,18200.8,0.9979,STAY_ACTIVE,18200.80078125
21000.0,21000.047,1.0,STAY_ACTIVE,21000.046875
3000.0,3000.4214,0.9999,SCALE_DOWN,3000.0
3000.0,3000.4214,0.9999,SCALE_DOWN,3000.0
21000.0,21000.047,1.0,STAY_ACTIVE,21000.046875
3000.0,3000.4214,0.9999,SCALE_DOWN,3000.0
21000.0,21000.047,1.0,STAY_ACTIVE,21000.046875
21000.0,21000.047,1.0,STAY_ACTIVE,21000.046875
7232.1,7253.801,0.997,SCALE_DOWN,3000.0
21000.0,21000.047,1.0,STAY_ACTIVE,21000.046875
21000.0,21000.047,1.0,STAY_ACTIVE,21000.046875
21000.0,21000.047,1.0,STAY_ACTIVE,21000.046875
21000.0,21000.078,1.0,STAY_ACTIVE,21000.078125
6072.0,6051.284,0.9966,SCALE_DOWN,3000.0
3000.0,3000.4214,0.9999,SCALE_DOWN,3000.0
3451.8,3414.4854,0.9892,SCALE_DOWN,3000.0
3000.0,3000.4214,0.9999,SCALE_DOWN,3000.0
17488.5,17415.725,0.9958,STAY_ACTIVE,17415.724609375
21000.0,21000.09,1.0,STAY_ACTIVE,21000.08984375
21000.0,21000.049,1.0,STAY_ACTIVE,21000.048828125
21000.0,20997.627,0.9999,STAY_ACTIVE,20997.626953125
3000.0,3000.4214,0.9999,SCALE_DOWN,3000.0
4336.5,4312.599,0.9945,SCALE_DOWN,3000.0
5577.6,5563.2197,0.9974,SCALE_DOWN,3000.0
21000.0,21000.047,1.0,STAY_ACTIVE,21000.046875
12099.6,12115.743,0.9987,STAY_ACTIVE,12115.7431640625
3794.7,3819.2373,0.9935,SCALE_DOWN,3000.0
21000.0,20999.852,1.0,STAY_ACTIVE,20999.8515625
10052.7,10021.345,0.9969,STAY_ACTIVE,10021.3447265625
3000.0,3000.4214,0.9999,SCALE_DOWN,3000.0
21000.0,21019.418,0.9991,STAY_ACTIVE,21019.41796875
3000.0,3000.4214,0.9999,SCALE_DOWN,3000.0
21000.0,21000.047,1.0,STAY_ACTIVE,21000.046875
12979.800000000005,12845.69,0.9897,STAY_ACTIVE,12845.6904296875
14281.2,14250.549,0.9979,STAY_ACTIVE,14250.548828125
21000.0,20998.658,0.9999,STAY_ACTIVE,20998.658203125
13160.7,13163.432,0.9998,STAY_ACTIVE,13163.431640625
12829.8,12868.043,0.997,STAY_ACTIVE,12868.04296875
3000.0,3000.4214,0.9999,SCALE_DOWN,3000.0
21000.0,20999.852,1.0,STAY_ACTIVE,20999.8515625
4040.1,4028.3762,0.9971,SCALE_DOWN,3000.0
21000.0,21000.049,1.0,STAY_ACTIVE,21000.048828125
3000.0,3000.4214,0.9999,SCALE_DOWN,3000.0
21000.0,21000.047,1.0,STAY_ACTIVE,21000.046875
3000.0,3000.4214,0.9999,SCALE_DOWN,3000.0
3000.0,3000.4214,0.9999,SCALE_DOWN,3000.0
3000.0,3000.4214,0.9999,SCALE_DOWN,3000.0
3000.0,3000.4214,0.9999,SCALE_DOWN,3000.0
4392.9,4418.0566,0.9943,SCALE_DOWN,3000.0
3000.0,3000.4214,0.9999,SCALE_DOWN,3000.0
21000.0,21000.057,1.0,STAY_ACTIVE,21000.056640625
19977.9,19903.92,0.9963,STAY_ACTIVE,19903.919921875
21000.0,21014.047,0.9993,STAY_ACTIVE,21014.046875
12720.9,12744.215,0.9982,STAY_ACTIVE,12744.21484375
3071.4,3085.0073,0.9956,SCALE_DOWN,3000.0
9110.1,9085.189,0.9973,STAY_ACTIVE,9085.189453125
21000.0,20996.729,0.9998,STAY_ACTIVE,20996.728515625
3000.0,3000.4214,0.9999,SCALE_DOWN,3000.0
7501.8,7541.9517,0.9946,SCALE_DOWN,3000.0
21000.0,21006.809,0.9997,STAY_ACTIVE,21006.80859375
8299.2,8293.335,0.9993,SCALE_DOWN,3000.0
3000.0,3000.4214,0.9999,SCALE_DOWN,3000.0
3556.2000000000003,3559.4746,0.9991,SCALE_DOWN,3000.0
4126.8,4142.8955,0.9961,SCALE_DOWN,3000.0
3000.0,3000.4214,0.9999,SCALE_DOWN,3000.0
21000.0,21000.047,1.0,STAY_ACTIVE,21000.046875
3000.0,3000.4214,0.9999,SCALE_DOWN,3000.0
3000.0,3000.4214,0.9999,SCALE_DOWN,3000.0
7155.9,7102.1743,0.9925,SCALE_DOWN,3000.0
3000.0,3000.4214,0.9999,SCALE_DOWN,3000.0
19304.7,19363.77,0.9969,STAY_ACTIVE,19363.76953125
3000.0,3000.4214,0.9999,SCALE_DOWN,3000.0
7221.0,7065.0615,0.9784,SCALE_DOWN,3000.0
18980.7,19018.041,0.998,STAY_ACTIVE,19018.041015625
21000.0,20998.572,0.9999,STAY_ACTIVE,20998.572265625
12321.000000000002,12328.613,0.9994,STAY_ACTIVE,12328.61328125
4157.1,4151.937,0.9988,SCALE_DOWN,3000.0
3000.0,3000.4214,0.9999,SCALE_DOWN,3000.0
5702.700000000001,5730.0186,0.9952,SCALE_DOWN,3000.0
21000.0,20999.852,1.0,STAY_ACTIVE,20999.8515625
8165.700000000001,8192.191,0.9968,SCALE_DOWN,3000.0
21000.0,20999.98,1.0,STAY_ACTIVE,20999.98046875
21000.0,20999.852,1.0,STAY_ACTIVE,20999.8515625
3000.0,3000.4214,0.9999,SCALE_DOWN,3000.0
21000.0,21000.64,1.0,STAY_ACTIVE,21000.640625
3000.0,3000.4214,0.9999,SCALE_DOWN,3000.0
3000.0,3000.4214,0.9999,SCALE_DOWN,3000.0
6553.5,6552.991,0.9999,SCALE_DOWN,3000.0
18468.0,18393.338,0.996,STAY_ACTIVE,18393.337890625
21000.0,21000.291,1.0,STAY_ACTIVE,21000.291015625
3000.0,3000.4214,0.9999,SCALE_DOWN,3000.0
21000.0,20999.852,1.0,STAY_ACTIVE,20999.8515625
21000.0,21000.322,1.0,STAY_ACTIVE,21000.322265625
6156.6,6167.7,0.9982,SCALE_DOWN,3000.0
8629.5,8584.784,0.9948,SCALE_DOWN,3000.0
18217.8,18328.07,0.9939,STAY_ACTIVE,18328.0703125
8987.699999999999,9106.329,0.9868,STAY_ACTIVE,9106.3291015625
20670.9,20565.121,0.9949,STAY_ACTIVE,20565.12109375
10800.0,10743.988,0.9948,STAY_ACTIVE,10743.98828125
11151.0,11102.232,0.9956,STAY_ACTIVE,11102.232421875
21000.0,21018.387,0.9991,STAY_ACTIVE,21018.38671875
3000.0,3000.4214,0.9999,SCALE_DOWN,3000.0
10285.2,10242.788,0.9959,STAY_ACTIVE,10242.7880859375
3000.0,3000.4214,0.9999,SCALE_DOWN,3000.0
3000.0,3000.4214,0.9999,SCALE_DOWN,3000.0
21000.0,21000.078,1.0,STAY_ACTIVE,21000.078125
11383.5,11337.106,0.9959,STAY_ACTIVE,11337.1064453125
6564.3,6554.7134,0.9985,SCALE_DOWN,3000.0
3000.0,3000.4214,0.9999,SCALE_DOWN,3000.0
8095.8,8070.1797,0.9968,SCALE_DOWN,3000.0
3000.0,3000.4214,0.9999,SCALE_DOWN,3000.0
13040.4,13056.294,0.9988,STAY_ACTIVE,13056.2939453125
21000.0,20996.697,0.9998,STAY_ACTIVE,20996.697265625
21000.0,21000.047,1.0,STAY_ACTIVE,21000.046875
9779.4,9794.886,0.9984,STAY_ACTIVE,9794.8857421875
3000.0,3000.4214,0.9999,SCALE_DOWN,3000.0
3352.7999999999997,3403.2239,0.985,SCALE_DOWN,3000.0
15231.9,15161.007,0.9953,STAY_ACTIVE,15161.0068359375
3000.0,3000.4214,0.9999,SCALE_DOWN,3000.0
3000.0,3000.4214,0.9999,SCALE_DOWN,3000.0
3000.0,3000.4214,0.9999,SCALE_DOWN,3000.0
5999.1,6019.3276,0.9966,SCALE_DOWN,3000.0
6291.0,6283.848,0.9989,SCALE_DOWN,3000.0
18528.6,18619.36,0.9951,STAY_ACTIVE,18619.359375
3000.0,3000.4214,0.9999,SCALE_DOWN,3000.0
3000.0,3000.4214,0.9999,SCALE_DOWN,3000.0
8313.9,8333.475,0.9976,SCALE_DOWN,3000.0
6462.6,6444.2915,0.9972,SCALE_DOWN,3000.0
11254.2,11187.43,0.9941,STAY_ACTIVE,11187.4296875
11401.5,11312.274,0.9922,STAY_ACTIVE,11312.2744140625
21000.0,21000.047,1.0,STAY_ACTIVE,21000.046875
5570.1,5571.8115,0.9997,SCALE_DOWN,3000.0
8277.6,8307.127,0.9964,SCALE_DOWN,3000.0
21000.0,20998.27,0.9999,STAY_ACTIVE,20998.26953125
3000.0,3000.4214,0.9999,SCALE_DOWN,3000.0
7366.5,7374.691,0.9989,SCALE_DOWN,3000.0
3000.0,3000.4214,0.9999,SCALE_DOWN,3000.0
10337.1,10335.844,0.9999,STAY_ACTIVE,10335.84375
21000.0,21000.047,1.0,STAY_ACTIVE,21000.046875
21000.0,20999.852,1.0,STAY_ACTIVE,20999.8515625
3000.0,3000.4214,0.9999,SCALE_DOWN,3000.0
3000.0,3000.4214,0.9999,SCALE_DOWN,3000.0
3563.1000000000004,3585.368,0.9938,SCALE_DOWN,3000.0
10322.4,10365.055,0.9959,STAY_ACTIVE,10365.0546875
3000.0,3000.4214,0.9999,SCALE_DOWN,3000.0
21000.0,20998.996,1.0,STAY_ACTIVE,20998.99609375
3000.0,3000.4214,0.9999,SCALE_DOWN,3000.0
11860.2,11920.338,0.9949,STAY_ACTIVE,11920.337890625
3000.0,3000.4214,0.9999,SCALE_DOWN,3000.0
3000.0,3000.4214,0.9999,SCALE_DOWN,3000.0
20646.6,20782.924,0.9934,STAY_ACTIVE,20782.923828125
5689.8,5651.3247,0.9932,SCALE_DOWN,3000.0
5790.6,5808.775,0.9969,SCALE_DOWN,3000.0
12281.4,12322.059,0.9967,STAY_ACTIVE,12322.05859375
7083.0,7094.791,0.9983,SCALE_DOWN,3000.0
14217.300000000005,14137.602,0.9944,STAY_ACTIVE,14137.6015625
18784.8,18751.045,0.9982,STAY_ACTIVE,18751.044921875
18133.5,18122.912,0.9994,STAY_ACTIVE,18122.912109375
13731.000000000002,13738.741,0.9994,STAY_ACTIVE,13738.7412109375
5137.2,5140.587,0.9993,SCALE_DOWN,3000.0
19514.1,19544.084,0.9985,STAY_ACTIVE,19544.083984375
21000.0,20998.367,0.9999,STAY_ACTIVE,20998.3671875
15306.9,15235.378,0.9953,STAY_ACTIVE,15235.3779296875
9165.3,9158.757,0.9993,STAY_ACTIVE,9158.7568359375
3000.0,3000.4214,0.9999,SCALE_DOWN,3000.0
19516.500000000004,19375.951,0.9928,STAY_ACTIVE,19375.951171875
10758.6,10792.002,0.9969,STAY_ACTIVE,10792.001953125
3000.0,3000.4214,0.9999,SCALE_DOWN,3000.0
5535.0,5551.9404,0.9969,SCALE_DOWN,3000.0
3000.0,3000.4214,0.9999,SCALE_DOWN,3000.0
13372.2,13319.487,0.9961,STAY_ACTIVE,13319.4873046875
3000.0,3000.4214,0.9999,SCALE_DOWN,3000.0
3000.0,3000.4214,0.9999,SCALE_DOWN,3000.0
6900.6,6932.086,0.9954,SCALE_DOWN,3000.0
3000.0,3000.4214,0.9999,SCALE_DOWN,3000.0
21000.0,21000.049,1.0,STAY_ACTIVE,21000.048828125
4494.6,4500.2544,0.9987,SCALE_DOWN,3000.0
9603.6,9620.804,0.9982,STAY_ACTIVE,9620.8037109375
15561.3,15645.133,0.9946,STAY_ACTIVE,15645.1328125
14269.8,14271.469,0.9999,STAY_ACTIVE,14271.46875
11313.6,11226.933,0.9923,STAY_ACTIVE,11226.9326171875
6759.6,6757.979,0.9998,SCALE_DOWN,3000.0
7307.4,7285.5166,0.997,SCALE_DOWN,3000.0
21000.0,21000.047,1.0,STAY_ACTIVE,21000.046875
3549.6000000000004,3537.9946,0.9967,SCALE_DOWN,3000.0
4504.5,4489.2666,0.9966,SCALE_DOWN,3000.0
17927.7,18013.145,0.9952,STAY_ACTIVE,18013.14453125
8757.0,8723.31,0.9962,SCALE_DOWN,3000.0
3000.0,3000.4214,0.9999,SCALE_DOWN,3000.0
3000.0,3000.4214,0.9999,SCALE_DOWN,3000.0
11771.1,11776.772,0.9995,STAY_ACTIVE,11776.7724609375
3874.8,3824.4353,0.987,SCALE_DOWN,3000.0
9684.3,9702.914,0.9981,STAY_ACTIVE,9702.9140625
9350.7,9324.1455,0.9972,STAY_ACTIVE,9324.1455078125
21000.0,21000.047,1.0,STAY_ACTIVE,21000.046875
21000.0,21000.047,1.0,STAY_ACTIVE,21000.046875
21000.0,21000.047,1.0,STAY_ACTIVE,21000.046875
3000.0,3000.4214,0.9999,SCALE_DOWN,3000.0
5756.700000000001,5754.7456,0.9997,SCALE_DOWN,3000.0
5792.1,5777.58,0.9975,SCALE_DOWN,3000.0
7661.1,7645.644,0.998,SCALE_DOWN,3000.0
10143.6,10121.967,0.9979,STAY_ACTIVE,10121.966796875
6833.4,6843.3633,0.9985,SCALE_DOWN,3000.0
3000.0,3000.4214,0.9999,SCALE_DOWN,3000.0
3000.0,3000.4214,0.9999,SCALE_DOWN,3000.0
7754.1,7769.0977,0.9981,SCALE_DOWN,3000.0
21000.0,21018.281,0.9991,STAY_ACTIVE,21018.28125
21000.0,20998.377,0.9999,STAY_ACTIVE,20998.376953125
5846.400000000001,5861.9536,0.9973,SCALE_DOWN,3000.0
3000.0,3000.4214,0.9999,SCALE_DOWN,3000.0
13714.2,13792.24,0.9943,STAY_ACTIVE,13792.240234375
3000.0,3000.4214,0.9999,SCALE_DOWN,3000.0
12174.6,12133.292,0.9966,STAY_ACTIVE,12133.2919921875
3344.1,3350.038,0.9982,SCALE_DOWN,3000.0
11287.800000000005,11277.061,0.999,STAY_ACTIVE,11277.060546875
3000.0,3000.4214,0.9999,SCALE_DOWN,3000.0
4872.0,4835.1377,0.9924,SCALE_DOWN,3000.0
3000.0,3000.4214,0.9999,SCALE_DOWN,3000.0
3000.0,3000.4214,0.9999,SCALE_DOWN,3000.0
3790.2,3734.5637,0.9853,SCALE_DOWN,3000.0
21000.0,21000.047,1.0,STAY_ACTIVE,21000.046875
3000.0,3000.4214,0.9999,SCALE_DOWN,3000.0
7765.8,7771.091,0.9993,SCALE_DOWN,3000.0
12751.8,12762.075,0.9992,STAY_ACTIVE,12762.0751953125
3000.0,3000.4214,0.9999,SCALE_DOWN,3000.0
6909.0,6926.6343,0.9974,SCALE_DOWN,3000.0
10157.4,10214.268,0.9944,STAY_ACTIVE,10214.267578125
5942.1,5945.737,0.9994,SCALE_DOWN,3000.0
15232.2,15234.431,0.9999,STAY_ACTIVE,15234.4306640625
3000.0,3000.4214,0.9999,SCALE_DOWN,3000.0
12161.1,12191.73,0.9975,STAY_ACTIVE,12191.73046875
7583.7,7588.6353,0.9993,SCALE_DOWN,3000.0
9967.5,10041.311,0.9926,STAY_ACTIVE,10041.310546875
5502.3,5517.8687,0.9972,SCALE_DOWN,3000.0
3000.0,3000.4214,0.9999,SCALE_DOWN,3000.0
5502.6,5514.8105,0.9978,SCALE_DOWN,3000.0
7165.200000000001,7141.6777,0.9967,SCALE_DOWN,3000.0
7756.8,7780.1597,0.997,SCALE_DOWN,3000.0
4561.200000000001,4566.343,0.9989,SCALE_DOWN,3000.0
13926.9,13964.039,0.9973,STAY_ACTIVE,13964.0390625
11373.0,11429.383,0.995,STAY_ACTIVE,11429.3828125
5208.9,5189.3794,0.9963,SCALE_DOWN,3000.0
21000.0,21000.047,1.0,STAY_ACTIVE,21000.046875
13691.7,13637.158,0.996,STAY_ACTIVE,13637.158203125
3000.0,3000.4214,0.9999,SCALE_DOWN,3000.0
7224.9000000000015,7244.1836,0.9973,SCALE_DOWN,3000.0
4980.9,5008.178,0.9945,SCALE_DOWN,3000.0
5308.5,5283.3647,0.9953,SCALE_DOWN,3000.0
5276.4,5278.2983,0.9996,SCALE_DOWN,3000.0
7215.3,7177.9116,0.9948,SCALE_DOWN,3000.0
21000.0,21000.047,1.0,STAY_ACTIVE,21000.046875
21000.0,21000.049,1.0,STAY_ACTIVE,21000.048828125
3000.0,3000.4214,0.9999,SCALE_DOWN,3000.0
3000.0,3000.4214,0.9999,SCALE_DOWN,3000.0
19034.699999999997,19107.395,0.9962,STAY_ACTIVE,19107.39453125
17221.800000000003,17239.367,0.999,STAY_ACTIVE,17239.3671875
14109.9,14182.369,0.9949,STAY_ACTIVE,14182.369140625
20427.0,20325.324,0.995,STAY_ACTIVE,20325.32421875
3000.0,3000.4214,0.9999,SCALE_DOWN,3000.0
16613.100000000002,16584.484,0.9983,STAY_ACTIVE,16584.484375
3000.0,3000.4214,0.9999,SCALE_DOWN,3000.0
18153.300000000003,18177.41,0.9987,STAY_ACTIVE,18177.41015625
3000.0,3000.4214,0.9999,SCALE_DOWN,3000.0
21000.0,21000.047,1.0,STAY_ACTIVE,21000.046875
8628.0,8610.27,0.9979,SCALE_DOWN,3000.0
4406.700000000001,4408.9844,0.9995,SCALE_DOWN,3000.0
3000.0,3000.4214,0.9999,SCALE_DOWN,3000.0
3000.0,3000.4214,0.9999,SCALE_DOWN,3000.0
21000.0,20991.727,0.9996,STAY_ACTIVE,20991.7265625
5316.9,5291.849,0.9953,SCALE_DOWN,3000.0
8540.1,8528.332,0.9986,SCALE_DOWN,3000.0
17783.699999999997,17804.295,0.9988,STAY_ACTIVE,17804.294921875
3000.0,3000.4214,0.9999,SCALE_DOWN,3000.0
10071.0,10156.476,0.9915,STAY_ACTIVE,10156.4755859375
21000.0,21000.047,1.0,STAY_ACTIVE,21000.046875
6794.700000000001,6818.7515,0.9965,SCALE_DOWN,3000.0
3000.0,3000.4214,0.9999,SCALE_DOWN,3000.0
8011.800000000001,8035.8813,0.997,SCALE_DOWN,3000.0
21000.0,21002.336,0.9999,STAY_ACTIVE,21002.3359375
6107.700000000001,6087.815,0.9967,SCALE_DOWN,3000.0
7060.799999999999,7062.664,0.9997,SCALE_DOWN,3000.0
7719.6,7723.4263,0.9995,SCALE_DOWN,3000.0
3000.0,3000.4214,0.9999,SCALE_DOWN,3000.0
21000.0,21000.047,1.0,STAY_ACTIVE,21000.046875
3000.0,3000.4214,0.9999,SCALE_DOWN,3000.0
3000.0,3000.4214,0.9999,SCALE_DOWN,3000.0
10828.5,10838.301,0.9991,STAY_ACTIVE,10838.30078125
3000.0,3000.4214,0.9999,SCALE_DOWN,3000.0
3000.0,3000.4214,0.9999,SCALE_DOWN,3000.0
7516.200000000001,7523.0244,0.9991,SCALE_DOWN,3000.0
3780.3,3777.3135,0.9992,SCALE_DOWN,3000.0
16998.3,16934.742,0.9963,STAY_ACTIVE,16934.7421875
3000.0,3000.4214,0.9999,SCALE_DOWN,3000.0
3000.0,3000.4214,0.9999,SCALE_DOWN,3000.0
15795.6,15769.537,0.9983,STAY_ACTIVE,15769.537109375
6022.8,6004.6514,0.997,SCALE_DOWN,3000.0
6945.0,6940.0503,0.9993,SCALE_DOWN,3000.0
3000.0,3000.4214,0.9999,SCALE_DOWN,3000.0
21000.0,21000.047,1.0,STAY_ACTIVE,21000.046875
3000.0,3000.4214,0.9999,SCALE_DOWN,3000.0
3000.0,3000.4214,0.9999,SCALE_DOWN,3000.0
6309.900000000001,6293.023,0.9973,SCALE_DOWN,3000.0
12757.8,12819.133,0.9952,STAY_ACTIVE,12819.1328125
3000.0,3000.4214,0.9999,SCALE_DOWN,3000.0
7084.5,7106.1304,0.9969,SCALE_DOWN,3000.0
15309.9,15297.033,0.9992,STAY_ACTIVE,15297.033203125
8677.8,8662.602,0.9982,SCALE_DOWN,3000.0
21000.0,21000.047,1.0,STAY_ACTIVE,21000.046875
7429.200000000001,7454.283,0.9966,SCALE_DOWN,3000.0
5402.1,5406.413,0.9992,SCALE_DOWN,3000.0
21000.0,21000.047,1.0,STAY_ACTIVE,21000.046875
9225.9,9230.963,0.9995,STAY_ACTIVE,9230.962890625
7156.8,7164.6387,0.9989,SCALE_DOWN,3000.0
9797.1,9807.031,0.999,STAY_ACTIVE,9807.03125
3715.2,3681.8848,0.991,SCALE_DOWN,3000.0
6671.4,6715.4385,0.9934,SCALE_DOWN,3000.0
3000.0,3000.4214,0.9999,SCALE_DOWN,3000.0
21000.0,21000.09,1.0,STAY_ACTIVE,21000.08984375
21000.0,21000.078,1.0,STAY_ACTIVE,21000.078125
21000.0,21000.121,1.0,STAY_ACTIVE,21000.12109375
21000.0,21000.047,1.0,STAY_ACTIVE,21000.046875
10843.2,10904.854,0.9943,STAY_ACTIVE,10904.853515625
3000.0,3000.4214,0.9999,SCALE_DOWN,3000.0
21000.0,20998.566,0.9999,STAY_ACTIVE,20998.56640625
21000.0,20999.37,1.0,STAY_ACTIVE,20999.369140625
3776.4,3765.6992,0.9972,SCALE_DOWN,3000.0
3000.0,3000.4214,0.9999,SCALE_DOWN,3000.0
3000.0,3000.4214,0.9999,SCALE_DOWN,3000.0
16807.8,16722.809,0.9949,STAY_ACTIVE,16722.80859375
7109.099999999999,7197.115,0.9876,SCALE_DOWN,3000.0
3000.0,3000.4214,0.9999,SCALE_DOWN,3000.0
4196.1,4183.9355,0.9971,SCALE_DOWN,3000.0
5342.700000000001,5348.132,0.999,SCALE_DOWN,3000.0
21000.0,21000.047,1.0,STAY_ACTIVE,21000.046875
3000.0,3000.4214,0.9999,SCALE_DOWN,3000.0
20487.300000000003,20657.318,0.9917,STAY_ACTIVE,20657.318359375
8472.900000000001,8482.708,0.9988,SCALE_DOWN,3000.0
17716.8,17709.443,0.9996,STAY_ACTIVE,17709.443359375
3000.0,3000.4214,0.9999,SCALE_DOWN,3000.0
4523.700000000001,4534.6387,0.9976,SCALE_DOWN,3000.0
5410.799999999999,5375.807,0.9935,SCALE_DOWN,3000.0
3000.0,3000.4214,0.9999,SCALE_DOWN,3000.0
8414.400000000001,8407.825,0.9992,SCALE_DOWN,3000.0
3000.0,3000.4214,0.9999,SCALE_DOWN,3000.0
21000.0,21000.078,1.0,STAY_ACTIVE,21000.078125
21000.0,21000.078,1.0,STAY_ACTIVE,21000.078125
3000.0,3000.4214,0.9999,SCALE_DOWN,3000.0
9570.9,9537.223,0.9965,STAY_ACTIVE,9537.22265625
4113.0,4142.6626,0.9928,SCALE_DOWN,3000.0
3170.7,3178.25,0.9976,SCALE_DOWN,3000.0
11735.1,11716.309,0.9984,STAY_ACTIVE,11716.30859375
8022.000000000001,8034.3184,0.9985,SCALE_DOWN,3000.0
17925.9,18013.336,0.9951,STAY_ACTIVE,18013.3359375
3000.0,3000.4214,0.9999,SCALE_DOWN,3000.0
3000.0,3000.4214,0.9999,SCALE_DOWN,3000.0
13455.6,13448.017,0.9994,STAY_ACTIVE,13448.0166015625
4721.4,4738.806,0.9963,SCALE_DOWN,3000.0
4722.6,4713.064,0.998,SCALE_DOWN,3000.0
13795.2,13857.902,0.9955,STAY_ACTIVE,13857.90234375
4009.2,3983.3706,0.9936,SCALE_DOWN,3000.0
21000.0,20999.139,1.0,STAY_ACTIVE,20999.138671875
3000.0,3000.4214,0.9999,SCALE_DOWN,3000.0
3000.0,3000.4214,0.9999,SCALE_DOWN,3000.0
5523.900000000001,5508.591,0.9972,SCALE_DOWN,3000.0
3000.0,3000.4214,0.9999,SCALE_DOWN,3000.0
21000.0,21000.443,1.0,STAY_ACTIVE,21000.443359375
14607.000000000002,14638.763,0.9978,STAY_ACTIVE,14638.7626953125
3630.0,3617.7754,0.9966,SCALE_DOWN,3000.0
3000.0,3000.4214,0.9999,SCALE_DOWN,3000.0
3000.0,3000.4214,0.9999,SCALE_DOWN,3000.0
3000.0,3000.4214,0.9999,SCALE_DOWN,3000.0
10140.3,10119.431,0.9979,STAY_ACTIVE,10119.4306640625
21000.0,21000.078,1.0,STAY_ACTIVE,21000.078125
3000.0,3000.4214,0.9999,SCALE_DOWN,3000.0
6814.200000000001,6807.8936,0.9991,SCALE_DOWN,3000.0
12153.3,12145.136,0.9993,STAY_ACTIVE,12145.1357421875
4150.5,4167.242,0.996,SCALE_DOWN,3000.0
3000.0,3000.4214,0.9999,SCALE_DOWN,3000.0
6381.9,6394.469,0.998,SCALE_DOWN,3000.0
3000.0,3000.4214,0.9999,SCALE_DOWN,3000.0
3000.0,3000.4214,0.9999,SCALE_DOWN,3000.0
18340.2,18200.908,0.9924,STAY_ACTIVE,18200.908203125
3000.0,3000.4214,0.9999,SCALE_DOWN,3000.0
3774.3,3794.3435,0.9947,SCALE_DOWN,3000.0
21000.0,21000.078,1.0,STAY_ACTIVE,21000.078125
21000.0,20999.566,1.0,STAY_ACTIVE,20999.56640625
18695.4,18769.504,0.996,STAY_ACTIVE,18769.50390625
19695.300000000003,19852.959,0.992,STAY_ACTIVE,19852.958984375
21000.0,21000.078,1.0,STAY_ACTIVE,21000.078125
21000.0,20965.729,0.9984,STAY_ACTIVE,20965.728515625
21000.0,21000.047,1.0,STAY_ACTIVE,21000.046875
21000.0,21000.047,1.0,STAY_ACTIVE,21000.046875
8799.0,8799.505,0.9999,SCALE_DOWN,3000.0
21000.0,20999.229,1.0,STAY_ACTIVE,20999.228515625
4623.0,4641.227,0.9961,SCALE_DOWN,3000.0
3000.0,3000.4214,0.9999,SCALE_DOWN,3000.0
21000.0,21000.047,1.0,STAY_ACTIVE,21000.046875
3000.0,3000.4214,0.9999,SCALE_DOWN,3000.0
3000.0,3000.4214,0.9999,SCALE_DOWN,3000.0
7607.699999999999,7591.9756,0.9979,SCALE_DOWN,3000.0
11102.1,11154.718,0.9953,STAY_ACTIVE,11154.7177734375
21000.0,20999.562,1.0,STAY_ACTIVE,20999.5625
3582.6000000000004,3581.5852,0.9997,SCALE_DOWN,3000.0
7491.0,7505.24,0.9981,SCALE_DOWN,3000.0
3000.0,3000.4214,0.9999,SCALE_DOWN,3000.0
3291.9,3294.0488,0.9993,SCALE_DOWN,3000.0
3000.0,3000.4214,0.9999,SCALE_DOWN,3000.0
3000.0,3000.4214,0.9999,SCALE_DOWN,3000.0
3000.0,3000.4214,0.9999,SCALE_DOWN,3000.0
7603.200000000001,7618.0547,0.998,SCALE_DOWN,3000.0
3000.0,3000.4214,0.9999,SCALE_DOWN,3000.0
3000.0,3000.4214,0.9999,SCALE_DOWN,3000.0
9230.1,9235.262,0.9994,STAY_ACTIVE,9235.26171875
21000.0,21000.078,1.0,STAY_ACTIVE,21000.078125
3000.0,3000.4214,0.9999,SCALE_DOWN,3000.0
3000.0,3000.4214,0.9999,SCALE_DOWN,3000.0
10872.0,10845.715,0.9976,STAY_ACTIVE,10845.71484375
16521.3,16592.572,0.9957,STAY_ACTIVE,16592.572265625
3000.0,3000.4214,0.9999,SCALE_DOWN,3000.0
21000.0,21000.047,1.0,STAY_ACTIVE,21000.046875
21000.0,21000.639,1.0,STAY_ACTIVE,21000.638671875
3000.0,3000.4214,0.9999,SCALE_DOWN,3000.0
11564.7,11532.802,0.9972,STAY_ACTIVE,11532.8017578125
6222.3,6240.8467,0.997,SCALE_DOWN,3000.0
19061.4,19247.465,0.9902,STAY_ACTIVE,19247.46484375
3000.0,3000.4214,0.9999,SCALE_DOWN,3000.0
5325.0,5333.907,0.9983,SCALE_DOWN,3000.0
3000.0,3000.4214,0.9999,SCALE_DOWN,3000.0
3000.0,3000.4214,0.9999,SCALE_DOWN,3000.0
5768.1,5754.7456,0.9977,SCALE_DOWN,3000.0
21000.0,21000.047,1.0,STAY_ACTIVE,21000.046875
21000.0,21000.078,1.0,STAY_ACTIVE,21000.078125
21000.0,20999.51,1.0,STAY_ACTIVE,20999.509765625
3000.0,3000.4214,0.9999,SCALE_DOWN,3000.0
6357.0,6318.8604,0.994,SCALE_DOWN,3000.0
21000.0,21013.672,0.9993,STAY_ACTIVE,21013.671875
21000.0,21000.047,1.0,STAY_ACTIVE,21000.046875
21000.0,21000.193,1.0,STAY_ACTIVE,21000.193359375
21000.0,21000.078,1.0,STAY_ACTIVE,21000.078125
21000.0,21000.639,1.0,STAY_ACTIVE,21000.638671875
3000.0,3000.4214,0.9999,SCALE_DOWN,3000.0
21000.0,20998.826,0.9999,STAY_ACTIVE,20998.826171875
6978.3,6980.184,0.9997,SCALE_DOWN,3000.0
3309.9,3317.1309,0.9978,SCALE_DOWN,3000.0
3000.0,3000.4214,0.9999,SCALE_DOWN,3000.0
3000.0,3000.4214,0.9999,SCALE_DOWN,3000.0
3000.0,3000.4214,0.9999,SCALE_DOWN,3000.0
21000.0,20999.469,1.0,STAY_ACTIVE,20999.46875
16253.1,16264.302,0.9993,STAY_ACTIVE,16264.3017578125
3000.0,3000.4214,0.9999,SCALE_DOWN,3000.0
10028.4,9989.457,0.9961,STAY_ACTIVE,9989.45703125
19629.0,19518.443,0.9944,STAY_ACTIVE,19518.443359375
3000.0,3000.4214,0.9999,SCALE_DOWN,3000.0
3000.0,3000.4214,0.9999,SCALE_DOWN,3000.0
3000.0,3000.4214,0.9999,SCALE_DOWN,3000.0
21000.0,21000.047,1.0,STAY_ACTIVE,21000.046875
21000.0,21000.047,1.0,STAY_ACTIVE,21000.046875
21000.0,21000.322,1.0,STAY_ACTIVE,21000.322265625
18882.300000000003,18762.05,0.9936,STAY_ACTIVE,18762.05078125
21000.0,21041.62,0.998,STAY_ACTIVE,21041.619140625
8355.599999999999,8373.109,0.9979,SCALE_DOWN,3000.0
21000.0,21000.078,1.0,STAY_ACTIVE,21000.078125
3000.0,3000.4214,0.9999,SCALE_DOWN,3000.0
9275.7,9296.306,0.9978,STAY_ACTIVE,9296.3056640625
8228.1,8213.25,0.9982,SCALE_DOWN,3000.0
21000.0,21000.047,1.0,STAY_ACTIVE,21000.046875
21000.0,21000.047,1.0,STAY_ACTIVE,21000.046875
11960.7,11996.589,0.997,STAY_ACTIVE,11996.5888671875
8964.300000000001,8983.488,0.9979,SCALE_DOWN,3000.0
13980.3,13947.264,0.9976,STAY_ACTIVE,13947.263671875
21000.0,21000.291,1.0,STAY_ACTIVE,21000.291015625
3000.0,3000.4214,0.9999,SCALE_DOWN,3000.0
21000.0,21017.809,0.9992,STAY_ACTIVE,21017.80859375
21000.0,20999.852,1.0,STAY_ACTIVE,20999.8515625
19683.6,19755.938,0.9963,STAY_ACTIVE,19755.9375
21000.0,20998.475,0.9999,STAY_ACTIVE,20998.474609375
21000.0,21000.078,1.0,STAY_ACTIVE,21000.078125
10512.300000000005,10532.8125,0.998,STAY_ACTIVE,10532.8125
3000.0,3000.4214,0.9999,SCALE_DOWN,3000.0
4384.5,4393.307,0.998,SCALE_DOWN,3000.0
3000.0,3000.4214,0.9999,SCALE_DOWN,3000.0
21000.0,21000.049,1.0,STAY_ACTIVE,21000.048828125
21000.0,20998.826,0.9999,STAY_ACTIVE,20998.826171875
5683.5,5711.174,0.9951,SCALE_DOWN,3000.0
3000.0,3000.4214,0.9999,SCALE_DOWN,3000.0
3000.0,3000.4214,0.9999,SCALE_DOWN,3000.0
21000.0,21000.154,1.0,STAY_ACTIVE,21000.154296875
13344.3,13357.179,0.999,STAY_ACTIVE,13357.1787109375
3000.0,3000.4214,0.9999,SCALE_DOWN,3000.0
4096.8,4041.909,0.9866,SCALE_DOWN,3000.0
15521.4,15502.411,0.9988,STAY_ACTIVE,15502.4111328125
3000.0,3000.4214,0.9999,SCALE_DOWN,3000.0
3000.0,3000.4214,0.9999,SCALE_DOWN,3000.0
6345.3,6345.108,1.0,SCALE_DOWN,3000.0
6236.400000000001,6224.122,0.998,SCALE_DOWN,3000.0
10604.1,10618.057,0.9987,STAY_ACTIVE,10618.056640625
3000.0,3000.4214,0.9999,SCALE_DOWN,3000.0
3000.0,3000.4214,0.9999,SCALE_DOWN,3000.0
11602.5,11576.895,0.9978,STAY_ACTIVE,11576.89453125
5594.7,5590.2207,0.9992,SCALE_DOWN,3000.0
3000.0,3000.4214,0.9999,SCALE_DOWN,3000.0
7923.6,7922.5645,0.9999,SCALE_DOWN,3000.0
3000.0,3000.4214,0.9999,SCALE_DOWN,3000.0
21000.0,20863.764,0.9935,STAY_ACTIVE,20863.763671875
21000.0,21000.078,1.0,STAY_ACTIVE,21000.078125
7846.799999999999,7796.0312,0.9935,SCALE_DOWN,3000.0
21000.0,21000.049,1.0,STAY_ACTIVE,21000.048828125
3000.0,3000.4214,0.9999,SCALE_DOWN,3000.0
9039.3,9005.059,0.9962,STAY_ACTIVE,9005.05859375
8812.2,8815.562,0.9996,SCALE_DOWN,3000.0
9455.4,9485.504,0.9968,STAY_ACTIVE,9485.50390625
21000.0,20980.135,0.9991,STAY_ACTIVE,20980.134765625
7256.4000000000015,7237.617,0.9974,SCALE_DOWN,3000.0
21000.0,20996.115,0.9998,STAY_ACTIVE,20996.115234375
6216.299999999999,6232.9897,0.9973,SCALE_DOWN,3000.0
21000.0,20997.307,0.9999,STAY_ACTIVE,20997.306640625
9503.4,9474.809,0.997,STAY_ACTIVE,9474.80859375
3000.0,3000.4214,0.9999,SCALE_DOWN,3000.0
9575.7,9547.98,0.9971,STAY_ACTIVE,9547.98046875
3000.0,3000.4214,0.9999,SCALE_DOWN,3000.0
4502.1,4555.069,0.9882,SCALE_DOWN,3000.0
21000.0,20999.371,1.0,STAY_ACTIVE,20999.37109375
6005.1,6013.5864,0.9986,SCALE_DOWN,3000.0
14325.6,14377.584,0.9964,STAY_ACTIVE,14377.583984375
21000.0,21028.443,0.9986,STAY_ACTIVE,21028.443359375
18621.300000000003,18637.68,0.9991,STAY_ACTIVE,18637.6796875
3000.0,3000.4214,0.9999,SCALE_DOWN,3000.0
3000.0,3000.4214,0.9999,SCALE_DOWN,3000.0
3000.0,3000.4214,0.9999,SCALE_DOWN,3000.0
21000.0,20999.852,1.0,STAY_ACTIVE,20999.8515625
6217.2,6185.0137,0.9948,SCALE_DOWN,3000.0
3000.0,3000.4214,0.9999,SCALE_DOWN,3000.0
3000.0,3000.4214,0.9999,SCALE_DOWN,3000.0
15745.8,15676.391,0.9956,STAY_ACTIVE,15676.390625
8631.900000000001,8619.713,0.9986,SCALE_DOWN,3000.0
12779.4,12799.239,0.9984,STAY_ACTIVE,12799.2392578125
5427.0,5413.6113,0.9975,SCALE_DOWN,3000.0
21000.0,21021.533,0.999,STAY_ACTIVE,21021.533203125
4780.5,4810.472,0.9937,SCALE_DOWN,3000.0
3000.0,3000.4214,0.9999,SCALE_DOWN,3000.0
21000.0,20999.998,1.0,STAY_ACTIVE,20999.998046875
7411.8,7410.161,0.9998,SCALE_DOWN,3000.0
8167.5,8138.4966,0.9964,SCALE_DOWN,3000.0
13144.2,13126.34,0.9986,STAY_ACTIVE,13126.33984375
21000.0,21000.166,1.0,STAY_ACTIVE,21000.166015625
11168.1,11343.138,0.9843,STAY_ACTIVE,11343.1376953125
3000.0,3000.4214,0.9999,SCALE_DOWN,3000.0
21000.0,21000.078,1.0,STAY_ACTIVE,21000.078125
7845.6,7872.055,0.9966,SCALE_DOWN,3000.0
21000.0,20999.852,1.0,STAY_ACTIVE,20999.8515625
15979.5,16035.048,0.9965,STAY_ACTIVE,16035.0478515625
16563.300000000003,16615.613,0.9968,STAY_ACTIVE,16615.61328125
6311.1,6287.338,0.9962,SCALE_DOWN,3000.0
3000.0,3000.4214,0.9999,SCALE_DOWN,3000.0
8924.4,8889.536,0.9961,SCALE_DOWN,3000.0
6066.299999999999,6069.171,0.9995,SCALE_DOWN,3000.0
3000.0,3000.4214,0.9999,SCALE_DOWN,3000.0
21000.0,20999.596,1.0,STAY_ACTIVE,20999.595703125
8484.6,8502.789,0.9979,SCALE_DOWN,3000.0
21000.0,20999.852,1.0,STAY_ACTIVE,20999.8515625
21000.0,21011.768,0.9994,STAY_ACTIVE,21011.767578125
3000.0,3000.4214,0.9999,SCALE_DOWN,3000.0
6328.5,6305.0767,0.9963,SCALE_DOWN,3000.0
8026.8,7990.234,0.9954,SCALE_DOWN,3000.0
3117.0,3099.1792,0.9943,SCALE_DOWN,3000.0
21000.0,21000.047,1.0,STAY_ACTIVE,21000.046875
13380.6,13328.088,0.9961,STAY_ACTIVE,13328.087890625
21000.0,21000.047,1.0,STAY_ACTIVE,21000.046875
21000.0,20999.95,1.0,STAY_ACTIVE,20999.94921875
3000.0,3000.4214,0.9999,SCALE_DOWN,3000.0
11109.3,11084.011,0.9977,STAY_ACTIVE,11084.0107421875
21000.0,20997.932,0.9999,STAY_ACTIVE,20997.931640625
14815.5,14869.683,0.9963,STAY_ACTIVE,14869.6826171875
11238.9,11299.168,0.9946,STAY_ACTIVE,11299.16796875
8830.800000000001,8944.293,0.9871,SCALE_DOWN,3000.0
21000.0,21000.078,1.0,STAY_ACTIVE,21000.078125
5779.200000000001,5792.2915,0.9977,SCALE_DOWN,3000.0
13401.0,13407.35,0.9995,STAY_ACTIVE,13407.349609375
3956.4,3971.3662,0.9962,SCALE_DOWN,3000.0
3000.0,3000.4214,0.9999,SCALE_DOWN,3000.0
6385.8,6362.197,0.9963,SCALE_DOWN,3000.0
5192.4,5203.214,0.9979,SCALE_DOWN,3000.0
5606.700000000001,5584.0225,0.996,SCALE_DOWN,3000.0
5871.0,5839.07,0.9946,SCALE_DOWN,3000.0
21000.0,21000.047,1.0,STAY_ACTIVE,21000.046875
13173.9,13209.475,0.9973,STAY_ACTIVE,13209.474609375
7141.800000000001,7141.6777,1.0,SCALE_DOWN,3000.0
3000.0,3000.4214,0.9999,SCALE_DOWN,3000.0
3170.7,3143.1455,0.9913,SCALE_DOWN,3000.0
3000.0,3000.4214,0.9999,SCALE_DOWN,3000.0
3000.0,3000.4214,0.9999,SCALE_DOWN,3000.0
21000.0,21000.047,1.0,STAY_ACTIVE,21000.046875
3659.7,3620.9392,0.9894,SCALE_DOWN,3000.0
6270.0,6255.529,0.9977,SCALE_DOWN,3000.0
21000.0,21000.123,1.0,STAY_ACTIVE,21000.123046875
21000.0,20999.852,1.0,STAY_ACTIVE,20999.8515625
3000.0,3000.4214,0.9999,SCALE_DOWN,3000.0
18990.300000000003,18972.701,0.9991,STAY_ACTIVE,18972.701171875
13662.6,13714.574,0.9962,STAY_ACTIVE,13714.57421875
3000.0,3000.4214,0.9999,SCALE_DOWN,3000.0
16702.5,16604.344,0.9941,STAY_ACTIVE,16604.34375
17331.600000000002,17321.959,0.9994,STAY_ACTIVE,17321.958984375
3347.7000000000003,3339.5928,0.9976,SCALE_DOWN,3000.0
20223.0,20345.324,0.994,STAY_ACTIVE,20345.32421875
3000.0,3000.4214,0.9999,SCALE_DOWN,3000.0
12182.4,12228.657,0.9962,STAY_ACTIVE,12228.6572265625
3000.0,3000.4214,0.9999,SCALE_DOWN,3000.0
19742.1,19672.463,0.9965,STAY_ACTIVE,19672.462890625
18166.2,18219.113,0.9971,STAY_ACTIVE,18219.11328125
5593.5,5602.6943,0.9984,SCALE_DOWN,3000.0
8040.900000000001,7999.8594,0.9949,SCALE_DOWN,3000.0
3000.0,3000.4214,0.9999,SCALE_DOWN,3000.0
10315.8,10264.415,0.995,STAY_ACTIVE,10264.4150390625
8699.1,8737.024,0.9956,SCALE_DOWN,3000.0
3000.0,3000.4214,0.9999,SCALE_DOWN,3000.0
8735.400000000001,8802.577,0.9923,SCALE_DOWN,3000.0
13683.900000000003,13633.613,0.9963,STAY_ACTIVE,13633.61328125
3000.0,3000.4214,0.9999,SCALE_DOWN,3000.0
11269.8,11411.184,0.9875,STAY_ACTIVE,11411.18359375
3000.0,3000.4214,0.9999,SCALE_DOWN,3000.0
10341.6,10337.241,0.9996,STAY_ACTIVE,10337.2412109375
8418.0,8430.431,0.9985,SCALE_DOWN,3000.0
8843.4,8835.218,0.9991,SCALE_DOWN,3000.0
8309.099999999999,8350.898,0.995,SCALE_DOWN,3000.0
21000.0,21000.121,1.0,STAY_ACTIVE,21000.12109375
21000.0,21000.049,1.0,STAY_ACTIVE,21000.048828125
8423.1,8427.133,0.9995,SCALE_DOWN,3000.0
3000.0,3000.4214,0.9999,SCALE_DOWN,3000.0
3000.0,3000.4214,0.9999,SCALE_DOWN,3000.0
14107.500000000002,14073.751,0.9976,STAY_ACTIVE,14073.7509765625
16570.2,16520.428,0.997,STAY_ACTIVE,16520.427734375
13166.699999999995,13153.795,0.999,STAY_ACTIVE,13153.794921875
9121.5,9130.623,0.999,STAY_ACTIVE,9130.623046875
3000.0,3000.4214,0.9999,SCALE_DOWN,3000.0
21000.0,21000.049,1.0,STAY_ACTIVE,21000.048828125
21000.0,20983.314,0.9992,STAY_ACTIVE,20983.314453125
7142.4,7145.026,0.9996,SCALE_DOWN,3000.0
7971.6,7972.1025,0.9999,SCALE_DOWN,3000.0
3000.0,3000.4214,0.9999,SCALE_DOWN,3000.0
3000.0,3000.4214,0.9999,SCALE_DOWN,3000.0
3000.0,3000.4214,0.9999,SCALE_DOWN,3000.0
16851.0,16879.154,0.9983,STAY_ACTIVE,16879.154296875
5419.5,5445.1167,0.9953,SCALE_DOWN,3000.0
7132.200000000001,7125.9106,0.9991,SCALE_DOWN,3000.0
3000.0,3000.4214,0.9999,SCALE_DOWN,3000.0
3000.0,3000.4214,0.9999,SCALE_DOWN,3000.0
21000.0,21000.047,1.0,STAY_ACTIVE,21000.046875
3000.0,3000.4214,0.9999,SCALE_DOWN,3000.0
9778.5,9823.828,0.9954,STAY_ACTIVE,9823.828125
8035.200000000001,8038.889,0.9995,SCALE_DOWN,3000.0
21000.0,21000.047,1.0,STAY_ACTIVE,21000.046875
3000.0,3000.4214,0.9999,SCALE_DOWN,3000.0
11342.7,11286.75,0.9951,STAY_ACTIVE,11286.75
21000.0,21000.049,1.0,STAY_ACTIVE,21000.048828125
21000.0,21000.047,1.0,STAY_ACTIVE,21000.046875
3000.0,3000.4214,0.9999,SCALE_DOWN,3000.0
21000.0,20998.475,0.9999,STAY_ACTIVE,20998.474609375
11427.3,11537.832,0.9903,STAY_ACTIVE,11537.83203125
14159.1,14269.119,0.9922,STAY_ACTIVE,14269.119140625
3000.0,3000.4214,0.9999,SCALE_DOWN,3000.0
3000.0,3000.4214,0.9999,SCALE_DOWN,3000.0
3776.4,3801.2273,0.9934,SCALE_DOWN,3000.0
7414.5,7383.5537,0.9958,SCALE_DOWN,3000.0
10305.3,10344.36,0.9962,STAY_ACTIVE,10344.3603515625
21000.0,21008.688,0.9996,STAY_ACTIVE,21008.6875
3325.5,3339.94,0.9957,SCALE_DOWN,3000.0
6159.900000000001,6161.8965,0.9997,SCALE_DOWN,3000.0
16929.0,16997.475,0.996,STAY_ACTIVE,16997.474609375
10912.2,10937.491,0.9977,STAY_ACTIVE,10937.4912109375
13533.300000000005,13531.688,0.9999,STAY_ACTIVE,13531.6884765625
21000.0,21000.047,1.0,STAY_ACTIVE,21000.046875
9023.7,9048.751,0.9972,STAY_ACTIVE,9048.7509765625
3000.0,3000.4214,0.9999,SCALE_DOWN,3000.0
21000.0,21000.047,1.0,STAY_ACTIVE,21000.046875
15786.000000000002,15791.97,0.9996,STAY_ACTIVE,15791.9697265625
3000.0,3000.4214,0.9999,SCALE_DOWN,3000.0
8409.6,8406.945,0.9997,SCALE_DOWN,3000.0
12117.3,12157.849,0.9967,STAY_ACTIVE,12157.8486328125
8494.800000000001,8539.067,0.9948,SCALE_DOWN,3000.0
16925.4,16886.86,0.9977,STAY_ACTIVE,16886.859375
3000.0,3000.4214,0.9999,SCALE_DOWN,3000.0
3000.0,3000.4214,0.9999,SCALE_DOWN,3000.0
3000.0,3000.4214,0.9999,SCALE_DOWN,3000.0
8678.1,8622.14,0.9936,SCALE_DOWN,3000.0
3000.0,3000.4214,0.9999,SCALE_DOWN,3000.0
10188.3,10148.005,0.996,STAY_ACTIVE,10148.0048828125
3000.0,3000.4214,0.9999,SCALE_DOWN,3000.0
21000.0,21000.047,1.0,STAY_ACTIVE,21000.046875
3000.0,3000.4214,0.9999,SCALE_DOWN,3000.0
8154.9,8147.37,0.9991,SCALE_DOWN,3000.0
3000.0,3000.4214,0.9999,SCALE_DOWN,3000.0
3435.6,3478.8982,0.9874,SCALE_DOWN,3000.0
3000.0,3000.4214,0.9999,SCALE_DOWN,3000.0
21000.0,20999.271,1.0,STAY_ACTIVE,20999.271484375
21000.0,21000.078,1.0,STAY_ACTIVE,21000.078125
6584.700000000001,6623.509,0.9941,SCALE_DOWN,3000.0
5047.5,5038.651,0.9982,SCALE_DOWN,3000.0
21000.0,20998.537,0.9999,STAY_ACTIVE,20998.537109375
6448.8,6408.7876,0.9938,SCALE_DOWN,3000.0
9659.4,9639.799,0.998,STAY_ACTIVE,9639.798828125
3000.0,3000.4214,0.9999,SCALE_DOWN,3000.0
3000.0,3000.4214,0.9999,SCALE_DOWN,3000.0
3000.0,3000.4214,0.9999,SCALE_DOWN,3000.0
3000.0,3000.4214,0.9999,SCALE_DOWN,3000.0
21000.0,20873.771,0.994,STAY_ACTIVE,20873.771484375
3000.0,3000.4214,0.9999,SCALE_DOWN,3000.0
21000.0,21000.078,1.0,STAY_ACTIVE,21000.078125
21000.0,21000.047,1.0,STAY_ACTIVE,21000.046875
21000.0,21000.078,1.0,STAY_ACTIVE,21000.078125
3127.5,3172.4175,0.9856,SCALE_DOWN,3000.0
12510.3,12494.526,0.9987,STAY_ACTIVE,12494.5263671875
3000.0,3000.4214,0.9999,SCALE_DOWN,3000.0
3000.0,3000.4214,0.9999,SCALE_DOWN,3000.0
21000.0,20990.633,0.9996,STAY_ACTIVE,20990.6328125
21000.0,21000.078,1.0,STAY_ACTIVE,21000.078125
21000.0,21000.078,1.0,STAY_ACTIVE,21000.078125
21000.0,21000.047,1.0,STAY_ACTIVE,21000.046875
3189.2999999999997,3179.9663,0.9971,SCALE_DOWN,3000.0
5981.4,5981.286,1.0,SCALE_DOWN,3000.0
9515.4,9552.74,0.9961,STAY_ACTIVE,9552.740234375
3000.0,3000.4214,0.9999,SCALE_DOWN,3000.0
15289.8,15230.839,0.9961,STAY_ACTIVE,15230.8388671875
12258.300000000005,12261.871,0.9997,STAY_ACTIVE,12261.87109375
13768.2,13681.556,0.9937,STAY_ACTIVE,13681.5556640625
3918.9,3941.4573,0.9942,SCALE_DOWN,3000.0
3000.0,3000.4214,0.9999,SCALE_DOWN,3000.0
3000.0,3000.4214,0.9999,SCALE_DOWN,3000.0
21000.0,20947.643,0.9975,STAY_ACTIVE,20947.642578125
5739.299999999999,5765.9746,0.9954,SCALE_DOWN,3000.0
9195.0,9202.996,0.9991,STAY_ACTIVE,9202.99609375
3000.0,3000.4214,0.9999,SCALE_DOWN,3000.0
21000.0,21000.047,1.0,STAY_ACTIVE,21000.046875
3000.0,3000.4214,0.9999,SCALE_DOWN,3000.0
3000.0,3000.4214,0.9999,SCALE_DOWN,3000.0
10479.300000000005,10402.53,0.9927,STAY_ACTIVE,10402.5302734375
16928.7,16790.613,0.9918,STAY_ACTIVE,16790.61328125
3000.0,3000.4214,0.9999,SCALE_DOWN,3000.0
3000.0,3000.4214,0.9999,SCALE_DOWN,3000.0
5648.700000000001,5637.1562,0.998,SCALE_DOWN,3000.0
7240.200000000001,7244.877,0.9994,SCALE_DOWN,3000.0
3438.9,3467.286,0.9917,SCALE_DOWN,3000.0
3453.2999999999997,3423.3162,0.9913,SCALE_DOWN,3000.0
20750.699999999997,20828.438,0.9963,STAY_ACTIVE,20828.4375
15621.9,15584.068,0.9976,STAY_ACTIVE,15584.068359375
6060.6,6074.171,0.9978,SCALE_DOWN,3000.0
3000.0,3000.4214,0.9999,SCALE_DOWN,3000.0
6870.9,6885.4355,0.9979,SCALE_DOWN,3000.0
6396.0,6376.5215,0.997,SCALE_DOWN,3000.0
3000.0,3000.4214,0.9999,SCALE_DOWN,3000.0
5275.2,5301.914,0.9949,SCALE_DOWN,3000.0
15851.4,15791.776,0.9962,STAY_ACTIVE,15791.7763671875
3000.0,3000.4214,0.9999,SCALE_DOWN,3000.0
3000.0,3000.4214,0.9999,SCALE_DOWN,3000.0
13597.8,13656.931,0.9957,STAY_ACTIVE,13656.9306640625
21000.0,21000.047,1.0,STAY_ACTIVE,21000.046875
6093.9,6071.687,0.9964,SCALE_DOWN,3000.0
3000.0,3000.4214,0.9999,SCALE_DOWN,3000.0
5461.5,5468.0464,0.9988,SCALE_DOWN,3000.0
7466.4,7463.2695,0.9996,SCALE_DOWN,3000.0
18116.10000000001,18058.59,0.9968,STAY_ACTIVE,18058.58984375
3000.0,3000.4214,0.9999,SCALE_DOWN,3000.0
3000.0,3000.4214,0.9999,SCALE_DOWN,3000.0
21000.0,21000.078,1.0,STAY_ACTIVE,21000.078125
3000.0,3000.4214,0.9999,SCALE_DOWN,3000.0
3000.0,3000.4214,0.9999,SCALE_DOWN,3000.0
3000.0,3000.4214,0.9999,SCALE_DOWN,3000.0
21000.0,21000.049,1.0,STAY_ACTIVE,21000.048828125
9289.5,9268.929,0.9978,STAY_ACTIVE,9268.9287109375
3457.2000000000003,3469.8303,0.9963,SCALE_DOWN,3000.0
21000.0,21000.047,1.0,STAY_ACTIVE,21000.046875
3000.0,3000.4214,0.9999,SCALE_DOWN,3000.0
5186.1,5180.0127,0.9988,SCALE_DOWN,3000.0
3000.0,3000.4214,0.9999,SCALE_DOWN,3000.0
3000.0,3000.4214,0.9999,SCALE_DOWN,3000.0
21000.0,21000.047,1.0,STAY_ACTIVE,21000.046875
3000.0,3000.4214,0.9999,SCALE_DOWN,3000.0
4454.1,4461.322,0.9984,SCALE_DOWN,3000.0
8178.0,8190.489,0.9985,SCALE_DOWN,3000.0
21000.0,21000.047,1.0,STAY_ACTIVE,21000.046875
21000.0,20958.504,0.998,STAY_ACTIVE,20958.50390625
21000.0,20986.105,0.9993,STAY_ACTIVE,20986.10546875
5098.5,5098.734,1.0,SCALE_DOWN,3000.0
5455.5,5460.537,0.9991,SCALE_DOWN,3000.0
3000.0,3000.4214,0.9999,SCALE_DOWN,3000.0
19688.1,19849.158,0.9918,STAY_ACTIVE,19849.158203125
21000.0,21000.049,1.0,STAY_ACTIVE,21000.048828125
6120.3,6086.962,0.9946,SCALE_DOWN,3000.0
3000.0,3000.4214,0.9999,SCALE_DOWN,3000.0
3000.0,3000.4214,0.9999,SCALE_DOWN,3000.0
17437.500000000004,17419.443,0.999,STAY_ACTIVE,17419.443359375
9986.4,9981.357,0.9995,STAY_ACTIVE,9981.357421875
4352.4,4355.4614,0.9993,SCALE_DOWN,3000.0
21000.0,21011.236,0.9995,STAY_ACTIVE,21011.236328125
13940.1,14032.3545,0.9934,STAY_ACTIVE,14032.3544921875
5806.799999999999,5829.237,0.9961,SCALE_DOWN,3000.0
21000.0,20999.852,1.0,STAY_ACTIVE,20999.8515625
3000.0,3000.4214,0.9999,SCALE_DOWN,3000.0
15400.2,15067.43,0.9784,STAY_ACTIVE,15067.4296875
11345.7,11312.274,0.9971,STAY_ACTIVE,11312.2744140625
3000.0,3000.4214,0.9999,SCALE_DOWN,3000.0
3141.3,3153.412,0.9961,SCALE_DOWN,3000.0
21000.0,21000.049,1.0,STAY_ACTIVE,21000.048828125
3808.5,3822.942,0.9962,SCALE_DOWN,3000.0
21000.0,21000.047,1.0,STAY_ACTIVE,21000.046875
11754.6,11851.367,0.9918,STAY_ACTIVE,11851.3671875
10734.0,10762.278,0.9974,STAY_ACTIVE,10762.2783203125
3000.0,3000.4214,0.9999,SCALE_DOWN,3000.0
3000.0,3000.4214,0.9999,SCALE_DOWN,3000.0
3000.0,3000.4214,0.9999,SCALE_DOWN,3000.0
3882.3,3917.9973,0.9908,SCALE_DOWN,3000.0
9131.1,9157.942,0.9971,STAY_ACTIVE,9157.9423828125
3000.0,3000.4214,0.9999,SCALE_DOWN,3000.0
6051.9,6028.639,0.9962,SCALE_DOWN,3000.0
5280.0,5278.2983,0.9997,SCALE_DOWN,3000.0
3000.0,3000.4214,0.9999,SCALE_DOWN,3000.0
3000.0,3000.4214,0.9999,SCALE_DOWN,3000.0
5478.0,5474.851,0.9994,SCALE_DOWN,3000.0
16745.4,16705.975,0.9976,STAY_ACTIVE,16705.974609375
21000.0,21000.049,1.0,STAY_ACTIVE,21000.048828125
16552.2,16640.418,0.9947,STAY_ACTIVE,16640.41796875
3000.0,3000.4214,0.9999,SCALE_DOWN,3000.0
6691.500000000001,6699.1875,0.9989,SCALE_DOWN,3000.0
21000.0,21000.049,1.0,STAY_ACTIVE,21000.048828125
21000.0,21000.047,1.0,STAY_ACTIVE,21000.046875
3000.0,3000.4214,0.9999,SCALE_DOWN,3000.0
3492.3,3483.8464,0.9976,SCALE_DOWN,3000.0
21000.0,21000.047,1.0,STAY_ACTIVE,21000.046875
8768.4,8742.323,0.997,SCALE_DOWN,3000.0
3000.0,3000.4214,0.9999,SCALE_DOWN,3000.0
11511.6,11480.982,0.9973,STAY_ACTIVE,11480.982421875
3000.0,3000.4214,0.9999,SCALE_DOWN,3000.0
3000.0,3000.4214,0.9999,SCALE_DOWN,3000.0
3000.0,3000.4214,0.9999,SCALE_DOWN,3000.0
21000.0,21000.078,1.0,STAY_ACTIVE,21000.078125
12514.8,12440.03,0.994,STAY_ACTIVE,12440.0302734375
12123.0,12099.433,0.9981,STAY_ACTIVE,12099.4326171875
21000.0,20993.535,0.9997,STAY_ACTIVE,20993.53515625
3000.0,3000.4214,0.9999,SCALE_DOWN,3000.0
3581.1000000000004,3589.1897,0.9977,SCALE_DOWN,3000.0
6176.099999999999,6151.981,0.9961,SCALE_DOWN,3000.0
11599.800000000005,11576.895,0.998,STAY_ACTIVE,11576.89453125
13504.5,13509.878,0.9996,STAY_ACTIVE,13509.8779296875
3000.0,3000.4214,0.9999,SCALE_DOWN,3000.0
21000.0,20977.012,0.9989,STAY_ACTIVE,20977.01171875
7450.5,7442.798,0.999,SCALE_DOWN,3000.0
6548.4,6530.7993,0.9973,SCALE_DOWN,3000.0
21000.0,21002.943,0.9999,STAY_ACTIVE,21002.943359375
3000.0,3000.4214,0.9999,SCALE_DOWN,3000.0
4371.599999999999,4468.085,0.9779,SCALE_DOWN,3000.0
5333.700000000001,5353.917,0.9962,SCALE_DOWN,3000.0
21000.0,21000.09,1.0,STAY_ACTIVE,21000.08984375
9084.9,9110.918,0.9971,STAY_ACTIVE,9110.91796875
9193.5,9133.876,0.9935,STAY_ACTIVE,9133.8759765625
3000.0,3000.4214,0.9999,SCALE_DOWN,3000.0
3986.400000000001,3985.185,0.9997,SCALE_DOWN,3000.0
21000.0,21000.055,1.0,STAY_ACTIVE,21000.0546875
10387.5,10377.573,0.999,STAY_ACTIVE,10377.5732421875
21000.0,21000.047,1.0,STAY_ACTIVE,21000.046875
6109.799999999999,6101.6743,0.9987,SCALE_DOWN,3000.0
21000.0,20999.852,1.0,STAY_ACTIVE,20999.8515625
5136.6,5163.6616,0.9947,SCALE_DOWN,3000.0
14200.5,14264.566,0.9955,STAY_ACTIVE,14264.56640625
3000.0,3000.4214,0.9999,SCALE_DOWN,3000.0
21000.0,21000.95,1.0,STAY_ACTIVE,21000.94921875
3000.0,3000.4214,0.9999,SCALE_DOWN,3000.0
20287.500000000004,20338.584,0.9975,STAY_ACTIVE,20338.583984375
3840.6,3817.176,0.9939,SCALE_DOWN,3000.0
3000.0,3000.4214,0.9999,SCALE_DOWN,3000.0
21000.0,21000.047,1.0,STAY_ACTIVE,21000.046875
3000.0,3000.4214,0.9999,SCALE_DOWN,3000.0
21000.0,20999.852,1.0,STAY_ACTIVE,20999.8515625
21000.0,21000.047,1.0,STAY_ACTIVE,21000.046875
21000.0,21000.049,1.0,STAY_ACTIVE,21000.048828125
3000.0,3000.4214,0.9999,SCALE_DOWN,3000.0
19315.800000000003,19230.486,0.9956,STAY_ACTIVE,19230.486328125
3000.0,3000.4214,0.9999,SCALE_DOWN,3000.0
3000.0,3000.4214,0.9999,SCALE_DOWN,3000.0
5856.3,5848.3525,0.9986,SCALE_DOWN,3000.0
19046.7,19048.156,0.9999,STAY_ACTIVE,19048.15625
21000.0,20999.674,1.0,STAY_ACTIVE,20999.673828125
8719.2,8700.577,0.9979,SCALE_DOWN,3000.0
21000.0,20998.377,0.9999,STAY_ACTIVE,20998.376953125
4529.4,4516.9824,0.9973,SCALE_DOWN,3000.0
14988.000000000004,15052.805,0.9957,STAY_ACTIVE,15052.8046875
3000.0,3000.4214,0.9999,SCALE_DOWN,3000.0
21000.0,21000.049,1.0,STAY_ACTIVE,21000.048828125
21000.0,20999.562,1.0,STAY_ACTIVE,20999.5625
3000.0,3000.4214,0.9999,SCALE_DOWN,3000.0
15566.100000000002,15582.225,0.999,STAY_ACTIVE,15582.224609375
3000.0,3000.4214,0.9999,SCALE_DOWN,3000.0
21000.0,21000.09,1.0,STAY_ACTIVE,21000.08984375
3000.0,3000.4214,0.9999,SCALE_DOWN,3000.0
6538.8,6554.7007,0.9976,SCALE_DOWN,3000.0
6585.9,6583.3,0.9996,SCALE_DOWN,3000.0
3000.0,3000.4214,0.9999,SCALE_DOWN,3000.0
18208.8,18170.713,0.9979,STAY_ACTIVE,18170.712890625
4221.0,4250.3716,0.993,SCALE_DOWN,3000.0
8332.2,8334.341,0.9997,SCALE_DOWN,3000.0
3000.0,3000.4214,0.9999,SCALE_DOWN,3000.0
4792.2,4780.7705,0.9976,SCALE_DOWN,3000.0
21000.0,21000.09,1.0,STAY_ACTIVE,21000.08984375
3133.8,3132.6843,0.9996,SCALE_DOWN,3000.0
7745.1,7754.8687,0.9987,SCALE_DOWN,3000.0
3000.0,3000.4214,0.9999,SCALE_DOWN,3000.0
9305.7,9289.427,0.9983,STAY_ACTIVE,9289.4267578125
13204.8,13209.194,0.9997,STAY_ACTIVE,13209.1943359375
3000.0,3000.4214,0.9999,SCALE_DOWN,3000.0
3000.0,3000.4214,0.9999,SCALE_DOWN,3000.0
15424.500000000002,15369.33,0.9964,STAY_ACTIVE,15369.330078125
21000.0,21000.078,1.0,STAY_ACTIVE,21000.078125
4594.200000000001,4584.9395,0.998,SCALE_DOWN,3000.0
9980.4,9954.057,0.9974,STAY_ACTIVE,9954.056640625
4017.0,4044.97,0.993,SCALE_DOWN,3000.0
15071.4,15073.785,0.9998,STAY_ACTIVE,15073.78515625
21000.0,21000.047,1.0,STAY_ACTIVE,21000.046875
4158.0,4157.049,0.9998,SCALE_DOWN,3000.0
4447.2,4452.1973,0.9989,SCALE_DOWN,3000.0
3512.1000000000004,3515.3845,0.9991,SCALE_DOWN,3000.0
21000.0,20999.852,1.0,STAY_ACTIVE,20999.8515625
21000.0,21000.047,1.0,STAY_ACTIVE,21000.046875
8260.5,8317.371,0.9931,SCALE_DOWN,3000.0
3000.0,3000.4214,0.9999,SCALE_DOWN,3000.0
21000.0,21000.047,1.0,STAY_ACTIVE,21000.046875
3000.0,3000.4214,0.9999,SCALE_DOWN,3000.0
12668.7,12681.111,0.999,STAY_ACTIVE,12681.111328125
15337.5,15283.995,0.9965,STAY_ACTIVE,15283.9951171875
21000.0,20999.852,1.0,STAY_ACTIVE,20999.8515625
21000.0,21010.984,0.9995,STAY_ACTIVE,21010.984375
8589.0,8594.079,0.9994,SCALE_DOWN,3000.0
6269.400000000001,6276.608,0.9989,SCALE_DOWN,3000.0
3000.0,3000.4214,0.9999,SCALE_DOWN,3000.0
6014.4,6019.7925,0.9991,SCALE_DOWN,3000.0
3000.0,3000.4214,0.9999,SCALE_DOWN,3000.0
3000.0,3000.4214,0.9999,SCALE_DOWN,3000.0
3000.0,3000.4214,0.9999,SCALE_DOWN,3000.0
21000.0,20997.357,0.9999,STAY_ACTIVE,20997.357421875
3000.0,3000.4214,0.9999,SCALE_DOWN,3000.0
21000.0,20999.51,1.0,STAY_ACTIVE,20999.509765625
3000.0,3000.4214,0.9999,SCALE_DOWN,3000.0
3000.0,3000.4214,0.9999,SCALE_DOWN,3000.0
13323.9,13291.711,0.9976,STAY_ACTIVE,13291.7109375
7978.200000000001,7949.79,0.9964,SCALE_DOWN,3000.0
21000.0,21000.047,1.0,STAY_ACTIVE,21000.046875
3000.0,3000.4214,0.9999,SCALE_DOWN,3000.0
3747.9,3748.3848,0.9999,SCALE_DOWN,3000.0
20749.800000000003,20602.488,0.9929,STAY_ACTIVE,20602.48828125
3000.0,3000.4214,0.9999,SCALE_DOWN,3000.0
3000.0,3000.4214,0.9999,SCALE_DOWN,3000.0
3000.0,3000.4214,0.9999,SCALE_DOWN,3000.0
15072.3,15103.7,0.9979,STAY_ACTIVE,15103.7001953125
21000.0,21000.047,1.0,STAY_ACTIVE,21000.046875
9308.1,9275.62,0.9965,STAY_ACTIVE,9275.6201171875
19960.5,19937.588,0.9989,STAY_ACTIVE,19937.587890625
6819.9,6815.796,0.9994,SCALE_DOWN,3000.0
21000.0,21000.047,1.0,STAY_ACTIVE,21000.046875
3000.0,3000.4214,0.9999,SCALE_DOWN,3000.0
14746.5,14718.526,0.9981,STAY_ACTIVE,14718.5263671875
3000.0,3000.4214,0.9999,SCALE_DOWN,3000.0
17527.2,17488.73,0.9978,STAY_ACTIVE,17488.73046875
21000.0,21000.078,1.0,STAY_ACTIVE,21000.078125
14861.1,14917.686,0.9962,STAY_ACTIVE,14917.685546875
3000.0,3000.4214,0.9999,SCALE_DOWN,3000.0
21000.0,21000.39,1.0,STAY_ACTIVE,21000.390625
11646.3,11623.369,0.998,STAY_ACTIVE,11623.369140625
11903.7,11922.916,0.9984,STAY_ACTIVE,11922.916015625
8296.2,8311.388,0.9982,SCALE_DOWN,3000.0
8997.6,9015.502,0.998,STAY_ACTIVE,9015.501953125
3000.0,3000.4214,0.9999,SCALE_DOWN,3000.0
3000.0,3000.4214,0.9999,SCALE_DOWN,3000.0
7793.099999999999,7823.1895,0.9961,SCALE_DOWN,3000.0
5879.7,5895.043,0.9974,SCALE_DOWN,3000.0
3000.0,3000.4214,0.9999,SCALE_DOWN,3000.0
21000.0,21000.078,1.0,STAY_ACTIVE,21000.078125
10236.6,10192.174,0.9957,STAY_ACTIVE,10192.173828125
9050.7,9141.67,0.9899,STAY_ACTIVE,9141.669921875
6189.300000000001,6173.767,0.9975,SCALE_DOWN,3000.0
15186.3,15184.343,0.9999,STAY_ACTIVE,15184.3427734375
8131.8,8164.53,0.996,SCALE_DOWN,3000.0
8631.0,8568.695,0.9928,SCALE_DOWN,3000.0
19106.4,19008.643,0.9949,STAY_ACTIVE,19008.642578125
10525.5,10509.837,0.9985,STAY_ACTIVE,10509.8369140625
3000.0,3000.4214,0.9999,SCALE_DOWN,3000.0
21000.0,21000.078,1.0,STAY_ACTIVE,21000.078125
17802.300000000003,17841.684,0.9978,STAY_ACTIVE,17841.68359375
3416.1,3445.6196,0.9914,SCALE_DOWN,3000.0
21000.0,20996.115,0.9998,STAY_ACTIVE,20996.115234375
4746.3,4741.7373,0.999,SCALE_DOWN,3000.0
11367.0,11321.244,0.996,STAY_ACTIVE,11321.244140625
3000.0,3000.4214,0.9999,SCALE_DOWN,3000.0
3000.0,3000.4214,0.9999,SCALE_DOWN,3000.0
3000.0,3000.4214,0.9999,SCALE_DOWN,3000.0
13096.800000000005,13097.419,1.0,STAY_ACTIVE,13097.4189453125
10770.6,10763.934,0.9994,STAY_ACTIVE,10763.93359375
3000.0,3000.4214,0.9999,SCALE_DOWN,3000.0
5581.799999999999,5550.4224,0.9944,SCALE_DOWN,3000.0
8237.400000000001,8241.44,0.9995,SCALE_DOWN,3000.0
6229.200000000001,6257.4277,0.9955,SCALE_DOWN,3000.0
18662.4,18547.059,0.9938,STAY_ACTIVE,18547.05859375
7227.6,7260.058,0.9955,SCALE_DOWN,3000.0
3000.0,3000.4214,0.9999,SCALE_DOWN,3000.0
16604.4,16623.672,0.9988,STAY_ACTIVE,16623.671875
3000.0,3000.4214,0.9999,SCALE_DOWN,3000.0
11641.500000000002,11666.71,0.9978,STAY_ACTIVE,11666.7099609375
21000.0,20995.158,0.9998,STAY_ACTIVE,20995.158203125
3000.0,3000.4214,0.9999,SCALE_DOWN,3000.0
3931.8,3935.6042,0.999,SCALE_DOWN,3000.0
12565.5,12569.603,0.9997,STAY_ACTIVE,12569.6025390625
3000.0,3000.4214,0.9999,SCALE_DOWN,3000.0
7464.9,7486.023,0.9972,SCALE_DOWN,3000.0
21000.0,20998.604,0.9999,STAY_ACTIVE,20998.603515625
5845.5,5854.9614,0.9984,SCALE_DOWN,3000.0
12503.4,12540.92,0.997,STAY_ACTIVE,12540.919921875
3000.0,3000.4214,0.9999,SCALE_DOWN,3000.0
21000.0,21000.746,1.0,STAY_ACTIVE,21000.74609375
13677.000000000002,13645.442,0.9977,STAY_ACTIVE,13645.4423828125
6280.5,6252.5547,0.9956,SCALE_DOWN,3000.0
3000.0,3000.4214,0.9999,SCALE_DOWN,3000.0
14404.5,14386.637,0.9988,STAY_ACTIVE,14386.63671875
5202.0,5202.3735,0.9999,SCALE_DOWN,3000.0
21000.0,21000.047,1.0,STAY_ACTIVE,21000.046875
21000.0,21000.047,1.0,STAY_ACTIVE,21000.046875
8720.4,8721.471,0.9999,SCALE_DOWN,3000.0
21000.0,20997.662,0.9999,STAY_ACTIVE,20997.662109375
12173.1,12129.951,0.9965,STAY_ACTIVE,12129.951171875
3000.0,3000.4214,0.9999,SCALE_DOWN,3000.0
21000.0,20995.773,0.9998,STAY_ACTIVE,20995.7734375
3000.0,3000.4214,0.9999,SCALE_DOWN,3000.0
21000.0,21000.047,1.0,STAY_ACTIVE,21000.046875
21000.0,20997.727,0.9999,STAY_ACTIVE,20997.7265625
3405.2999999999997,3381.6067,0.993,SCALE_DOWN,3000.0
21000.0,20999.562,1.0,STAY_ACTIVE,20999.5625
21000.0,20999.852,1.0,STAY_ACTIVE,20999.8515625
4044.900000000001,4073.377,0.993,SCALE_DOWN,3000.0
5892.9,5920.221,0.9954,SCALE_DOWN,3000.0
3000.0,3000.4214,0.9999,SCALE_DOWN,3000.0
11679.000000000002,11663.5625,0.9987,STAY_ACTIVE,11663.5625
18060.6,18013.371,0.9974,STAY_ACTIVE,18013.37109375
3000.0,3000.4214,0.9999,SCALE_DOWN,3000.0
21000.0,20966.781,0.9984,STAY_ACTIVE,20966.78125
3000.0,3000.4214,0.9999,SCALE_DOWN,3000.0
6153.0,6151.602,0.9998,SCALE_DOWN,3000.0
3000.0,3000.4214,0.9999,SCALE_DOWN,3000.0
3000.0,3000.4214,0.9999,SCALE_DOWN,3000.0
21000.0,21000.078,1.0,STAY_ACTIVE,21000.078125
11625.300000000005,11884.266,0.9777,STAY_ACTIVE,11884.265625
21000.0,21018.656,0.9991,STAY_ACTIVE,21018.65625
3000.0,3000.4214,0.9999,SCALE_DOWN,3000.0
14597.7,14618.583,0.9986,STAY_ACTIVE,14618.5830078125
21000.0,20999.357,1.0,STAY_ACTIVE,20999.357421875
21000.0,21000.047,1.0,STAY_ACTIVE,21000.046875
7413.300000000001,7442.13,0.9961,SCALE_DOWN,3000.0
3758.7,3729.676,0.9923,SCALE_DOWN,3000.0
3000.0,3000.4214,0.9999,SCALE_DOWN,3000.0
10075.5,10082.571,0.9993,STAY_ACTIVE,10082.5712890625
11121.3,11413.249,0.9737,STAY_ACTIVE,11413.2490234375
4620.0,4606.893,0.9972,SCALE_DOWN,3000.0
5727.9,5742.5044,0.9975,SCALE_DOWN,3000.0
4253.1,4270.282,0.996,SCALE_DOWN,3000.0
8013.9,8038.471,0.9969,SCALE_DOWN,3000.0
16018.8,16051.987,0.9979,STAY_ACTIVE,16051.9873046875
17114.7,17093.018,0.9987,STAY_ACTIVE,17093.017578125
10074.9,10076.705,0.9998,STAY_ACTIVE,10076.705078125
6130.799999999999,6120.19,0.9983,SCALE_DOWN,3000.0
3000.0,3000.4214,0.9999,SCALE_DOWN,3000.0
3000.0,3000.4214,0.9999,SCALE_DOWN,3000.0
3000.0,3000.4214,0.9999,SCALE_DOWN,3000.0
3000.0,3000.4214,0.9999,SCALE_DOWN,3000.0
21000.0,21000.047,1.0,STAY_ACTIVE,21000.046875
21000.0,21000.047,1.0,STAY_ACTIVE,21000.046875
3000.0,3000.4214,0.9999,SCALE_DOWN,3000.0
4221.9,4229.1025,0.9983,SCALE_DOWN,3000.0
15323.100000000002,15373.559,0.9967,STAY_ACTIVE,15373.55859375
21000.0,20769.562,0.989,STAY_ACTIVE,20769.5625
19809.9,19842.451,0.9984,STAY_ACTIVE,19842.451171875
9851.1,9786.411,0.9934,STAY_ACTIVE,9786.4111328125
7027.5,7009.4297,0.9974,SCALE_DOWN,3000.0
3000.0,3000.4214,0.9999,SCALE_DOWN,3000.0
7719.0,7723.092,0.9995,SCALE_DOWN,3000.0
6437.1,6412.253,0.9961,SCALE_DOWN,3000.0
5627.700000000001,5613.7583,0.9975,SCALE_DOWN,3000.0
4794.0,4821.269,0.9943,SCALE_DOWN,3000.0
10139.1,10104.461,0.9966,STAY_ACTIVE,10104.4609375
4790.1,4829.9785,0.9917,SCALE_DOWN,3000.0
3000.0,3000.4214,0.9999,SCALE_DOWN,3000.0
3000.0,3000.4214,0.9999,SCALE_DOWN,3000.0
8209.5,8170.112,0.9952,SCALE_DOWN,3000.0
7142.4,7144.658,0.9997,SCALE_DOWN,3000.0
21000.0,20889.703,0.9947,STAY_ACTIVE,20889.703125
21000.0,20963.52,0.9983,STAY_ACTIVE,20963.51953125
3000.0,3000.4214,0.9999,SCALE_DOWN,3000.0
3000.0,3000.4214,0.9999,SCALE_DOWN,3000.0
3000.0,3000.4214,0.9999,SCALE_DOWN,3000.0
3000.0,3000.4214,0.9999,SCALE_DOWN,3000.0
8259.600000000002,8293.335,0.9959,SCALE_DOWN,3000.0
21000.0,21000.078,1.0,STAY_ACTIVE,21000.078125
21000.0,21000.078,1.0,STAY_ACTIVE,21000.078125
5520.6,5514.9653,0.999,SCALE_DOWN,3000.0
3000.0,3000.4214,0.9999,SCALE_DOWN,3000.0
3000.0,3000.4214,0.9999,SCALE_DOWN,3000.0
3000.0,3000.4214,0.9999,SCALE_DOWN,3000.0
3000.0,3000.4214,0.9999,SCALE_DOWN,3000.0
3000.0,3000.4214,0.9999,SCALE_DOWN,3000.0
21000.0,21012.854,0.9994,STAY_ACTIVE,21012.853515625
6457.5,6439.2417,0.9972,SCALE_DOWN,3000.0
16228.5,16209.7295,0.9988,STAY_ACTIVE,16209.7294921875
3000.0,3000.4214,0.9999,SCALE_DOWN,3000.0
21000.0,21000.047,1.0,STAY_ACTIVE,21000.046875
21000.0,21000.64,1.0,STAY_ACTIVE,21000.640625
21000.0,21000.443,1.0,STAY_ACTIVE,21000.443359375
10466.7,10451.822,0.9986,STAY_ACTIVE,10451.822265625
3000.0,3000.4214,0.9999,SCALE_DOWN,3000.0
3000.0,3000.4214,0.9999,SCALE_DOWN,3000.0
14755.8,14818.864,0.9957,STAY_ACTIVE,14818.8642578125
21000.0,21000.068,1.0,STAY_ACTIVE,21000.068359375
21000.0,21000.047,1.0,STAY_ACTIVE,21000.046875
3000.0,3000.4214,0.9999,SCALE_DOWN,3000.0
3000.0,3000.4214,0.9999,SCALE_DOWN,3000.0
3000.0,3000.4214,0.9999,SCALE_DOWN,3000.0
3000.0,3000.4214,0.9999,SCALE_DOWN,3000.0
3000.0,3000.4214,0.9999,SCALE_DOWN,3000.0
17353.2,17423.53,0.9959,STAY_ACTIVE,17423.529296875
21000.0,21018.281,0.9991,STAY_ACTIVE,21018.28125
4665.0,4685.7974,0.9955,SCALE_DOWN,3000.0
3000.0,3000.4214,0.9999,SCALE_DOWN,3000.0
7870.200000000001,7875.27,0.9994,SCALE_DOWN,3000.0
13514.4,13455.564,0.9956,STAY_ACTIVE,13455.564453125
8494.8,8485.372,0.9989,SCALE_DOWN,3000.0
3000.0,3000.4214,0.9999,SCALE_DOWN,3000.0
3000.0,3000.4214,0.9999,SCALE_DOWN,3000.0
15424.2,15513.629,0.9942,STAY_ACTIVE,15513.62890625
5893.200000000001,5911.4546,0.9969,SCALE_DOWN,3000.0
15888.3,15790.722,0.9939,STAY_ACTIVE,15790.7216796875
6841.500000000001,6825.078,0.9976,SCALE_DOWN,3000.0
11394.3,11429.274,0.9969,STAY_ACTIVE,11429.2744140625
3590.7,3603.007,0.9966,SCALE_DOWN,3000.0
21000.0,21000.047,1.0,STAY_ACTIVE,21000.046875
3000.0,3000.4214,0.9999,SCALE_DOWN,3000.0
3000.0,3000.4214,0.9999,SCALE_DOWN,3000.0
3000.0,3000.4214,0.9999,SCALE_DOWN,3000.0
12889.2,12889.855,0.9999,STAY_ACTIVE,12889.85546875
6718.8,6707.303,0.9983,SCALE_DOWN,3000.0
21000.0,20998.719,0.9999,STAY_ACTIVE,20998.71875
21000.0,21000.047,1.0,STAY_ACTIVE,21000.046875
8618.7,8548.675,0.9919,SCALE_DOWN,3000.0
3000.0,3000.4214,0.9999,SCALE_DOWN,3000.0
3311.4000000000005,3304.344,0.9979,SCALE_DOWN,3000.0
21000.0,21000.049,1.0,STAY_ACTIVE,21000.048828125
7908.6,7946.6045,0.9952,SCALE_DOWN,3000.0
3000.0,3000.4214,0.9999,SCALE_DOWN,3000.0
21000.0,21000.047,1.0,STAY_ACTIVE,21000.046875
3120.6,3124.9683,0.9986,SCALE_DOWN,3000.0
12387.9,12373.427,0.9988,STAY_ACTIVE,12373.4267578125
3000.0,3000.4214,0.9999,SCALE_DOWN,3000.0
21000.0,21000.078,1.0,STAY_ACTIVE,21000.078125
17898.0,17881.469,0.9991,STAY_ACTIVE,17881.46875
3234.3,3241.5876,0.9977,SCALE_DOWN,3000.0
13419.9,13444.467,0.9982,STAY_ACTIVE,13444.466796875
3000.0,3000.4214,0.9999,SCALE_DOWN,3000.0
3000.0,3000.4214,0.9999,SCALE_DOWN,3000.0
21000.0,21000.047,1.0,STAY_ACTIVE,21000.046875
3101.4,3082.367,0.9939,SCALE_DOWN,3000.0
21000.0,21000.078,1.0,STAY_ACTIVE,21000.078125
3000.0,3000.4214,0.9999,SCALE_DOWN,3000.0
18125.1,18058.596,0.9963,STAY_ACTIVE,18058.595703125
3000.0,3000.4214,0.9999,SCALE_DOWN,3000.0
16249.800000000005,16228.556,0.9987,STAY_ACTIVE,16228.5556640625
3528.6000000000004,3523.57,0.9986,SCALE_DOWN,3000.0
21000.0,21000.049,1.0,STAY_ACTIVE,21000.048828125
3000.0,3000.4214,0.9999,SCALE_DOWN,3000.0
21000.0,21000.078,1.0,STAY_ACTIVE,21000.078125
3000.0,3000.4214,0.9999,SCALE_DOWN,3000.0
12015.6,11994.151,0.9982,STAY_ACTIVE,11994.1513671875
6473.400000000001,6487.8594,0.9978,SCALE_DOWN,3000.0
3000.0,3000.4214,0.9999,SCALE_DOWN,3000.0
10113.9,10222.926,0.9892,STAY_ACTIVE,10222.92578125
21000.0,21000.049,1.0,STAY_ACTIVE,21000.048828125
9969.3,9932.479,0.9963,STAY_ACTIVE,9932.478515625
16300.8,16270.342,0.9981,STAY_ACTIVE,16270.341796875
21000.0,21000.047,1.0,STAY_ACTIVE,21000.046875
21000.0,21000.047,1.0,STAY_ACTIVE,21000.046875
3000.0,3000.4214,0.9999,SCALE_DOWN,3000.0
5706.6,5719.0625,0.9978,SCALE_DOWN,3000.0
14148.000000000002,14170.406,0.9984,STAY_ACTIVE,14170.40625
21000.0,20999.564,1.0,STAY_ACTIVE,20999.564453125
10097.1,10149.732,0.9948,STAY_ACTIVE,10149.732421875
3000.0,3000.4214,0.9999,SCALE_DOWN,3000.0
3000.0,3000.4214,0.9999,SCALE_DOWN,3000.0
8208.3,8165.3613,0.9948,SCALE_DOWN,3000.0
15214.8,15349.235,0.9912,STAY_ACTIVE,15349.2353515625
14004.9,13927.488,0.9945,STAY_ACTIVE,13927.48828125
3000.0,3000.4214,0.9999,SCALE_DOWN,3000.0
3705.6,3679.989,0.9931,SCALE_DOWN,3000.0
21000.0,21000.047,1.0,STAY_ACTIVE,21000.046875
5251.5,5252.3755,0.9998,SCALE_DOWN,3000.0
5847.9,5836.3857,0.998,SCALE_DOWN,3000.0
6661.5,6664.138,0.9996,SCALE_DOWN,3000.0
15204.3,15288.423,0.9945,STAY_ACTIVE,15288.4228515625
21000.0,20998.463,0.9999,STAY_ACTIVE,20998.462890625
6447.6,6451.4272,0.9994,SCALE_DOWN,3000.0
3000.0,3000.4214,0.9999,SCALE_DOWN,3000.0
11211.6,11343.783,0.9882,STAY_ACTIVE,11343.783203125
3000.0,3000.4214,0.9999,SCALE_DOWN,3000.0
3000.0,3000.4214,0.9999,SCALE_DOWN,3000.0
3338.1,3310.7678,0.9918,SCALE_DOWN,3000.0
3000.0,3000.4214,0.9999,SCALE_DOWN,3000.0
3000.0,3000.4214,0.9999,SCALE_DOWN,3000.0
7569.000000000001,7576.928,0.999,SCALE_DOWN,3000.0
7738.500000000001,7755.987,0.9977,SCALE_DOWN,3000.0
8780.7,8791.279,0.9988,SCALE_DOWN,3000.0
8823.3,8813.762,0.9989,SCALE_DOWN,3000.0
15255.900000000003,15273.815,0.9988,STAY_ACTIVE,15273.8154296875
3000.0,3000.4214,0.9999,SCALE_DOWN,3000.0
3000.0,3000.4214,0.9999,SCALE_DOWN,3000.0
17964.899999999998,17994.021,0.9984,STAY_ACTIVE,17994.021484375
5099.1,5118.279,0.9962,SCALE_DOWN,3000.0
6986.400000000001,7001.3584,0.9979,SCALE_DOWN,3000.0
3000.0,3000.4214,0.9999,SCALE_DOWN,3000.0
21000.0,21000.078,1.0,STAY_ACTIVE,21000.078125
21000.0,21000.047,1.0,STAY_ACTIVE,21000.046875
3000.0,3000.4214,0.9999,SCALE_DOWN,3000.0
3000.0,3000.4214,0.9999,SCALE_DOWN,3000.0
10532.4,10515.715,0.9984,STAY_ACTIVE,10515.71484375
7051.5,7040.1235,0.9984,SCALE_DOWN,3000.0
10062.000000000002,9994.323,0.9933,STAY_ACTIVE,9994.3232421875
5579.7,5593.8784,0.9975,SCALE_DOWN,3000.0
19557.300000000003,19504.514,0.9973,STAY_ACTIVE,19504.513671875
21000.0,20999.328,1.0,STAY_ACTIVE,20999.328125
21000.0,20998.572,0.9999,STAY_ACTIVE,20998.572265625
3000.0,3000.4214,0.9999,SCALE_DOWN,3000.0
3000.0,3000.4214,0.9999,SCALE_DOWN,3000.0
4042.8,4022.175,0.9949,SCALE_DOWN,3000.0
21000.0,21000.078,1.0,STAY_ACTIVE,21000.078125
7818.3,7808.656,0.9988,SCALE_DOWN,3000.0
3000.0,3000.4214,0.9999,SCALE_DOWN,3000.0
8010.6,7995.632,0.9981,SCALE_DOWN,3000.0
3000.0,3000.4214,0.9999,SCALE_DOWN,3000.0
21000.0,21000.047,1.0,STAY_ACTIVE,21000.046875
12573.3,12562.325,0.9991,STAY_ACTIVE,12562.3251953125
21000.0,21000.078,1.0,STAY_ACTIVE,21000.078125
3204.3,3204.3052,1.0,SCALE_DOWN,3000.0
21000.0,21000.047,1.0,STAY_ACTIVE,21000.046875
13171.5,13129.534,0.9968,STAY_ACTIVE,13129.5341796875
21000.0,20999.734,1.0,STAY_ACTIVE,20999.734375
3000.0,3000.4214,0.9999,SCALE_DOWN,3000.0
14135.1,14332.1,0.9861,STAY_ACTIVE,14332.099609375
10177.5,10113.043,0.9937,STAY_ACTIVE,10113.04296875
3000.0,3000.4214,0.9999,SCALE_DOWN,3000.0
8250.0,8267.585,0.9979,SCALE_DOWN,3000.0
21000.0,21000.047,1.0,STAY_ACTIVE,21000.046875
10898.7,10893.151,0.9995,STAY_ACTIVE,10893.1513671875
3000.0,3000.4214,0.9999,SCALE_DOWN,3000.0
7053.3,7052.3403,0.9999,SCALE_DOWN,3000.0
3000.0,3000.4214,0.9999,SCALE_DOWN,3000.0
3000.0,3000.4214,0.9999,SCALE_DOWN,3000.0
3000.0,3000.4214,0.9999,SCALE_DOWN,3000.0
3000.0,3000.4214,0.9999,SCALE_DOWN,3000.0
8718.6,8726.163,0.9991,SCALE_DOWN,3000.0
4092.0,4089.0024,0.9993,SCALE_DOWN,3000.0
3000.0,3000.4214,0.9999,SCALE_DOWN,3000.0
3000.0,3000.4214,0.9999,SCALE_DOWN,3000.0
3000.0,3000.4214,0.9999,SCALE_DOWN,3000.0
12816.9,12799.988,0.9987,STAY_ACTIVE,12799.98828125
7194.3,7199.4443,0.9993,SCALE_DOWN,3000.0
6695.4,6709.392,0.9979,SCALE_DOWN,3000.0
3000.0,3000.4214,0.9999,SCALE_DOWN,3000.0
6596.700000000001,6612.12,0.9977,SCALE_DOWN,3000.0
21000.0,20979.94,0.999,STAY_ACTIVE,20979.939453125
19435.800000000003,19411.162,0.9987,STAY_ACTIVE,19411.162109375
3170.4,3164.4446,0.9981,SCALE_DOWN,3000.0
3000.0,3000.4214,0.9999,SCALE_DOWN,3000.0
7299.6,7298.903,0.9999,SCALE_DOWN,3000.0
3780.0,3751.917,0.9926,SCALE_DOWN,3000.0
3000.0,3000.4214,0.9999,SCALE_DOWN,3000.0
3000.0,3000.4214,0.9999,SCALE_DOWN,3000.0
6704.1,6689.3525,0.9978,SCALE_DOWN,3000.0
3651.0,3651.3835,0.9999,SCALE_DOWN,3000.0
10093.5,10089.781,0.9996,STAY_ACTIVE,10089.78125
8588.4,8586.282,0.9998,SCALE_DOWN,3000.0
4200.0,4201.7344,0.9996,SCALE_DOWN,3000.0
17912.100000000006,17828.672,0.9953,STAY_ACTIVE,17828.671875
3000.0,3000.4214,0.9999,SCALE_DOWN,3000.0
12774.3,12758.426,0.9988,STAY_ACTIVE,12758.42578125
3000.0,3000.4214,0.9999,SCALE_DOWN,3000.0
8206.5,8165.3613,0.995,SCALE_DOWN,3000.0
3000.0,3000.4214,0.9999,SCALE_DOWN,3000.0
21000.0,21000.078,1.0,STAY_ACTIVE,21000.078125
20622.9,20721.326,0.9952,STAY_ACTIVE,20721.326171875
3000.0,3000.4214,0.9999,SCALE_DOWN,3000.0
3586.2000000000003,3565.0374,0.9941,SCALE_DOWN,3000.0
21000.0,21000.047,1.0,STAY_ACTIVE,21000.046875
21000.0,21000.078,1.0,STAY_ACTIVE,21000.078125
21000.0,21000.164,1.0,STAY_ACTIVE,21000.1640625
21000.0,21000.078,1.0,STAY_ACTIVE,21000.078125
3000.0,3000.4214,0.9999,SCALE_DOWN,3000.0
21000.0,21000.078,1.0,STAY_ACTIVE,21000.078125
8691.0,8663.275,0.9968,SCALE_DOWN,3000.0
12554.1,12489.42,0.9948,STAY_ACTIVE,12489.419921875
16250.4,16262.005,0.9993,STAY_ACTIVE,16262.0048828125
4217.1,4167.2754,0.9882,SCALE_DOWN,3000.0
8412.300000000001,8401.031,0.9987,SCALE_DOWN,3000.0
3000.0,3000.4214,0.9999,SCALE_DOWN,3000.0
7454.1,7451.5093,0.9997,SCALE_DOWN,3000.0
3000.0,3000.4214,0.9999,SCALE_DOWN,3000.0
7909.799999999999,7911.413,0.9998,SCALE_DOWN,3000.0
3000.0,3000.4214,0.9999,SCALE_DOWN,3000.0
3178.7999999999997,3212.3423,0.9894,SCALE_DOWN,3000.0
20534.1,20552.404,0.9991,STAY_ACTIVE,20552.404296875
21000.0,21000.078,1.0,STAY_ACTIVE,21000.078125
3000.0,3000.4214,0.9999,SCALE_DOWN,3000.0
7869.0,7873.998,0.9994,SCALE_DOWN,3000.0
14438.1,14581.035,0.9901,STAY_ACTIVE,14581.03515625
21000.0,20999.469,1.0,STAY_ACTIVE,20999.46875
3000.0,3000.4214,0.9999,SCALE_DOWN,3000.0
3000.0,3000.4214,0.9999,SCALE_DOWN,3000.0
10662.3,10559.987,0.9904,STAY_ACTIVE,10559.9873046875
19431.6,19514.623,0.9957,STAY_ACTIVE,19514.623046875
21000.0,21000.047,1.0,STAY_ACTIVE,21000.046875
4444.200000000001,4415.9067,0.9936,SCALE_DOWN,3000.0
3000.0,3000.4214,0.9999,SCALE_DOWN,3000.0
4722.9,4704.7354,0.9962,SCALE_DOWN,3000.0
4628.1,4598.339,0.9936,SCALE_DOWN,3000.0
21000.0,21000.047,1.0,STAY_ACTIVE,21000.046875
9580.8,9566.371,0.9985,STAY_ACTIVE,9566.37109375
8144.1,8120.747,0.9971,SCALE_DOWN,3000.0
13651.2,13655.347,0.9997,STAY_ACTIVE,13655.3466796875
3000.0,3000.4214,0.9999,SCALE_DOWN,3000.0
3172.7999999999997,3143.1455,0.9907,SCALE_DOWN,3000.0
4375.8,4394.67,0.9957,SCALE_DOWN,3000.0
3000.0,3000.4214,0.9999,SCALE_DOWN,3000.0
21000.0,21000.078,1.0,STAY_ACTIVE,21000.078125
3000.0,3000.4214,0.9999,SCALE_DOWN,3000.0
11058.6,11040.187,0.9983,STAY_ACTIVE,11040.1865234375
21000.0,21000.047,1.0,STAY_ACTIVE,21000.046875
10241.7,10266.747,0.9976,STAY_ACTIVE,10266.7470703125
21000.0,21000.047,1.0,STAY_ACTIVE,21000.046875
21000.0,21000.047,1.0,STAY_ACTIVE,21000.046875
14594.4,14637.073,0.9971,STAY_ACTIVE,14637.0732421875
3000.0,3000.4214,0.9999,SCALE_DOWN,3000.0
21000.0,21000.078,1.0,STAY_ACTIVE,21000.078125
21000.0,20992.281,0.9996,STAY_ACTIVE,20992.28125
5552.1,5558.8086,0.9988,SCALE_DOWN,3000.0
4656.0,4639.277,0.9964,SCALE_DOWN,3000.0
10651.5,10664.519,0.9988,STAY_ACTIVE,10664.5185546875
3000.0,3000.4214,0.9999,SCALE_DOWN,3000.0
3784.5,3813.5957,0.9923,SCALE_DOWN,3000.0
3000.0,3000.4214,0.9999,SCALE_DOWN,3000.0
21000.0,21000.195,1.0,STAY_ACTIVE,21000.1953125
21000.0,21000.047,1.0,STAY_ACTIVE,21000.046875
21000.0,20925.402,0.9964,STAY_ACTIVE,20925.40234375
3000.0,3000.4214,0.9999,SCALE_DOWN,3000.0
12043.2,12072.303,0.9976,STAY_ACTIVE,12072.302734375
3000.0,3000.4214,0.9999,SCALE_DOWN,3000.0
9858.0,9926.343,0.9931,STAY_ACTIVE,9926.3427734375
3000.0,3000.4214,0.9999,SCALE_DOWN,3000.0
3000.0,3000.4214,0.9999,SCALE_DOWN,3000.0
3000.0,3000.4214,0.9999,SCALE_DOWN,3000.0
3000.0,3000.4214,0.9999,SCALE_DOWN,3000.0
3000.0,3000.4214,0.9999,SCALE_DOWN,3000.0
3352.2000000000003,3355.1785,0.9991,SCALE_DOWN,3000.0
18361.5,18298.703,0.9966,STAY_ACTIVE,18298.703125
21000.0,20999.562,1.0,STAY_ACTIVE,20999.5625
21000.0,21000.047,1.0,STAY_ACTIVE,21000.046875
3000.0,3000.4214,0.9999,SCALE_DOWN,3000.0
6290.4,6296.15,0.9991,SCALE_DOWN,3000.0
8473.5,8503.262,0.9965,SCALE_DOWN,3000.0
21000.0,21000.049,1.0,STAY_ACTIVE,21000.048828125
3717.0,3704.6675,0.9967,SCALE_DOWN,3000.0
8270.1,8264.475,0.9993,SCALE_DOWN,3000.0
7930.500000000001,7964.4233,0.9957,SCALE_DOWN,3000.0
21000.0,21000.047,1.0,STAY_ACTIVE,21000.046875
3000.0,3000.4214,0.9999,SCALE_DOWN,3000.0
15573.9,15495.69,0.995,STAY_ACTIVE,15495.6904296875
3000.0,3000.4214,0.9999,SCALE_DOWN,3000.0
20460.3,20404.416,0.9973,STAY_ACTIVE,20404.416015625
3000.0,3000.4214,0.9999,SCALE_DOWN,3000.0
21000.0,21000.047,1.0,STAY_ACTIVE,21000.046875
7239.6,7265.33,0.9964,SCALE_DOWN,3000.0
13106.1,13103.315,0.9998,STAY_ACTIVE,13103.3154296875
21000.0,21000.078,1.0,STAY_ACTIVE,21000.078125
11817.0,11835.272,0.9985,STAY_ACTIVE,11835.2724609375
3000.0,3000.4214,0.9999,SCALE_DOWN,3000.0
5204.1,5239.1685,0.9933,SCALE_DOWN,3000.0
3000.0,3000.4214,0.9999,SCALE_DOWN,3000.0
3000.0,3000.4214,0.9999,SCALE_DOWN,3000.0
9314.1,9317.592,0.9996,STAY_ACTIVE,9317.591796875
3000.0,3000.4214,0.9999,SCALE_DOWN,3000.0
3000.0,3000.4214,0.9999,SCALE_DOWN,3000.0
15072.6,15077.498,0.9997,STAY_ACTIVE,15077.498046875
3911.1,3935.246,0.9938,SCALE_DOWN,3000.0
6941.4,6942.3823,0.9999,SCALE_DOWN,3000.0
21000.0,20998.154,0.9999,STAY_ACTIVE,20998.154296875
3000.0,3000.4214,0.9999,SCALE_DOWN,3000.0
21000.0,21000.047,1.0,STAY_ACTIVE,21000.046875
21000.0,21017.63,0.9992,STAY_ACTIVE,21017.630859375
3000.0,3000.4214,0.9999,SCALE_DOWN,3000.0
3000.0,3000.4214,0.9999,SCALE_DOWN,3000.0
3816.6,3835.9426,0.9949,SCALE_DOWN,3000.0
21000.0,20944.992,0.9974,STAY_ACTIVE,20944.9921875
3000.0,3000.4214,0.9999,SCALE_DOWN,3000.0
11116.800000000005,11099.032,0.9984,STAY_ACTIVE,11099.0322265625
3000.0,3000.4214,0.9999,SCALE_DOWN,3000.0
21000.0,21015.363,0.9993,STAY_ACTIVE,21015.36328125
3000.0,3000.4214,0.9999,SCALE_DOWN,3000.0
8865.6,8801.238,0.9927,SCALE_DOWN,3000.0
3000.0,3000.4214,0.9999,SCALE_DOWN,3000.0
4145.7,4139.171,0.9984,SCALE_DOWN,3000.0
3000.0,3000.4214,0.9999,SCALE_DOWN,3000.0
3000.0,3000.4214,0.9999,SCALE_DOWN,3000.0
3000.0,3000.4214,0.9999,SCALE_DOWN,3000.0
16128.000000000002,16253.164,0.9922,STAY_ACTIVE,16253.1640625
3000.0,3000.4214,0.9999,SCALE_DOWN,3000.0
21000.0,21000.078,1.0,STAY_ACTIVE,21000.078125
13693.500000000002,13723.708,0.9978,STAY_ACTIVE,13723.7080078125
3000.0,3000.4214,0.9999,SCALE_DOWN,3000.0
21000.0,21000.049,1.0,STAY_ACTIVE,21000.048828125
3000.0,3000.4214,0.9999,SCALE_DOWN,3000.0
21000.0,21000.047,1.0,STAY_ACTIVE,21000.046875
9468.9,9491.074,0.9977,STAY_ACTIVE,9491.07421875
7066.200000000001,7094.8955,0.9959,SCALE_DOWN,3000.0
3000.0,3000.4214,0.9999,SCALE_DOWN,3000.0
10384.8,10401.837,0.9984,STAY_ACTIVE,10401.8369140625
21000.0,21000.047,1.0,STAY_ACTIVE,21000.046875
21000.0,21000.67,1.0,STAY_ACTIVE,21000.669921875
21000.0,21000.047,1.0,STAY_ACTIVE,21000.046875
21000.0,21000.09,1.0,STAY_ACTIVE,21000.08984375
9178.8,9155.523,0.9975,STAY_ACTIVE,9155.5234375
8598.0,8562.583,0.9959,SCALE_DOWN,3000.0
5905.799999999999,5892.3667,0.9977,SCALE_DOWN,3000.0
3000.0,3000.4214,0.9999,SCALE_DOWN,3000.0
3000.0,3000.4214,0.9999,SCALE_DOWN,3000.0
8672.100000000002,8644.472,0.9968,SCALE_DOWN,3000.0
9489.0,9513.146,0.9975,STAY_ACTIVE,9513.146484375
5395.5,5379.309,0.997,SCALE_DOWN,3000.0
3000.0,3000.4214,0.9999,SCALE_DOWN,3000.0
3000.0,3000.4214,0.9999,SCALE_DOWN,3000.0
21000.0,21000.059,1.0,STAY_ACTIVE,21000.05859375
3000.0,3000.4214,0.9999,SCALE_DOWN,3000.0
9008.4,9005.473,0.9997,STAY_ACTIVE,9005.47265625
3000.0,3000.4214,0.9999,SCALE_DOWN,3000.0
21000.0,20985.91,0.9993,STAY_ACTIVE,20985.91015625
15768.3,15740.506,0.9982,STAY_ACTIVE,15740.505859375
16798.5,16810.496,0.9993,STAY_ACTIVE,16810.49609375
3000.0,3000.4214,0.9999,SCALE_DOWN,3000.0
16662.600000000002,16707.82,0.9973,STAY_ACTIVE,16707.8203125
5409.300000000001,5399.8896,0.9983,SCALE_DOWN,3000.0
21000.0,21000.047,1.0,STAY_ACTIVE,21000.046875
10956.3,10994.645,0.9965,STAY_ACTIVE,10994.64453125
3000.0,3000.4214,0.9999,SCALE_DOWN,3000.0
3000.0,3000.4214,0.9999,SCALE_DOWN,3000.0
3000.0,3000.4214,0.9999,SCALE_DOWN,3000.0
21000.0,21000.047,1.0,STAY_ACTIVE,21000.046875
3000.0,3000.4214,0.9999,SCALE_DOWN,3000.0
3000.0,3000.4214,0.9999,SCALE_DOWN,3000.0
3000.0,3000.4214,0.9999,SCALE_DOWN,3000.0
3000.0,3000.4214,0.9999,SCALE_DOWN,3000.0
3000.0,3000.4214,0.9999,SCALE_DOWN,3000.0
6361.200000000001,6379.542,0.9971,SCALE_DOWN,3000.0
18587.1,18598.693,0.9994,STAY_ACTIVE,18598.693359375
3000.0,3000.4214,0.9999,SCALE_DOWN,3000.0
3000.0,3000.4214,0.9999,SCALE_DOWN,3000.0
4038.3,4037.442,0.9998,SCALE_DOWN,3000.0
15661.5,15677.217,0.999,STAY_ACTIVE,15677.216796875
3000.0,3000.4214,0.9999,SCALE_DOWN,3000.0
7677.6,7660.778,0.9978,SCALE_DOWN,3000.0
5136.9,5110.7466,0.9949,SCALE_DOWN,3000.0
8013.599999999999,7985.4053,0.9965,SCALE_DOWN,3000.0
9574.2,9508.023,0.9931,STAY_ACTIVE,9508.0234375
3000.0,3000.4214,0.9999,SCALE_DOWN,3000.0
21000.0,21000.047,1.0,STAY_ACTIVE,21000.046875
15854.4,15864.338,0.9994,STAY_ACTIVE,15864.337890625
3000.0,3000.4214,0.9999,SCALE_DOWN,3000.0
21000.0,21000.047,1.0,STAY_ACTIVE,21000.046875
3000.0,3000.4214,0.9999,SCALE_DOWN,3000.0
3000.0,3000.4214,0.9999,SCALE_DOWN,3000.0
10234.5,10266.855,0.9968,STAY_ACTIVE,10266.85546875
3998.7,4019.5344,0.9948,SCALE_DOWN,3000.0
14033.400000000003,14099.878,0.9953,STAY_ACTIVE,14099.8779296875
7458.9,7477.588,0.9975,SCALE_DOWN,3000.0
3000.0,3000.4214,0.9999,SCALE_DOWN,3000.0
21000.0,21000.047,1.0,STAY_ACTIVE,21000.046875
5612.4,5637.1943,0.9956,SCALE_DOWN,3000.0
3000.0,3000.4214,0.9999,SCALE_DOWN,3000.0
3000.0,3000.4214,0.9999,SCALE_DOWN,3000.0
10206.9,10182.067,0.9976,STAY_ACTIVE,10182.0673828125
14630.4,14603.95,0.9982,STAY_ACTIVE,14603.9501953125
9535.5,9485.862,0.9948,STAY_ACTIVE,9485.8623046875
10694.1,10631.692,0.9942,STAY_ACTIVE,10631.6923828125
6348.6,6390.316,0.9934,SCALE_DOWN,3000.0
3000.0,3000.4214,0.9999,SCALE_DOWN,3000.0
3000.0,3000.4214,0.9999,SCALE_DOWN,3000.0
3000.0,3000.4214,0.9999,SCALE_DOWN,3000.0
3000.0,3000.4214,0.9999,SCALE_DOWN,3000.0
12607.2,12555.495,0.9959,STAY_ACTIVE,12555.4951171875
5535.900000000001,5539.918,0.9993,SCALE_DOWN,3000.0
3000.0,3000.4214,0.9999,SCALE_DOWN,3000.0
3000.0,3000.4214,0.9999,SCALE_DOWN,3000.0
3000.0,3000.4214,0.9999,SCALE_DOWN,3000.0
15609.3,15476.25,0.9915,STAY_ACTIVE,15476.25
3000.0,3000.4214,0.9999,SCALE_DOWN,3000.0
5368.200000000001,5368.1733,1.0,SCALE_DOWN,3000.0
12390.6,12373.591,0.9986,STAY_ACTIVE,12373.5908203125
3000.0,3000.4214,0.9999,SCALE_DOWN,3000.0
3000.0,3000.4214,0.9999,SCALE_DOWN,3000.0
21000.0,21000.047,1.0,STAY_ACTIVE,21000.046875
17518.5,17411.506,0.9939,STAY_ACTIVE,17411.505859375
21000.0,21000.047,1.0,STAY_ACTIVE,21000.046875
21000.0,20999.457,1.0,STAY_ACTIVE,20999.45703125
13810.2,13808.915,0.9999,STAY_ACTIVE,13808.9150390625
17669.7,17662.396,0.9996,STAY_ACTIVE,17662.396484375
17958.600000000002,17990.242,0.9982,STAY_ACTIVE,17990.2421875
3330.0,3348.1343,0.9946,SCALE_DOWN,3000.0
3000.0,3000.4214,0.9999,SCALE_DOWN,3000.0
9523.8,9504.047,0.9979,STAY_ACTIVE,9504.046875
21000.0,21000.047,1.0,STAY_ACTIVE,21000.046875
6199.5,6195.2036,0.9993,SCALE_DOWN,3000.0
3569.7000000000003,3585.2512,0.9956,SCALE_DOWN,3000.0
7968.0,7943.534,0.9969,SCALE_DOWN,3000.0
3000.0,3000.4214,0.9999,SCALE_DOWN,3000.0
7674.9,7647.65,0.9964,SCALE_DOWN,3000.0
3000.0,3000.4214,0.9999,SCALE_DOWN,3000.0
3000.0,3000.4214,0.9999,SCALE_DOWN,3000.0
3000.0,3000.4214,0.9999,SCALE_DOWN,3000.0
14294.7,14301.782,0.9995,STAY_ACTIVE,14301.7822265625
14565.000000000002,14583.829,0.9987,STAY_ACTIVE,14583.8291015625
3000.0,3000.4214,0.9999,SCALE_DOWN,3000.0
18394.5,18442.805,0.9974,STAY_ACTIVE,18442.8046875
12739.8,12783.182,0.9966,STAY_ACTIVE,12783.181640625
6719.700000000001,6743.8022,0.9964,SCALE_DOWN,3000.0
8130.599999999999,8134.2856,0.9995,SCALE_DOWN,3000.0
8012.4,8038.471,0.9967,SCALE_DOWN,3000.0
21000.0,21035.188,0.9983,STAY_ACTIVE,21035.1875
3000.0,3000.4214,0.9999,SCALE_DOWN,3000.0
9525.6,9496.594,0.997,STAY_ACTIVE,9496.59375
6298.200000000001,6304.821,0.9989,SCALE_DOWN,3000.0
3000.0,3000.4214,0.9999,SCALE_DOWN,3000.0
10989.9,10958.442,0.9971,STAY_ACTIVE,10958.4423828125
3000.0,3000.4214,0.9999,SCALE_DOWN,3000.0
21000.0,20999.703,1.0,STAY_ACTIVE,20999.703125
21000.0,21000.047,1.0,STAY_ACTIVE,21000.046875
3000.0,3000.4214,0.9999,SCALE_DOWN,3000.0
21000.0,21000.047,1.0,STAY_ACTIVE,21000.046875
3000.0,3000.4214,0.9999,SCALE_DOWN,3000.0
21000.0,21000.225,1.0,STAY_ACTIVE,21000.224609375
3000.0,3000.4214,0.9999,SCALE_DOWN,3000.0
15474.0,15373.973,0.9935,STAY_ACTIVE,15373.97265625
5635.8,5632.107,0.9993,SCALE_DOWN,3000.0
15916.800000000005,15852.505,0.996,STAY_ACTIVE,15852.5048828125
3000.0,3000.4214,0.9999,SCALE_DOWN,3000.0
3000.0,3000.4214,0.9999,SCALE_DOWN,3000.0
3878.7,3862.6045,0.9959,SCALE_DOWN,3000.0
8991.9,9022.6,0.9966,STAY_ACTIVE,9022.599609375
21000.0,21000.078,1.0,STAY_ACTIVE,21000.078125
21000.0,21000.047,1.0,STAY_ACTIVE,21000.046875
21000.0,21000.078,1.0,STAY_ACTIVE,21000.078125
21000.0,21000.744,1.0,STAY_ACTIVE,21000.744140625
17457.600000000002,17544.688,0.995,STAY_ACTIVE,17544.6875
19884.300000000003,19888.213,0.9998,STAY_ACTIVE,19888.212890625
21000.0,21000.078,1.0,STAY_ACTIVE,21000.078125
3000.0,3000.4214,0.9999,SCALE_DOWN,3000.0
8625.900000000001,8584.056,0.9951,SCALE_DOWN,3000.0
7442.1,7434.715,0.999,SCALE_DOWN,3000.0
21000.0,21000.047,1.0,STAY_ACTIVE,21000.046875
12904.800000000005,12860.022,0.9965,STAY_ACTIVE,12860.0224609375
21000.0,21000.09,1.0,STAY_ACTIVE,21000.08984375
20413.199999999997,20486.518,0.9964,STAY_ACTIVE,20486.517578125
3000.0,3000.4214,0.9999,SCALE_DOWN,3000.0
21000.0,20999.107,1.0,STAY_ACTIVE,20999.107421875
3000.0,3000.4214,0.9999,SCALE_DOWN,3000.0
6558.0,6596.0522,0.9942,SCALE_DOWN,3000.0
8171.1,8170.5205,0.9999,SCALE_DOWN,3000.0
21000.0,20999.479,1.0,STAY_ACTIVE,20999.478515625
8458.2,8468.009,0.9988,SCALE_DOWN,3000.0
3000.0,3000.4214,0.9999,SCALE_DOWN,3000.0
8997.6,9006.436,0.999,STAY_ACTIVE,9006.435546875
12673.2,12632.875,0.9968,STAY_ACTIVE,12632.875
3957.0,3986.9214,0.9924,SCALE_DOWN,3000.0
3956.7,3970.9614,0.9964,SCALE_DOWN,3000.0
13323.3,13229.271,0.9929,STAY_ACTIVE,13229.271484375
3000.0,3000.4214,0.9999,SCALE_DOWN,3000.0
11673.0,11666.982,0.9995,STAY_ACTIVE,11666.982421875
21000.0,20998.857,0.9999,STAY_ACTIVE,20998.857421875
3000.0,3000.4214,0.9999,SCALE_DOWN,3000.0
3000.0,3000.4214,0.9999,SCALE_DOWN,3000.0
3000.0,3000.4214,0.9999,SCALE_DOWN,3000.0
8450.7,8553.481,0.9878,SCALE_DOWN,3000.0
21000.0,21000.047,1.0,STAY_ACTIVE,21000.046875
14356.500000000002,14381.855,0.9982,STAY_ACTIVE,14381.85546875
3000.0,3000.4214,0.9999,SCALE_DOWN,3000.0
7785.9,7811.592,0.9967,SCALE_DOWN,3000.0
3000.0,3000.4214,0.9999,SCALE_DOWN,3000.0
21000.0,20980.158,0.9991,STAY_ACTIVE,20980.158203125
3000.0,3000.4214,0.9999,SCALE_DOWN,3000.0
3000.0,3000.4214,0.9999,SCALE_DOWN,3000.0
21000.0,21000.164,1.0,STAY_ACTIVE,21000.1640625
13293.9,13314.393,0.9985,STAY_ACTIVE,13314.392578125
6127.2,6173.7095,0.9924,SCALE_DOWN,3000.0
3000.0,3000.4214,0.9999,SCALE_DOWN,3000.0
3000.0,3000.4214,0.9999,SCALE_DOWN,3000.0
3000.0,3000.4214,0.9999,SCALE_DOWN,3000.0
13371.0,13346.343,0.9982,STAY_ACTIVE,13346.3427734375
21000.0,21000.047,1.0,STAY_ACTIVE,21000.046875
19990.800000000003,20067.062,0.9962,STAY_ACTIVE,20067.0625
21000.0,21000.078,1.0,STAY_ACTIVE,21000.078125
3000.0,3000.4214,0.9999,SCALE_DOWN,3000.0
16060.2,16066.935,0.9996,STAY_ACTIVE,16066.9345703125
3000.0,3000.4214,0.9999,SCALE_DOWN,3000.0
3000.0,3000.4214,0.9999,SCALE_DOWN,3000.0
17127.300000000003,17169.611,0.9975,STAY_ACTIVE,17169.611328125
10357.8,10402.021,0.9957,STAY_ACTIVE,10402.021484375
20865.0,20778.414,0.9959,STAY_ACTIVE,20778.4140625
8411.400000000001,8602.737,0.9773,SCALE_DOWN,3000.0
3000.0,3000.4214,0.9999,SCALE_DOWN,3000.0
12024.3,12071.793,0.9961,STAY_ACTIVE,12071.79296875
11208.000000000002,11250.26,0.9962,STAY_ACTIVE,11250.259765625
3000.0,3000.4214,0.9999,SCALE_DOWN,3000.0
3000.0,3000.4214,0.9999,SCALE_DOWN,3000.0
21000.0,21000.049,1.0,STAY_ACTIVE,21000.048828125
21000.0,20992.918,0.9997,STAY_ACTIVE,20992.91796875
3000.0,3000.4214,0.9999,SCALE_DOWN,3000.0
3000.0,3000.4214,0.9999,SCALE_DOWN,3000.0
14234.4,14221.424,0.9991,STAY_ACTIVE,14221.423828125
3652.8,3633.8591,0.9948,SCALE_DOWN,3000.0
15507.0,15457.109,0.9968,STAY_ACTIVE,15457.109375
3000.0,3000.4214,0.9999,SCALE_DOWN,3000.0
21000.0,21000.047,1.0,STAY_ACTIVE,21000.046875
15251.1,15140.647,0.9928,STAY_ACTIVE,15140.6474609375
3000.0,3000.4214,0.9999,SCALE_DOWN,3000.0
10198.5,10248.537,0.9951,STAY_ACTIVE,10248.537109375
6630.599999999999,6692.843,0.9906,SCALE_DOWN,3000.0
3000.0,3000.4214,0.9999,SCALE_DOWN,3000.0
8390.4,8433.721,0.9948,SCALE_DOWN,3000.0
3405.9,3407.1125,0.9996,SCALE_DOWN,3000.0
21000.0,21000.049,1.0,STAY_ACTIVE,21000.048828125
18881.7,18874.56,0.9996,STAY_ACTIVE,18874.560546875
21000.0,21000.047,1.0,STAY_ACTIVE,21000.046875
13303.5,13240.694,0.9953,STAY_ACTIVE,13240.6943359375
3000.0,3000.4214,0.9999,SCALE_DOWN,3000.0
21000.0,21000.078,1.0,STAY_ACTIVE,21000.078125
3000.0,3000.4214,0.9999,SCALE_DOWN,3000.0
3000.0,3000.4214,0.9999,SCALE_DOWN,3000.0
7764.3,7645.353,0.9847,SCALE_DOWN,3000.0
6061.5,6062.4785,0.9998,SCALE_DOWN,3000.0
11853.9,11888.437,0.9971,STAY_ACTIVE,11888.4365234375
21000.0,20997.377,0.9999,STAY_ACTIVE,20997.376953125
3000.0,3000.4214,0.9999,SCALE_DOWN,3000.0
7267.500000000001,7268.4146,0.9999,SCALE_DOWN,3000.0
3000.0,3000.4214,0.9999,SCALE_DOWN,3000.0
9934.5,9954.668,0.998,STAY_ACTIVE,9954.66796875
3000.0,3000.4214,0.9999,SCALE_DOWN,3000.0
3000.0,3000.4214,0.9999,SCALE_DOWN,3000.0
3000.0,3000.4214,0.9999,SCALE_DOWN,3000.0
21000.0,21000.049,1.0,STAY_ACTIVE,21000.048828125
3000.0,3000.4214,0.9999,SCALE_DOWN,3000.0
3000.0,3000.4214,0.9999,SCALE_DOWN,3000.0
3000.0,3000.4214,0.9999,SCALE_DOWN,3000.0
12343.8,12368.403,0.998,STAY_ACTIVE,12368.4033203125
3919.2,3947.316,0.9928,SCALE_DOWN,3000.0
10512.0,10600.755,0.9916,STAY_ACTIVE,10600.7548828125
3000.0,3000.4214,0.9999,SCALE_DOWN,3000.0
21000.0,20999.562,1.0,STAY_ACTIVE,20999.5625
21000.0,20999.467,1.0,STAY_ACTIVE,20999.466796875
16346.7,16538.404,0.9883,STAY_ACTIVE,16538.404296875
14906.1,14890.571,0.999,STAY_ACTIVE,14890.5712890625
3000.0,3000.4214,0.9999,SCALE_DOWN,3000.0
4724.7,4713.064,0.9975,SCALE_DOWN,3000.0
5656.200000000001,5642.353,0.9976,SCALE_DOWN,3000.0
4305.599999999999,4307.549,0.9995,SCALE_DOWN,3000.0
8647.5,8642.56,0.9994,SCALE_DOWN,3000.0
6572.4,6527.983,0.9932,SCALE_DOWN,3000.0
3475.2,3443.522,0.9909,SCALE_DOWN,3000.0
3350.4,3346.679,0.9989,SCALE_DOWN,3000.0
3000.0,3000.4214,0.9999,SCALE_DOWN,3000.0
3000.0,3000.4214,0.9999,SCALE_DOWN,3000.0
3000.0,3000.4214,0.9999,SCALE_DOWN,3000.0
7704.300000000001,7738.0776,0.9956,SCALE_DOWN,3000.0
21000.0,21000.078,1.0,STAY_ACTIVE,21000.078125
3000.0,3000.4214,0.9999,SCALE_DOWN,3000.0
7854.0,7853.1567,0.9999,SCALE_DOWN,3000.0
3000.0,3000.4214,0.9999,SCALE_DOWN,3000.0
18925.800000000003,18920.424,0.9997,STAY_ACTIVE,18920.423828125
21000.0,21000.09,1.0,STAY_ACTIVE,21000.08984375
18685.800000000003,18786.016,0.9946,STAY_ACTIVE,18786.015625
9754.5,9757.894,0.9997,STAY_ACTIVE,9757.8935546875
4026.0,4022.4084,0.9991,SCALE_DOWN,3000.0
21000.0,21000.047,1.0,STAY_ACTIVE,21000.046875
21000.0,21000.047,1.0,STAY_ACTIVE,21000.046875
3000.0,3000.4214,0.9999,SCALE_DOWN,3000.0
10422.3,10392.104,0.9971,STAY_ACTIVE,10392.103515625
9172.5,9137.907,0.9962,STAY_ACTIVE,9137.9072265625
21000.0,21000.078,1.0,STAY_ACTIVE,21000.078125
3000.0,3000.4214,0.9999,SCALE_DOWN,3000.0
17652.0,17547.525,0.9941,STAY_ACTIVE,17547.525390625
12377.1,12390.985,0.9989,STAY_ACTIVE,12390.9853515625
3000.0,3000.4214,0.9999,SCALE_DOWN,3000.0
3000.0,3000.4214,0.9999,SCALE_DOWN,3000.0
10614.6,10603.799,0.999,STAY_ACTIVE,10603.798828125
21000.0,21000.047,1.0,STAY_ACTIVE,21000.046875
3000.0,3000.4214,0.9999,SCALE_DOWN,3000.0
8795.4,8844.433,0.9944,SCALE_DOWN,3000.0
3000.0,3000.4214,0.9999,SCALE_DOWN,3000.0
3000.0,3000.4214,0.9999,SCALE_DOWN,3000.0
21000.0,21000.047,1.0,STAY_ACTIVE,21000.046875
9157.5,9129.565,0.9969,STAY_ACTIVE,9129.5654296875
19546.800000000003,19499.885,0.9976,STAY_ACTIVE,19499.884765625
16566.600000000002,16652.275,0.9948,STAY_ACTIVE,16652.275390625
3000.0,3000.4214,0.9999,SCALE_DOWN,3000.0
21000.0,21000.09,1.0,STAY_ACTIVE,21000.08984375
10203.0,10158.589,0.9956,STAY_ACTIVE,10158.5888671875
19752.300000000003,19961.861,0.9894,STAY_ACTIVE,19961.861328125
3000.0,3000.4214,0.9999,SCALE_DOWN,3000.0
21000.0,21000.09,1.0,STAY_ACTIVE,21000.08984375
3000.0,3000.4214,0.9999,SCALE_DOWN,3000.0
12430.8,12321.553,0.9912,STAY_ACTIVE,12321.552734375
7609.8,7656.1074,0.9939,SCALE_DOWN,3000.0
14882.1,14916.245,0.9977,STAY_ACTIVE,14916.2451171875
21000.0,21000.047,1.0,STAY_ACTIVE,21000.046875
4414.200000000001,4393.1265,0.9952,SCALE_DOWN,3000.0
17305.199999999997,17266.133,0.9977,STAY_ACTIVE,17266.1328125
3470.4,3505.6875,0.9898,SCALE_DOWN,3000.0
3000.0,3000.4214,0.9999,SCALE_DOWN,3000.0
3000.0,3000.4214,0.9999,SCALE_DOWN,3000.0
13035.3,13009.522,0.998,STAY_ACTIVE,13009.5224609375
16488.9,16586.988,0.9941,STAY_ACTIVE,16586.98828125
21000.0,20986.105,0.9993,STAY_ACTIVE,20986.10546875
11358.0,11560.4375,0.9822,STAY_ACTIVE,11560.4375
3000.0,3000.4214,0.9999,SCALE_DOWN,3000.0
19267.2,19343.463,0.996,STAY_ACTIVE,19343.462890625
3000.0,3000.4214,0.9999,SCALE_DOWN,3000.0
9766.8,9762.779,0.9996,STAY_ACTIVE,9762.779296875
14730.9,14778.716,0.9968,STAY_ACTIVE,14778.7158203125
20527.800000000003,20402.357,0.9939,STAY_ACTIVE,20402.357421875
18081.3,17983.816,0.9946,STAY_ACTIVE,17983.81640625
19666.800000000003,19576.172,0.9954,STAY_ACTIVE,19576.171875
3000.0,3000.4214,0.9999,SCALE_DOWN,3000.0
9035.1,9048.751,0.9985,STAY_ACTIVE,9048.7509765625
21000.0,20965.7,0.9984,STAY_ACTIVE,20965.69921875
18935.1,18918.705,0.9991,STAY_ACTIVE,18918.705078125
21000.0,21000.047,1.0,STAY_ACTIVE,21000.046875
4637.4,4618.3345,0.9959,SCALE_DOWN,3000.0
3000.0,3000.4214,0.9999,SCALE_DOWN,3000.0
7423.5,7473.0566,0.9933,SCALE_DOWN,3000.0
7308.0,7309.6084,0.9998,SCALE_DOWN,3000.0
13923.000000000002,13941.956,0.9986,STAY_ACTIVE,13941.9560546875
3776.4,3789.0034,0.9967,SCALE_DOWN,3000.0
3000.0,3000.4214,0.9999,SCALE_DOWN,3000.0
21000.0,21000.047,1.0,STAY_ACTIVE,21000.046875
14918.1,14887.649,0.998,STAY_ACTIVE,14887.6494140625
7118.4,7136.057,0.9975,SCALE_DOWN,3000.0
5614.5,5615.8496,0.9998,SCALE_DOWN,3000.0
3000.0,3000.4214,0.9999,SCALE_DOWN,3000.0
6814.200000000001,6811.181,0.9996,SCALE_DOWN,3000.0
3000.0,3000.4214,0.9999,SCALE_DOWN,3000.0
16134.0,16128.413,0.9997,STAY_ACTIVE,16128.4130859375
3000.0,3000.4214,0.9999,SCALE_DOWN,3000.0
3000.0,3000.4214,0.9999,SCALE_DOWN,3000.0
3000.0,3000.4214,0.9999,SCALE_DOWN,3000.0
3000.0,3000.4214,0.9999,SCALE_DOWN,3000.0
10908.6,11024.948,0.9893,STAY_ACTIVE,11024.9482421875
3000.0,3000.4214,0.9999,SCALE_DOWN,3000.0
21000.0,20998.28,0.9999,STAY_ACTIVE,20998.279296875
5383.8,5349.8467,0.9937,SCALE_DOWN,3000.0
21000.0,21000.049,1.0,STAY_ACTIVE,21000.048828125
21000.0,21000.049,1.0,STAY_ACTIVE,21000.048828125
21000.0,21000.166,1.0,STAY_ACTIVE,21000.166015625
3000.0,3000.4214,0.9999,SCALE_DOWN,3000.0
21000.0,21000.047,1.0,STAY_ACTIVE,21000.046875
9045.3,9019.106,0.9971,STAY_ACTIVE,9019.1064453125
21000.0,21000.078,1.0,STAY_ACTIVE,21000.078125
21000.0,20999.297,1.0,STAY_ACTIVE,20999.296875
3000.0,3000.4214,0.9999,SCALE_DOWN,3000.0
5052.6,5049.898,0.9995,SCALE_DOWN,3000.0
21000.0,21000.047,1.0,STAY_ACTIVE,21000.046875
21000.0,21000.049,1.0,STAY_ACTIVE,21000.048828125
8930.1,8935.733,0.9994,SCALE_DOWN,3000.0
14976.6,14949.55,0.9982,STAY_ACTIVE,14949.5498046875
4064.1,4099.6567,0.9913,SCALE_DOWN,3000.0
3000.0,3000.4214,0.9999,SCALE_DOWN,3000.0
21000.0,21000.078,1.0,STAY_ACTIVE,21000.078125
3000.0,3000.4214,0.9999,SCALE_DOWN,3000.0
21000.0,20995.158,0.9998,STAY_ACTIVE,20995.158203125
3981.0,4020.2048,0.9902,SCALE_DOWN,3000.0
21000.0,21000.09,1.0,STAY_ACTIVE,21000.08984375
16569.6,16561.328,0.9995,STAY_ACTIVE,16561.328125
5212.5,5201.031,0.9978,SCALE_DOWN,3000.0
13941.900000000003,13966.115,0.9983,STAY_ACTIVE,13966.115234375
3000.0,3000.4214,0.9999,SCALE_DOWN,3000.0
19398.6,19394.201,0.9998,STAY_ACTIVE,19394.201171875
13049.7,13040.158,0.9993,STAY_ACTIVE,13040.158203125
21000.0,21018.355,0.9991,STAY_ACTIVE,21018.35546875
3000.0,3000.4214,0.9999,SCALE_DOWN,3000.0
4078.5,4053.8154,0.9939,SCALE_DOWN,3000.0
3000.0,3000.4214,0.9999,SCALE_DOWN,3000.0
6815.4,6837.5723,0.9967,SCALE_DOWN,3000.0
21000.0,21000.047,1.0,STAY_ACTIVE,21000.046875
10229.1,10216.674,0.9988,STAY_ACTIVE,10216.673828125
10026.0,10160.4375,0.9866,STAY_ACTIVE,10160.4375
17766.600000000006,17662.396,0.9941,STAY_ACTIVE,17662.396484375
11980.8,11998.991,0.9985,STAY_ACTIVE,11998.9912109375
21000.0,20999.852,1.0,STAY_ACTIVE,20999.8515625
21000.0,21000.047,1.0,STAY_ACTIVE,21000.046875
3000.0,3000.4214,0.9999,SCALE_DOWN,3000.0
3000.0,3000.4214,0.9999,SCALE_DOWN,3000.0
8817.9,8806.296,0.9987,SCALE_DOWN,3000.0
8425.2,8401.031,0.9971,SCALE_DOWN,3000.0
3000.0,3000.4214,0.9999,SCALE_DOWN,3000.0
12822.0,12914.196,0.9928,STAY_ACTIVE,12914.1962890625
3000.0,3000.4214,0.9999,SCALE_DOWN,3000.0
10758.6,10776.453,0.9983,STAY_ACTIVE,10776.453125
3000.0,3000.4214,0.9999,SCALE_DOWN,3000.0
11339.7,11300.013,0.9965,STAY_ACTIVE,11300.0126953125
3000.0,3000.4214,0.9999,SCALE_DOWN,3000.0
3000.0,3000.4214,0.9999,SCALE_DOWN,3000.0
21000.0,20999.477,1.0,STAY_ACTIVE,20999.4765625
3000.0,3000.4214,0.9999,SCALE_DOWN,3000.0
13222.8,13207.633,0.9989,STAY_ACTIVE,13207.6328125
3000.0,3000.4214,0.9999,SCALE_DOWN,3000.0
21000.0,21013.672,0.9993,STAY_ACTIVE,21013.671875
3000.0,3000.4214,0.9999,SCALE_DOWN,3000.0
21000.0,20999.326,1.0,STAY_ACTIVE,20999.326171875
10755.9,10693.574,0.9942,STAY_ACTIVE,10693.57421875
21000.0,20999.852,1.0,STAY_ACTIVE,20999.8515625
17405.100000000002,17388.438,0.999,STAY_ACTIVE,17388.4375
3000.0,3000.4214,0.9999,SCALE_DOWN,3000.0
21000.0,21000.09,1.0,STAY_ACTIVE,21000.08984375
9744.3,9721.299,0.9976,STAY_ACTIVE,9721.298828125
21000.0,21000.047,1.0,STAY_ACTIVE,21000.046875
12756.9,12776.312,0.9985,STAY_ACTIVE,12776.3115234375
3000.0,3000.4214,0.9999,SCALE_DOWN,3000.0
3000.0,3000.4214,0.9999,SCALE_DOWN,3000.0
3000.0,3000.4214,0.9999,SCALE_DOWN,3000.0
4184.7,4195.8726,0.9973,SCALE_DOWN,3000.0
16184.1,16276.128,0.9943,STAY_ACTIVE,16276.1279296875
3000.0,3000.4214,0.9999,SCALE_DOWN,3000.0
3000.0,3000.4214,0.9999,SCALE_DOWN,3000.0
9628.5,9574.982,0.9944,STAY_ACTIVE,9574.982421875
4780.8,4749.849,0.9935,SCALE_DOWN,3000.0
5892.3,5897.832,0.9991,SCALE_DOWN,3000.0
5948.400000000001,5944.0405,0.9993,SCALE_DOWN,3000.0
16518.3,16521.91,0.9998,STAY_ACTIVE,16521.91015625
3000.0,3000.4214,0.9999,SCALE_DOWN,3000.0
18508.5,18523.623,0.9992,STAY_ACTIVE,18523.623046875
14845.800000000005,14842.125,0.9998,STAY_ACTIVE,14842.125
15146.400000000003,15227.316,0.9947,STAY_ACTIVE,15227.31640625
6969.6,6948.0605,0.9969,SCALE_DOWN,3000.0
3000.0,3000.4214,0.9999,SCALE_DOWN,3000.0
21000.0,20998.477,0.9999,STAY_ACTIVE,20998.4765625
15567.3,15507.451,0.9962,STAY_ACTIVE,15507.451171875
21000.0,21002.568,0.9999,STAY_ACTIVE,21002.568359375
21000.0,21000.078,1.0,STAY_ACTIVE,21000.078125
21000.0,20999.734,1.0,STAY_ACTIVE,20999.734375
5948.700000000001,5942.958,0.999,SCALE_DOWN,3000.0
5714.4,5671.1777,0.9924,SCALE_DOWN,3000.0
3000.0,3000.4214,0.9999,SCALE_DOWN,3000.0
5167.5,5193.373,0.995,SCALE_DOWN,3000.0
3000.0,3000.4214,0.9999,SCALE_DOWN,3000.0
5625.0,5606.2144,0.9967,SCALE_DOWN,3000.0
5423.400000000001,5438.041,0.9973,SCALE_DOWN,3000.0
5871.300000000001,5850.3647,0.9964,SCALE_DOWN,3000.0
15759.9,15718.818,0.9974,STAY_ACTIVE,15718.818359375
7021.5,7022.4517,0.9999,SCALE_DOWN,3000.0
9740.1,9725.877,0.9985,STAY_ACTIVE,9725.876953125
3000.0,3000.4214,0.9999,SCALE_DOWN,3000.0
21000.0,20947.932,0.9975,STAY_ACTIVE,20947.931640625
5736.9,5725.8174,0.9981,SCALE_DOWN,3000.0
13129.199999999995,13123.273,0.9995,STAY_ACTIVE,13123.2734375
16934.100000000002,17024.29,0.9947,STAY_ACTIVE,17024.2890625
15751.5,15843.198,0.9942,STAY_ACTIVE,15843.1982421875
20319.0,20375.582,0.9972,STAY_ACTIVE,20375.58203125
15656.7,15589.085,0.9957,STAY_ACTIVE,15589.0849609375
4974.0,4967.287,0.9987,SCALE_DOWN,3000.0
20917.800000000003,20893.459,0.9988,STAY_ACTIVE,20893.458984375
4478.1,4461.322,0.9963,SCALE_DOWN,3000.0
3069.9000000000005,3032.5615,0.9878,SCALE_DOWN,3000.0
3000.0,3000.4214,0.9999,SCALE_DOWN,3000.0
4832.7,4805.0996,0.9943,SCALE_DOWN,3000.0
3000.0,3000.4214,0.9999,SCALE_DOWN,3000.0
3291.2999999999997,3274.065,0.9948,SCALE_DOWN,3000.0
3000.0,3000.4214,0.9999,SCALE_DOWN,3000.0
21000.0,21000.078,1.0,STAY_ACTIVE,21000.078125
21000.0,20999.852,1.0,STAY_ACTIVE,20999.8515625
15687.3,15790.165,0.9934,STAY_ACTIVE,15790.1650390625
3000.0,3000.4214,0.9999,SCALE_DOWN,3000.0
8338.800000000001,8369.721,0.9963,SCALE_DOWN,3000.0
8078.700000000001,8055.0933,0.9971,SCALE_DOWN,3000.0
4162.5,4134.697,0.9933,SCALE_DOWN,3000.0
3000.0,3000.4214,0.9999,SCALE_DOWN,3000.0
6953.700000000001,6941.875,0.9983,SCALE_DOWN,3000.0
15513.3,15534.897,0.9986,STAY_ACTIVE,15534.8974609375
6452.1,6454.898,0.9996,SCALE_DOWN,3000.0
4826.4,4857.9795,0.9935,SCALE_DOWN,3000.0
21000.0,21000.049,1.0,STAY_ACTIVE,21000.048828125
3404.7000000000003,3407.974,0.999,SCALE_DOWN,3000.0
8925.3,8905.479,0.9978,SCALE_DOWN,3000.0
21000.0,20998.174,0.9999,STAY_ACTIVE,20998.173828125
3000.0,3000.4214,0.9999,SCALE_DOWN,3000.0
11706.0,11675.781,0.9974,STAY_ACTIVE,11675.78125
3000.0,3000.4214,0.9999,SCALE_DOWN,3000.0
21000.0,21000.068,1.0,STAY_ACTIVE,21000.068359375
11559.6,11436.362,0.9893,STAY_ACTIVE,11436.3623046875
3000.0,3000.4214,0.9999,SCALE_DOWN,3000.0
21000.0,21000.078,1.0,STAY_ACTIVE,21000.078125
3000.0,3000.4214,0.9999,SCALE_DOWN,3000.0
3000.0,3000.4214,0.9999,SCALE_DOWN,3000.0
13772.7,13725.711,0.9966,STAY_ACTIVE,13725.7109375
6615.3,6630.94,0.9976,SCALE_DOWN,3000.0
17616.0,17527.484,0.995,STAY_ACTIVE,17527.484375
17614.5,17597.217,0.999,STAY_ACTIVE,17597.216796875
18147.6,18199.895,0.9971,STAY_ACTIVE,18199.89453125
10899.3,10985.634,0.9921,STAY_ACTIVE,10985.6337890625
3000.0,3000.4214,0.9999,SCALE_DOWN,3000.0
21000.0,20999.48,1.0,STAY_ACTIVE,20999.48046875
6547.2,6552.8916,0.9991,SCALE_DOWN,3000.0
3642.599999999999,3649.8093,0.998,SCALE_DOWN,3000.0
3000.0,3000.4214,0.9999,SCALE_DOWN,3000.0
21000.0,21000.26,1.0,STAY_ACTIVE,21000.259765625
6522.0,6595.7773,0.9887,SCALE_DOWN,3000.0
21000.0,21013.303,0.9994,STAY_ACTIVE,21013.302734375
7790.1,7769.0977,0.9973,SCALE_DOWN,3000.0
3000.0,3000.4214,0.9999,SCALE_DOWN,3000.0
5275.8,5262.885,0.9976,SCALE_DOWN,3000.0
21000.0,21000.25,1.0,STAY_ACTIVE,21000.25
5129.1,5136.4644,0.9986,SCALE_DOWN,3000.0
3000.0,3000.4214,0.9999,SCALE_DOWN,3000.0
11660.1,11667.203,0.9994,STAY_ACTIVE,11667.203125
12608.7,12646.379,0.997,STAY_ACTIVE,12646.37890625
3000.0,3000.4214,0.9999,SCALE_DOWN,3000.0
6860.4,6885.882,0.9963,SCALE_DOWN,3000.0
21000.0,20903.164,0.9954,STAY_ACTIVE,20903.1640625
3735.3,3715.4058,0.9947,SCALE_DOWN,3000.0
8180.1,8186.4844,0.9992,SCALE_DOWN,3000.0
6312.6,6318.6934,0.999,SCALE_DOWN,3000.0
3000.0,3000.4214,0.9999,SCALE_DOWN,3000.0
6935.4,6884.949,0.9927,SCALE_DOWN,3000.0
16784.7,16717.031,0.996,STAY_ACTIVE,16717.03125
21000.0,21000.047,1.0,STAY_ACTIVE,21000.046875
3000.0,3000.4214,0.9999,SCALE_DOWN,3000.0
12753.9,12718.888,0.9973,STAY_ACTIVE,12718.8876953125
3000.0,3000.4214,0.9999,SCALE_DOWN,3000.0
20209.2,20336.64,0.9937,STAY_ACTIVE,20336.640625
5151.299999999999,5180.0127,0.9944,SCALE_DOWN,3000.0
3000.0,3000.4214,0.9999,SCALE_DOWN,3000.0
3000.0,3000.4214,0.9999,SCALE_DOWN,3000.0
9851.7,9833.077,0.9981,STAY_ACTIVE,9833.0771484375
3000.0,3000.4214,0.9999,SCALE_DOWN,3000.0
21000.0,20996.787,0.9998,STAY_ACTIVE,20996.787109375
6474.900000000001,6480.0757,0.9992,SCALE_DOWN,3000.0
3000.0,3000.4214,0.9999,SCALE_DOWN,3000.0
9234.6,9239.005,0.9995,STAY_ACTIVE,9239.0048828125
13111.2,13136.783,0.998,STAY_ACTIVE,13136.783203125
3000.0,3000.4214,0.9999,SCALE_DOWN,3000.0
3195.2999999999997,3213.469,0.9943,SCALE_DOWN,3000.0
3000.0,3000.4214,0.9999,SCALE_DOWN,3000.0
10387.5,10415.082,0.9973,STAY_ACTIVE,10415.08203125
3000.0,3000.4214,0.9999,SCALE_DOWN,3000.0
21000.0,20999.426,1.0,STAY_ACTIVE,20999.42578125
3000.0,3000.4214,0.9999,SCALE_DOWN,3000.0
6591.0,6585.241,0.9991,SCALE_DOWN,3000.0
6639.3,6630.3506,0.9987,SCALE_DOWN,3000.0
7136.699999999999,7115.403,0.997,SCALE_DOWN,3000.0
3852.9,3883.6125,0.992,SCALE_DOWN,3000.0
3183.0,3187.746,0.9985,SCALE_DOWN,3000.0
4783.2,4783.6235,0.9999,SCALE_DOWN,3000.0
8337.9,8338.312,1.0,SCALE_DOWN,3000.0
3000.0,3000.4214,0.9999,SCALE_DOWN,3000.0
18379.2,18517.656,0.9925,STAY_ACTIVE,18517.65625
20514.9,20582.703,0.9967,STAY_ACTIVE,20582.703125
21000.0,21000.047,1.0,STAY_ACTIVE,21000.046875
4452.3,4458.2275,0.9987,SCALE_DOWN,3000.0
15835.2,15798.341,0.9977,STAY_ACTIVE,15798.3408203125
3000.0,3000.4214,0.9999,SCALE_DOWN,3000.0
15699.6,15777.953,0.995,STAY_ACTIVE,15777.953125
19009.8,18977.012,0.9983,STAY_ACTIVE,18977.01171875
3000.0,3000.4214,0.9999,SCALE_DOWN,3000.0
3000.0,3000.4214,0.9999,SCALE_DOWN,3000.0
21000.0,21000.281,1.0,STAY_ACTIVE,21000.28125
3000.0,3000.4214,0.9999,SCALE_DOWN,3000.0
21000.0,20999.656,1.0,STAY_ACTIVE,20999.65625
9708.3,9770.769,0.9936,STAY_ACTIVE,9770.7685546875
3000.0,3000.4214,0.9999,SCALE_DOWN,3000.0
6888.6,6896.8984,0.9988,SCALE_DOWN,3000.0
16035.9,15984.302,0.9968,STAY_ACTIVE,15984.3017578125
4188.599999999999,4166.625,0.9948,SCALE_DOWN,3000.0
3000.0,3000.4214,0.9999,SCALE_DOWN,3000.0
3000.0,3000.4214,0.9999,SCALE_DOWN,3000.0
3000.0,3000.4214,0.9999,SCALE_DOWN,3000.0
21000.0,20999.479,1.0,STAY_ACTIVE,20999.478515625
7314.3,7307.1562,0.999,SCALE_DOWN,3000.0
21000.0,21000.639,1.0,STAY_ACTIVE,21000.638671875
3000.0,3000.4214,0.9999,SCALE_DOWN,3000.0
5679.0,5664.4707,0.9974,SCALE_DOWN,3000.0
3000.0,3000.4214,0.9999,SCALE_DOWN,3000.0
21000.0,21000.047,1.0,STAY_ACTIVE,21000.046875
12944.1,12954.847,0.9992,STAY_ACTIVE,12954.8466796875
21000.0,21037.39,0.9982,STAY_ACTIVE,21037.390625
12191.4,12272.441,0.9934,STAY_ACTIVE,12272.44140625
3000.0,3000.4214,0.9999,SCALE_DOWN,3000.0
3642.0,3660.001,0.9951,SCALE_DOWN,3000.0
3000.0,3000.4214,0.9999,SCALE_DOWN,3000.0
3000.0,3000.4214,0.9999,SCALE_DOWN,3000.0
21000.0,21000.078,1.0,STAY_ACTIVE,21000.078125
3676.8,3652.8992,0.9935,SCALE_DOWN,3000.0
21000.0,21000.047,1.0,STAY_ACTIVE,21000.046875
5789.700000000001,5794.9106,0.9991,SCALE_DOWN,3000.0
9585.6,9565.679,0.9979,STAY_ACTIVE,9565.6787109375
3000.0,3000.4214,0.9999,SCALE_DOWN,3000.0
21000.0,21000.078,1.0,STAY_ACTIVE,21000.078125
21000.0,20983.15,0.9992,STAY_ACTIVE,20983.150390625
21000.0,21000.047,1.0,STAY_ACTIVE,21000.046875
4777.2,4803.6655,0.9945,SCALE_DOWN,3000.0
3000.0,3000.4214,0.9999,SCALE_DOWN,3000.0
5081.700000000001,5112.915,0.9939,SCALE_DOWN,3000.0
3000.0,3000.4214,0.9999,SCALE_DOWN,3000.0
12398.4,12370.055,0.9977,STAY_ACTIVE,12370.0546875
6375.0,6351.3384,0.9963,SCALE_DOWN,3000.0
3000.0,3000.4214,0.9999,SCALE_DOWN,3000.0
3000.0,3000.4214,0.9999,SCALE_DOWN,3000.0
4083.6,4100.8003,0.9958,SCALE_DOWN,3000.0
7803.0,7854.4517,0.9934,SCALE_DOWN,3000.0
21000.0,21000.047,1.0,STAY_ACTIVE,21000.046875
3000.0,3000.4214,0.9999,SCALE_DOWN,3000.0
6159.0,6111.414,0.9923,SCALE_DOWN,3000.0
7782.9,7772.29,0.9986,SCALE_DOWN,3000.0
21000.0,21000.291,1.0,STAY_ACTIVE,21000.291015625
14005.8,13893.043,0.9919,STAY_ACTIVE,13893.04296875
3000.0,3000.4214,0.9999,SCALE_DOWN,3000.0
3000.0,3000.4214,0.9999,SCALE_DOWN,3000.0
21000.0,20999.672,1.0,STAY_ACTIVE,20999.671875
7773.0,7771.091,0.9998,SCALE_DOWN,3000.0
12100.5,12099.867,0.9999,STAY_ACTIVE,12099.8671875
6252.9,6261.8506,0.9986,SCALE_DOWN,3000.0
21000.0,21000.047,1.0,STAY_ACTIVE,21000.046875
12596.4,12592.266,0.9997,STAY_ACTIVE,12592.265625
3000.0,3000.4214,0.9999,SCALE_DOWN,3000.0
8611.2,8619.713,0.999,SCALE_DOWN,3000.0
3868.5,3896.0637,0.9929,SCALE_DOWN,3000.0
3000.0,3000.4214,0.9999,SCALE_DOWN,3000.0
3000.0,3000.4214,0.9999,SCALE_DOWN,3000.0
10570.2,10655.968,0.9919,STAY_ACTIVE,10655.9677734375
8081.4000000000015,8104.1626,0.9972,SCALE_DOWN,3000.0
5258.7,5243.339,0.9971,SCALE_DOWN,3000.0
9665.7,9677.785,0.9987,STAY_ACTIVE,9677.78515625
5274.3,5271.313,0.9994,SCALE_DOWN,3000.0
10205.7,10219.3545,0.9987,STAY_ACTIVE,10219.3544921875
4741.2,4782.556,0.9913,SCALE_DOWN,3000.0
21000.0,21000.078,1.0,STAY_ACTIVE,21000.078125
3000.0,3000.4214,0.9999,SCALE_DOWN,3000.0
3000.0,3000.4214,0.9999,SCALE_DOWN,3000.0
21000.0,20999.992,1.0,STAY_ACTIVE,20999.9921875
3000.0,3000.4214,0.9999,SCALE_DOWN,3000.0
21000.0,21001.082,0.9999,STAY_ACTIVE,21001.08203125
3000.0,3000.4214,0.9999,SCALE_DOWN,3000.0
8013.599999999999,7995.907,0.9978,SCALE_DOWN,3000.0
10588.2,10564.56,0.9978,STAY_ACTIVE,10564.5595703125
3000.0,3000.4214,0.9999,SCALE_DOWN,3000.0
3000.0,3000.4214,0.9999,SCALE_DOWN,3000.0
6145.5,6164.3804,0.9969,SCALE_DOWN,3000.0
20310.6,20336.64,0.9987,STAY_ACTIVE,20336.640625
9749.7,9764.36,0.9985,STAY_ACTIVE,9764.3603515625
21000.0,20999.299,1.0,STAY_ACTIVE,20999.298828125
9225.3,9247.328,0.9976,STAY_ACTIVE,9247.328125
4105.200000000001,4103.7856,0.9997,SCALE_DOWN,3000.0
21000.0,21000.078,1.0,STAY_ACTIVE,21000.078125
9143.7,9158.996,0.9983,STAY_ACTIVE,9158.99609375
3000.0,3000.4214,0.9999,SCALE_DOWN,3000.0
3000.0,3000.4214,0.9999,SCALE_DOWN,3000.0
3000.0,3000.4214,0.9999,SCALE_DOWN,3000.0
7752.0,7764.775,0.9984,SCALE_DOWN,3000.0
21000.0,21000.049,1.0,STAY_ACTIVE,21000.048828125
21000.0,21000.1,1.0,STAY_ACTIVE,21000.099609375
21000.0,21000.457,1.0,STAY_ACTIVE,21000.45703125
3000.0,3000.4214,0.9999,SCALE_DOWN,3000.0
3000.0,3000.4214,0.9999,SCALE_DOWN,3000.0
3000.0,3000.4214,0.9999,SCALE_DOWN,3000.0
9001.2,8990.791,0.9988,SCALE_DOWN,3000.0
10086.3,10085.048,0.9999,STAY_ACTIVE,10085.0478515625
3000.0,3000.4214,0.9999,SCALE_DOWN,3000.0
9516.6,9470.701,0.9952,STAY_ACTIVE,9470.701171875
21000.0,21015.037,0.9993,STAY_ACTIVE,21015.037109375
17071.800000000003,17131.234,0.9965,STAY_ACTIVE,17131.234375
21000.0,21010.953,0.9995,STAY_ACTIVE,21010.953125
4728.0,4721.315,0.9986,SCALE_DOWN,3000.0
3000.0,3000.4214,0.9999,SCALE_DOWN,3000.0
7066.200000000001,7094.791,0.996,SCALE_DOWN,3000.0
6055.200000000001,6048.1284,0.9988,SCALE_DOWN,3000.0
21000.0,21000.639,1.0,STAY_ACTIVE,21000.638671875
21000.0,21000.193,1.0,STAY_ACTIVE,21000.193359375
3000.0,3000.4214,0.9999,SCALE_DOWN,3000.0
3470.4,3464.441,0.9983,SCALE_DOWN,3000.0
21000.0,20942.28,0.9973,STAY_ACTIVE,20942.279296875
10744.5,10740.119,0.9996,STAY_ACTIVE,10740.119140625
21000.0,21000.047,1.0,STAY_ACTIVE,21000.046875
9264.6,9301.08,0.9961,STAY_ACTIVE,9301.080078125
3000.0,3000.4214,0.9999,SCALE_DOWN,3000.0
7778.1,7747.96,0.9961,SCALE_DOWN,3000.0
3000.0,3000.4214,0.9999,SCALE_DOWN,3000.0
21000.0,21000.049,1.0,STAY_ACTIVE,21000.048828125
4275.3,4300.8145,0.994,SCALE_DOWN,3000.0
3000.0,3000.4214,0.9999,SCALE_DOWN,3000.0
21000.0,21000.049,1.0,STAY_ACTIVE,21000.048828125
9528.6,9493.283,0.9963,STAY_ACTIVE,9493.283203125
3000.0,3000.4214,0.9999,SCALE_DOWN,3000.0
8734.2,8759.313,0.9971,SCALE_DOWN,3000.0
13552.8,13454.962,0.9928,STAY_ACTIVE,13454.9619140625
3000.0,3000.4214,0.9999,SCALE_DOWN,3000.0
8677.5,8700.412,0.9974,SCALE_DOWN,3000.0
21000.0,20999.852,1.0,STAY_ACTIVE,20999.8515625
8817.9,8803.315,0.9983,SCALE_DOWN,3000.0
21000.0,20997.762,0.9999,STAY_ACTIVE,20997.76171875
3000.0,3000.4214,0.9999,SCALE_DOWN,3000.0
21000.0,21000.047,1.0,STAY_ACTIVE,21000.046875
3000.0,3000.4214,0.9999,SCALE_DOWN,3000.0
4673.4,4673.993,0.9999,SCALE_DOWN,3000.0
6469.5,6487.8594,0.9972,SCALE_DOWN,3000.0
15316.800000000005,15404.485,0.9943,STAY_ACTIVE,15404.4853515625
21000.0,21000.193,1.0,STAY_ACTIVE,21000.193359375
3000.0,3000.4214,0.9999,SCALE_DOWN,3000.0
10326.6,10314.607,0.9988,STAY_ACTIVE,10314.607421875
3000.0,3000.4214,0.9999,SCALE_DOWN,3000.0
12336.3,12297.64,0.9969,STAY_ACTIVE,12297.6396484375
10482.000000000002,10482.898,0.9999,STAY_ACTIVE,10482.8984375
9637.2,9595.936,0.9957,STAY_ACTIVE,9595.935546875
11012.7,11027.208,0.9987,STAY_ACTIVE,11027.2080078125
8787.0,8782.752,0.9995,SCALE_DOWN,3000.0
21000.0,21000.078,1.0,STAY_ACTIVE,21000.078125
10632.6,10587.792,0.9958,STAY_ACTIVE,10587.7919921875
5306.4,5302.1914,0.9992,SCALE_DOWN,3000.0
21000.0,20999.562,1.0,STAY_ACTIVE,20999.5625
3000.0,3000.4214,0.9999,SCALE_DOWN,3000.0
21000.0,21000.047,1.0,STAY_ACTIVE,21000.046875
3000.0,3000.4214,0.9999,SCALE_DOWN,3000.0
3000.0,3000.4214,0.9999,SCALE_DOWN,3000.0
3000.0,3000.4214,0.9999,SCALE_DOWN,3000.0
21000.0,21000.078,1.0,STAY_ACTIVE,21000.078125
8412.0,8389.996,0.9974,SCALE_DOWN,3000.0
3000.0,3000.4214,0.9999,SCALE_DOWN,3000.0
3000.0,3000.4214,0.9999,SCALE_DOWN,3000.0
5688.0,5719.0625,0.9945,SCALE_DOWN,3000.0
10098.6,10100.3125,0.9998,STAY_ACTIVE,10100.3125
5305.799999999999,5314.803,0.9983,SCALE_DOWN,3000.0
6616.200000000001,6611.0654,0.9992,SCALE_DOWN,3000.0
11469.9,11502.277,0.9972,STAY_ACTIVE,11502.27734375
3000.0,3000.4214,0.9999,SCALE_DOWN,3000.0
3000.0,3000.4214,0.9999,SCALE_DOWN,3000.0
21000.0,21000.078,1.0,STAY_ACTIVE,21000.078125
8434.2,8436.658,0.9997,SCALE_DOWN,3000.0
7084.8,7083.534,0.9998,SCALE_DOWN,3000.0
4964.4,4972.1245,0.9984,SCALE_DOWN,3000.0
3000.0,3000.4214,0.9999,SCALE_DOWN,3000.0
9842.4,9904.123,0.9937,STAY_ACTIVE,9904.123046875
3220.5,3237.211,0.9948,SCALE_DOWN,3000.0
3000.0,3000.4214,0.9999,SCALE_DOWN,3000.0
17555.399999999998,17408.098,0.9916,STAY_ACTIVE,17408.09765625
3000.0,3000.4214,0.9999,SCALE_DOWN,3000.0
21000.0,20998.23,0.9999,STAY_ACTIVE,20998.23046875
3000.0,3000.4214,0.9999,SCALE_DOWN,3000.0
21000.0,21000.047,1.0,STAY_ACTIVE,21000.046875
7368.3,7400.2246,0.9957,SCALE_DOWN,3000.0
21000.0,20976.566,0.9989,STAY_ACTIVE,20976.56640625
21000.0,21000.047,1.0,STAY_ACTIVE,21000.046875
19052.1,18926.96,0.9934,STAY_ACTIVE,18926.9609375
8098.8,8102.1597,0.9996,SCALE_DOWN,3000.0
21000.0,21000.047,1.0,STAY_ACTIVE,21000.046875
5969.400000000001,5951.7715,0.997,SCALE_DOWN,3000.0
3000.0,3000.4214,0.9999,SCALE_DOWN,3000.0
3000.0,3000.4214,0.9999,SCALE_DOWN,3000.0
3000.0,3000.4214,0.9999,SCALE_DOWN,3000.0
18395.7,18425.848,0.9984,STAY_ACTIVE,18425.84765625
21000.0,21000.078,1.0,STAY_ACTIVE,21000.078125
6258.3,6252.092,0.999,SCALE_DOWN,3000.0
21000.0,21000.049,1.0,STAY_ACTIVE,21000.048828125
21000.0,21000.047,1.0,STAY_ACTIVE,21000.046875
12217.2,12168.804,0.996,STAY_ACTIVE,12168.8037109375
19043.1,18975.566,0.9965,STAY_ACTIVE,18975.56640625
3000.0,3000.4214,0.9999,SCALE_DOWN,3000.0
9386.4,9368.071,0.998,STAY_ACTIVE,9368.0712890625
14321.7,14321.622,1.0,STAY_ACTIVE,14321.6220703125
3000.0,3000.4214,0.9999,SCALE_DOWN,3000.0
13342.8,13364.144,0.9984,STAY_ACTIVE,13364.1435546875
3000.0,3000.4214,0.9999,SCALE_DOWN,3000.0
3000.0,3000.4214,0.9999,SCALE_DOWN,3000.0
10259.7,10267.832,0.9992,STAY_ACTIVE,10267.83203125
5294.1,5291.849,0.9996,SCALE_DOWN,3000.0
4303.2,4278.286,0.9942,SCALE_DOWN,3000.0
11579.1,11548.977,0.9974,STAY_ACTIVE,11548.9765625
3000.0,3000.4214,0.9999,SCALE_DOWN,3000.0
3000.0,3000.4214,0.9999,SCALE_DOWN,3000.0
4520.1,4515.268,0.9989,SCALE_DOWN,3000.0
8385.0,8423.44,0.9954,SCALE_DOWN,3000.0
3000.0,3000.4214,0.9999,SCALE_DOWN,3000.0
3000.0,3000.4214,0.9999,SCALE_DOWN,3000.0
21000.0,21000.047,1.0,STAY_ACTIVE,21000.046875
10835.7,10824.975,0.999,STAY_ACTIVE,10824.974609375
21000.0,20994.875,0.9998,STAY_ACTIVE,20994.875
14449.2,14510.568,0.9958,STAY_ACTIVE,14510.568359375
21000.0,20999.852,1.0,STAY_ACTIVE,20999.8515625
3000.0,3000.4214,0.9999,SCALE_DOWN,3000.0
9635.1,9638.958,0.9996,STAY_ACTIVE,9638.9580078125
21000.0,21000.078,1.0,STAY_ACTIVE,21000.078125
5892.0,5924.044,0.9946,SCALE_DOWN,3000.0
3000.0,3000.4214,0.9999,SCALE_DOWN,3000.0
11290.5,11255.535,0.9969,STAY_ACTIVE,11255.53515625
5885.700000000001,5880.805,0.9992,SCALE_DOWN,3000.0
3000.0,3000.4214,0.9999,SCALE_DOWN,3000.0
19909.5,19946.863,0.9981,STAY_ACTIVE,19946.86328125
10732.2,10705.971,0.9976,STAY_ACTIVE,10705.970703125
12410.1,12529.641,0.9904,STAY_ACTIVE,12529.640625
21000.0,21000.639,1.0,STAY_ACTIVE,21000.638671875
21000.0,20999.852,1.0,STAY_ACTIVE,20999.8515625
3000.0,3000.4214,0.9999,SCALE_DOWN,3000.0
21000.0,21000.047,1.0,STAY_ACTIVE,21000.046875
4442.1,4415.662,0.994,SCALE_DOWN,3000.0
11251.8,11205.5205,0.9959,STAY_ACTIVE,11205.5205078125
7562.699999999999,7554.4375,0.9989,SCALE_DOWN,3000.0
3000.0,3000.4214,0.9999,SCALE_DOWN,3000.0
3120.0,3132.6843,0.9959,SCALE_DOWN,3000.0
3000.0,3000.4214,0.9999,SCALE_DOWN,3000.0
5982.0,5988.81,0.9989,SCALE_DOWN,3000.0
3000.0,3000.4214,0.9999,SCALE_DOWN,3000.0
8503.2,8471.774,0.9963,SCALE_DOWN,3000.0
9130.8,9097.829,0.9964,STAY_ACTIVE,9097.8291015625
21000.0,21019.902,0.9991,STAY_ACTIVE,21019.90234375
12640.8,12622.51,0.9986,STAY_ACTIVE,12622.509765625
3000.0,3000.4214,0.9999,SCALE_DOWN,3000.0
4848.0,4856.3877,0.9983,SCALE_DOWN,3000.0
3000.0,3000.4214,0.9999,SCALE_DOWN,3000.0
3000.0,3000.4214,0.9999,SCALE_DOWN,3000.0
3000.0,3000.4214,0.9999,SCALE_DOWN,3000.0
3000.0,3000.4214,0.9999,SCALE_DOWN,3000.0
21000.0,20999.852,1.0,STAY_ACTIVE,20999.8515625
3000.0,3000.4214,0.9999,SCALE_DOWN,3000.0
21000.0,20996.172,0.9998,STAY_ACTIVE,20996.171875
3000.0,3000.4214,0.9999,SCALE_DOWN,3000.0
8166.3,8182.933,0.998,SCALE_DOWN,3000.0
21000.0,21000.078,1.0,STAY_ACTIVE,21000.078125
14331.9,14318.885,0.9991,STAY_ACTIVE,14318.884765625
6408.900000000001,6412.253,0.9995,SCALE_DOWN,3000.0
3000.0,3000.4214,0.9999,SCALE_DOWN,3000.0
6175.200000000001,6188.883,0.9978,SCALE_DOWN,3000.0
21000.0,21000.049,1.0,STAY_ACTIVE,21000.048828125
10500.0,10477.781,0.9979,STAY_ACTIVE,10477.78125
3000.0,3000.4214,0.9999,SCALE_DOWN,3000.0
4808.4,4808.4727,1.0,SCALE_DOWN,3000.0
21000.0,20999.107,1.0,STAY_ACTIVE,20999.107421875
3000.0,3000.4214,0.9999,SCALE_DOWN,3000.0
3000.0,3000.4214,0.9999,SCALE_DOWN,3000.0
17295.0,17291.465,0.9998,STAY_ACTIVE,17291.46484375
7242.6,7221.161,0.997,SCALE_DOWN,3000.0
3896.4,3933.5654,0.9905,SCALE_DOWN,3000.0
3000.0,3000.4214,0.9999,SCALE_DOWN,3000.0
3000.0,3000.4214,0.9999,SCALE_DOWN,3000.0
5405.700000000001,5432.2085,0.9951,SCALE_DOWN,3000.0
11070.6,11048.307,0.998,STAY_ACTIVE,11048.306640625
13772.7,13581.501,0.9861,STAY_ACTIVE,13581.5009765625
20437.800000000003,20491.29,0.9974,STAY_ACTIVE,20491.2890625
3000.0,3000.4214,0.9999,SCALE_DOWN,3000.0
3000.0,3000.4214,0.9999,SCALE_DOWN,3000.0
5583.3,5566.9697,0.9971,SCALE_DOWN,3000.0
12459.3,12474.803,0.9988,STAY_ACTIVE,12474.802734375
19755.0,19744.637,0.9995,STAY_ACTIVE,19744.63671875
21000.0,21000.078,1.0,STAY_ACTIVE,21000.078125
10582.8,10583.818,0.9999,STAY_ACTIVE,10583.818359375
3000.0,3000.4214,0.9999,SCALE_DOWN,3000.0
3000.0,3000.4214,0.9999,SCALE_DOWN,3000.0
11515.8,11564.665,0.9958,STAY_ACTIVE,11564.6650390625
6030.3,6047.5127,0.9971,SCALE_DOWN,3000.0
21000.0,20998.826,0.9999,STAY_ACTIVE,20998.826171875
3000.0,3000.4214,0.9999,SCALE_DOWN,3000.0
3607.2,3602.8667,0.9988,SCALE_DOWN,3000.0
11319.6,11302.427,0.9985,STAY_ACTIVE,11302.4267578125
21000.0,21000.047,1.0,STAY_ACTIVE,21000.046875
3000.0,3000.4214,0.9999,SCALE_DOWN,3000.0
3000.0,3000.4214,0.9999,SCALE_DOWN,3000.0
8565.6,8671.762,0.9876,SCALE_DOWN,3000.0
21000.0,20997.596,0.9999,STAY_ACTIVE,20997.595703125
3000.0,3000.4214,0.9999,SCALE_DOWN,3000.0
3000.0,3000.4214,0.9999,SCALE_DOWN,3000.0
3000.0,3000.4214,0.9999,SCALE_DOWN,3000.0
3000.0,3000.4214,0.9999,SCALE_DOWN,3000.0
9502.2,9503.251,0.9999,STAY_ACTIVE,9503.2509765625
6295.200000000001,6289.8887,0.9992,SCALE_DOWN,3000.0
4798.5,4767.273,0.9935,SCALE_DOWN,3000.0
5982.0,5975.779,0.999,SCALE_DOWN,3000.0
3000.0,3000.4214,0.9999,SCALE_DOWN,3000.0
3721.2,3709.1016,0.9967,SCALE_DOWN,3000.0
21000.0,21000.047,1.0,STAY_ACTIVE,21000.046875
5016.9,5049.898,0.9934,SCALE_DOWN,3000.0
3000.0,3000.4214,0.9999,SCALE_DOWN,3000.0
15462.000000000002,15393.704,0.9956,STAY_ACTIVE,15393.7041015625
21000.0,20982.926,0.9992,STAY_ACTIVE,20982.92578125
6981.6,7033.361,0.9926,SCALE_DOWN,3000.0
5853.6,5840.3237,0.9977,SCALE_DOWN,3000.0
15181.500000000002,15118.425,0.9958,STAY_ACTIVE,15118.4248046875
3000.0,3000.4214,0.9999,SCALE_DOWN,3000.0
3000.0,3000.4214,0.9999,SCALE_DOWN,3000.0
3000.0,3000.4214,0.9999,SCALE_DOWN,3000.0
21000.0,21000.047,1.0,STAY_ACTIVE,21000.046875
21000.0,20982.51,0.9992,STAY_ACTIVE,20982.509765625
3000.0,3000.4214,0.9999,SCALE_DOWN,3000.0
9891.9,9838.334,0.9946,STAY_ACTIVE,9838.333984375
8504.1,8501.358,0.9997,SCALE_DOWN,3000.0
15366.000000000002,15364.875,0.9999,STAY_ACTIVE,15364.875
21000.0,21000.047,1.0,STAY_ACTIVE,21000.046875
3000.0,3000.4214,0.9999,SCALE_DOWN,3000.0
21000.0,21010.516,0.9995,STAY_ACTIVE,21010.515625
3000.0,3000.4214,0.9999,SCALE_DOWN,3000.0
21000.0,20999.426,1.0,STAY_ACTIVE,20999.42578125
3087.9,3081.8628,0.998,SCALE_DOWN,3000.0
16692.9,16712.01,0.9989,STAY_ACTIVE,16712.009765625
6252.6,6261.8506,0.9985,SCALE_DOWN,3000.0
8565.900000000001,8545.314,0.9976,SCALE_DOWN,3000.0
4913.1,4929.3516,0.9967,SCALE_DOWN,3000.0
3000.0,3000.4214,0.9999,SCALE_DOWN,3000.0
7038.9,7013.318,0.9964,SCALE_DOWN,3000.0
6755.700000000001,6747.5405,0.9988,SCALE_DOWN,3000.0
21000.0,21000.078,1.0,STAY_ACTIVE,21000.078125
5266.800000000001,5265.05,0.9997,SCALE_DOWN,3000.0
14360.7,14283.911,0.9947,STAY_ACTIVE,14283.9111328125
21000.0,20901.25,0.9953,STAY_ACTIVE,20901.25
3000.0,3000.4214,0.9999,SCALE_DOWN,3000.0
21000.0,20460.492,0.9743,STAY_ACTIVE,20460.4921875
3000.0,3000.4214,0.9999,SCALE_DOWN,3000.0
3000.0,3000.4214,0.9999,SCALE_DOWN,3000.0
14690.4,14732.173,0.9972,STAY_ACTIVE,14732.1728515625
3000.0,3000.4214,0.9999,SCALE_DOWN,3000.0
21000.0,20967.03,0.9984,STAY_ACTIVE,20967.029296875
11489.1,11502.386,0.9988,STAY_ACTIVE,11502.3857421875
21000.0,21000.047,1.0,STAY_ACTIVE,21000.046875
3000.0,3000.4214,0.9999,SCALE_DOWN,3000.0
3000.0,3000.4214,0.9999,SCALE_DOWN,3000.0
21000.0,21000.047,1.0,STAY_ACTIVE,21000.046875
3000.0,3000.4214,0.9999,SCALE_DOWN,3000.0
3000.0,3000.4214,0.9999,SCALE_DOWN,3000.0
21000.0,21000.047,1.0,STAY_ACTIVE,21000.046875
3249.2999999999997,3240.2542,0.9972,SCALE_DOWN,3000.0
21000.0,21000.047,1.0,STAY_ACTIVE,21000.046875
21000.0,20999.734,1.0,STAY_ACTIVE,20999.734375
6655.5,6656.206,0.9999,SCALE_DOWN,3000.0
21000.0,21000.639,1.0,STAY_ACTIVE,21000.638671875
3360.9,3359.9312,0.9997,SCALE_DOWN,3000.0
13255.5,13239.64,0.9988,STAY_ACTIVE,13239.6396484375
21000.0,21000.047,1.0,STAY_ACTIVE,21000.046875
3000.0,3000.4214,0.9999,SCALE_DOWN,3000.0
6251.4,6238.666,0.998,SCALE_DOWN,3000.0
21000.0,21000.047,1.0,STAY_ACTIVE,21000.046875
9053.1,9053.44,1.0,STAY_ACTIVE,9053.4404296875
9098.7,9051.7295,0.9948,STAY_ACTIVE,9051.7294921875
3000.0,3000.4214,0.9999,SCALE_DOWN,3000.0
3369.6000000000004,3403.2239,0.99,SCALE_DOWN,3000.0
3000.0,3000.4214,0.9999,SCALE_DOWN,3000.0
8386.2,8401.031,0.9982,SCALE_DOWN,3000.0
6058.5,6075.0137,0.9973,SCALE_DOWN,3000.0
3000.0,3000.4214,0.9999,SCALE_DOWN,3000.0
3000.0,3000.4214,0.9999,SCALE_DOWN,3000.0
21000.0,21000.049,1.0,STAY_ACTIVE,21000.048828125
3000.0,3000.4214,0.9999,SCALE_DOWN,3000.0
21000.0,20998.371,0.9999,STAY_ACTIVE,20998.37109375
3000.0,3000.4214,0.9999,SCALE_DOWN,3000.0
21000.0,21000.24,1.0,STAY_ACTIVE,21000.240234375
10983.9,11000.953,0.9984,STAY_ACTIVE,11000.953125
18612.9,18644.941,0.9983,STAY_ACTIVE,18644.94140625
13697.1,13580.949,0.9915,STAY_ACTIVE,13580.94921875
7340.699999999999,7295.9155,0.9939,SCALE_DOWN,3000.0
3000.0,3000.4214,0.9999,SCALE_DOWN,3000.0
3798.3,3833.98,0.9906,SCALE_DOWN,3000.0
3000.0,3000.4214,0.9999,SCALE_DOWN,3000.0
10883.4,10939.601,0.9948,STAY_ACTIVE,10939.6005859375
20191.8,20281.75,0.9955,STAY_ACTIVE,20281.75
3000.0,3000.4214,0.9999,SCALE_DOWN,3000.0
21000.0,20993.559,0.9997,STAY_ACTIVE,20993.55859375
8410.2,8405.137,0.9994,SCALE_DOWN,3000.0
18655.2,18697.34,0.9977,STAY_ACTIVE,18697.33984375
3000.0,3000.4214,0.9999,SCALE_DOWN,3000.0
7497.3,7482.3735,0.998,SCALE_DOWN,3000.0
6754.800000000001,6770.024,0.9977,SCALE_DOWN,3000.0
8205.599999999999,8200.245,0.9993,SCALE_DOWN,3000.0
5161.200000000001,5143.467,0.9966,SCALE_DOWN,3000.0
14007.6,13912.974,0.9932,STAY_ACTIVE,13912.9736328125
3000.0,3000.4214,0.9999,SCALE_DOWN,3000.0
21000.0,21000.047,1.0,STAY_ACTIVE,21000.046875
21000.0,21000.047,1.0,STAY_ACTIVE,21000.046875
3000.0,3000.4214,0.9999,SCALE_DOWN,3000.0
21000.0,21000.047,1.0,STAY_ACTIVE,21000.046875
13206.9,13239.0625,0.9976,STAY_ACTIVE,13239.0625
4865.4,4856.5103,0.9982,SCALE_DOWN,3000.0
21000.0,21000.047,1.0,STAY_ACTIVE,21000.046875
17438.399999999998,17320.121,0.9932,STAY_ACTIVE,17320.12109375
3000.0,3000.4214,0.9999,SCALE_DOWN,3000.0
3000.0,3000.4214,0.9999,SCALE_DOWN,3000.0
3000.0,3000.4214,0.9999,SCALE_DOWN,3000.0
18030.9,18048.965,0.999,STAY_ACTIVE,18048.96484375
13435.8,13394.538,0.9969,STAY_ACTIVE,13394.5380859375
21000.0,21000.078,1.0,STAY_ACTIVE,21000.078125
3000.0,3000.4214,0.9999,SCALE_DOWN,3000.0
21000.0,20999.469,1.0,STAY_ACTIVE,20999.46875
12851.4,12871.591,0.9984,STAY_ACTIVE,12871.5908203125
5530.799999999999,5508.591,0.996,SCALE_DOWN,3000.0
8214.0,8220.166,0.9992,SCALE_DOWN,3000.0
18380.4,18180.291,0.9891,STAY_ACTIVE,18180.291015625
19595.4,19808.217,0.9891,STAY_ACTIVE,19808.216796875
11940.6,11940.789,1.0,STAY_ACTIVE,11940.7890625
17579.7,17601.408,0.9988,STAY_ACTIVE,17601.408203125
9927.9,9937.14,0.9991,STAY_ACTIVE,9937.1396484375
9199.2,9214.587,0.9983,STAY_ACTIVE,9214.5869140625
8671.2,8631.429,0.9954,SCALE_DOWN,3000.0
10562.4,10582.529,0.9981,STAY_ACTIVE,10582.529296875
3000.0,3000.4214,0.9999,SCALE_DOWN,3000.0
21000.0,20977.05,0.9989,STAY_ACTIVE,20977.05078125
8358.6,8371.279,0.9985,SCALE_DOWN,3000.0
3000.0,3000.4214,0.9999,SCALE_DOWN,3000.0
3000.0,3000.4214,0.9999,SCALE_DOWN,3000.0
21000.0,21000.047,1.0,STAY_ACTIVE,21000.046875
21000.0,21000.049,1.0,STAY_ACTIVE,21000.048828125
3000.0,3000.4214,0.9999,SCALE_DOWN,3000.0
21000.0,20996.43,0.9998,STAY_ACTIVE,20996.4296875
3000.0,3000.4214,0.9999,SCALE_DOWN,3000.0
5822.700000000001,5814.512,0.9986,SCALE_DOWN,3000.0
3000.0,3000.4214,0.9999,SCALE_DOWN,3000.0
3000.0,3000.4214,0.9999,SCALE_DOWN,3000.0
3000.0,3000.4214,0.9999,SCALE_DOWN,3000.0
3000.0,3000.4214,0.9999,SCALE_DOWN,3000.0
21000.0,21000.047,1.0,STAY_ACTIVE,21000.046875
13917.6,13802.559,0.9917,STAY_ACTIVE,13802.55859375
21000.0,20999.852,1.0,STAY_ACTIVE,20999.8515625
11559.3,11589.258,0.9974,STAY_ACTIVE,11589.2578125
7833.9,7875.6797,0.9947,SCALE_DOWN,3000.0
21000.0,20711.98,0.9863,STAY_ACTIVE,20711.98046875
3000.0,3000.4214,0.9999,SCALE_DOWN,3000.0
21000.0,21000.049,1.0,STAY_ACTIVE,21000.048828125
18572.1,18642.736,0.9962,STAY_ACTIVE,18642.736328125
5396.1,5357.4736,0.9928,SCALE_DOWN,3000.0
15333.0,15237.039,0.9937,STAY_ACTIVE,15237.0390625
21000.0,21000.049,1.0,STAY_ACTIVE,21000.048828125
4538.4,4515.7954,0.995,SCALE_DOWN,3000.0
3000.0,3000.4214,0.9999,SCALE_DOWN,3000.0
3000.0,3000.4214,0.9999,SCALE_DOWN,3000.0
21000.0,21000.166,1.0,STAY_ACTIVE,21000.166015625
7275.6,7285.205,0.9987,SCALE_DOWN,3000.0
13722.9,13718.731,0.9997,STAY_ACTIVE,13718.7314453125
3000.0,3000.4214,0.9999,SCALE_DOWN,3000.0
11093.4,10986.026,0.9903,STAY_ACTIVE,10986.0263671875
21000.0,21000.049,1.0,STAY_ACTIVE,21000.048828125
3000.0,3000.4214,0.9999,SCALE_DOWN,3000.0
7894.5,7897.1636,0.9997,SCALE_DOWN,3000.0
18146.4,18130.15,0.9991,STAY_ACTIVE,18130.150390625
13505.4,13470.384,0.9974,STAY_ACTIVE,13470.3837890625
3000.0,3000.4214,0.9999,SCALE_DOWN,3000.0
13256.7,13209.211,0.9964,STAY_ACTIVE,13209.2109375
21000.0,21000.078,1.0,STAY_ACTIVE,21000.078125
5697.299999999999,5676.976,0.9964,SCALE_DOWN,3000.0
4964.4,4943.9487,0.9959,SCALE_DOWN,3000.0
10474.8,10402.53,0.9931,STAY_ACTIVE,10402.5302734375
3000.0,3000.4214,0.9999,SCALE_DOWN,3000.0
3000.0,3000.4214,0.9999,SCALE_DOWN,3000.0
3000.0,3000.4214,0.9999,SCALE_DOWN,3000.0
3326.7000000000003,3306.085,0.9938,SCALE_DOWN,3000.0
4575.6,4603.335,0.9939,SCALE_DOWN,3000.0
6059.700000000001,6074.171,0.9976,SCALE_DOWN,3000.0
21000.0,20998.19,0.9999,STAY_ACTIVE,20998.189453125
16556.4,16561.357,0.9997,STAY_ACTIVE,16561.357421875
11817.6,11858.682,0.9965,STAY_ACTIVE,11858.681640625
21000.0,21000.049,1.0,STAY_ACTIVE,21000.048828125
3000.0,3000.4214,0.9999,SCALE_DOWN,3000.0
7433.4,7446.049,0.9983,SCALE_DOWN,3000.0
3000.0,3000.4214,0.9999,SCALE_DOWN,3000.0
3901.8,3945.5134,0.9888,SCALE_DOWN,3000.0
3000.0,3000.4214,0.9999,SCALE_DOWN,3000.0
3000.0,3000.4214,0.9999,SCALE_DOWN,3000.0
18947.1,18920.162,0.9986,STAY_ACTIVE,18920.162109375
3000.0,3000.4214,0.9999,SCALE_DOWN,3000.0
21000.0,21000.047,1.0,STAY_ACTIVE,21000.046875
21000.0,21000.047,1.0,STAY_ACTIVE,21000.046875
13448.7,13435.644,0.999,STAY_ACTIVE,13435.6435546875
3000.0,3000.4214,0.9999,SCALE_DOWN,3000.0
21000.0,21000.047,1.0,STAY_ACTIVE,21000.046875
5787.6,5777.092,0.9982,SCALE_DOWN,3000.0
21000.0,21000.078,1.0,STAY_ACTIVE,21000.078125
3000.0,3000.4214,0.9999,SCALE_DOWN,3000.0
14151.3,14130.877,0.9986,STAY_ACTIVE,14130.876953125
21000.0,21000.078,1.0,STAY_ACTIVE,21000.078125
12946.2,12890.391,0.9957,STAY_ACTIVE,12890.390625
3000.0,3000.4214,0.9999,SCALE_DOWN,3000.0
3000.0,3000.4214,0.9999,SCALE_DOWN,3000.0
6719.700000000001,6710.716,0.9987,SCALE_DOWN,3000.0
3000.0,3000.4214,0.9999,SCALE_DOWN,3000.0
3000.0,3000.4214,0.9999,SCALE_DOWN,3000.0
14299.2,14341.038,0.9971,STAY_ACTIVE,14341.0380859375
3000.0,3000.4214,0.9999,SCALE_DOWN,3000.0
21000.0,21000.047,1.0,STAY_ACTIVE,21000.046875
21000.0,21000.047,1.0,STAY_ACTIVE,21000.046875
21000.0,21000.059,1.0,STAY_ACTIVE,21000.05859375
3000.0,3000.4214,0.9999,SCALE_DOWN,3000.0
11859.6,11884.7,0.9979,STAY_ACTIVE,11884.7001953125
9367.2,9348.316,0.998,STAY_ACTIVE,9348.31640625
10217.7,10322.933,0.9897,STAY_ACTIVE,10322.9326171875
21000.0,21000.049,1.0,STAY_ACTIVE,21000.048828125
3000.0,3000.4214,0.9999,SCALE_DOWN,3000.0
21000.0,21000.047,1.0,STAY_ACTIVE,21000.046875
3000.0,3000.4214,0.9999,SCALE_DOWN,3000.0
8096.4,8118.366,0.9973,SCALE_DOWN,3000.0
21000.0,21000.64,1.0,STAY_ACTIVE,21000.640625
3000.0,3000.4214,0.9999,SCALE_DOWN,3000.0
13816.5,13811.897,0.9997,STAY_ACTIVE,13811.8974609375
3000.0,3000.4214,0.9999,SCALE_DOWN,3000.0
3000.0,3000.4214,0.9999,SCALE_DOWN,3000.0
15670.800000000005,15665.502,0.9997,STAY_ACTIVE,15665.501953125
9188.7,9266.691,0.9915,STAY_ACTIVE,9266.69140625
3000.0,3000.4214,0.9999,SCALE_DOWN,3000.0
3000.0,3000.4214,0.9999,SCALE_DOWN,3000.0
3000.0,3000.4214,0.9999,SCALE_DOWN,3000.0
11291.1,11349.766,0.9948,STAY_ACTIVE,11349.765625
3000.0,3000.4214,0.9999,SCALE_DOWN,3000.0
3000.0,3000.4214,0.9999,SCALE_DOWN,3000.0
9552.9,9521.034,0.9967,STAY_ACTIVE,9521.0341796875
8693.7,8595.81,0.9887,SCALE_DOWN,3000.0
4457.4,4452.1973,0.9988,SCALE_DOWN,3000.0
21000.0,20999.562,1.0,STAY_ACTIVE,20999.5625
6369.9,6362.191,0.9988,SCALE_DOWN,3000.0
3000.0,3000.4214,0.9999,SCALE_DOWN,3000.0
3000.0,3000.4214,0.9999,SCALE_DOWN,3000.0
21000.0,21000.047,1.0,STAY_ACTIVE,21000.046875
3000.0,3000.4214,0.9999,SCALE_DOWN,3000.0
8310.6,8300.607,0.9988,SCALE_DOWN,3000.0
10052.1,10063.703,0.9988,STAY_ACTIVE,10063.703125
11286.6,11308.911,0.998,STAY_ACTIVE,11308.9111328125
12172.8,12220.127,0.9961,STAY_ACTIVE,12220.126953125
16250.1,16328.996,0.9951,STAY_ACTIVE,16328.99609375
3000.0,3000.4214,0.9999,SCALE_DOWN,3000.0
21000.0,21000.078,1.0,STAY_ACTIVE,21000.078125
13364.7,13275.235,0.9933,STAY_ACTIVE,13275.2353515625
11933.1,11909.244,0.998,STAY_ACTIVE,11909.244140625
8895.300000000001,8889.652,0.9994,SCALE_DOWN,3000.0
3000.0,3000.4214,0.9999,SCALE_DOWN,3000.0
10517.4,10495.387,0.9979,STAY_ACTIVE,10495.38671875
21000.0,21000.047,1.0,STAY_ACTIVE,21000.046875
21000.0,21000.049,1.0,STAY_ACTIVE,21000.048828125
3000.0,3000.4214,0.9999,SCALE_DOWN,3000.0
3487.8,3495.9043,0.9977,SCALE_DOWN,3000.0
21000.0,21000.047,1.0,STAY_ACTIVE,21000.046875
10397.7,10443.632,0.9956,STAY_ACTIVE,10443.6318359375
17337.600000000002,17380.9,0.9975,STAY_ACTIVE,17380.900390625
3000.0,3000.4214,0.9999,SCALE_DOWN,3000.0
8179.2,8172.6733,0.9992,SCALE_DOWN,3000.0
21000.0,21000.078,1.0,STAY_ACTIVE,21000.078125
7254.9,7292.314,0.9948,SCALE_DOWN,3000.0
7032.6,7011.871,0.9971,SCALE_DOWN,3000.0
4245.6,4233.5205,0.9972,SCALE_DOWN,3000.0
13978.5,13986.898,0.9994,STAY_ACTIVE,13986.8984375
3738.3,3733.947,0.9988,SCALE_DOWN,3000.0
8623.5,8545.484,0.991,SCALE_DOWN,3000.0
21000.0,21000.047,1.0,STAY_ACTIVE,21000.046875
5301.6,5347.699,0.9913,SCALE_DOWN,3000.0
3000.0,3000.4214,0.9999,SCALE_DOWN,3000.0
10330.5,10290.213,0.9961,STAY_ACTIVE,10290.212890625
10048.8,10109.945,0.9939,STAY_ACTIVE,10109.9453125
19602.6,19676.412,0.9962,STAY_ACTIVE,19676.412109375
10609.2,10577.531,0.997,STAY_ACTIVE,10577.53125
8186.1,8217.777,0.9961,SCALE_DOWN,3000.0
3000.0,3000.4214,0.9999,SCALE_DOWN,3000.0
6863.700000000001,6868.6753,0.9993,SCALE_DOWN,3000.0
16573.2,16510.09,0.9962,STAY_ACTIVE,16510.08984375
3000.0,3000.4214,0.9999,SCALE_DOWN,3000.0
17896.2,17944.36,0.9973,STAY_ACTIVE,17944.359375
3000.0,3000.4214,0.9999,SCALE_DOWN,3000.0
21000.0,20999.297,1.0,STAY_ACTIVE,20999.296875
7033.199999999999,7005.712,0.9961,SCALE_DOWN,3000.0
16197.3,16288.293,0.9944,STAY_ACTIVE,16288.29296875
16208.1,16113.569,0.9942,STAY_ACTIVE,16113.5693359375
3665.7,3663.0503,0.9993,SCALE_DOWN,3000.0
5399.7,5408.296,0.9984,SCALE_DOWN,3000.0
14685.6,14615.627,0.9952,STAY_ACTIVE,14615.626953125
13175.1,13147.453,0.9979,STAY_ACTIVE,13147.453125
21000.0,21000.078,1.0,STAY_ACTIVE,21000.078125
21000.0,21000.291,1.0,STAY_ACTIVE,21000.291015625
7233.3,7248.2993,0.9979,SCALE_DOWN,3000.0
8674.2,8724.6045,0.9942,SCALE_DOWN,3000.0
3000.0,3000.4214,0.9999,SCALE_DOWN,3000.0
21000.0,20999.852,1.0,STAY_ACTIVE,20999.8515625
21000.0,21000.047,1.0,STAY_ACTIVE,21000.046875
3000.0,3000.4214,0.9999,SCALE_DOWN,3000.0
3000.0,3000.4214,0.9999,SCALE_DOWN,3000.0
3000.0,3000.4214,0.9999,SCALE_DOWN,3000.0
21000.0,21000.047,1.0,STAY_ACTIVE,21000.046875
3000.0,3000.4214,0.9999,SCALE_DOWN,3000.0
3000.0,3000.4214,0.9999,SCALE_DOWN,3000.0
3000.0,3000.4214,0.9999,SCALE_DOWN,3000.0
21000.0,21000.322,1.0,STAY_ACTIVE,21000.322265625
3000.0,3000.4214,0.9999,SCALE_DOWN,3000.0
6765.3,6744.464,0.9969,SCALE_DOWN,3000.0
21000.0,20999.01,1.0,STAY_ACTIVE,20999.009765625
11164.2,11183.319,0.9983,STAY_ACTIVE,11183.3193359375
5406.9,5401.8955,0.9991,SCALE_DOWN,3000.0
3000.0,3000.4214,0.9999,SCALE_DOWN,3000.0
5864.4,5836.727,0.9953,SCALE_DOWN,3000.0
3000.0,3000.4214,0.9999,SCALE_DOWN,3000.0
3000.0,3000.4214,0.9999,SCALE_DOWN,3000.0
9485.100000000002,9493.283,0.9991,STAY_ACTIVE,9493.283203125
3812.7,3799.9685,0.9967,SCALE_DOWN,3000.0
21000.0,21013.672,0.9993,STAY_ACTIVE,21013.671875
3000.0,3000.4214,0.9999,SCALE_DOWN,3000.0
3000.0,3000.4214,0.9999,SCALE_DOWN,3000.0
10083.6,10121.855,0.9962,STAY_ACTIVE,10121.85546875
21000.0,21000.078,1.0,STAY_ACTIVE,21000.078125
3000.0,3000.4214,0.9999,SCALE_DOWN,3000.0
12613.5,12627.747,0.9989,STAY_ACTIVE,12627.7470703125
7896.0,7873.998,0.9972,SCALE_DOWN,3000.0
21000.0,21000.09,1.0,STAY_ACTIVE,21000.08984375
5191.5,5157.4297,0.9934,SCALE_DOWN,3000.0
21000.0,21000.24,1.0,STAY_ACTIVE,21000.240234375
3649.5,3645.2722,0.9988,SCALE_DOWN,3000.0
3000.0,3000.4214,0.9999,SCALE_DOWN,3000.0
3000.0,3000.4214,0.9999,SCALE_DOWN,3000.0
6003.9,6039.5435,0.9941,SCALE_DOWN,3000.0
21000.0,21000.047,1.0,STAY_ACTIVE,21000.046875
3000.0,3000.4214,0.9999,SCALE_DOWN,3000.0
21000.0,21000.047,1.0,STAY_ACTIVE,21000.046875
10957.2,10990.555,0.997,STAY_ACTIVE,10990.5546875
3000.0,3000.4214,0.9999,SCALE_DOWN,3000.0
3000.0,3000.4214,0.9999,SCALE_DOWN,3000.0
9476.1,9461.435,0.9985,STAY_ACTIVE,9461.4345703125
3000.0,3000.4214,0.9999,SCALE_DOWN,3000.0
14574.3,14506.029,0.9953,STAY_ACTIVE,14506.029296875
20289.6,20425.434,0.9933,STAY_ACTIVE,20425.43359375
3000.0,3000.4214,0.9999,SCALE_DOWN,3000.0
3000.0,3000.4214,0.9999,SCALE_DOWN,3000.0
21000.0,20998.19,0.9999,STAY_ACTIVE,20998.189453125
6008.4,6028.8657,0.9966,SCALE_DOWN,3000.0
9931.2,9969.509,0.9961,STAY_ACTIVE,9969.5087890625
4641.6,4624.974,0.9964,SCALE_DOWN,3000.0
3000.0,3000.4214,0.9999,SCALE_DOWN,3000.0
3000.0,3000.4214,0.9999,SCALE_DOWN,3000.0
20750.7,20867.584,0.9944,STAY_ACTIVE,20867.583984375
3000.0,3000.4214,0.9999,SCALE_DOWN,3000.0
21000.0,21000.047,1.0,STAY_ACTIVE,21000.046875
3759.0,3811.5378,0.986,SCALE_DOWN,3000.0
14331.3,14223.897,0.9925,STAY_ACTIVE,14223.8974609375
15473.4,15535.453,0.996,STAY_ACTIVE,15535.453125
3000.0,3000.4214,0.9999,SCALE_DOWN,3000.0
11675.7,11678.625,0.9997,STAY_ACTIVE,11678.625
3000.0,3000.4214,0.9999,SCALE_DOWN,3000.0
4087.5,4100.0,0.9969,SCALE_DOWN,3000.0
21000.0,20997.633,0.9999,STAY_ACTIVE,20997.6328125
21000.0,20999.736,1.0,STAY_ACTIVE,20999.736328125
21000.0,21011.484,0.9995,STAY_ACTIVE,21011.484375
6881.700000000001,6878.267,0.9995,SCALE_DOWN,3000.0
7170.6,7143.386,0.9962,SCALE_DOWN,3000.0
3000.0,3000.4214,0.9999,SCALE_DOWN,3000.0
3000.0,3000.4214,0.9999,SCALE_DOWN,3000.0
3000.0,3000.4214,0.9999,SCALE_DOWN,3000.0
4841.1,4868.0005,0.9944,SCALE_DOWN,3000.0
19014.6,18973.564,0.9978,STAY_ACTIVE,18973.564453125
8505.0,8501.563,0.9996,SCALE_DOWN,3000.0
12307.5,12291.347,0.9987,STAY_ACTIVE,12291.3466796875
15019.2,14976.516,0.9972,STAY_ACTIVE,14976.515625
13387.2,13370.053,0.9987,STAY_ACTIVE,13370.052734375
11989.8,11970.689,0.9984,STAY_ACTIVE,11970.689453125
3493.2000000000003,3503.4873,0.9971,SCALE_DOWN,3000.0
21000.0,21000.078,1.0,STAY_ACTIVE,21000.078125
3000.0,3000.4214,0.9999,SCALE_DOWN,3000.0
3000.0,3000.4214,0.9999,SCALE_DOWN,3000.0
3000.0,3000.4214,0.9999,SCALE_DOWN,3000.0
3000.0,3000.4214,0.9999,SCALE_DOWN,3000.0
15477.6,15433.726,0.9972,STAY_ACTIVE,15433.7255859375
17110.800000000003,17131.234,0.9988,STAY_ACTIVE,17131.234375
8167.799999999999,8164.53,0.9996,SCALE_DOWN,3000.0
5567.4,5555.854,0.9979,SCALE_DOWN,3000.0
3000.0,3000.4214,0.9999,SCALE_DOWN,3000.0
6525.000000000001,6500.491,0.9962,SCALE_DOWN,3000.0
3000.0,3000.4214,0.9999,SCALE_DOWN,3000.0
21000.0,20999.852,1.0,STAY_ACTIVE,20999.8515625
4036.8,4051.205,0.9964,SCALE_DOWN,3000.0
7221.9,7224.3813,0.9997,SCALE_DOWN,3000.0
15702.3,15737.243,0.9978,STAY_ACTIVE,15737.2431640625
7763.4,7746.5054,0.9978,SCALE_DOWN,3000.0
18874.500000000004,18842.791,0.9983,STAY_ACTIVE,18842.791015625
21000.0,21010.295,0.9995,STAY_ACTIVE,21010.294921875
7758.9,7747.523,0.9985,SCALE_DOWN,3000.0
3174.9,3187.746,0.996,SCALE_DOWN,3000.0
3000.0,3000.4214,0.9999,SCALE_DOWN,3000.0
21000.0,21000.047,1.0,STAY_ACTIVE,21000.046875
11034.0,10969.778,0.9942,STAY_ACTIVE,10969.7783203125
3000.0,3000.4214,0.9999,SCALE_DOWN,3000.0
3000.0,3000.4214,0.9999,SCALE_DOWN,3000.0
5311.8,5309.845,0.9996,SCALE_DOWN,3000.0
21000.0,21000.049,1.0,STAY_ACTIVE,21000.048828125
8385.3,8396.728,0.9986,SCALE_DOWN,3000.0
18063.9,18116.594,0.9971,STAY_ACTIVE,18116.59375
5232.6,5251.7256,0.9963,SCALE_DOWN,3000.0
14219.7,14264.566,0.9968,STAY_ACTIVE,14264.56640625
3000.0,3000.4214,0.9999,SCALE_DOWN,3000.0
3000.0,3000.4214,0.9999,SCALE_DOWN,3000.0
21000.0,21000.068,1.0,STAY_ACTIVE,21000.068359375
5528.400000000001,5526.959,0.9997,SCALE_DOWN,3000.0
3000.0,3000.4214,0.9999,SCALE_DOWN,3000.0
21000.0,21000.047,1.0,STAY_ACTIVE,21000.046875
3000.0,3000.4214,0.9999,SCALE_DOWN,3000.0
14801.1,14825.857,0.9983,STAY_ACTIVE,14825.857421875
3348.9000000000005,3345.0334,0.9988,SCALE_DOWN,3000.0
20663.1,20470.742,0.9907,STAY_ACTIVE,20470.7421875
3686.400000000001,3690.5085,0.9989,SCALE_DOWN,3000.0
3256.5,3260.1313,0.9989,SCALE_DOWN,3000.0
7262.1,7266.643,0.9994,SCALE_DOWN,3000.0
4993.200000000001,4974.515,0.9963,SCALE_DOWN,3000.0
12576.3,12640.361,0.9949,STAY_ACTIVE,12640.361328125
5662.5,5650.0493,0.9978,SCALE_DOWN,3000.0
3000.0,3000.4214,0.9999,SCALE_DOWN,3000.0
21000.0,21019.062,0.9991,STAY_ACTIVE,21019.0625
21000.0,21000.049,1.0,STAY_ACTIVE,21000.048828125
17118.3,17260.783,0.9917,STAY_ACTIVE,17260.783203125
11203.2,11176.962,0.9977,STAY_ACTIVE,11176.9619140625
11692.2,11630.185,0.9947,STAY_ACTIVE,11630.1845703125
3000.0,3000.4214,0.9999,SCALE_DOWN,3000.0
21000.0,20996.146,0.9998,STAY_ACTIVE,20996.146484375
21000.0,21000.121,1.0,STAY_ACTIVE,21000.12109375
5628.3,5583.2603,0.992,SCALE_DOWN,3000.0
3000.0,3000.4214,0.9999,SCALE_DOWN,3000.0
21000.0,20999.133,1.0,STAY_ACTIVE,20999.1328125
21000.0,20996.697,0.9998,STAY_ACTIVE,20996.697265625
3576.0,3605.3845,0.9918,SCALE_DOWN,3000.0
20193.0,20051.89,0.993,STAY_ACTIVE,20051.890625
14685.3,14694.754,0.9994,STAY_ACTIVE,14694.75390625
21000.0,21000.078,1.0,STAY_ACTIVE,21000.078125
3882.3,3875.771,0.9983,SCALE_DOWN,3000.0
20893.8,20782.936,0.9947,STAY_ACTIVE,20782.935546875
9435.9,9432.588,0.9996,STAY_ACTIVE,9432.587890625
3000.0,3000.4214,0.9999,SCALE_DOWN,3000.0
3000.0,3000.4214,0.9999,SCALE_DOWN,3000.0
21000.0,21000.057,1.0,STAY_ACTIVE,21000.056640625
3000.0,3000.4214,0.9999,SCALE_DOWN,3000.0
19043.1,18941.064,0.9946,STAY_ACTIVE,18941.064453125
3000.0,3000.4214,0.9999,SCALE_DOWN,3000.0
4163.4,4149.2754,0.9966,SCALE_DOWN,3000.0
4046.4,4061.879,0.9962,SCALE_DOWN,3000.0
3000.0,3000.4214,0.9999,SCALE_DOWN,3000.0
5671.800000000001,5692.4688,0.9964,SCALE_DOWN,3000.0
18362.1,18375.068,0.9993,STAY_ACTIVE,18375.068359375
3000.0,3000.4214,0.9999,SCALE_DOWN,3000.0
21000.0,20996.068,0.9998,STAY_ACTIVE,20996.068359375
7841.7,7811.592,0.9962,SCALE_DOWN,3000.0
6075.6,6094.5913,0.9969,SCALE_DOWN,3000.0
3000.0,3000.4214,0.9999,SCALE_DOWN,3000.0
11646.6,11691.074,0.9962,STAY_ACTIVE,11691.07421875
6781.5,6835.5703,0.992,SCALE_DOWN,3000.0
3653.7,3686.3958,0.9911,SCALE_DOWN,3000.0
21000.0,21000.047,1.0,STAY_ACTIVE,21000.046875
3000.0,3000.4214,0.9999,SCALE_DOWN,3000.0
3000.0,3000.4214,0.9999,SCALE_DOWN,3000.0
3000.0,3000.4214,0.9999,SCALE_DOWN,3000.0
21000.0,21000.047,1.0,STAY_ACTIVE,21000.046875
9815.4,9824.815,0.999,STAY_ACTIVE,9824.8154296875
3000.0,3000.4214,0.9999,SCALE_DOWN,3000.0
3000.0,3000.4214,0.9999,SCALE_DOWN,3000.0
5865.900000000001,5889.557,0.996,SCALE_DOWN,3000.0
21000.0,21000.078,1.0,STAY_ACTIVE,21000.078125
3000.0,3000.4214,0.9999,SCALE_DOWN,3000.0
3153.0,3164.9578,0.9962,SCALE_DOWN,3000.0
21000.0,21000.047,1.0,STAY_ACTIVE,21000.046875
7154.1,7141.6777,0.9983,SCALE_DOWN,3000.0
3000.0,3000.4214,0.9999,SCALE_DOWN,3000.0
10298.7,10269.7295,0.9972,STAY_ACTIVE,10269.7294921875
7831.8,7816.877,0.9981,SCALE_DOWN,3000.0
3000.0,3000.4214,0.9999,SCALE_DOWN,3000.0
21000.0,20980.674,0.9991,STAY_ACTIVE,20980.673828125
21000.0,21000.047,1.0,STAY_ACTIVE,21000.046875
3000.0,3000.4214,0.9999,SCALE_DOWN,3000.0
3208.2,3179.9663,0.9912,SCALE_DOWN,3000.0
16692.600000000002,16726.209,0.998,STAY_ACTIVE,16726.208984375
10026.3,10000.55,0.9974,STAY_ACTIVE,10000.5498046875
3000.0,3000.4214,0.9999,SCALE_DOWN,3000.0
6308.1,6313.5093,0.9991,SCALE_DOWN,3000.0
21000.0,20999.328,1.0,STAY_ACTIVE,20999.328125
5691.299999999999,5694.106,0.9995,SCALE_DOWN,3000.0
21000.0,20833.717,0.9921,STAY_ACTIVE,20833.716796875
3000.0,3000.4214,0.9999,SCALE_DOWN,3000.0
3000.0,3000.4214,0.9999,SCALE_DOWN,3000.0
21000.0,21000.09,1.0,STAY_ACTIVE,21000.08984375
3000.0,3000.4214,0.9999,SCALE_DOWN,3000.0
6871.800000000001,6900.993,0.9958,SCALE_DOWN,3000.0
21000.0,21000.078,1.0,STAY_ACTIVE,21000.078125
9604.8,9545.422,0.9938,STAY_ACTIVE,9545.421875
19501.2,19629.098,0.9934,STAY_ACTIVE,19629.09765625
21000.0,21000.639,1.0,STAY_ACTIVE,21000.638671875
3000.0,3000.4214,0.9999,SCALE_DOWN,3000.0
13462.5,13410.971,0.9962,STAY_ACTIVE,13410.970703125
3000.0,3000.4214,0.9999,SCALE_DOWN,3000.0
3000.0,3000.4214,0.9999,SCALE_DOWN,3000.0
21000.0,21000.078,1.0,STAY_ACTIVE,21000.078125
12900.300000000005,12921.65,0.9983,STAY_ACTIVE,12921.650390625
6897.000000000001,6868.6753,0.9959,SCALE_DOWN,3000.0
3000.0,3000.4214,0.9999,SCALE_DOWN,3000.0
8594.1,8570.304,0.9972,SCALE_DOWN,3000.0
3000.0,3000.4214,0.9999,SCALE_DOWN,3000.0
4873.8,4854.182,0.996,SCALE_DOWN,3000.0
3000.0,3000.4214,0.9999,SCALE_DOWN,3000.0
7132.200000000001,7123.101,0.9987,SCALE_DOWN,3000.0
3000.0,3000.4214,0.9999,SCALE_DOWN,3000.0
9143.100000000002,9148.506,0.9994,STAY_ACTIVE,9148.505859375
3000.0,3000.4214,0.9999,SCALE_DOWN,3000.0
21000.0,21019.14,0.9991,STAY_ACTIVE,21019.140625
21000.0,21000.047,1.0,STAY_ACTIVE,21000.046875
21000.0,20999.107,1.0,STAY_ACTIVE,20999.107421875
21000.0,21000.078,1.0,STAY_ACTIVE,21000.078125
12029.7,12100.961,0.9941,STAY_ACTIVE,12100.9609375
3000.0,3000.4214,0.9999,SCALE_DOWN,3000.0
3000.0,3000.4214,0.9999,SCALE_DOWN,3000.0
3000.0,3000.4214,0.9999,SCALE_DOWN,3000.0
21000.0,21000.033,1.0,STAY_ACTIVE,21000.033203125
15908.1,15869.115,0.9975,STAY_ACTIVE,15869.115234375
5583.6,5590.861,0.9987,SCALE_DOWN,3000.0
3000.0,3000.4214,0.9999,SCALE_DOWN,3000.0
21000.0,21000.049,1.0,STAY_ACTIVE,21000.048828125
5558.4,5578.344,0.9964,SCALE_DOWN,3000.0
3000.0,3000.4214,0.9999,SCALE_DOWN,3000.0
21000.0,21000.078,1.0,STAY_ACTIVE,21000.078125
3000.0,3000.4214,0.9999,SCALE_DOWN,3000.0
21000.0,20993.934,0.9997,STAY_ACTIVE,20993.93359375
11800.2,11798.802,0.9999,STAY_ACTIVE,11798.8017578125
3000.0,3000.4214,0.9999,SCALE_DOWN,3000.0
21000.0,21002.336,0.9999,STAY_ACTIVE,21002.3359375
4140.6,4136.57,0.999,SCALE_DOWN,3000.0
17100.899999999998,17167.066,0.9961,STAY_ACTIVE,17167.06640625
3731.4,3705.2722,0.993,SCALE_DOWN,3000.0
4906.200000000001,4934.5977,0.9942,SCALE_DOWN,3000.0
3000.0,3000.4214,0.9999,SCALE_DOWN,3000.0
21000.0,20985.443,0.9993,STAY_ACTIVE,20985.443359375
21000.0,20909.172,0.9957,STAY_ACTIVE,20909.171875
9135.9,9109.987,0.9972,STAY_ACTIVE,9109.9873046875
13402.2,13364.78,0.9972,STAY_ACTIVE,13364.7802734375
3000.0,3000.4214,0.9999,SCALE_DOWN,3000.0
3000.0,3000.4214,0.9999,SCALE_DOWN,3000.0
3000.0,3000.4214,0.9999,SCALE_DOWN,3000.0
3000.0,3000.4214,0.9999,SCALE_DOWN,3000.0
15857.4,16082.037,0.9858,STAY_ACTIVE,16082.037109375
3000.0,3000.4214,0.9999,SCALE_DOWN,3000.0
3282.0,3264.6697,0.9947,SCALE_DOWN,3000.0
21000.0,20989.877,0.9995,STAY_ACTIVE,20989.876953125
21000.0,20996.115,0.9998,STAY_ACTIVE,20996.115234375
10014.6,9970.091,0.9956,STAY_ACTIVE,9970.0908203125
21000.0,20999.498,1.0,STAY_ACTIVE,20999.498046875
4021.5,4038.446,0.9958,SCALE_DOWN,3000.0
21000.0,21000.047,1.0,STAY_ACTIVE,21000.046875
3000.0,3000.4214,0.9999,SCALE_DOWN,3000.0
3000.0,3000.4214,0.9999,SCALE_DOWN,3000.0
3000.0,3000.4214,0.9999,SCALE_DOWN,3000.0
3000.0,3000.4214,0.9999,SCALE_DOWN,3000.0
21000.0,21000.078,1.0,STAY_ACTIVE,21000.078125
8610.0,8649.928,0.9954,SCALE_DOWN,3000.0
8867.1,8847.2705,0.9978,SCALE_DOWN,3000.0
15422.7,15482.636,0.9961,STAY_ACTIVE,15482.6357421875
10030.8,10029.762,0.9999,STAY_ACTIVE,10029.76171875
3000.0,3000.4214,0.9999,SCALE_DOWN,3000.0
7314.6,7278.031,0.995,SCALE_DOWN,3000.0
14798.4,14724.915,0.995,STAY_ACTIVE,14724.9150390625
3000.0,3000.4214,0.9999,SCALE_DOWN,3000.0
3000.0,3000.4214,0.9999,SCALE_DOWN,3000.0
9388.5,9394.455,0.9994,STAY_ACTIVE,9394.455078125
8668.2,8659.914,0.999,SCALE_DOWN,3000.0
3000.0,3000.4214,0.9999,SCALE_DOWN,3000.0
7737.9,7742.039,0.9995,SCALE_DOWN,3000.0
9878.7,9901.908,0.9977,STAY_ACTIVE,9901.908203125
10263.6,10306.678,0.9958,STAY_ACTIVE,10306.677734375
3000.0,3000.4214,0.9999,SCALE_DOWN,3000.0
3000.0,3000.4214,0.9999,SCALE_DOWN,3000.0
6577.200000000001,6562.354,0.9977,SCALE_DOWN,3000.0
3000.0,3000.4214,0.9999,SCALE_DOWN,3000.0
4101.0,4110.297,0.9977,SCALE_DOWN,3000.0
3000.0,3000.4214,0.9999,SCALE_DOWN,3000.0
3000.0,3000.4214,0.9999,SCALE_DOWN,3000.0
21000.0,21015.006,0.9993,STAY_ACTIVE,21015.005859375
4695.9,4702.8726,0.9985,SCALE_DOWN,3000.0
9735.6,9725.877,0.999,STAY_ACTIVE,9725.876953125
21000.0,21000.049,1.0,STAY_ACTIVE,21000.048828125
3000.0,3000.4214,0.9999,SCALE_DOWN,3000.0
21000.0,21000.271,1.0,STAY_ACTIVE,21000.271484375
21000.0,21000.047,1.0,STAY_ACTIVE,21000.046875
18314.7,18355.791,0.9978,STAY_ACTIVE,18355.791015625
3000.0,3000.4214,0.9999,SCALE_DOWN,3000.0
13905.0,13876.001,0.9979,STAY_ACTIVE,13876.0009765625
21000.0,21000.078,1.0,STAY_ACTIVE,21000.078125
3000.0,3000.4214,0.9999,SCALE_DOWN,3000.0
3000.0,3000.4214,0.9999,SCALE_DOWN,3000.0
14878.5,14838.812,0.9973,STAY_ACTIVE,14838.8115234375
3000.0,3000.4214,0.9999,SCALE_DOWN,3000.0
5920.2,5942.2397,0.9963,SCALE_DOWN,3000.0
9180.9,9130.887,0.9946,STAY_ACTIVE,9130.88671875
3000.0,3000.4214,0.9999,SCALE_DOWN,3000.0
3000.0,3000.4214,0.9999,SCALE_DOWN,3000.0
3000.0,3000.4214,0.9999,SCALE_DOWN,3000.0
3000.0,3000.4214,0.9999,SCALE_DOWN,3000.0
17682.300000000003,17800.14,0.9933,STAY_ACTIVE,17800.140625
3000.0,3000.4214,0.9999,SCALE_DOWN,3000.0
4521.9,4516.0645,0.9987,SCALE_DOWN,3000.0
21000.0,20990.213,0.9995,STAY_ACTIVE,20990.212890625
3000.0,3000.4214,0.9999,SCALE_DOWN,3000.0
3000.0,3000.4214,0.9999,SCALE_DOWN,3000.0
20234.1,20317.963,0.9959,STAY_ACTIVE,20317.962890625
3000.0,3000.4214,0.9999,SCALE_DOWN,3000.0
15452.7,15366.997,0.9945,STAY_ACTIVE,15366.9970703125
21000.0,21000.047,1.0,STAY_ACTIVE,21000.046875
7620.9000000000015,7601.0747,0.9974,SCALE_DOWN,3000.0
11132.4,11120.601,0.9989,STAY_ACTIVE,11120.6005859375
21000.0,20999.428,1.0,STAY_ACTIVE,20999.427734375
3000.0,3000.4214,0.9999,SCALE_DOWN,3000.0
7742.1,7736.736,0.9993,SCALE_DOWN,3000.0
3000.0,3000.4214,0.9999,SCALE_DOWN,3000.0
3000.0,3000.4214,0.9999,SCALE_DOWN,3000.0
3000.0,3000.4214,0.9999,SCALE_DOWN,3000.0
3000.0,3000.4214,0.9999,SCALE_DOWN,3000.0
3000.0,3000.4214,0.9999,SCALE_DOWN,3000.0
4029.9,4028.3762,0.9996,SCALE_DOWN,3000.0
5932.5,5933.103,0.9999,SCALE_DOWN,3000.0
3000.0,3000.4214,0.9999,SCALE_DOWN,3000.0
3000.0,3000.4214,0.9999,SCALE_DOWN,3000.0
19327.5,19342.28,0.9992,STAY_ACTIVE,19342.279296875
6391.2,6408.353,0.9973,SCALE_DOWN,3000.0
9292.8,9324.1455,0.9966,STAY_ACTIVE,9324.1455078125
4605.0,4631.301,0.9943,SCALE_DOWN,3000.0
3000.0,3000.4214,0.9999,SCALE_DOWN,3000.0
21000.0,21000.047,1.0,STAY_ACTIVE,21000.046875
9071.4,9075.763,0.9995,STAY_ACTIVE,9075.7626953125
3000.0,3000.4214,0.9999,SCALE_DOWN,3000.0
7898.700000000001,7895.087,0.9995,SCALE_DOWN,3000.0
3000.0,3000.4214,0.9999,SCALE_DOWN,3000.0
11847.6,11811.236,0.9969,STAY_ACTIVE,11811.236328125
3000.0,3000.4214,0.9999,SCALE_DOWN,3000.0
11309.1,11243.451,0.9942,STAY_ACTIVE,11243.451171875
3000.0,3000.4214,0.9999,SCALE_DOWN,3000.0
3000.0,3000.4214,0.9999,SCALE_DOWN,3000.0
21000.0,21000.047,1.0,STAY_ACTIVE,21000.046875
3000.0,3000.4214,0.9999,SCALE_DOWN,3000.0
9909.0,9853.168,0.9944,STAY_ACTIVE,9853.16796875
6244.8,6224.122,0.9967,SCALE_DOWN,3000.0
3000.0,3000.4214,0.9999,SCALE_DOWN,3000.0
3000.0,3000.4214,0.9999,SCALE_DOWN,3000.0
3000.0,3000.4214,0.9999,SCALE_DOWN,3000.0
13466.4,13400.713,0.9951,STAY_ACTIVE,13400.712890625
11070.3,11003.637,0.994,STAY_ACTIVE,11003.63671875
3000.0,3000.4214,0.9999,SCALE_DOWN,3000.0
3000.0,3000.4214,0.9999,SCALE_DOWN,3000.0
4683.6,4717.402,0.9928,SCALE_DOWN,3000.0
11702.4,11634.548,0.9942,STAY_ACTIVE,11634.5478515625
3000.0,3000.4214,0.9999,SCALE_DOWN,3000.0
7325.1,7314.634,0.9986,SCALE_DOWN,3000.0
21000.0,21000.078,1.0,STAY_ACTIVE,21000.078125
3000.0,3000.4214,0.9999,SCALE_DOWN,3000.0
7354.800000000001,7376.7095,0.997,SCALE_DOWN,3000.0
21000.0,20999.852,1.0,STAY_ACTIVE,20999.8515625
18693.9,18769.975,0.9959,STAY_ACTIVE,18769.974609375
5921.7,5905.285,0.9972,SCALE_DOWN,3000.0
3000.0,3000.4214,0.9999,SCALE_DOWN,3000.0
3000.0,3000.4214,0.9999,SCALE_DOWN,3000.0
3000.0,3000.4214,0.9999,SCALE_DOWN,3000.0
3000.0,3000.4214,0.9999,SCALE_DOWN,3000.0
3000.0,3000.4214,0.9999,SCALE_DOWN,3000.0
6518.4,6494.1006,0.9963,SCALE_DOWN,3000.0
3000.0,3000.4214,0.9999,SCALE_DOWN,3000.0
3000.0,3000.4214,0.9999,SCALE_DOWN,3000.0
21000.0,21000.047,1.0,STAY_ACTIVE,21000.046875
17661.300000000003,17659.479,0.9999,STAY_ACTIVE,17659.478515625
17962.2,17892.2,0.9961,STAY_ACTIVE,17892.19921875
21000.0,21000.832,1.0,STAY_ACTIVE,21000.83203125
21000.0,20997.627,0.9999,STAY_ACTIVE,20997.626953125
3000.0,3000.4214,0.9999,SCALE_DOWN,3000.0
21000.0,20997.8,0.9999,STAY_ACTIVE,20997.80078125
21000.0,21000.078,1.0,STAY_ACTIVE,21000.078125
3000.0,3000.4214,0.9999,SCALE_DOWN,3000.0
15091.8,15110.354,0.9988,STAY_ACTIVE,15110.353515625
3000.0,3000.4214,0.9999,SCALE_DOWN,3000.0
18992.4,19147.564,0.9918,STAY_ACTIVE,19147.564453125
8598.6,8615.413,0.998,SCALE_DOWN,3000.0
3000.0,3000.4214,0.9999,SCALE_DOWN,3000.0
7549.200000000001,7515.183,0.9955,SCALE_DOWN,3000.0
21000.0,20968.121,0.9985,STAY_ACTIVE,20968.12109375
3606.9,3610.158,0.9991,SCALE_DOWN,3000.0
19212.0,19119.477,0.9952,STAY_ACTIVE,19119.4765625
21000.0,21039.332,0.9981,STAY_ACTIVE,21039.33203125
21000.0,21000.078,1.0,STAY_ACTIVE,21000.078125
3000.0,3000.4214,0.9999,SCALE_DOWN,3000.0
13700.4,13915.344,0.9843,STAY_ACTIVE,13915.34375
5292.6,5283.3647,0.9983,SCALE_DOWN,3000.0
3000.0,3000.4214,0.9999,SCALE_DOWN,3000.0
4526.700000000001,4543.491,0.9963,SCALE_DOWN,3000.0
21000.0,21000.293,1.0,STAY_ACTIVE,21000.29296875
3000.0,3000.4214,0.9999,SCALE_DOWN,3000.0
3682.5,3665.8535,0.9955,SCALE_DOWN,3000.0
21000.0,20980.135,0.9991,STAY_ACTIVE,20980.134765625
3000.0,3000.4214,0.9999,SCALE_DOWN,3000.0
3000.0,3000.4214,0.9999,SCALE_DOWN,3000.0
21000.0,20982.73,0.9992,STAY_ACTIVE,20982.73046875
21000.0,20998.133,0.9999,STAY_ACTIVE,20998.1328125
3000.0,3000.4214,0.9999,SCALE_DOWN,3000.0
3454.8,3430.8953,0.9931,SCALE_DOWN,3000.0
12142.8,12118.766,0.998,STAY_ACTIVE,12118.765625
3000.0,3000.4214,0.9999,SCALE_DOWN,3000.0
21000.0,21000.047,1.0,STAY_ACTIVE,21000.046875
3000.0,3000.4214,0.9999,SCALE_DOWN,3000.0
6123.3,6139.062,0.9974,SCALE_DOWN,3000.0
21000.0,21000.049,1.0,STAY_ACTIVE,21000.048828125
3000.0,3000.4214,0.9999,SCALE_DOWN,3000.0
3000.0,3000.4214,0.9999,SCALE_DOWN,3000.0
21000.0,21000.047,1.0,STAY_ACTIVE,21000.046875
12022.500000000002,12021.29,0.9999,STAY_ACTIVE,12021.2900390625
3000.0,3000.4214,0.9999,SCALE_DOWN,3000.0
21000.0,21000.049,1.0,STAY_ACTIVE,21000.048828125
7331.1,7340.292,0.9987,SCALE_DOWN,3000.0
11907.000000000002,11848.459,0.9951,STAY_ACTIVE,11848.458984375
21000.0,21000.049,1.0,STAY_ACTIVE,21000.048828125
21000.0,21000.047,1.0,STAY_ACTIVE,21000.046875
21000.0,20998.604,0.9999,STAY_ACTIVE,20998.603515625
3000.0,3000.4214,0.9999,SCALE_DOWN,3000.0
13346.1,13243.809,0.9923,STAY_ACTIVE,13243.80859375
21000.0,21000.049,1.0,STAY_ACTIVE,21000.048828125
3000.0,3000.4214,0.9999,SCALE_DOWN,3000.0
3000.0,3000.4214,0.9999,SCALE_DOWN,3000.0
17455.5,17473.338,0.999,STAY_ACTIVE,17473.337890625
21000.0,21000.047,1.0,STAY_ACTIVE,21000.046875
3000.0,3000.4214,0.9999,SCALE_DOWN,3000.0
3312.3,3306.7854,0.9983,SCALE_DOWN,3000.0
3000.0,3000.4214,0.9999,SCALE_DOWN,3000.0
8299.2,8334.341,0.9958,SCALE_DOWN,3000.0
18231.0,18212.914,0.999,STAY_ACTIVE,18212.9140625
21000.0,20998.033,0.9999,STAY_ACTIVE,20998.033203125
21000.0,21000.078,1.0,STAY_ACTIVE,21000.078125
13923.9,13868.949,0.9961,STAY_ACTIVE,13868.94921875
6786.9,6834.5605,0.993,SCALE_DOWN,3000.0
3000.0,3000.4214,0.9999,SCALE_DOWN,3000.0
21000.0,20997.674,0.9999,STAY_ACTIVE,20997.673828125
9373.8,9343.515,0.9968,STAY_ACTIVE,9343.5146484375
3000.0,3000.4214,0.9999,SCALE_DOWN,3000.0
12894.9,12959.369,0.995,STAY_ACTIVE,12959.369140625
3000.0,3000.4214,0.9999,SCALE_DOWN,3000.0
3000.0,3000.4214,0.9999,SCALE_DOWN,3000.0
5624.7,5636.965,0.9978,SCALE_DOWN,3000.0
3000.0,3000.4214,0.9999,SCALE_DOWN,3000.0
3553.5,3550.8733,0.9993,SCALE_DOWN,3000.0
3000.0,3000.4214,0.9999,SCALE_DOWN,3000.0
7383.3,7379.46,0.9995,SCALE_DOWN,3000.0
5539.200000000001,5525.1436,0.9975,SCALE_DOWN,3000.0
18089.7,18208.82,0.9934,STAY_ACTIVE,18208.8203125
3000.0,3000.4214,0.9999,SCALE_DOWN,3000.0
9530.4,9559.514,0.9969,STAY_ACTIVE,9559.513671875
3000.0,3000.4214,0.9999,SCALE_DOWN,3000.0
3000.0,3000.4214,0.9999,SCALE_DOWN,3000.0
18920.4,18966.396,0.9976,STAY_ACTIVE,18966.396484375
3000.0,3000.4214,0.9999,SCALE_DOWN,3000.0
3000.0,3000.4214,0.9999,SCALE_DOWN,3000.0
3000.0,3000.4214,0.9999,SCALE_DOWN,3000.0
5816.1,5796.329,0.9966,SCALE_DOWN,3000.0
21000.0,21000.078,1.0,STAY_ACTIVE,21000.078125
5497.5,5511.3657,0.9975,SCALE_DOWN,3000.0
4415.7,4434.7134,0.9957,SCALE_DOWN,3000.0
16917.600000000002,16879.023,0.9977,STAY_ACTIVE,16879.0234375
3000.0,3000.4214,0.9999,SCALE_DOWN,3000.0
3000.0,3000.4214,0.9999,SCALE_DOWN,3000.0
9881.7,9835.251,0.9953,STAY_ACTIVE,9835.2509765625
3000.0,3000.4214,0.9999,SCALE_DOWN,3000.0
12993.3,13037.925,0.9966,STAY_ACTIVE,13037.9248046875
21000.0,20929.523,0.9966,STAY_ACTIVE,20929.5234375
21000.0,20999.37,1.0,STAY_ACTIVE,20999.369140625
3000.0,3000.4214,0.9999,SCALE_DOWN,3000.0
9136.2,9143.997,0.9991,STAY_ACTIVE,9143.9970703125
3604.8,3615.021,0.9972,SCALE_DOWN,3000.0
3000.0,3000.4214,0.9999,SCALE_DOWN,3000.0
6682.5,6642.2876,0.994,SCALE_DOWN,3000.0
13842.9,13849.32,0.9995,STAY_ACTIVE,13849.3203125
6982.5,6997.9136,0.9978,SCALE_DOWN,3000.0
3987.3,3985.185,0.9995,SCALE_DOWN,3000.0
3000.0,3000.4214,0.9999,SCALE_DOWN,3000.0
3000.0,3000.4214,0.9999,SCALE_DOWN,3000.0
3000.0,3000.4214,0.9999,SCALE_DOWN,3000.0
4247.700000000001,4282.117,0.9919,SCALE_DOWN,3000.0
3000.0,3000.4214,0.9999,SCALE_DOWN,3000.0
5268.9,5251.7256,0.9967,SCALE_DOWN,3000.0
3000.0,3000.4214,0.9999,SCALE_DOWN,3000.0
9433.8,9383.611,0.9947,STAY_ACTIVE,9383.611328125
3000.0,3000.4214,0.9999,SCALE_DOWN,3000.0
3093.9,3071.7502,0.9928,SCALE_DOWN,3000.0
3000.0,3000.4214,0.9999,SCALE_DOWN,3000.0
9660.3,9633.129,0.9972,STAY_ACTIVE,9633.12890625
7653.3,7644.93,0.9989,SCALE_DOWN,3000.0
18708.6,18697.082,0.9994,STAY_ACTIVE,18697.08203125
3000.0,3000.4214,0.9999,SCALE_DOWN,3000.0
5726.700000000001,5716.7236,0.9983,SCALE_DOWN,3000.0
7095.300000000001,7113.8145,0.9974,SCALE_DOWN,3000.0
3000.0,3000.4214,0.9999,SCALE_DOWN,3000.0
3000.0,3000.4214,0.9999,SCALE_DOWN,3000.0
3000.0,3000.4214,0.9999,SCALE_DOWN,3000.0
3000.0,3000.4214,0.9999,SCALE_DOWN,3000.0
3000.0,3000.4214,0.9999,SCALE_DOWN,3000.0
3000.0,3000.4214,0.9999,SCALE_DOWN,3000.0
21000.0,20998.857,0.9999,STAY_ACTIVE,20998.857421875
5755.200000000001,5765.2812,0.9982,SCALE_DOWN,3000.0
3000.0,3000.4214,0.9999,SCALE_DOWN,3000.0
3000.0,3000.4214,0.9999,SCALE_DOWN,3000.0
5103.6,5086.465,0.9966,SCALE_DOWN,3000.0
5696.7,5716.4565,0.9965,SCALE_DOWN,3000.0
3000.0,3000.4214,0.9999,SCALE_DOWN,3000.0
3000.0,3000.4214,0.9999,SCALE_DOWN,3000.0
10398.6,10356.478,0.9959,STAY_ACTIVE,10356.4775390625
9554.1,9538.83,0.9984,STAY_ACTIVE,9538.830078125
10688.4,10650.044,0.9964,STAY_ACTIVE,10650.0439453125
15974.7,15970.789,0.9998,STAY_ACTIVE,15970.7890625
21000.0,21000.049,1.0,STAY_ACTIVE,21000.048828125
21000.0,21000.049,1.0,STAY_ACTIVE,21000.048828125
6700.5,6731.0547,0.9954,SCALE_DOWN,3000.0
3254.7000000000003,3292.7153,0.9883,SCALE_DOWN,3000.0
3000.0,3000.4214,0.9999,SCALE_DOWN,3000.0
7949.4,7956.6084,0.9991,SCALE_DOWN,3000.0
8644.800000000001,8642.287,0.9997,SCALE_DOWN,3000.0
6243.300000000001,6240.198,0.9995,SCALE_DOWN,3000.0
5888.1,5866.1387,0.9963,SCALE_DOWN,3000.0
5671.200000000001,5674.1157,0.9995,SCALE_DOWN,3000.0
4246.8,4232.824,0.9967,SCALE_DOWN,3000.0
21000.0,21020.816,0.999,STAY_ACTIVE,21020.81640625
3000.0,3000.4214,0.9999,SCALE_DOWN,3000.0
3000.0,3000.4214,0.9999,SCALE_DOWN,3000.0
21000.0,21000.047,1.0,STAY_ACTIVE,21000.046875
21000.0,20831.023,0.992,STAY_ACTIVE,20831.0234375
3000.0,3000.4214,0.9999,SCALE_DOWN,3000.0
5978.400000000001,5969.1475,0.9985,SCALE_DOWN,3000.0
3000.0,3000.4214,0.9999,SCALE_DOWN,3000.0
21000.0,21000.078,1.0,STAY_ACTIVE,21000.078125
8093.700000000001,8072.2397,0.9973,SCALE_DOWN,3000.0
3000.0,3000.4214,0.9999,SCALE_DOWN,3000.0
5284.2,5263.6245,0.9961,SCALE_DOWN,3000.0
3000.0,3000.4214,0.9999,SCALE_DOWN,3000.0
3000.0,3000.4214,0.9999,SCALE_DOWN,3000.0
8080.500000000001,8110.567,0.9963,SCALE_DOWN,3000.0
21000.0,21000.047,1.0,STAY_ACTIVE,21000.046875
6780.9,6792.23,0.9983,SCALE_DOWN,3000.0
4310.7,4307.549,0.9993,SCALE_DOWN,3000.0
20353.2,20336.672,0.9992,STAY_ACTIVE,20336.671875
3000.0,3000.4214,0.9999,SCALE_DOWN,3000.0
3000.0,3000.4214,0.9999,SCALE_DOWN,3000.0
3000.0,3000.4214,0.9999,SCALE_DOWN,3000.0
21000.0,21000.09,1.0,STAY_ACTIVE,21000.08984375
9693.6,9672.279,0.9978,STAY_ACTIVE,9672.279296875
21000.0,21000.049,1.0,STAY_ACTIVE,21000.048828125
3000.0,3000.4214,0.9999,SCALE_DOWN,3000.0
3689.4,3665.1448,0.9934,SCALE_DOWN,3000.0
4944.0,4991.075,0.9905,SCALE_DOWN,3000.0
21000.0,21000.281,1.0,STAY_ACTIVE,21000.28125
8117.4,8114.2666,0.9996,SCALE_DOWN,3000.0
3000.0,3000.4214,0.9999,SCALE_DOWN,3000.0
11941.8,12002.169,0.9949,STAY_ACTIVE,12002.1689453125
8443.8,8441.885,0.9998,SCALE_DOWN,3000.0
5526.0,5521.5835,0.9992,SCALE_DOWN,3000.0
17315.100000000002,17326.113,0.9994,STAY_ACTIVE,17326.11328125
3000.0,3000.4214,0.9999,SCALE_DOWN,3000.0
21000.0,21000.047,1.0,STAY_ACTIVE,21000.046875
10037.7,10027.559,0.999,STAY_ACTIVE,10027.55859375
3000.0,3000.4214,0.9999,SCALE_DOWN,3000.0
13004.1,13013.496,0.9993,STAY_ACTIVE,13013.49609375
3000.0,3000.4214,0.9999,SCALE_DOWN,3000.0
21000.0,20998.455,0.9999,STAY_ACTIVE,20998.455078125
3000.0,3000.4214,0.9999,SCALE_DOWN,3000.0
18200.1,18223.773,0.9987,STAY_ACTIVE,18223.7734375
12336.0,12389.371,0.9957,STAY_ACTIVE,12389.37109375
3000.0,3000.4214,0.9999,SCALE_DOWN,3000.0
3000.0,3000.4214,0.9999,SCALE_DOWN,3000.0
3000.0,3000.4214,0.9999,SCALE_DOWN,3000.0
5375.4,5359.0264,0.997,SCALE_DOWN,3000.0
3000.0,3000.4214,0.9999,SCALE_DOWN,3000.0
13038.0,13018.819,0.9985,STAY_ACTIVE,13018.8193359375
3000.0,3000.4214,0.9999,SCALE_DOWN,3000.0
8225.7,8376.195,0.9817,SCALE_DOWN,3000.0
3000.0,3000.4214,0.9999,SCALE_DOWN,3000.0
3000.0,3000.4214,0.9999,SCALE_DOWN,3000.0
18475.800000000003,18583.012,0.9942,STAY_ACTIVE,18583.01171875
17200.2,17174.1,0.9985,STAY_ACTIVE,17174.099609375
8940.0,8959.044,0.9979,SCALE_DOWN,3000.0
11452.5,11429.091,0.998,STAY_ACTIVE,11429.0908203125
10828.5,10809.45,0.9982,STAY_ACTIVE,10809.4501953125
16913.100000000002,16898.049,0.9991,STAY_ACTIVE,16898.048828125
14041.5,13991.525,0.9964,STAY_ACTIVE,13991.525390625
3911.1,3940.8186,0.9924,SCALE_DOWN,3000.0
3918.6,3886.4336,0.9918,SCALE_DOWN,3000.0
3000.0,3000.4214,0.9999,SCALE_DOWN,3000.0
14013.6,13965.645,0.9966,STAY_ACTIVE,13965.64453125
11510.4,11479.65,0.9973,STAY_ACTIVE,11479.650390625
3000.0,3000.4214,0.9999,SCALE_DOWN,3000.0
12506.1,12532.307,0.9979,STAY_ACTIVE,12532.306640625
17960.7,17988.81,0.9984,STAY_ACTIVE,17988.810546875
16429.2,16321.351,0.9934,STAY_ACTIVE,16321.3505859375
8243.100000000002,8262.225,0.9977,SCALE_DOWN,3000.0
3000.0,3000.4214,0.9999,SCALE_DOWN,3000.0
21000.0,21000.078,1.0,STAY_ACTIVE,21000.078125
3000.0,3000.4214,0.9999,SCALE_DOWN,3000.0
3000.0,3000.4214,0.9999,SCALE_DOWN,3000.0
3000.0,3000.4214,0.9999,SCALE_DOWN,3000.0
21000.0,21000.047,1.0,STAY_ACTIVE,21000.046875
5469.9,5459.5137,0.9981,SCALE_DOWN,3000.0
3000.0,3000.4214,0.9999,SCALE_DOWN,3000.0
3000.0,3000.4214,0.9999,SCALE_DOWN,3000.0
3000.0,3000.4214,0.9999,SCALE_DOWN,3000.0
13765.500000000002,13577.593,0.9863,STAY_ACTIVE,13577.5927734375
21000.0,21000.047,1.0,STAY_ACTIVE,21000.046875
18432.0,18289.12,0.9922,STAY_ACTIVE,18289.119140625
17146.5,17121.879,0.9986,STAY_ACTIVE,17121.87890625
3000.0,3000.4214,0.9999,SCALE_DOWN,3000.0
8403.300000000001,8420.187,0.998,SCALE_DOWN,3000.0
18412.5,18406.324,0.9997,STAY_ACTIVE,18406.32421875
7551.0,7546.3057,0.9994,SCALE_DOWN,3000.0
21000.0,21000.078,1.0,STAY_ACTIVE,21000.078125
6646.2,6636.7476,0.9986,SCALE_DOWN,3000.0
21000.0,21000.047,1.0,STAY_ACTIVE,21000.046875
14655.0,14577.848,0.9947,STAY_ACTIVE,14577.84765625
5359.5,5351.4673,0.9985,SCALE_DOWN,3000.0
9895.8,9885.831,0.999,STAY_ACTIVE,9885.8310546875
3000.0,3000.4214,0.9999,SCALE_DOWN,3000.0
21000.0,20999.852,1.0,STAY_ACTIVE,20999.8515625
6746.700000000001,6739.6104,0.9989,SCALE_DOWN,3000.0
3000.0,3000.4214,0.9999,SCALE_DOWN,3000.0
5303.400000000001,5288.268,0.9971,SCALE_DOWN,3000.0
5466.300000000001,5459.0234,0.9987,SCALE_DOWN,3000.0
19206.9,19131.984,0.9961,STAY_ACTIVE,19131.984375
8182.5,8175.6763,0.9992,SCALE_DOWN,3000.0
3000.0,3000.4214,0.9999,SCALE_DOWN,3000.0
9253.2,9256.367,0.9997,STAY_ACTIVE,9256.3671875
9139.2,9130.731,0.9991,STAY_ACTIVE,9130.7314453125
5925.6,5930.3115,0.9992,SCALE_DOWN,3000.0
9960.6,9922.8955,0.9962,STAY_ACTIVE,9922.8955078125
3000.0,3000.4214,0.9999,SCALE_DOWN,3000.0
3000.0,3000.4214,0.9999,SCALE_DOWN,3000.0
8968.2,8985.719,0.998,SCALE_DOWN,3000.0
13755.6,13744.71,0.9992,STAY_ACTIVE,13744.7099609375
9720.9,9722.434,0.9998,STAY_ACTIVE,9722.43359375
21000.0,20999.852,1.0,STAY_ACTIVE,20999.8515625
3000.0,3000.4214,0.9999,SCALE_DOWN,3000.0
3000.0,3000.4214,0.9999,SCALE_DOWN,3000.0
21000.0,20998.648,0.9999,STAY_ACTIVE,20998.6484375
21000.0,20998.572,0.9999,STAY_ACTIVE,20998.572265625
20233.5,20230.158,0.9998,STAY_ACTIVE,20230.158203125
3000.0,3000.4214,0.9999,SCALE_DOWN,3000.0
3000.0,3000.4214,0.9999,SCALE_DOWN,3000.0
21000.0,20999.51,1.0,STAY_ACTIVE,20999.509765625
10365.3,10310.999,0.9948,STAY_ACTIVE,10310.9990234375
6662.4000000000015,6689.259,0.996,SCALE_DOWN,3000.0
8865.3,8851.821,0.9985,SCALE_DOWN,3000.0
11834.7,11851.318,0.9986,STAY_ACTIVE,11851.318359375
4489.200000000001,4500.2544,0.9975,SCALE_DOWN,3000.0
3000.0,3000.4214,0.9999,SCALE_DOWN,3000.0
21000.0,21000.049,1.0,STAY_ACTIVE,21000.048828125
6924.9000000000015,6927.715,0.9996,SCALE_DOWN,3000.0
6740.4,6720.025,0.997,SCALE_DOWN,3000.0
7267.200000000001,7278.3423,0.9985,SCALE_DOWN,3000.0
21000.0,21014.047,0.9993,STAY_ACTIVE,21014.046875
8755.5,8729.167,0.997,SCALE_DOWN,3000.0
5203.5,5239.1685,0.9931,SCALE_DOWN,3000.0
3000.0,3000.4214,0.9999,SCALE_DOWN,3000.0
21000.0,20998.826,0.9999,STAY_ACTIVE,20998.826171875
21000.0,21000.049,1.0,STAY_ACTIVE,21000.048828125
3000.0,3000.4214,0.9999,SCALE_DOWN,3000.0
6192.6,6197.078,0.9993,SCALE_DOWN,3000.0
3000.0,3000.4214,0.9999,SCALE_DOWN,3000.0
18449.699999999997,18336.44,0.9939,STAY_ACTIVE,18336.439453125
3000.0,3000.4214,0.9999,SCALE_DOWN,3000.0
3000.0,3000.4214,0.9999,SCALE_DOWN,3000.0
3773.1,3776.8608,0.999,SCALE_DOWN,3000.0
3000.0,3000.4214,0.9999,SCALE_DOWN,3000.0
6220.8,6197.0806,0.9962,SCALE_DOWN,3000.0
3000.0,3000.4214,0.9999,SCALE_DOWN,3000.0
5311.8,5308.8306,0.9994,SCALE_DOWN,3000.0
8656.2,8644.472,0.9986,SCALE_DOWN,3000.0
3000.0,3000.4214,0.9999,SCALE_DOWN,3000.0
10381.2,10443.791,0.994,STAY_ACTIVE,10443.791015625
4327.5,4312.1426,0.9965,SCALE_DOWN,3000.0
3000.0,3000.4214,0.9999,SCALE_DOWN,3000.0
3000.0,3000.4214,0.9999,SCALE_DOWN,3000.0
3000.0,3000.4214,0.9999,SCALE_DOWN,3000.0
3000.0,3000.4214,0.9999,SCALE_DOWN,3000.0
14589.3,14516.595,0.995,STAY_ACTIVE,14516.5947265625
9945.0,10006.07,0.9939,STAY_ACTIVE,10006.0703125
5210.1,5217.1816,0.9986,SCALE_DOWN,3000.0
12739.2,12707.001,0.9975,STAY_ACTIVE,12707.0009765625
3000.0,3000.4214,0.9999,SCALE_DOWN,3000.0
3000.0,3000.4214,0.9999,SCALE_DOWN,3000.0
21000.0,21000.24,1.0,STAY_ACTIVE,21000.240234375
20967.0,20896.23,0.9966,STAY_ACTIVE,20896.23046875
21000.0,21000.047,1.0,STAY_ACTIVE,21000.046875
3000.0,3000.4214,0.9999,SCALE_DOWN,3000.0
21000.0,21000.096,1.0,STAY_ACTIVE,21000.095703125
21000.0,20999.562,1.0,STAY_ACTIVE,20999.5625
3000.0,3000.4214,0.9999,SCALE_DOWN,3000.0
3000.0,3000.4214,0.9999,SCALE_DOWN,3000.0
3000.0,3000.4214,0.9999,SCALE_DOWN,3000.0
11694.000000000002,11767.856,0.9937,STAY_ACTIVE,11767.8564453125
3000.0,3000.4214,0.9999,SCALE_DOWN,3000.0
8801.4,8760.863,0.9954,SCALE_DOWN,3000.0
3000.0,3000.4214,0.9999,SCALE_DOWN,3000.0
4408.8,4390.4727,0.9958,SCALE_DOWN,3000.0
3000.0,3000.4214,0.9999,SCALE_DOWN,3000.0
3000.0,3000.4214,0.9999,SCALE_DOWN,3000.0
11315.7,11243.179,0.9936,STAY_ACTIVE,11243.1787109375
14138.4,14096.712,0.9971,STAY_ACTIVE,14096.7119140625
3000.0,3000.4214,0.9999,SCALE_DOWN,3000.0
3000.0,3000.4214,0.9999,SCALE_DOWN,3000.0
21000.0,21000.047,1.0,STAY_ACTIVE,21000.046875
3000.0,3000.4214,0.9999,SCALE_DOWN,3000.0
8500.5,8371.852,0.9849,SCALE_DOWN,3000.0
3713.1,3718.304,0.9986,SCALE_DOWN,3000.0
21000.0,21000.049,1.0,STAY_ACTIVE,21000.048828125
13452.6,13403.201,0.9963,STAY_ACTIVE,13403.201171875
21000.0,21000.047,1.0,STAY_ACTIVE,21000.046875
8468.099999999999,8471.774,0.9996,SCALE_DOWN,3000.0
21000.0,21000.047,1.0,STAY_ACTIVE,21000.046875
5844.299999999999,5822.3916,0.9963,SCALE_DOWN,3000.0
4608.9,4587.743,0.9954,SCALE_DOWN,3000.0
3000.0,3000.4214,0.9999,SCALE_DOWN,3000.0
16327.499999999998,16330.717,0.9998,STAY_ACTIVE,16330.716796875
3000.0,3000.4214,0.9999,SCALE_DOWN,3000.0
21000.0,20999.852,1.0,STAY_ACTIVE,20999.8515625
11481.0,11538.184,0.995,STAY_ACTIVE,11538.18359375
21000.0,20999.852,1.0,STAY_ACTIVE,20999.8515625
5945.7,5964.741,0.9968,SCALE_DOWN,3000.0
11115.3,11079.519,0.9968,STAY_ACTIVE,11079.5185546875
7063.500000000001,7092.3286,0.9959,SCALE_DOWN,3000.0
8224.800000000001,8281.036,0.9932,SCALE_DOWN,3000.0
5750.4,5770.341,0.9965,SCALE_DOWN,3000.0
11374.5,11398.376,0.9979,STAY_ACTIVE,11398.3759765625
21000.0,20999.297,1.0,STAY_ACTIVE,20999.296875
21000.0,21000.047,1.0,STAY_ACTIVE,21000.046875
5262.3,5283.3647,0.996,SCALE_DOWN,3000.0
21000.0,21024.475,0.9988,STAY_ACTIVE,21024.474609375
3000.0,3000.4214,0.9999,SCALE_DOWN,3000.0
5056.5,5042.2817,0.9972,SCALE_DOWN,3000.0
3000.0,3000.4214,0.9999,SCALE_DOWN,3000.0
21000.0,20917.72,0.9961,STAY_ACTIVE,20917.720703125
3000.0,3000.4214,0.9999,SCALE_DOWN,3000.0
12119.1,12194.32,0.9938,STAY_ACTIVE,12194.3203125
5090.1,5056.933,0.9935,SCALE_DOWN,3000.0
3000.0,3000.4214,0.9999,SCALE_DOWN,3000.0
3000.0,3000.4214,0.9999,SCALE_DOWN,3000.0
3000.0,3000.4214,0.9999,SCALE_DOWN,3000.0
3000.0,3000.4214,0.9999,SCALE_DOWN,3000.0
21000.0,20999.562,1.0,STAY_ACTIVE,20999.5625
12492.3,12477.165,0.9988,STAY_ACTIVE,12477.1650390625
18939.6,18898.459,0.9978,STAY_ACTIVE,18898.458984375
10076.7,10027.559,0.9951,STAY_ACTIVE,10027.55859375
21000.0,21000.049,1.0,STAY_ACTIVE,21000.048828125
17364.3,17320.79,0.9975,STAY_ACTIVE,17320.7890625
6616.800000000001,6615.3374,0.9998,SCALE_DOWN,3000.0
21000.0,20947.188,0.9975,STAY_ACTIVE,20947.1875
21000.0,21000.047,1.0,STAY_ACTIVE,21000.046875
3000.0,3000.4214,0.9999,SCALE_DOWN,3000.0
3000.0,3000.4214,0.9999,SCALE_DOWN,3000.0
8749.5,8721.883,0.9968,SCALE_DOWN,3000.0
4406.4,4401.7007,0.9989,SCALE_DOWN,3000.0
3000.0,3000.4214,0.9999,SCALE_DOWN,3000.0
3513.0,3504.7744,0.9977,SCALE_DOWN,3000.0
6679.5,6680.575,0.9998,SCALE_DOWN,3000.0
10236.6,10243.926,0.9993,STAY_ACTIVE,10243.92578125
21000.0,20999.766,1.0,STAY_ACTIVE,20999.765625
3255.0,3266.0366,0.9966,SCALE_DOWN,3000.0
3000.0,3000.4214,0.9999,SCALE_DOWN,3000.0
5013.0,5021.4106,0.9983,SCALE_DOWN,3000.0
21000.0,20998.336,0.9999,STAY_ACTIVE,20998.3359375
3000.0,3000.4214,0.9999,SCALE_DOWN,3000.0
3000.0,3000.4214,0.9999,SCALE_DOWN,3000.0
21000.0,20999.852,1.0,STAY_ACTIVE,20999.8515625
21000.0,20997.377,0.9999,STAY_ACTIVE,20997.376953125
21000.0,21000.047,1.0,STAY_ACTIVE,21000.046875
3000.0,3000.4214,0.9999,SCALE_DOWN,3000.0
21000.0,20999.852,1.0,STAY_ACTIVE,20999.8515625
8239.5,8220.81,0.9977,SCALE_DOWN,3000.0
8529.9,8510.656,0.9977,SCALE_DOWN,3000.0
7991.4,7994.3,0.9996,SCALE_DOWN,3000.0
21000.0,21000.049,1.0,STAY_ACTIVE,21000.048828125
15650.4,15669.169,0.9988,STAY_ACTIVE,15669.1689453125
21000.0,21000.078,1.0,STAY_ACTIVE,21000.078125
9651.0,9626.344,0.9974,STAY_ACTIVE,9626.34375
13325.4,13300.807,0.9982,STAY_ACTIVE,13300.806640625
15376.8,15366.638,0.9993,STAY_ACTIVE,15366.6376953125
3664.2,3698.91,0.9905,SCALE_DOWN,3000.0
3000.0,3000.4214,0.9999,SCALE_DOWN,3000.0
3698.4,3703.0642,0.9987,SCALE_DOWN,3000.0
7051.200000000001,7080.062,0.9959,SCALE_DOWN,3000.0
4299.3,4306.57,0.9983,SCALE_DOWN,3000.0
5087.1,5056.933,0.9941,SCALE_DOWN,3000.0
9223.5,9226.42,0.9997,STAY_ACTIVE,9226.419921875
8575.5,8582.895,0.9991,SCALE_DOWN,3000.0
10551.6,10553.84,0.9998,STAY_ACTIVE,10553.83984375
11947.8,11919.857,0.9977,STAY_ACTIVE,11919.857421875
7633.5,7616.3413,0.9978,SCALE_DOWN,3000.0
3000.0,3000.4214,0.9999,SCALE_DOWN,3000.0
21000.0,21000.049,1.0,STAY_ACTIVE,21000.048828125
3000.0,3000.4214,0.9999,SCALE_DOWN,3000.0
3000.0,3000.4214,0.9999,SCALE_DOWN,3000.0
3000.0,3000.4214,0.9999,SCALE_DOWN,3000.0
21000.0,20999.26,1.0,STAY_ACTIVE,20999.259765625
15414.0,15441.034,0.9982,STAY_ACTIVE,15441.0341796875
10875.3,10927.038,0.9952,STAY_ACTIVE,10927.0380859375
3000.0,3000.4214,0.9999,SCALE_DOWN,3000.0
3000.0,3000.4214,0.9999,SCALE_DOWN,3000.0
11453.1,11398.062,0.9952,STAY_ACTIVE,11398.0615234375
8515.8,8555.288,0.9954,SCALE_DOWN,3000.0
3000.0,3000.4214,0.9999,SCALE_DOWN,3000.0
12941.7,12898.629,0.9967,STAY_ACTIVE,12898.62890625
3000.0,3000.4214,0.9999,SCALE_DOWN,3000.0
6828.9,6845.3975,0.9976,SCALE_DOWN,3000.0
19144.5,18968.299,0.9908,STAY_ACTIVE,18968.298828125
3000.0,3000.4214,0.9999,SCALE_DOWN,3000.0
7292.4,7250.2905,0.9942,SCALE_DOWN,3000.0
20316.6,20375.38,0.9971,STAY_ACTIVE,20375.380859375
5017.799999999999,5044.923,0.9946,SCALE_DOWN,3000.0
21000.0,20998.572,0.9999,STAY_ACTIVE,20998.572265625
3000.0,3000.4214,0.9999,SCALE_DOWN,3000.0
6341.1,6343.871,0.9996,SCALE_DOWN,3000.0
21000.0,20999.852,1.0,STAY_ACTIVE,20999.8515625
6167.1,6142.7993,0.9961,SCALE_DOWN,3000.0
15010.499999999998,14996.369,0.9991,STAY_ACTIVE,14996.369140625
3000.0,3000.4214,0.9999,SCALE_DOWN,3000.0
3000.0,3000.4214,0.9999,SCALE_DOWN,3000.0
5771.400000000001,5767.097,0.9993,SCALE_DOWN,3000.0
6726.3,6733.6274,0.9989,SCALE_DOWN,3000.0
6178.200000000001,6184.289,0.999,SCALE_DOWN,3000.0
3000.0,3000.4214,0.9999,SCALE_DOWN,3000.0
3000.0,3000.4214,0.9999,SCALE_DOWN,3000.0
8528.1,8589.803,0.9928,SCALE_DOWN,3000.0
21000.0,20970.592,0.9986,STAY_ACTIVE,20970.591796875
19062.000000000004,19092.639,0.9984,STAY_ACTIVE,19092.638671875
21000.0,21000.078,1.0,STAY_ACTIVE,21000.078125
6107.7,6101.9165,0.9991,SCALE_DOWN,3000.0
8019.6,7999.0225,0.9974,SCALE_DOWN,3000.0
3000.0,3000.4214,0.9999,SCALE_DOWN,3000.0
3966.3,3968.37,0.9995,SCALE_DOWN,3000.0
3000.0,3000.4214,0.9999,SCALE_DOWN,3000.0
11784.0,11772.987,0.9991,STAY_ACTIVE,11772.9873046875
5265.900000000001,5236.134,0.9943,SCALE_DOWN,3000.0
8752.5,8686.331,0.9924,SCALE_DOWN,3000.0
21000.0,21000.078,1.0,STAY_ACTIVE,21000.078125
7206.6,7216.639,0.9986,SCALE_DOWN,3000.0
3149.4,3132.6843,0.9947,SCALE_DOWN,3000.0
3000.0,3000.4214,0.9999,SCALE_DOWN,3000.0
8894.4,8960.004,0.9926,SCALE_DOWN,3000.0
3000.0,3000.4214,0.9999,SCALE_DOWN,3000.0
21000.0,21009.299,0.9996,STAY_ACTIVE,21009.298828125
3000.0,3000.4214,0.9999,SCALE_DOWN,3000.0
21000.0,21036.8,0.9982,STAY_ACTIVE,21036.80078125
21000.0,20998.604,0.9999,STAY_ACTIVE,20998.603515625
7513.8,7515.766,0.9997,SCALE_DOWN,3000.0
3000.0,3000.4214,0.9999,SCALE_DOWN,3000.0
21000.0,21000.047,1.0,STAY_ACTIVE,21000.046875
3000.0,3000.4214,0.9999,SCALE_DOWN,3000.0
3000.0,3000.4214,0.9999,SCALE_DOWN,3000.0
10250.1,10228.371,0.9979,STAY_ACTIVE,10228.37109375
3000.0,3000.4214,0.9999,SCALE_DOWN,3000.0
14158.5,14103.1875,0.9961,STAY_ACTIVE,14103.1875
17047.199999999997,17046.648,1.0,STAY_ACTIVE,17046.6484375
21000.0,21000.047,1.0,STAY_ACTIVE,21000.046875
6045.6,6042.319,0.9995,SCALE_DOWN,3000.0
21000.0,21000.047,1.0,STAY_ACTIVE,21000.046875
10237.500000000002,10303.476,0.9936,STAY_ACTIVE,10303.4755859375
11546.4,11578.6,0.9972,STAY_ACTIVE,11578.599609375
14388.0,14382.076,0.9996,STAY_ACTIVE,14382.076171875
14262.6,14341.38,0.9945,STAY_ACTIVE,14341.3798828125
3000.0,3000.4214,0.9999,SCALE_DOWN,3000.0
17755.5,17643.754,0.9937,STAY_ACTIVE,17643.75390625
3178.2,3220.8188,0.9866,SCALE_DOWN,3000.0
10217.7,10172.438,0.9956,STAY_ACTIVE,10172.4384765625
3000.0,3000.4214,0.9999,SCALE_DOWN,3000.0
3000.0,3000.4214,0.9999,SCALE_DOWN,3000.0
9266.1,9216.78,0.9947,STAY_ACTIVE,9216.7802734375
21000.0,21000.049,1.0,STAY_ACTIVE,21000.048828125
3000.0,3000.4214,0.9999,SCALE_DOWN,3000.0
7491.9,7483.7207,0.9989,SCALE_DOWN,3000.0
10916.7,10963.704,0.9957,STAY_ACTIVE,10963.7041015625
3000.0,3000.4214,0.9999,SCALE_DOWN,3000.0
7720.8,7705.716,0.998,SCALE_DOWN,3000.0
3000.0,3000.4214,0.9999,SCALE_DOWN,3000.0
3000.0,3000.4214,0.9999,SCALE_DOWN,3000.0
3000.0,3000.4214,0.9999,SCALE_DOWN,3000.0
15738.3,15782.543,0.9972,STAY_ACTIVE,15782.54296875
3000.0,3000.4214,0.9999,SCALE_DOWN,3000.0
9995.1,9981.283,0.9986,STAY_ACTIVE,9981.283203125
3000.0,3000.4214,0.9999,SCALE_DOWN,3000.0
17414.7,17536.475,0.993,STAY_ACTIVE,17536.474609375
8709.9,8759.88,0.9943,SCALE_DOWN,3000.0
6513.300000000001,6531.391,0.9972,SCALE_DOWN,3000.0
4687.8,4667.907,0.9958,SCALE_DOWN,3000.0
21000.0,21000.09,1.0,STAY_ACTIVE,21000.08984375
21000.0,21000.047,1.0,STAY_ACTIVE,21000.046875
20439.3,20447.434,0.9996,STAY_ACTIVE,20447.43359375
12741.300000000005,12746.089,0.9996,STAY_ACTIVE,12746.0888671875
8211.6,8175.4707,0.9956,SCALE_DOWN,3000.0
3000.0,3000.4214,0.9999,SCALE_DOWN,3000.0
15825.6,15912.095,0.9945,STAY_ACTIVE,15912.0947265625
3000.0,3000.4214,0.9999,SCALE_DOWN,3000.0
21000.0,21013.434,0.9994,STAY_ACTIVE,21013.43359375
21000.0,20999.562,1.0,STAY_ACTIVE,20999.5625
5906.700000000001,5918.9614,0.9979,SCALE_DOWN,3000.0
10945.5,11016.975,0.9935,STAY_ACTIVE,11016.974609375
6539.7,6475.957,0.9903,SCALE_DOWN,3000.0
3000.0,3000.4214,0.9999,SCALE_DOWN,3000.0
21000.0,20999.326,1.0,STAY_ACTIVE,20999.326171875
3000.0,3000.4214,0.9999,SCALE_DOWN,3000.0
21000.0,21000.078,1.0,STAY_ACTIVE,21000.078125
18767.4,18783.143,0.9992,STAY_ACTIVE,18783.142578125
21000.0,21000.047,1.0,STAY_ACTIVE,21000.046875
3000.0,3000.4214,0.9999,SCALE_DOWN,3000.0
6529.200000000001,6534.22,0.9992,SCALE_DOWN,3000.0
21000.0,21000.047,1.0,STAY_ACTIVE,21000.046875
14675.7,14606.963,0.9953,STAY_ACTIVE,14606.962890625
19880.4,20123.979,0.9877,STAY_ACTIVE,20123.978515625
11359.5,11336.738,0.998,STAY_ACTIVE,11336.73828125
20788.5,20738.178,0.9976,STAY_ACTIVE,20738.177734375
3000.0,3000.4214,0.9999,SCALE_DOWN,3000.0
5709.300000000001,5684.3774,0.9956,SCALE_DOWN,3000.0
3000.0,3000.4214,0.9999,SCALE_DOWN,3000.0
21000.0,21000.047,1.0,STAY_ACTIVE,21000.046875
21000.0,20998.898,0.9999,STAY_ACTIVE,20998.8984375
3000.0,3000.4214,0.9999,SCALE_DOWN,3000.0
3689.1,3680.3848,0.9976,SCALE_DOWN,3000.0
4098.0,4089.5237,0.9979,SCALE_DOWN,3000.0
3000.0,3000.4214,0.9999,SCALE_DOWN,3000.0
3415.7999999999997,3407.1125,0.9975,SCALE_DOWN,3000.0
6684.300000000001,6715.4385,0.9953,SCALE_DOWN,3000.0
21000.0,21000.068,1.0,STAY_ACTIVE,21000.068359375
3000.0,3000.4214,0.9999,SCALE_DOWN,3000.0
21000.0,21000.121,1.0,STAY_ACTIVE,21000.12109375
3000.0,3000.4214,0.9999,SCALE_DOWN,3000.0
3000.0,3000.4214,0.9999,SCALE_DOWN,3000.0
21000.0,20998.715,0.9999,STAY_ACTIVE,20998.71484375
4572.3,4556.897,0.9966,SCALE_DOWN,3000.0
3000.0,3000.4214,0.9999,SCALE_DOWN,3000.0
21000.0,20998.035,0.9999,STAY_ACTIVE,20998.03515625
16090.200000000004,16066.286,0.9985,STAY_ACTIVE,16066.2861328125
17889.0,17631.758,0.9856,STAY_ACTIVE,17631.7578125
21000.0,21000.047,1.0,STAY_ACTIVE,21000.046875
3000.0,3000.4214,0.9999,SCALE_DOWN,3000.0
3000.0,3000.4214,0.9999,SCALE_DOWN,3000.0
21000.0,21000.049,1.0,STAY_ACTIVE,21000.048828125
3000.0,3000.4214,0.9999,SCALE_DOWN,3000.0
17328.600000000002,17452.635,0.9928,STAY_ACTIVE,17452.634765625
3146.4,3154.5388,0.9974,SCALE_DOWN,3000.0
4046.1,4066.6665,0.9949,SCALE_DOWN,3000.0
3000.0,3000.4214,0.9999,SCALE_DOWN,3000.0
3000.0,3000.4214,0.9999,SCALE_DOWN,3000.0
21000.0,21000.025,1.0,STAY_ACTIVE,21000.025390625
6474.0,6488.247,0.9978,SCALE_DOWN,3000.0
9848.7,9890.086,0.9958,STAY_ACTIVE,9890.0859375
3224.4,3240.4827,0.995,SCALE_DOWN,3000.0
17507.399999999998,17423.57,0.9952,STAY_ACTIVE,17423.5703125
4753.2,4761.826,0.9982,SCALE_DOWN,3000.0
3000.0,3000.4214,0.9999,SCALE_DOWN,3000.0
9777.0,9824.815,0.9951,STAY_ACTIVE,9824.8154296875
3000.0,3000.4214,0.9999,SCALE_DOWN,3000.0
7724.700000000001,7705.2466,0.9975,SCALE_DOWN,3000.0
21000.0,20965.74,0.9984,STAY_ACTIVE,20965.740234375
5080.200000000001,5090.5645,0.998,SCALE_DOWN,3000.0
21000.0,21000.047,1.0,STAY_ACTIVE,21000.046875
3000.0,3000.4214,0.9999,SCALE_DOWN,3000.0
3000.0,3000.4214,0.9999,SCALE_DOWN,3000.0
21000.0,21000.078,1.0,STAY_ACTIVE,21000.078125
3000.0,3000.4214,0.9999,SCALE_DOWN,3000.0
21000.0,20965.723,0.9984,STAY_ACTIVE,20965.72265625
12522.9,12437.769,0.9932,STAY_ACTIVE,12437.7685546875
4966.800000000001,4968.7295,0.9996,SCALE_DOWN,3000.0
7592.4,7618.0547,0.9966,SCALE_DOWN,3000.0
9125.1,9098.872,0.9971,STAY_ACTIVE,9098.8720703125
3000.0,3000.4214,0.9999,SCALE_DOWN,3000.0
7574.700000000001,7539.2686,0.9953,SCALE_DOWN,3000.0
3000.0,3000.4214,0.9999,SCALE_DOWN,3000.0
3000.0,3000.4214,0.9999,SCALE_DOWN,3000.0
3000.0,3000.4214,0.9999,SCALE_DOWN,3000.0
21000.0,21010.984,0.9995,STAY_ACTIVE,21010.984375
3000.0,3000.4214,0.9999,SCALE_DOWN,3000.0
8032.800000000001,8039.4526,0.9992,SCALE_DOWN,3000.0
10634.7,10622.298,0.9988,STAY_ACTIVE,10622.2978515625
5745.6,5763.5903,0.9969,SCALE_DOWN,3000.0
4650.6,4666.1377,0.9967,SCALE_DOWN,3000.0
12636.3,12739.347,0.9918,STAY_ACTIVE,12739.3466796875
12878.4,12897.126,0.9985,STAY_ACTIVE,12897.1259765625
3000.0,3000.4214,0.9999,SCALE_DOWN,3000.0
3000.0,3000.4214,0.9999,SCALE_DOWN,3000.0
3000.0,3000.4214,0.9999,SCALE_DOWN,3000.0
4924.5,4877.641,0.9905,SCALE_DOWN,3000.0
3000.0,3000.4214,0.9999,SCALE_DOWN,3000.0
9305.4,9302.714,0.9997,STAY_ACTIVE,9302.7138671875
3000.0,3000.4214,0.9999,SCALE_DOWN,3000.0
3131.7000000000003,3118.8425,0.9959,SCALE_DOWN,3000.0
4535.4,4536.2773,0.9998,SCALE_DOWN,3000.0
18793.2,18884.24,0.9952,STAY_ACTIVE,18884.240234375
21000.0,21000.291,1.0,STAY_ACTIVE,21000.291015625
3000.0,3000.4214,0.9999,SCALE_DOWN,3000.0
7671.0,7691.857,0.9973,SCALE_DOWN,3000.0
3000.0,3000.4214,0.9999,SCALE_DOWN,3000.0
9958.8,9915.702,0.9957,STAY_ACTIVE,9915.7021484375
21000.0,20934.73,0.9969,STAY_ACTIVE,20934.73046875
3000.0,3000.4214,0.9999,SCALE_DOWN,3000.0
3000.0,3000.4214,0.9999,SCALE_DOWN,3000.0
3000.0,3000.4214,0.9999,SCALE_DOWN,3000.0
20408.1,20350.596,0.9972,STAY_ACTIVE,20350.595703125
8691.9,8700.412,0.999,SCALE_DOWN,3000.0
4622.4,4598.339,0.9948,SCALE_DOWN,3000.0
5924.1,5935.0044,0.9982,SCALE_DOWN,3000.0
13774.800000000005,13808.915,0.9975,STAY_ACTIVE,13808.9150390625
5298.900000000001,5287.4946,0.9978,SCALE_DOWN,3000.0
5959.799999999999,5969.1475,0.9984,SCALE_DOWN,3000.0
3000.0,3000.4214,0.9999,SCALE_DOWN,3000.0
4790.1,4794.8403,0.999,SCALE_DOWN,3000.0
12075.6,12087.813,0.999,STAY_ACTIVE,12087.8134765625
21000.0,21000.078,1.0,STAY_ACTIVE,21000.078125
3000.0,3000.4214,0.9999,SCALE_DOWN,3000.0
5034.9,5022.9995,0.9976,SCALE_DOWN,3000.0
7259.1,7278.73,0.9973,SCALE_DOWN,3000.0
21000.0,20997.035,0.9999,STAY_ACTIVE,20997.03515625
15384.9,15355.604,0.9981,STAY_ACTIVE,15355.603515625
11847.3,11749.777,0.9918,STAY_ACTIVE,11749.77734375
3000.0,3000.4214,0.9999,SCALE_DOWN,3000.0
5994.6,5991.8516,0.9995,SCALE_DOWN,3000.0
13558.8,13495.89,0.9954,STAY_ACTIVE,13495.8896484375
9468.0,9483.113,0.9984,STAY_ACTIVE,9483.11328125
21000.0,21000.049,1.0,STAY_ACTIVE,21000.048828125
3000.0,3000.4214,0.9999,SCALE_DOWN,3000.0
16889.7,16829.264,0.9964,STAY_ACTIVE,16829.263671875
3000.0,3000.4214,0.9999,SCALE_DOWN,3000.0
21000.0,20995.805,0.9998,STAY_ACTIVE,20995.8046875
3000.0,3000.4214,0.9999,SCALE_DOWN,3000.0
11134.2,11143.742,0.9991,STAY_ACTIVE,11143.7421875
5080.799999999999,5093.663,0.9975,SCALE_DOWN,3000.0
5369.4,5380.761,0.9979,SCALE_DOWN,3000.0
4198.5,4234.6406,0.9914,SCALE_DOWN,3000.0
3240.0,3237.695,0.9993,SCALE_DOWN,3000.0
3000.0,3000.4214,0.9999,SCALE_DOWN,3000.0
5941.5,5950.926,0.9984,SCALE_DOWN,3000.0
19487.7,19330.469,0.9919,STAY_ACTIVE,19330.46875
5858.1,5883.455,0.9957,SCALE_DOWN,3000.0
21000.0,21013.477,0.9994,STAY_ACTIVE,21013.4765625
6780.3,6781.8384,0.9998,SCALE_DOWN,3000.0
21000.0,21000.047,1.0,STAY_ACTIVE,21000.046875
3000.0,3000.4214,0.9999,SCALE_DOWN,3000.0
18026.1,17951.25,0.9958,STAY_ACTIVE,17951.25
21000.0,21000.047,1.0,STAY_ACTIVE,21000.046875
3000.0,3000.4214,0.9999,SCALE_DOWN,3000.0
3000.0,3000.4214,0.9999,SCALE_DOWN,3000.0
14530.8,14518.365,0.9991,STAY_ACTIVE,14518.365234375
13868.7,13814.221,0.9961,STAY_ACTIVE,13814.220703125
21000.0,21000.639,1.0,STAY_ACTIVE,21000.638671875
7508.1,7505.1504,0.9996,SCALE_DOWN,3000.0
6974.1,6954.626,0.9972,SCALE_DOWN,3000.0
3000.0,3000.4214,0.9999,SCALE_DOWN,3000.0
21000.0,21001.38,0.9999,STAY_ACTIVE,21001.380859375
10666.8,10679.841,0.9988,STAY_ACTIVE,10679.8408203125
17292.600000000002,17196.668,0.9945,STAY_ACTIVE,17196.66796875
14626.2,14700.46,0.9949,STAY_ACTIVE,14700.4599609375
3000.0,3000.4214,0.9999,SCALE_DOWN,3000.0
3000.0,3000.4214,0.9999,SCALE_DOWN,3000.0
3736.5,3718.304,0.9951,SCALE_DOWN,3000.0
6044.700000000001,6036.618,0.9987,SCALE_DOWN,3000.0
21000.0,21000.078,1.0,STAY_ACTIVE,21000.078125
15543.0,15511.89,0.998,STAY_ACTIVE,15511.8896484375
10701.0,10695.449,0.9995,STAY_ACTIVE,10695.44921875
21000.0,20999.852,1.0,STAY_ACTIVE,20999.8515625
6336.9,6318.6934,0.9971,SCALE_DOWN,3000.0
5774.7,5827.794,0.9908,SCALE_DOWN,3000.0
4986.3,5007.9087,0.9957,SCALE_DOWN,3000.0
13866.6,13936.473,0.995,STAY_ACTIVE,13936.47265625
9586.8,9615.167,0.997,STAY_ACTIVE,9615.1669921875
10543.2,10521.78,0.998,STAY_ACTIVE,10521.7802734375
7641.9,7602.279,0.9948,SCALE_DOWN,3000.0
3620.7,3615.903,0.9987,SCALE_DOWN,3000.0
21000.0,21000.078,1.0,STAY_ACTIVE,21000.078125
8634.9,8626.158,0.999,SCALE_DOWN,3000.0
16445.4,16378.129,0.9959,STAY_ACTIVE,16378.12890625
21000.0,20999.13,1.0,STAY_ACTIVE,20999.130859375
4092.0,4067.3828,0.994,SCALE_DOWN,3000.0
3425.7000000000003,3367.5513,0.983,SCALE_DOWN,3000.0
3000.0,3000.4214,0.9999,SCALE_DOWN,3000.0
6195.0,6190.1646,0.9992,SCALE_DOWN,3000.0
21000.0,21000.078,1.0,STAY_ACTIVE,21000.078125
3000.0,3000.4214,0.9999,SCALE_DOWN,3000.0
3000.0,3000.4214,0.9999,SCALE_DOWN,3000.0
21000.0,21017.78,0.9992,STAY_ACTIVE,21017.779296875
5048.4,5035.1587,0.9974,SCALE_DOWN,3000.0
3000.0,3000.4214,0.9999,SCALE_DOWN,3000.0
4264.8,4250.3716,0.9966,SCALE_DOWN,3000.0
15605.999999999998,15604.314,0.9999,STAY_ACTIVE,15604.314453125
5477.1,5475.459,0.9997,SCALE_DOWN,3000.0
21000.0,21000.047,1.0,STAY_ACTIVE,21000.046875
21000.0,21000.049,1.0,STAY_ACTIVE,21000.048828125
18296.1,18148.248,0.9919,STAY_ACTIVE,18148.248046875
3000.0,3000.4214,0.9999,SCALE_DOWN,3000.0
21000.0,20982.957,0.9992,STAY_ACTIVE,20982.95703125
3000.0,3000.4214,0.9999,SCALE_DOWN,3000.0
3000.0,3000.4214,0.9999,SCALE_DOWN,3000.0
3000.0,3000.4214,0.9999,SCALE_DOWN,3000.0
4332.9,4329.8965,0.9993,SCALE_DOWN,3000.0
3821.7,3849.1792,0.9928,SCALE_DOWN,3000.0
21000.0,21000.049,1.0,STAY_ACTIVE,21000.048828125
9552.0,9521.415,0.9968,STAY_ACTIVE,9521.4150390625
3151.2000000000003,3153.412,0.9993,SCALE_DOWN,3000.0
3000.0,3000.4214,0.9999,SCALE_DOWN,3000.0
6493.200000000001,6488.8955,0.9993,SCALE_DOWN,3000.0
3000.0,3000.4214,0.9999,SCALE_DOWN,3000.0
6410.700000000001,6400.2075,0.9984,SCALE_DOWN,3000.0
5787.9,5758.715,0.995,SCALE_DOWN,3000.0
21000.0,21016.535,0.9992,STAY_ACTIVE,21016.53515625
3000.0,3000.4214,0.9999,SCALE_DOWN,3000.0
21000.0,20994.686,0.9997,STAY_ACTIVE,20994.685546875
9240.3,9216.78,0.9975,STAY_ACTIVE,9216.7802734375
3000.0,3000.4214,0.9999,SCALE_DOWN,3000.0
13625.1,13574.235,0.9963,STAY_ACTIVE,13574.2353515625
12498.0,12481.415,0.9987,STAY_ACTIVE,12481.4150390625
16427.4,16364.562,0.9962,STAY_ACTIVE,16364.5615234375
8184.6,8198.587,0.9983,SCALE_DOWN,3000.0
6324.9,6315.3813,0.9985,SCALE_DOWN,3000.0
5490.6,5500.115,0.9983,SCALE_DOWN,3000.0
12496.8,12474.033,0.9982,STAY_ACTIVE,12474.033203125
20501.4,20554.14,0.9974,STAY_ACTIVE,20554.140625
21000.0,21000.027,1.0,STAY_ACTIVE,21000.02734375
21000.0,21000.195,1.0,STAY_ACTIVE,21000.1953125
3000.0,3000.4214,0.9999,SCALE_DOWN,3000.0
3000.0,3000.4214,0.9999,SCALE_DOWN,3000.0
4683.3,4666.9897,0.9965,SCALE_DOWN,3000.0
8672.1,8646.449,0.997,SCALE_DOWN,3000.0
13905.6,13864.727,0.9971,STAY_ACTIVE,13864.7265625
5481.3,5528.196,0.9914,SCALE_DOWN,3000.0
18376.8,18406.094,0.9984,STAY_ACTIVE,18406.09375
6504.0,6494.91,0.9986,SCALE_DOWN,3000.0
11074.2,11141.95,0.9939,STAY_ACTIVE,11141.9501953125
3000.0,3000.4214,0.9999,SCALE_DOWN,3000.0
21000.0,21000.049,1.0,STAY_ACTIVE,21000.048828125
8658.6,8658.76,1.0,SCALE_DOWN,3000.0
20182.500000000004,20071.795,0.9945,STAY_ACTIVE,20071.794921875
9861.600000000002,9847.036,0.9985,STAY_ACTIVE,9847.0361328125
3000.0,3000.4214,0.9999,SCALE_DOWN,3000.0
21000.0,21000.078,1.0,STAY_ACTIVE,21000.078125
6079.2,6117.825,0.9936,SCALE_DOWN,3000.0
3000.0,3000.4214,0.9999,SCALE_DOWN,3000.0
15767.1,15789.166,0.9986,STAY_ACTIVE,15789.166015625
8742.9,8741.597,0.9999,SCALE_DOWN,3000.0
21000.0,21000.047,1.0,STAY_ACTIVE,21000.046875
17533.5,17472.91,0.9965,STAY_ACTIVE,17472.91015625
5752.5,5723.892,0.995,SCALE_DOWN,3000.0
3000.0,3000.4214,0.9999,SCALE_DOWN,3000.0
21000.0,20916.812,0.996,STAY_ACTIVE,20916.8125
3000.0,3000.4214,0.9999,SCALE_DOWN,3000.0
21000.0,21005.38,0.9997,STAY_ACTIVE,21005.380859375
21000.0,21000.049,1.0,STAY_ACTIVE,21000.048828125
21000.0,21000.984,1.0,STAY_ACTIVE,21000.984375
8856.9,8888.187,0.9965,SCALE_DOWN,3000.0
21000.0,20998.107,0.9999,STAY_ACTIVE,20998.107421875
17732.4,17741.697,0.9995,STAY_ACTIVE,17741.697265625
21000.0,21000.281,1.0,STAY_ACTIVE,21000.28125
5875.2,5893.0703,0.997,SCALE_DOWN,3000.0
3992.7,3986.9214,0.9986,SCALE_DOWN,3000.0
9905.7,9926.565,0.9979,STAY_ACTIVE,9926.5654296875
14697.6,14615.429,0.9944,STAY_ACTIVE,14615.4287109375
5310.6,5311.113,0.9999,SCALE_DOWN,3000.0
5515.5,5498.1626,0.9969,SCALE_DOWN,3000.0
21000.0,20984.797,0.9993,STAY_ACTIVE,20984.796875
6137.4,6101.9165,0.9942,SCALE_DOWN,3000.0
21000.0,21000.047,1.0,STAY_ACTIVE,21000.046875
4780.5,4787.5986,0.9985,SCALE_DOWN,3000.0
7866.6,7853.1904,0.9983,SCALE_DOWN,3000.0
3000.0,3000.4214,0.9999,SCALE_DOWN,3000.0
21000.0,20998.205,0.9999,STAY_ACTIVE,20998.205078125
3000.0,3000.4214,0.9999,SCALE_DOWN,3000.0
21000.0,21023.035,0.9989,STAY_ACTIVE,21023.03515625
3000.0,3000.4214,0.9999,SCALE_DOWN,3000.0
3000.0,3000.4214,0.9999,SCALE_DOWN,3000.0
3000.0,3000.4214,0.9999,SCALE_DOWN,3000.0
21000.0,21000.078,1.0,STAY_ACTIVE,21000.078125
8373.900000000001,8375.838,0.9998,SCALE_DOWN,3000.0
21000.0,21000.078,1.0,STAY_ACTIVE,21000.078125
19281.3,19274.791,0.9997,STAY_ACTIVE,19274.791015625
10309.5,10295.425,0.9986,STAY_ACTIVE,10295.4248046875
3348.9000000000005,3360.6467,0.9965,SCALE_DOWN,3000.0
7666.5,7696.7295,0.9961,SCALE_DOWN,3000.0
21000.0,21000.242,1.0,STAY_ACTIVE,21000.2421875
3000.0,3000.4214,0.9999,SCALE_DOWN,3000.0
17963.7,17983.488,0.9989,STAY_ACTIVE,17983.48828125
3000.0,3000.4214,0.9999,SCALE_DOWN,3000.0
21000.0,21000.049,1.0,STAY_ACTIVE,21000.048828125
6085.5,6067.7725,0.9971,SCALE_DOWN,3000.0
17001.3,16962.264,0.9977,STAY_ACTIVE,16962.263671875
11191.8,11219.107,0.9976,STAY_ACTIVE,11219.107421875
3000.0,3000.4214,0.9999,SCALE_DOWN,3000.0
21000.0,20998.3,0.9999,STAY_ACTIVE,20998.30078125
9964.8,10001.875,0.9963,STAY_ACTIVE,10001.875
9635.1,9622.533,0.9987,STAY_ACTIVE,9622.533203125
21000.0,21000.047,1.0,STAY_ACTIVE,21000.046875
17435.399999999998,17535.523,0.9943,STAY_ACTIVE,17535.5234375
3295.8,3318.2031,0.9932,SCALE_DOWN,3000.0
8668.2,8676.891,0.999,SCALE_DOWN,3000.0
5916.0,5897.876,0.9969,SCALE_DOWN,3000.0
4231.799999999999,4230.118,0.9996,SCALE_DOWN,3000.0
3000.0,3000.4214,0.9999,SCALE_DOWN,3000.0
3000.0,3000.4214,0.9999,SCALE_DOWN,3000.0
7002.000000000001,6996.378,0.9992,SCALE_DOWN,3000.0
21000.0,21000.047,1.0,STAY_ACTIVE,21000.046875
21000.0,21000.047,1.0,STAY_ACTIVE,21000.046875
3813.0,3819.919,0.9982,SCALE_DOWN,3000.0
3000.0,3000.4214,0.9999,SCALE_DOWN,3000.0
7659.300000000001,7622.642,0.9952,SCALE_DOWN,3000.0
3000.0,3000.4214,0.9999,SCALE_DOWN,3000.0
10069.8,10016.803,0.9947,STAY_ACTIVE,10016.802734375
21000.0,21000.047,1.0,STAY_ACTIVE,21000.046875
6484.500000000001,6496.1914,0.9982,SCALE_DOWN,3000.0
3000.0,3000.4214,0.9999,SCALE_DOWN,3000.0
3000.0,3000.4214,0.9999,SCALE_DOWN,3000.0
16980.600000000002,17100.346,0.9929,STAY_ACTIVE,17100.345703125
16968.600000000002,16980.926,0.9993,STAY_ACTIVE,16980.92578125
7032.9,7038.4224,0.9992,SCALE_DOWN,3000.0
3000.0,3000.4214,0.9999,SCALE_DOWN,3000.0
20401.8,20336.342,0.9968,STAY_ACTIVE,20336.341796875
19542.9,19798.941,0.9869,STAY_ACTIVE,19798.94140625
3000.0,3000.4214,0.9999,SCALE_DOWN,3000.0
5429.1,5477.9326,0.991,SCALE_DOWN,3000.0
21000.0,21000.049,1.0,STAY_ACTIVE,21000.048828125
16298.1,16299.889,0.9999,STAY_ACTIVE,16299.888671875
14359.8,14347.652,0.9992,STAY_ACTIVE,14347.65234375
4154.1,4148.3906,0.9986,SCALE_DOWN,3000.0
12976.8,12971.617,0.9996,STAY_ACTIVE,12971.6171875
14151.0,14088.2705,0.9956,STAY_ACTIVE,14088.2705078125
15560.7,15559.991,1.0,STAY_ACTIVE,15559.9912109375
3000.0,3000.4214,0.9999,SCALE_DOWN,3000.0
3000.0,3000.4214,0.9999,SCALE_DOWN,3000.0
21000.0,21000.078,1.0,STAY_ACTIVE,21000.078125
3000.0,3000.4214,0.9999,SCALE_DOWN,3000.0
3000.0,3000.4214,0.9999,SCALE_DOWN,3000.0
9431.4,9505.42,0.9922,STAY_ACTIVE,9505.419921875
21000.0,21000.047,1.0,STAY_ACTIVE,21000.046875
21000.0,21000.047,1.0,STAY_ACTIVE,21000.046875
3000.0,3000.4214,0.9999,SCALE_DOWN,3000.0
19416.300000000003,19556.748,0.9928,STAY_ACTIVE,19556.748046875
3000.0,3000.4214,0.9999,SCALE_DOWN,3000.0
12933.0,13003.922,0.9945,STAY_ACTIVE,13003.921875
15106.500000000002,14962.61,0.9905,STAY_ACTIVE,14962.6103515625
7137.0,7182.9097,0.9936,SCALE_DOWN,3000.0
10952.7,10920.161,0.997,STAY_ACTIVE,10920.1611328125
9657.6,9596.33,0.9937,STAY_ACTIVE,9596.330078125
13500.0,13407.221,0.9931,STAY_ACTIVE,13407.220703125
17078.4,17017.312,0.9964,STAY_ACTIVE,17017.3125
5103.0,5075.6577,0.9946,SCALE_DOWN,3000.0
7627.200000000001,7651.9355,0.9968,SCALE_DOWN,3000.0
3000.0,3000.4214,0.9999,SCALE_DOWN,3000.0
3346.8,3359.9312,0.9961,SCALE_DOWN,3000.0
21000.0,21000.639,1.0,STAY_ACTIVE,21000.638671875
3000.0,3000.4214,0.9999,SCALE_DOWN,3000.0
21000.0,21000.047,1.0,STAY_ACTIVE,21000.046875
3000.0,3000.4214,0.9999,SCALE_DOWN,3000.0
21000.0,21000.078,1.0,STAY_ACTIVE,21000.078125
5589.9,5609.7563,0.9964,SCALE_DOWN,3000.0
3000.0,3000.4214,0.9999,SCALE_DOWN,3000.0
7120.8,7129.3657,0.9988,SCALE_DOWN,3000.0
12773.7,12795.72,0.9983,STAY_ACTIVE,12795.7197265625
3000.0,3000.4214,0.9999,SCALE_DOWN,3000.0
21000.0,20998.477,0.9999,STAY_ACTIVE,20998.4765625
6605.4,6603.133,0.9997,SCALE_DOWN,3000.0
21000.0,21014.521,0.9993,STAY_ACTIVE,21014.521484375
3000.0,3000.4214,0.9999,SCALE_DOWN,3000.0
14424.6,14358.64,0.9954,STAY_ACTIVE,14358.6396484375
21000.0,21018.418,0.9991,STAY_ACTIVE,21018.41796875
6604.5,6595.5854,0.9987,SCALE_DOWN,3000.0
21000.0,21000.049,1.0,STAY_ACTIVE,21000.048828125
3000.0,3000.4214,0.9999,SCALE_DOWN,3000.0
21000.0,21000.049,1.0,STAY_ACTIVE,21000.048828125
8217.9,8183.557,0.9958,SCALE_DOWN,3000.0
3903.6,3901.5952,0.9995,SCALE_DOWN,3000.0
9339.0,9340.003,0.9999,STAY_ACTIVE,9340.0029296875
21000.0,21000.047,1.0,STAY_ACTIVE,21000.046875
21000.0,21000.25,1.0,STAY_ACTIVE,21000.25
12158.7,12192.563,0.9972,STAY_ACTIVE,12192.5634765625
3000.0,3000.4214,0.9999,SCALE_DOWN,3000.0
21000.0,21000.25,1.0,STAY_ACTIVE,21000.25
3000.0,3000.4214,0.9999,SCALE_DOWN,3000.0
4264.200000000001,4241.355,0.9946,SCALE_DOWN,3000.0
3000.0,3000.4214,0.9999,SCALE_DOWN,3000.0
9545.4,9567.66,0.9977,STAY_ACTIVE,9567.66015625
3000.0,3000.4214,0.9999,SCALE_DOWN,3000.0
6380.700000000001,6361.1724,0.9969,SCALE_DOWN,3000.0
8342.4,8363.109,0.9975,SCALE_DOWN,3000.0
7029.0,7017.445,0.9984,SCALE_DOWN,3000.0
20942.4,20859.94,0.9961,STAY_ACTIVE,20859.939453125
4851.6,4854.182,0.9995,SCALE_DOWN,3000.0
3000.0,3000.4214,0.9999,SCALE_DOWN,3000.0
6407.1,6414.9287,0.9988,SCALE_DOWN,3000.0
3000.0,3000.4214,0.9999,SCALE_DOWN,3000.0
21000.0,21000.047,1.0,STAY_ACTIVE,21000.046875
10095.3,10121.711,0.9974,STAY_ACTIVE,10121.7109375
4537.8,4570.9697,0.9927,SCALE_DOWN,3000.0
3000.0,3000.4214,0.9999,SCALE_DOWN,3000.0
3000.0,3000.4214,0.9999,SCALE_DOWN,3000.0
3000.0,3000.4214,0.9999,SCALE_DOWN,3000.0
3557.7,3542.154,0.9956,SCALE_DOWN,3000.0
21000.0,20896.875,0.9951,STAY_ACTIVE,20896.875
8195.4,8171.651,0.9971,SCALE_DOWN,3000.0
4585.200000000001,4571.2812,0.997,SCALE_DOWN,3000.0
9586.5,9577.33,0.999,STAY_ACTIVE,9577.330078125
5952.0,5953.901,0.9997,SCALE_DOWN,3000.0
5586.6,5600.431,0.9975,SCALE_DOWN,3000.0
3000.0,3000.4214,0.9999,SCALE_DOWN,3000.0
3000.0,3000.4214,0.9999,SCALE_DOWN,3000.0
3000.0,3000.4214,0.9999,SCALE_DOWN,3000.0
19863.0,19921.012,0.9971,STAY_ACTIVE,19921.01171875
7461.9,7428.763,0.9956,SCALE_DOWN,3000.0
3000.0,3000.4214,0.9999,SCALE_DOWN,3000.0
3125.7000000000003,3118.0403,0.9975,SCALE_DOWN,3000.0
3000.0,3000.4214,0.9999,SCALE_DOWN,3000.0
3000.0,3000.4214,0.9999,SCALE_DOWN,3000.0
21000.0,20999.852,1.0,STAY_ACTIVE,20999.8515625
10609.5,10620.983,0.9989,STAY_ACTIVE,10620.9833984375
3383.4,3353.607,0.9912,SCALE_DOWN,3000.0
11663.4,11708.913,0.9961,STAY_ACTIVE,11708.9130859375
9816.6,9804.724,0.9988,STAY_ACTIVE,9804.7236328125
3000.0,3000.4214,0.9999,SCALE_DOWN,3000.0
19051.2,19019.043,0.9983,STAY_ACTIVE,19019.04296875
7946.1,7940.22,0.9993,SCALE_DOWN,3000.0
3000.0,3000.4214,0.9999,SCALE_DOWN,3000.0
4846.800000000001,4845.3286,0.9997,SCALE_DOWN,3000.0
21000.0,21000.078,1.0,STAY_ACTIVE,21000.078125
6110.700000000001,6083.2705,0.9955,SCALE_DOWN,3000.0
3000.0,3000.4214,0.9999,SCALE_DOWN,3000.0
6395.1,6411.747,0.9974,SCALE_DOWN,3000.0
3000.0,3000.4214,0.9999,SCALE_DOWN,3000.0
3000.0,3000.4214,0.9999,SCALE_DOWN,3000.0
5819.1,5822.565,0.9994,SCALE_DOWN,3000.0
14753.4,14707.574,0.9969,STAY_ACTIVE,14707.57421875
15101.1,15072.982,0.9981,STAY_ACTIVE,15072.982421875
3000.0,3000.4214,0.9999,SCALE_DOWN,3000.0
21000.0,21000.078,1.0,STAY_ACTIVE,21000.078125
5314.200000000001,5309.729,0.9992,SCALE_DOWN,3000.0
10408.8,10417.82,0.9991,STAY_ACTIVE,10417.8203125
9249.3,9386.796,0.9851,STAY_ACTIVE,9386.7958984375
3144.2999999999997,3132.0996,0.9961,SCALE_DOWN,3000.0
5808.9,5814.715,0.999,SCALE_DOWN,3000.0
12136.2,12130.697,0.9995,STAY_ACTIVE,12130.697265625
3000.0,3000.4214,0.9999,SCALE_DOWN,3000.0
4739.1,4721.827,0.9964,SCALE_DOWN,3000.0
13504.800000000005,13514.887,0.9993,STAY_ACTIVE,13514.88671875
21000.0,21000.049,1.0,STAY_ACTIVE,21000.048828125
3000.0,3000.4214,0.9999,SCALE_DOWN,3000.0
3000.0,3000.4214,0.9999,SCALE_DOWN,3000.0
17995.5,17956.44,0.9978,STAY_ACTIVE,17956.439453125
3000.0,3000.4214,0.9999,SCALE_DOWN,3000.0
7483.200000000001,7417.747,0.9913,SCALE_DOWN,3000.0
8319.3,8344.042,0.997,SCALE_DOWN,3000.0
3000.0,3000.4214,0.9999,SCALE_DOWN,3000.0
5690.4,5672.005,0.9968,SCALE_DOWN,3000.0
3000.0,3000.4214,0.9999,SCALE_DOWN,3000.0
3000.0,3000.4214,0.9999,SCALE_DOWN,3000.0
11124.3,11079.324,0.996,STAY_ACTIVE,11079.32421875
3000.0,3000.4214,0.9999,SCALE_DOWN,3000.0
7206.3,7195.6826,0.9985,SCALE_DOWN,3000.0
10611.6,10654.956,0.9959,STAY_ACTIVE,10654.9560546875
7323.6,7307.1562,0.9978,SCALE_DOWN,3000.0
3000.0,3000.4214,0.9999,SCALE_DOWN,3000.0
3000.0,3000.4214,0.9999,SCALE_DOWN,3000.0
7474.5,7487.277,0.9983,SCALE_DOWN,3000.0
9078.6,9111.833,0.9963,STAY_ACTIVE,9111.8330078125
3000.0,3000.4214,0.9999,SCALE_DOWN,3000.0
19413.0,19454.611,0.9979,STAY_ACTIVE,19454.611328125
16962.600000000002,17007.553,0.9973,STAY_ACTIVE,17007.552734375
3000.0,3000.4214,0.9999,SCALE_DOWN,3000.0
13959.0,13848.553,0.9921,STAY_ACTIVE,13848.552734375
14265.6,14171.9795,0.9934,STAY_ACTIVE,14171.9794921875
3421.2,3416.7468,0.9987,SCALE_DOWN,3000.0
3000.0,3000.4214,0.9999,SCALE_DOWN,3000.0
4888.5,4874.9136,0.9972,SCALE_DOWN,3000.0
3000.0,3000.4214,0.9999,SCALE_DOWN,3000.0
3000.0,3000.4214,0.9999,SCALE_DOWN,3000.0
7703.1,7708.4424,0.9993,SCALE_DOWN,3000.0
21000.0,21000.049,1.0,STAY_ACTIVE,21000.048828125
21000.0,21000.047,1.0,STAY_ACTIVE,21000.046875
21000.0,21000.047,1.0,STAY_ACTIVE,21000.046875
3000.0,3000.4214,0.9999,SCALE_DOWN,3000.0
21000.0,21000.078,1.0,STAY_ACTIVE,21000.078125
21000.0,21002.28,0.9999,STAY_ACTIVE,21002.279296875
3000.0,3000.4214,0.9999,SCALE_DOWN,3000.0
3000.0,3000.4214,0.9999,SCALE_DOWN,3000.0
21000.0,21000.047,1.0,STAY_ACTIVE,21000.046875
3000.0,3000.4214,0.9999,SCALE_DOWN,3000.0
13369.500000000002,13345.221,0.9982,STAY_ACTIVE,13345.220703125
9230.1,9167.74,0.9932,STAY_ACTIVE,9167.740234375
6617.1,6607.4404,0.9985,SCALE_DOWN,3000.0
3000.0,3000.4214,0.9999,SCALE_DOWN,3000.0
16405.5,16356.567,0.997,STAY_ACTIVE,16356.5673828125
6954.6,6974.0303,0.9972,SCALE_DOWN,3000.0
8953.2,8985.305,0.9964,SCALE_DOWN,3000.0
21000.0,21000.047,1.0,STAY_ACTIVE,21000.046875
4361.1,4374.575,0.9969,SCALE_DOWN,3000.0
13565.7,13579.193,0.999,STAY_ACTIVE,13579.193359375
21000.0,21000.078,1.0,STAY_ACTIVE,21000.078125
3000.0,3000.4214,0.9999,SCALE_DOWN,3000.0
3000.0,3000.4214,0.9999,SCALE_DOWN,3000.0
3000.0,3000.4214,0.9999,SCALE_DOWN,3000.0
21000.0,20999.852,1.0,STAY_ACTIVE,20999.8515625
3981.6,4003.8665,0.9944,SCALE_DOWN,3000.0
3000.0,3000.4214,0.9999,SCALE_DOWN,3000.0
3000.0,3000.4214,0.9999,SCALE_DOWN,3000.0
11069.4,11048.198,0.9981,STAY_ACTIVE,11048.1982421875
21000.0,21000.121,1.0,STAY_ACTIVE,21000.12109375
8820.0,8860.176,0.9954,SCALE_DOWN,3000.0
4582.5,4573.1265,0.998,SCALE_DOWN,3000.0
14263.8,14336.984,0.9949,STAY_ACTIVE,14336.984375
21000.0,21000.078,1.0,STAY_ACTIVE,21000.078125
10839.6,10991.02,0.986,STAY_ACTIVE,10991.01953125
21000.0,20999.469,1.0,STAY_ACTIVE,20999.46875
8673.0,8687.666,0.9983,SCALE_DOWN,3000.0
7073.1,7060.0728,0.9982,SCALE_DOWN,3000.0
14762.4,14715.891,0.9968,STAY_ACTIVE,14715.890625
7774.800000000001,7757.029,0.9977,SCALE_DOWN,3000.0
3000.0,3000.4214,0.9999,SCALE_DOWN,3000.0
5599.8,5597.2993,0.9996,SCALE_DOWN,3000.0
3000.0,3000.4214,0.9999,SCALE_DOWN,3000.0
4946.4,4926.8745,0.9961,SCALE_DOWN,3000.0
4735.2,4716.6626,0.9961,SCALE_DOWN,3000.0
21000.0,21000.047,1.0,STAY_ACTIVE,21000.046875
3000.0,3000.4214,0.9999,SCALE_DOWN,3000.0
3000.0,3000.4214,0.9999,SCALE_DOWN,3000.0
3000.0,3000.4214,0.9999,SCALE_DOWN,3000.0
21000.0,21000.047,1.0,STAY_ACTIVE,21000.046875
21000.0,21000.047,1.0,STAY_ACTIVE,21000.046875
8019.3,8001.318,0.9978,SCALE_DOWN,3000.0
20451.6,20485.0,0.9984,STAY_ACTIVE,20485.0
3000.0,3000.4214,0.9999,SCALE_DOWN,3000.0
17791.500000000004,17627.432,0.9908,STAY_ACTIVE,17627.431640625
6929.699999999999,6954.757,0.9964,SCALE_DOWN,3000.0
12615.3,12566.841,0.9962,STAY_ACTIVE,12566.8408203125
3000.0,3000.4214,0.9999,SCALE_DOWN,3000.0
14036.4,13987.269,0.9965,STAY_ACTIVE,13987.2685546875
19247.1,19284.424,0.9981,STAY_ACTIVE,19284.423828125
21000.0,20999.852,1.0,STAY_ACTIVE,20999.8515625
21000.0,21043.7,0.9979,STAY_ACTIVE,21043.69921875
5775.9,5782.773,0.9988,SCALE_DOWN,3000.0
3000.0,3000.4214,0.9999,SCALE_DOWN,3000.0
7161.6,7097.9966,0.9911,SCALE_DOWN,3000.0
3000.0,3000.4214,0.9999,SCALE_DOWN,3000.0
12447.9,12474.033,0.9979,STAY_ACTIVE,12474.033203125
5007.6,5022.644,0.997,SCALE_DOWN,3000.0
8304.0,8285.408,0.9978,SCALE_DOWN,3000.0
21000.0,21000.047,1.0,STAY_ACTIVE,21000.046875
14384.7,14384.575,1.0,STAY_ACTIVE,14384.5751953125
21000.0,21000.047,1.0,STAY_ACTIVE,21000.046875
7698.9000000000015,7668.739,0.9961,SCALE_DOWN,3000.0
3000.0,3000.4214,0.9999,SCALE_DOWN,3000.0
5239.5,5262.245,0.9957,SCALE_DOWN,3000.0
7069.2,7085.556,0.9977,SCALE_DOWN,3000.0
6237.6,6217.914,0.9968,SCALE_DOWN,3000.0
18885.6,18874.406,0.9994,STAY_ACTIVE,18874.40625
5583.6,5573.9097,0.9983,SCALE_DOWN,3000.0
9630.9,9651.254,0.9979,STAY_ACTIVE,9651.25390625
21000.0,20934.014,0.9969,STAY_ACTIVE,20934.013671875
21000.0,21000.047,1.0,STAY_ACTIVE,21000.046875
3000.0,3000.4214,0.9999,SCALE_DOWN,3000.0
6420.6,6417.671,0.9995,SCALE_DOWN,3000.0
14768.1,14755.755,0.9992,STAY_ACTIVE,14755.7548828125
21000.0,20994.39,0.9997,STAY_ACTIVE,20994.390625
10152.6,10153.974,0.9999,STAY_ACTIVE,10153.9736328125
3000.0,3000.4214,0.9999,SCALE_DOWN,3000.0
21000.0,21000.047,1.0,STAY_ACTIVE,21000.046875
5483.4,5512.386,0.9947,SCALE_DOWN,3000.0
15708.6,15658.864,0.9968,STAY_ACTIVE,15658.8642578125
4916.4,4902.6553,0.9972,SCALE_DOWN,3000.0
3000.0,3000.4214,0.9999,SCALE_DOWN,3000.0
3000.0,3000.4214,0.9999,SCALE_DOWN,3000.0
3000.0,3000.4214,0.9999,SCALE_DOWN,3000.0
19594.5,19795.838,0.9897,STAY_ACTIVE,19795.837890625
3000.0,3000.4214,0.9999,SCALE_DOWN,3000.0
21000.0,21000.047,1.0,STAY_ACTIVE,21000.046875
3000.0,3000.4214,0.9999,SCALE_DOWN,3000.0
3000.0,3000.4214,0.9999,SCALE_DOWN,3000.0
21000.0,21000.047,1.0,STAY_ACTIVE,21000.046875
21000.0,20928.727,0.9966,STAY_ACTIVE,20928.7265625
14890.8,14909.004,0.9988,STAY_ACTIVE,14909.00390625
20979.6,20916.777,0.997,STAY_ACTIVE,20916.77734375
21000.0,21000.047,1.0,STAY_ACTIVE,21000.046875
21000.0,20999.852,1.0,STAY_ACTIVE,20999.8515625
11405.1,11374.115,0.9973,STAY_ACTIVE,11374.115234375
21000.0,21000.047,1.0,STAY_ACTIVE,21000.046875
3000.0,3000.4214,0.9999,SCALE_DOWN,3000.0
3000.0,3000.4214,0.9999,SCALE_DOWN,3000.0
14294.4,14312.87,0.9987,STAY_ACTIVE,14312.8701171875
3000.0,3000.4214,0.9999,SCALE_DOWN,3000.0
21000.0,21000.047,1.0,STAY_ACTIVE,21000.046875
21000.0,20982.828,0.9992,STAY_ACTIVE,20982.828125
21000.0,21001.412,0.9999,STAY_ACTIVE,21001.412109375
20658.9,20604.816,0.9974,STAY_ACTIVE,20604.81640625
3000.0,3000.4214,0.9999,SCALE_DOWN,3000.0
10439.1,10505.35,0.9937,STAY_ACTIVE,10505.349609375
13591.5,13545.227,0.9966,STAY_ACTIVE,13545.2265625
3000.0,3000.4214,0.9999,SCALE_DOWN,3000.0
3000.0,3000.4214,0.9999,SCALE_DOWN,3000.0
21000.0,21000.078,1.0,STAY_ACTIVE,21000.078125
3710.1,3679.989,0.9919,SCALE_DOWN,3000.0
6021.3,6055.5845,0.9943,SCALE_DOWN,3000.0
8895.900000000001,8896.238,1.0,SCALE_DOWN,3000.0
21000.0,21000.047,1.0,STAY_ACTIVE,21000.046875
11362.5,11360.822,0.9999,STAY_ACTIVE,11360.822265625
3000.0,3000.4214,0.9999,SCALE_DOWN,3000.0
4639.2,4647.318,0.9983,SCALE_DOWN,3000.0
3000.0,3000.4214,0.9999,SCALE_DOWN,3000.0
21000.0,21000.078,1.0,STAY_ACTIVE,21000.078125
15093.6,15064.196,0.9981,STAY_ACTIVE,15064.1962890625
3000.0,3000.4214,0.9999,SCALE_DOWN,3000.0
6209.1,6218.4653,0.9985,SCALE_DOWN,3000.0
21000.0,20983.314,0.9992,STAY_ACTIVE,20983.314453125
3000.0,3000.4214,0.9999,SCALE_DOWN,3000.0
16333.8,16358.247,0.9985,STAY_ACTIVE,16358.2470703125
15816.900000000003,15860.08,0.9973,STAY_ACTIVE,15860.080078125
18786.300000000003,18718.877,0.9964,STAY_ACTIVE,18718.876953125
10049.1,10093.046,0.9956,STAY_ACTIVE,10093.0458984375
3000.0,3000.4214,0.9999,SCALE_DOWN,3000.0
17475.899999999998,17359.332,0.9933,STAY_ACTIVE,17359.33203125
7353.3,7373.6113,0.9972,SCALE_DOWN,3000.0
3000.0,3000.4214,0.9999,SCALE_DOWN,3000.0
11143.2,11104.5,0.9965,STAY_ACTIVE,11104.5
8724.0,8668.305,0.9936,SCALE_DOWN,3000.0
5048.1,5058.768,0.9979,SCALE_DOWN,3000.0
6170.400000000001,6307.6064,0.9778,SCALE_DOWN,3000.0
12201.6,12228.09,0.9978,STAY_ACTIVE,12228.08984375
3000.0,3000.4214,0.9999,SCALE_DOWN,3000.0
15933.0,15879.326,0.9966,STAY_ACTIVE,15879.326171875
3000.0,3000.4214,0.9999,SCALE_DOWN,3000.0
13383.6,13409.958,0.998,STAY_ACTIVE,13409.9580078125
3000.0,3000.4214,0.9999,SCALE_DOWN,3000.0
21000.0,21000.047,1.0,STAY_ACTIVE,21000.046875
3000.0,3000.4214,0.9999,SCALE_DOWN,3000.0
7662.9,7648.8647,0.9982,SCALE_DOWN,3000.0
4623.6,4641.2144,0.9962,SCALE_DOWN,3000.0
3000.0,3000.4214,0.9999,SCALE_DOWN,3000.0
21000.0,21018.656,0.9991,STAY_ACTIVE,21018.65625
3000.0,3000.4214,0.9999,SCALE_DOWN,3000.0
3000.0,3000.4214,0.9999,SCALE_DOWN,3000.0
7409.700000000001,7383.5537,0.9965,SCALE_DOWN,3000.0
11740.5,11671.237,0.9941,STAY_ACTIVE,11671.2373046875
21000.0,21000.045,1.0,STAY_ACTIVE,21000.044921875
10344.0,10327.708,0.9984,STAY_ACTIVE,10327.7080078125
19282.5,19203.102,0.9959,STAY_ACTIVE,19203.1015625
3000.0,3000.4214,0.9999,SCALE_DOWN,3000.0
9078.0,9092.384,0.9984,STAY_ACTIVE,9092.3837890625
21000.0,21000.049,1.0,STAY_ACTIVE,21000.048828125
19559.4,19713.312,0.9921,STAY_ACTIVE,19713.3125
21000.0,20998.424,0.9999,STAY_ACTIVE,20998.423828125
11957.7,12003.051,0.9962,STAY_ACTIVE,12003.05078125
3000.0,3000.4214,0.9999,SCALE_DOWN,3000.0
21000.0,21000.078,1.0,STAY_ACTIVE,21000.078125
17826.600000000002,17894.498,0.9962,STAY_ACTIVE,17894.498046875
15463.8,15420.405,0.9972,STAY_ACTIVE,15420.4052734375
3000.0,3000.4214,0.9999,SCALE_DOWN,3000.0
7512.300000000001,7524.583,0.9984,SCALE_DOWN,3000.0
3705.6,3727.7507,0.994,SCALE_DOWN,3000.0
3000.0,3000.4214,0.9999,SCALE_DOWN,3000.0
21000.0,21000.25,1.0,STAY_ACTIVE,21000.25
21000.0,21000.121,1.0,STAY_ACTIVE,21000.12109375
7417.500000000001,7416.8013,0.9999,SCALE_DOWN,3000.0
10666.5,10688.596,0.9979,STAY_ACTIVE,10688.595703125
3000.0,3000.4214,0.9999,SCALE_DOWN,3000.0
12490.5,12484.177,0.9995,STAY_ACTIVE,12484.1767578125
18522.9,18366.705,0.9916,STAY_ACTIVE,18366.705078125
3000.0,3000.4214,0.9999,SCALE_DOWN,3000.0
17194.5,17174.67,0.9988,STAY_ACTIVE,17174.669921875
9186.3,9196.253,0.9989,STAY_ACTIVE,9196.2529296875
6210.3,6198.5815,0.9981,SCALE_DOWN,3000.0
6730.5,6752.2876,0.9968,SCALE_DOWN,3000.0
12207.9,12194.32,0.9989,STAY_ACTIVE,12194.3203125
21000.0,21000.078,1.0,STAY_ACTIVE,21000.078125
21000.0,21000.047,1.0,STAY_ACTIVE,21000.046875
21000.0,21000.049,1.0,STAY_ACTIVE,21000.048828125
11668.2,11922.879,0.9782,STAY_ACTIVE,11922.87890625
5181.9,5166.084,0.9969,SCALE_DOWN,3000.0
18198.6,18200.322,0.9999,STAY_ACTIVE,18200.322265625
21000.0,21000.25,1.0,STAY_ACTIVE,21000.25
15644.4,15643.102,0.9999,STAY_ACTIVE,15643.1015625
19480.8,19447.605,0.9983,STAY_ACTIVE,19447.60546875
9033.6,9048.764,0.9983,STAY_ACTIVE,9048.763671875
13302.3,13275.98,0.998,STAY_ACTIVE,13275.98046875
3000.0,3000.4214,0.9999,SCALE_DOWN,3000.0
18857.4,18933.125,0.996,STAY_ACTIVE,18933.125
12578.7,12626.818,0.9962,STAY_ACTIVE,12626.818359375
5116.5,5106.0376,0.998,SCALE_DOWN,3000.0
6732.6,6705.157,0.9959,SCALE_DOWN,3000.0
3000.0,3000.4214,0.9999,SCALE_DOWN,3000.0
3000.0,3000.4214,0.9999,SCALE_DOWN,3000.0
3000.0,3000.4214,0.9999,SCALE_DOWN,3000.0
10312.5,10285.061,0.9973,STAY_ACTIVE,10285.060546875
3000.0,3000.4214,0.9999,SCALE_DOWN,3000.0
21000.0,21000.047,1.0,STAY_ACTIVE,21000.046875
21000.0,21000.078,1.0,STAY_ACTIVE,21000.078125
3000.0,3000.4214,0.9999,SCALE_DOWN,3000.0
17291.100000000002,17231.25,0.9965,STAY_ACTIVE,17231.25
5279.1,5236.134,0.9919,SCALE_DOWN,3000.0
9914.1,9906.462,0.9992,STAY_ACTIVE,9906.4619140625
5448.6,5460.976,0.9977,SCALE_DOWN,3000.0
21000.0,21000.047,1.0,STAY_ACTIVE,21000.046875
21000.0,21000.049,1.0,STAY_ACTIVE,21000.048828125
3000.0,3000.4214,0.9999,SCALE_DOWN,3000.0
3000.0,3000.4214,0.9999,SCALE_DOWN,3000.0
3000.0,3000.4214,0.9999,SCALE_DOWN,3000.0
3000.0,3000.4214,0.9999,SCALE_DOWN,3000.0
3000.0,3000.4214,0.9999,SCALE_DOWN,3000.0
3000.0,3000.4214,0.9999,SCALE_DOWN,3000.0
21000.0,21000.078,1.0,STAY_ACTIVE,21000.078125
10636.5,10573.212,0.994,STAY_ACTIVE,10573.2119140625
12021.0,12019.144,0.9998,STAY_ACTIVE,12019.1435546875
6117.0,6136.5884,0.9968,SCALE_DOWN,3000.0
4986.9,5019.2734,0.9935,SCALE_DOWN,3000.0
3000.0,3000.4214,0.9999,SCALE_DOWN,3000.0
4044.6,4033.3123,0.9972,SCALE_DOWN,3000.0
3000.0,3000.4214,0.9999,SCALE_DOWN,3000.0
3000.0,3000.4214,0.9999,SCALE_DOWN,3000.0
3068.4,3038.9854,0.9904,SCALE_DOWN,3000.0
18328.500000000004,18304.52,0.9987,STAY_ACTIVE,18304.51953125
3000.0,3000.4214,0.9999,SCALE_DOWN,3000.0
21000.0,21000.047,1.0,STAY_ACTIVE,21000.046875
21000.0,21000.049,1.0,STAY_ACTIVE,21000.048828125
21000.0,21000.078,1.0,STAY_ACTIVE,21000.078125
5081.4,5093.794,0.9976,SCALE_DOWN,3000.0
3000.0,3000.4214,0.9999,SCALE_DOWN,3000.0
8965.5,8956.391,0.999,SCALE_DOWN,3000.0
21000.0,21014.951,0.9993,STAY_ACTIVE,21014.951171875
21000.0,21000.121,1.0,STAY_ACTIVE,21000.12109375
4600.2,4563.7153,0.9921,SCALE_DOWN,3000.0
10279.5,10269.028,0.999,STAY_ACTIVE,10269.0283203125
21000.0,20998.104,0.9999,STAY_ACTIVE,20998.103515625
13581.000000000002,13503.105,0.9943,STAY_ACTIVE,13503.10546875
3000.0,3000.4214,0.9999,SCALE_DOWN,3000.0
10590.9,10604.155,0.9987,STAY_ACTIVE,10604.1552734375
21000.0,21000.047,1.0,STAY_ACTIVE,21000.046875
21000.0,21000.293,1.0,STAY_ACTIVE,21000.29296875
3000.0,3000.4214,0.9999,SCALE_DOWN,3000.0
13740.9,13680.187,0.9956,STAY_ACTIVE,13680.1865234375
21000.0,21000.078,1.0,STAY_ACTIVE,21000.078125
15662.4,15675.363,0.9992,STAY_ACTIVE,15675.36328125
3000.0,3000.4214,0.9999,SCALE_DOWN,3000.0
6344.700000000001,6345.142,0.9999,SCALE_DOWN,3000.0
3000.0,3000.4214,0.9999,SCALE_DOWN,3000.0
3000.0,3000.4214,0.9999,SCALE_DOWN,3000.0
14478.9,14530.733,0.9964,STAY_ACTIVE,14530.7333984375
4302.6,4304.7427,0.9995,SCALE_DOWN,3000.0
20749.500000000004,20815.611,0.9968,STAY_ACTIVE,20815.611328125
3000.0,3000.4214,0.9999,SCALE_DOWN,3000.0
21000.0,20999.564,1.0,STAY_ACTIVE,20999.564453125
6896.700000000001,6897.521,0.9999,SCALE_DOWN,3000.0
16919.100000000002,17031.447,0.9934,STAY_ACTIVE,17031.447265625
21000.0,21000.047,1.0,STAY_ACTIVE,21000.046875
8851.800000000001,8860.156,0.9991,SCALE_DOWN,3000.0
8409.300000000001,8439.078,0.9965,SCALE_DOWN,3000.0
6493.5,6463.013,0.9953,SCALE_DOWN,3000.0
3000.0,3000.4214,0.9999,SCALE_DOWN,3000.0
3423.0,3411.822,0.9967,SCALE_DOWN,3000.0
8865.9,8890.798,0.9972,SCALE_DOWN,3000.0
9731.1,9737.815,0.9993,STAY_ACTIVE,9737.8154296875
3000.0,3000.4214,0.9999,SCALE_DOWN,3000.0
3000.0,3000.4214,0.9999,SCALE_DOWN,3000.0
4509.9,4529.896,0.9956,SCALE_DOWN,3000.0
9685.5,9633.333,0.9946,STAY_ACTIVE,9633.3330078125
16522.2,16628.535,0.9936,STAY_ACTIVE,16628.53515625
8143.5,8128.335,0.9981,SCALE_DOWN,3000.0
21000.0,21000.078,1.0,STAY_ACTIVE,21000.078125
12286.2,12334.268,0.9961,STAY_ACTIVE,12334.267578125
3057.0,3072.1436,0.995,SCALE_DOWN,3000.0
3000.0,3000.4214,0.9999,SCALE_DOWN,3000.0
18746.7,18845.387,0.9947,STAY_ACTIVE,18845.38671875
3000.0,3000.4214,0.9999,SCALE_DOWN,3000.0
3000.0,3000.4214,0.9999,SCALE_DOWN,3000.0
13503.6,13479.059,0.9982,STAY_ACTIVE,13479.05859375
16470.0,16590.021,0.9927,STAY_ACTIVE,16590.021484375
3000.0,3000.4214,0.9999,SCALE_DOWN,3000.0
21000.0,21000.078,1.0,STAY_ACTIVE,21000.078125
21000.0,21000.047,1.0,STAY_ACTIVE,21000.046875
5212.8,5223.6987,0.9979,SCALE_DOWN,3000.0
3000.0,3000.4214,0.9999,SCALE_DOWN,3000.0
9219.000000000002,9200.357,0.998,STAY_ACTIVE,9200.357421875
5491.2,5462.241,0.9947,SCALE_DOWN,3000.0
21000.0,20999.852,1.0,STAY_ACTIVE,20999.8515625
17205.899999999998,17240.305,0.998,STAY_ACTIVE,17240.3046875
3000.0,3000.4214,0.9999,SCALE_DOWN,3000.0
21000.0,20997.742,0.9999,STAY_ACTIVE,20997.7421875
3000.0,3000.4214,0.9999,SCALE_DOWN,3000.0
7059.9,7048.176,0.9983,SCALE_DOWN,3000.0
8518.8,8408.059,0.987,SCALE_DOWN,3000.0
21000.0,20999.852,1.0,STAY_ACTIVE,20999.8515625
3000.0,3000.4214,0.9999,SCALE_DOWN,3000.0
7273.5,7298.903,0.9965,SCALE_DOWN,3000.0
18800.699999999997,18988.16,0.99,STAY_ACTIVE,18988.16015625
3000.0,3000.4214,0.9999,SCALE_DOWN,3000.0
21000.0,21000.047,1.0,STAY_ACTIVE,21000.046875
8515.2,8502.789,0.9985,SCALE_DOWN,3000.0
3000.0,3000.4214,0.9999,SCALE_DOWN,3000.0
14761.8,14746.907,0.999,STAY_ACTIVE,14746.9072265625
21000.0,20999.318,1.0,STAY_ACTIVE,20999.318359375
5364.6,5334.185,0.9943,SCALE_DOWN,3000.0
3000.0,3000.4214,0.9999,SCALE_DOWN,3000.0
21000.0,21000.049,1.0,STAY_ACTIVE,21000.048828125
3000.0,3000.4214,0.9999,SCALE_DOWN,3000.0
21000.0,21000.078,1.0,STAY_ACTIVE,21000.078125
17394.300000000003,17405.205,0.9994,STAY_ACTIVE,17405.205078125
3000.0,3000.4214,0.9999,SCALE_DOWN,3000.0
21000.0,20998.826,0.9999,STAY_ACTIVE,20998.826171875
7596.300000000001,7588.3794,0.999,SCALE_DOWN,3000.0
7335.3,7335.537,1.0,SCALE_DOWN,3000.0
14549.1,14578.636,0.998,STAY_ACTIVE,14578.6357421875
21000.0,21000.047,1.0,STAY_ACTIVE,21000.046875
19530.9,19499.906,0.9984,STAY_ACTIVE,19499.90625
21000.0,20996.729,0.9998,STAY_ACTIVE,20996.728515625
3000.0,3000.4214,0.9999,SCALE_DOWN,3000.0
3000.0,3000.4214,0.9999,SCALE_DOWN,3000.0
18582.6,18444.754,0.9926,STAY_ACTIVE,18444.75390625
3000.0,3000.4214,0.9999,SCALE_DOWN,3000.0
16431.3,16413.102,0.9989,STAY_ACTIVE,16413.1015625
3000.0,3000.4214,0.9999,SCALE_DOWN,3000.0
3000.0,3000.4214,0.9999,SCALE_DOWN,3000.0
3000.0,3000.4214,0.9999,SCALE_DOWN,3000.0
13281.9,13240.694,0.9969,STAY_ACTIVE,13240.6943359375
16409.100000000002,16394.354,0.9991,STAY_ACTIVE,16394.353515625
3000.0,3000.4214,0.9999,SCALE_DOWN,3000.0
12531.3,12607.699,0.9939,STAY_ACTIVE,12607.69921875
5645.7,5635.825,0.9983,SCALE_DOWN,3000.0
3000.0,3000.4214,0.9999,SCALE_DOWN,3000.0
3000.0,3000.4214,0.9999,SCALE_DOWN,3000.0
4279.5,4288.748,0.9978,SCALE_DOWN,3000.0
21000.0,21000.047,1.0,STAY_ACTIVE,21000.046875
19359.3,19284.455,0.9961,STAY_ACTIVE,19284.455078125
3000.0,3000.4214,0.9999,SCALE_DOWN,3000.0
13365.9,13424.799,0.9956,STAY_ACTIVE,13424.798828125
3000.0,3000.4214,0.9999,SCALE_DOWN,3000.0
9366.3,9321.502,0.9952,STAY_ACTIVE,9321.501953125
3000.0,3000.4214,0.9999,SCALE_DOWN,3000.0
21000.0,21000.64,1.0,STAY_ACTIVE,21000.640625
21000.0,21000.078,1.0,STAY_ACTIVE,21000.078125
11265.3,11187.43,0.9931,STAY_ACTIVE,11187.4296875
5804.1,5797.5205,0.9989,SCALE_DOWN,3000.0
21000.0,21000.047,1.0,STAY_ACTIVE,21000.046875
4174.8,4127.327,0.9886,SCALE_DOWN,3000.0
3000.0,3000.4214,0.9999,SCALE_DOWN,3000.0
3000.0,3000.4214,0.9999,SCALE_DOWN,3000.0
3000.0,3000.4214,0.9999,SCALE_DOWN,3000.0
13323.000000000002,13309.475,0.999,STAY_ACTIVE,13309.474609375
3000.0,3000.4214,0.9999,SCALE_DOWN,3000.0
21000.0,20998.033,0.9999,STAY_ACTIVE,20998.033203125
18811.800000000003,18769.766,0.9978,STAY_ACTIVE,18769.765625
12210.9,12250.349,0.9968,STAY_ACTIVE,12250.3486328125
10627.5,10648.501,0.998,STAY_ACTIVE,10648.5009765625
3000.0,3000.4214,0.9999,SCALE_DOWN,3000.0
3000.0,3000.4214,0.9999,SCALE_DOWN,3000.0
8609.4,8571.128,0.9956,SCALE_DOWN,3000.0
3000.0,3000.4214,0.9999,SCALE_DOWN,3000.0
21000.0,21000.047,1.0,STAY_ACTIVE,21000.046875
3000.0,3000.4214,0.9999,SCALE_DOWN,3000.0
8900.4,8911.962,0.9987,SCALE_DOWN,3000.0
7981.2,7975.366,0.9993,SCALE_DOWN,3000.0
21000.0,21000.078,1.0,STAY_ACTIVE,21000.078125
7992.3,7959.7017,0.9959,SCALE_DOWN,3000.0
10841.4,10664.107,0.9836,STAY_ACTIVE,10664.107421875
21000.0,21000.049,1.0,STAY_ACTIVE,21000.048828125
6126.9,6111.756,0.9975,SCALE_DOWN,3000.0
5143.200000000001,5146.015,0.9995,SCALE_DOWN,3000.0
3000.0,3000.4214,0.9999,SCALE_DOWN,3000.0
3192.9,3177.737,0.9953,SCALE_DOWN,3000.0
3000.0,3000.4214,0.9999,SCALE_DOWN,3000.0
3000.0,3000.4214,0.9999,SCALE_DOWN,3000.0
21000.0,21000.047,1.0,STAY_ACTIVE,21000.046875
21000.0,21000.078,1.0,STAY_ACTIVE,21000.078125
14205.3,14150.08,0.9961,STAY_ACTIVE,14150.080078125
9185.1,9189.65,0.9995,STAY_ACTIVE,9189.650390625
18650.7,18679.248,0.9985,STAY_ACTIVE,18679.248046875
21000.0,20999.852,1.0,STAY_ACTIVE,20999.8515625
21000.0,20999.23,1.0,STAY_ACTIVE,20999.23046875
7435.5,7383.5537,0.993,SCALE_DOWN,3000.0
21000.0,21000.047,1.0,STAY_ACTIVE,21000.046875
5466.299999999999,5485.215,0.9965,SCALE_DOWN,3000.0
8193.9,8221.149,0.9967,SCALE_DOWN,3000.0
3000.0,3000.4214,0.9999,SCALE_DOWN,3000.0
3000.0,3000.4214,0.9999,SCALE_DOWN,3000.0
7122.000000000001,7155.067,0.9954,SCALE_DOWN,3000.0
3000.0,3000.4214,0.9999,SCALE_DOWN,3000.0
21000.0,21000.047,1.0,STAY_ACTIVE,21000.046875
3000.0,3000.4214,0.9999,SCALE_DOWN,3000.0
3579.6000000000004,3602.8667,0.9935,SCALE_DOWN,3000.0
21000.0,21041.62,0.998,STAY_ACTIVE,21041.619140625
3000.0,3000.4214,0.9999,SCALE_DOWN,3000.0
21000.0,20999.852,1.0,STAY_ACTIVE,20999.8515625
3000.0,3000.4214,0.9999,SCALE_DOWN,3000.0
3000.0,3000.4214,0.9999,SCALE_DOWN,3000.0
8581.2,8586.878,0.9993,SCALE_DOWN,3000.0
3000.0,3000.4214,0.9999,SCALE_DOWN,3000.0
7714.8,7668.739,0.994,SCALE_DOWN,3000.0
3000.0,3000.4214,0.9999,SCALE_DOWN,3000.0
21000.0,21000.047,1.0,STAY_ACTIVE,21000.046875
3000.0,3000.4214,0.9999,SCALE_DOWN,3000.0
3000.0,3000.4214,0.9999,SCALE_DOWN,3000.0
5002.5,5026.3223,0.9952,SCALE_DOWN,3000.0
21000.0,21000.078,1.0,STAY_ACTIVE,21000.078125
21000.0,20909.855,0.9957,STAY_ACTIVE,20909.85546875
8610.9,8571.128,0.9954,SCALE_DOWN,3000.0
19329.6,19268.28,0.9968,STAY_ACTIVE,19268.279296875
3000.0,3000.4214,0.9999,SCALE_DOWN,3000.0
4562.7,4526.928,0.9922,SCALE_DOWN,3000.0
3000.0,3000.4214,0.9999,SCALE_DOWN,3000.0
21000.0,21000.09,1.0,STAY_ACTIVE,21000.08984375
21000.0,21000.047,1.0,STAY_ACTIVE,21000.046875
4838.700000000001,4833.7676,0.999,SCALE_DOWN,3000.0
4074.3,4033.3123,0.9899,SCALE_DOWN,3000.0
3000.0,3000.4214,0.9999,SCALE_DOWN,3000.0
3000.0,3000.4214,0.9999,SCALE_DOWN,3000.0
6822.6,6856.666,0.995,SCALE_DOWN,3000.0
9402.3,9454.023,0.9945,STAY_ACTIVE,9454.0234375
6508.5,6487.8594,0.9968,SCALE_DOWN,3000.0
5226.6,5248.1113,0.9959,SCALE_DOWN,3000.0
21000.0,21000.078,1.0,STAY_ACTIVE,21000.078125
3724.5,3716.4507,0.9978,SCALE_DOWN,3000.0
21000.0,21000.047,1.0,STAY_ACTIVE,21000.046875
3000.0,3000.4214,0.9999,SCALE_DOWN,3000.0
21000.0,21000.047,1.0,STAY_ACTIVE,21000.046875
3000.0,3000.4214,0.9999,SCALE_DOWN,3000.0
7041.3,7040.1235,0.9998,SCALE_DOWN,3000.0
5043.9,5025.2046,0.9963,SCALE_DOWN,3000.0
11184.9,11189.723,0.9996,STAY_ACTIVE,11189.72265625
21000.0,20999.172,1.0,STAY_ACTIVE,20999.171875
3000.0,3000.4214,0.9999,SCALE_DOWN,3000.0
6532.5,6504.9004,0.9958,SCALE_DOWN,3000.0
7989.5999999999985,7963.504,0.9967,SCALE_DOWN,3000.0
21000.0,21008.172,0.9996,STAY_ACTIVE,21008.171875
13858.5,13928.048,0.995,STAY_ACTIVE,13928.0478515625
18462.6,18564.238,0.9945,STAY_ACTIVE,18564.23828125
8712.6,8682.082,0.9965,SCALE_DOWN,3000.0
21000.0,21000.047,1.0,STAY_ACTIVE,21000.046875
14244.6,14249.993,0.9996,STAY_ACTIVE,14249.9931640625
3000.0,3000.4214,0.9999,SCALE_DOWN,3000.0
9018.9,9009.071,0.9989,STAY_ACTIVE,9009.0712890625
3000.0,3000.4214,0.9999,SCALE_DOWN,3000.0
21000.0,21000.078,1.0,STAY_ACTIVE,21000.078125
21000.0,20999.852,1.0,STAY_ACTIVE,20999.8515625
21000.0,21000.078,1.0,STAY_ACTIVE,21000.078125
21000.0,20962.71,0.9982,STAY_ACTIVE,20962.7109375
5334.6,5360.84,0.9951,SCALE_DOWN,3000.0
3000.0,3000.4214,0.9999,SCALE_DOWN,3000.0
7416.9,7427.46,0.9986,SCALE_DOWN,3000.0
4740.900000000001,4766.9087,0.9945,SCALE_DOWN,3000.0
3000.0,3000.4214,0.9999,SCALE_DOWN,3000.0
3000.0,3000.4214,0.9999,SCALE_DOWN,3000.0
21000.0,21000.047,1.0,STAY_ACTIVE,21000.046875
3000.0,3000.4214,0.9999,SCALE_DOWN,3000.0
21000.0,21000.047,1.0,STAY_ACTIVE,21000.046875
3000.0,3000.4214,0.9999,SCALE_DOWN,3000.0
21000.0,21000.047,1.0,STAY_ACTIVE,21000.046875
16551.0,16420.576,0.9921,STAY_ACTIVE,16420.576171875
12936.9,13044.223,0.9917,STAY_ACTIVE,13044.22265625
3000.0,3000.4214,0.9999,SCALE_DOWN,3000.0
4666.800000000001,4648.563,0.9961,SCALE_DOWN,3000.0
8712.6,8694.713,0.9979,SCALE_DOWN,3000.0
3654.6,3644.862,0.9973,SCALE_DOWN,3000.0
20949.9,20782.953,0.992,STAY_ACTIVE,20782.953125
3000.0,3000.4214,0.9999,SCALE_DOWN,3000.0
21000.0,21000.047,1.0,STAY_ACTIVE,21000.046875
5824.8,5831.3213,0.9989,SCALE_DOWN,3000.0
7406.4,7442.13,0.9952,SCALE_DOWN,3000.0
12984.0,13031.955,0.9963,STAY_ACTIVE,13031.955078125
3000.0,3000.4214,0.9999,SCALE_DOWN,3000.0
21000.0,20995.69,0.9998,STAY_ACTIVE,20995.689453125
5997.0,6002.298,0.9991,SCALE_DOWN,3000.0
21000.0,21000.078,1.0,STAY_ACTIVE,21000.078125
3000.0,3000.4214,0.9999,SCALE_DOWN,3000.0
17111.7,17150.727,0.9977,STAY_ACTIVE,17150.7265625
5043.6,5070.159,0.9947,SCALE_DOWN,3000.0
21000.0,21000.047,1.0,STAY_ACTIVE,21000.046875
3000.0,3000.4214,0.9999,SCALE_DOWN,3000.0
3000.0,3000.4214,0.9999,SCALE_DOWN,3000.0
13839.600000000002,13854.084,0.999,STAY_ACTIVE,13854.083984375
21000.0,21000.047,1.0,STAY_ACTIVE,21000.046875
3000.0,3000.4214,0.9999,SCALE_DOWN,3000.0
3000.0,3000.4214,0.9999,SCALE_DOWN,3000.0
3000.0,3000.4214,0.9999,SCALE_DOWN,3000.0
21000.0,21000.25,1.0,STAY_ACTIVE,21000.25
5038.8,5028.5376,0.998,SCALE_DOWN,3000.0
9690.3,9631.064,0.9939,STAY_ACTIVE,9631.064453125
7810.5,7860.827,0.9936,SCALE_DOWN,3000.0
3506.3999999999996,3483.0217,0.9933,SCALE_DOWN,3000.0
3000.0,3000.4214,0.9999,SCALE_DOWN,3000.0
3000.0,3000.4214,0.9999,SCALE_DOWN,3000.0
6227.700000000001,6217.914,0.9984,SCALE_DOWN,3000.0
3000.0,3000.4214,0.9999,SCALE_DOWN,3000.0
3000.0,3000.4214,0.9999,SCALE_DOWN,3000.0
21000.0,21000.049,1.0,STAY_ACTIVE,21000.048828125
5299.8,5301.914,0.9996,SCALE_DOWN,3000.0
20617.5,20582.703,0.9983,STAY_ACTIVE,20582.703125
3000.0,3000.4214,0.9999,SCALE_DOWN,3000.0
8216.1,8233.726,0.9979,SCALE_DOWN,3000.0
21000.0,21000.049,1.0,STAY_ACTIVE,21000.048828125
17295.300000000003,17378.371,0.9952,STAY_ACTIVE,17378.37109375
21000.0,20999.457,1.0,STAY_ACTIVE,20999.45703125
21000.0,21000.047,1.0,STAY_ACTIVE,21000.046875
8992.2,9032.73,0.9955,STAY_ACTIVE,9032.73046875
3000.0,3000.4214,0.9999,SCALE_DOWN,3000.0
21000.0,21000.047,1.0,STAY_ACTIVE,21000.046875
6025.8,6003.3696,0.9963,SCALE_DOWN,3000.0
7557.3,7533.171,0.9968,SCALE_DOWN,3000.0
3257.1,3264.6697,0.9977,SCALE_DOWN,3000.0
13957.8,13897.505,0.9957,STAY_ACTIVE,13897.5048828125
3000.0,3000.4214,0.9999,SCALE_DOWN,3000.0
21000.0,21000.164,1.0,STAY_ACTIVE,21000.1640625
15422.7,15339.654,0.9946,STAY_ACTIVE,15339.654296875
3000.0,3000.4214,0.9999,SCALE_DOWN,3000.0
12616.5,12663.672,0.9963,STAY_ACTIVE,12663.671875
4925.700000000001,4942.861,0.9965,SCALE_DOWN,3000.0
3000.0,3000.4214,0.9999,SCALE_DOWN,3000.0
21000.0,21000.078,1.0,STAY_ACTIVE,21000.078125
9977.4,10009.296,0.9968,STAY_ACTIVE,10009.2958984375
18740.7,18679.248,0.9967,STAY_ACTIVE,18679.248046875
21000.0,21000.047,1.0,STAY_ACTIVE,21000.046875
11600.4,11568.525,0.9973,STAY_ACTIVE,11568.525390625
18055.8,17953.664,0.9943,STAY_ACTIVE,17953.6640625
5258.4,5252.349,0.9988,SCALE_DOWN,3000.0
3000.0,3000.4214,0.9999,SCALE_DOWN,3000.0
7330.8,7339.0195,0.9989,SCALE_DOWN,3000.0
3000.0,3000.4214,0.9999,SCALE_DOWN,3000.0
21000.0,21013.672,0.9993,STAY_ACTIVE,21013.671875
4743.6,4742.8564,0.9998,SCALE_DOWN,3000.0
5280.3,5287.4946,0.9986,SCALE_DOWN,3000.0
21000.0,21000.078,1.0,STAY_ACTIVE,21000.078125
21000.0,21000.047,1.0,STAY_ACTIVE,21000.046875
5526.299999999999,5506.7285,0.9965,SCALE_DOWN,3000.0
12372.9,12333.618,0.9968,STAY_ACTIVE,12333.6181640625
12766.5,12728.237,0.997,STAY_ACTIVE,12728.2373046875
3000.0,3000.4214,0.9999,SCALE_DOWN,3000.0
3000.0,3000.4214,0.9999,SCALE_DOWN,3000.0
3000.0,3000.4214,0.9999,SCALE_DOWN,3000.0
13001.1,13001.667,1.0,STAY_ACTIVE,13001.6669921875
11588.1,11610.514,0.9981,STAY_ACTIVE,11610.513671875
3000.0,3000.4214,0.9999,SCALE_DOWN,3000.0
7562.1,7574.3135,0.9984,SCALE_DOWN,3000.0
21000.0,20996.115,0.9998,STAY_ACTIVE,20996.115234375
6184.500000000001,6171.7114,0.9979,SCALE_DOWN,3000.0
3428.1,3486.564,0.9829,SCALE_DOWN,3000.0
14722.8,14732.199,0.9994,STAY_ACTIVE,14732.19921875
18200.699999999997,18154.158,0.9974,STAY_ACTIVE,18154.158203125
21000.0,21026.451,0.9987,STAY_ACTIVE,21026.451171875
18498.9,18415.564,0.9955,STAY_ACTIVE,18415.564453125
21000.0,20998.033,0.9999,STAY_ACTIVE,20998.033203125
3000.0,3000.4214,0.9999,SCALE_DOWN,3000.0
12576.9,12542.752,0.9973,STAY_ACTIVE,12542.751953125
3000.0,3000.4214,0.9999,SCALE_DOWN,3000.0
6848.4,6858.1772,0.9986,SCALE_DOWN,3000.0
21000.0,21000.293,1.0,STAY_ACTIVE,21000.29296875
21000.0,21000.047,1.0,STAY_ACTIVE,21000.046875
12640.2,12614.739,0.998,STAY_ACTIVE,12614.7392578125
9816.0,9866.818,0.9948,STAY_ACTIVE,9866.818359375
21000.0,21000.078,1.0,STAY_ACTIVE,21000.078125
3000.0,3000.4214,0.9999,SCALE_DOWN,3000.0
21000.0,21000.078,1.0,STAY_ACTIVE,21000.078125
18868.2,18874.371,0.9997,STAY_ACTIVE,18874.37109375
6744.6,6746.872,0.9997,SCALE_DOWN,3000.0
9240.0,9209.772,0.9967,STAY_ACTIVE,9209.7724609375
3000.0,3000.4214,0.9999,SCALE_DOWN,3000.0
17268.899999999998,17265.654,0.9998,STAY_ACTIVE,17265.654296875
5410.799999999999,5415.045,0.9992,SCALE_DOWN,3000.0
13734.9,13753.958,0.9986,STAY_ACTIVE,13753.9580078125
3000.0,3000.4214,0.9999,SCALE_DOWN,3000.0
12846.9,12900.079,0.9959,STAY_ACTIVE,12900.0791015625
3000.0,3000.4214,0.9999,SCALE_DOWN,3000.0
3159.6,3178.4324,0.994,SCALE_DOWN,3000.0
11800.8,11842.091,0.9965,STAY_ACTIVE,11842.0908203125
20920.500000000004,20770.959,0.9929,STAY_ACTIVE,20770.958984375
15596.4,15564.12,0.9979,STAY_ACTIVE,15564.1201171875
3000.0,3000.4214,0.9999,SCALE_DOWN,3000.0
3000.0,3000.4214,0.9999,SCALE_DOWN,3000.0
3000.0,3000.4214,0.9999,SCALE_DOWN,3000.0
3000.0,3000.4214,0.9999,SCALE_DOWN,3000.0
3000.0,3000.4214,0.9999,SCALE_DOWN,3000.0
9016.2,8986.312,0.9967,SCALE_DOWN,3000.0
4864.5,4856.3955,0.9983,SCALE_DOWN,3000.0
4935.3,5005.1514,0.9858,SCALE_DOWN,3000.0
11666.4,11762.167,0.9918,STAY_ACTIVE,11762.1669921875
5468.7,5440.8076,0.9949,SCALE_DOWN,3000.0
3000.0,3000.4214,0.9999,SCALE_DOWN,3000.0
21000.0,21000.047,1.0,STAY_ACTIVE,21000.046875
21000.0,20983.314,0.9992,STAY_ACTIVE,20983.314453125
21000.0,20998.27,0.9999,STAY_ACTIVE,20998.26953125
18188.4,18199.314,0.9994,STAY_ACTIVE,18199.314453125
3000.0,3000.4214,0.9999,SCALE_DOWN,3000.0
3113.4,3100.2336,0.9958,SCALE_DOWN,3000.0
3000.0,3000.4214,0.9999,SCALE_DOWN,3000.0
18274.2,18183.86,0.9951,STAY_ACTIVE,18183.859375
11081.1,11130.329,0.9956,STAY_ACTIVE,11130.3291015625
6275.4,6315.194,0.9937,SCALE_DOWN,3000.0
3000.0,3000.4214,0.9999,SCALE_DOWN,3000.0
3000.0,3000.4214,0.9999,SCALE_DOWN,3000.0
21000.0,21000.047,1.0,STAY_ACTIVE,21000.046875
4404.6,4424.7153,0.9954,SCALE_DOWN,3000.0
8975.1,8810.742,0.9817,SCALE_DOWN,3000.0
3000.0,3000.4214,0.9999,SCALE_DOWN,3000.0
21000.0,21016.16,0.9992,STAY_ACTIVE,21016.16015625
21000.0,21000.047,1.0,STAY_ACTIVE,21000.046875
3000.0,3000.4214,0.9999,SCALE_DOWN,3000.0
12456.9,12425.087,0.9974,STAY_ACTIVE,12425.0869140625
3000.0,3000.4214,0.9999,SCALE_DOWN,3000.0
21000.0,20999.498,1.0,STAY_ACTIVE,20999.498046875
3000.0,3000.4214,0.9999,SCALE_DOWN,3000.0
3000.0,3000.4214,0.9999,SCALE_DOWN,3000.0
21000.0,20999.852,1.0,STAY_ACTIVE,20999.8515625
10668.3,10629.797,0.9964,STAY_ACTIVE,10629.796875
4866.6,4893.156,0.9945,SCALE_DOWN,3000.0
6661.8,6659.926,0.9997,SCALE_DOWN,3000.0
3804.3,3791.7212,0.9967,SCALE_DOWN,3000.0
4982.4,4947.36,0.993,SCALE_DOWN,3000.0
3000.0,3000.4214,0.9999,SCALE_DOWN,3000.0
3000.0,3000.4214,0.9999,SCALE_DOWN,3000.0
7302.9,7294.677,0.9989,SCALE_DOWN,3000.0
5152.5,5174.491,0.9957,SCALE_DOWN,3000.0
10935.3,10895.034,0.9963,STAY_ACTIVE,10895.0341796875
5919.0,5937.82,0.9968,SCALE_DOWN,3000.0
8337.900000000001,8391.839,0.9935,SCALE_DOWN,3000.0
21000.0,21000.045,1.0,STAY_ACTIVE,21000.044921875
10602.9,10627.019,0.9977,STAY_ACTIVE,10627.0185546875
3000.0,3000.4214,0.9999,SCALE_DOWN,3000.0
14722.500000000002,14968.8545,0.9833,STAY_ACTIVE,14968.8544921875
21000.0,21000.887,1.0,STAY_ACTIVE,21000.88671875
21000.0,21000.047,1.0,STAY_ACTIVE,21000.046875
3000.0,3000.4214,0.9999,SCALE_DOWN,3000.0
3000.0,3000.4214,0.9999,SCALE_DOWN,3000.0
21000.0,20999.562,1.0,STAY_ACTIVE,20999.5625
21000.0,21000.047,1.0,STAY_ACTIVE,21000.046875
3958.8,3944.1729,0.9963,SCALE_DOWN,3000.0
4592.1,4599.081,0.9985,SCALE_DOWN,3000.0
16541.4,16440.264,0.9939,STAY_ACTIVE,16440.263671875
4731.299999999999,4727.7695,0.9993,SCALE_DOWN,3000.0
3000.0,3000.4214,0.9999,SCALE_DOWN,3000.0
21000.0,20999.852,1.0,STAY_ACTIVE,20999.8515625
6194.1,6220.39,0.9958,SCALE_DOWN,3000.0
11195.4,11208.727,0.9988,STAY_ACTIVE,11208.7265625
3000.0,3000.4214,0.9999,SCALE_DOWN,3000.0
12823.500000000002,12836.642,0.999,STAY_ACTIVE,12836.6416015625
21000.0,21000.049,1.0,STAY_ACTIVE,21000.048828125
3000.0,3000.4214,0.9999,SCALE_DOWN,3000.0
6999.9,7013.318,0.9981,SCALE_DOWN,3000.0
3000.0,3000.4214,0.9999,SCALE_DOWN,3000.0
3000.0,3000.4214,0.9999,SCALE_DOWN,3000.0
3000.0,3000.4214,0.9999,SCALE_DOWN,3000.0
4404.3,4416.6045,0.9972,SCALE_DOWN,3000.0
19845.000000000004,19820.275,0.9988,STAY_ACTIVE,19820.275390625
8265.0,8239.714,0.9969,SCALE_DOWN,3000.0
21000.0,21000.047,1.0,STAY_ACTIVE,21000.046875
3000.0,3000.4214,0.9999,SCALE_DOWN,3000.0
3000.0,3000.4214,0.9999,SCALE_DOWN,3000.0
3000.0,3000.4214,0.9999,SCALE_DOWN,3000.0
16769.100000000002,16644.34,0.9926,STAY_ACTIVE,16644.33984375
10354.5,10351.38,0.9997,STAY_ACTIVE,10351.3798828125
3000.0,3000.4214,0.9999,SCALE_DOWN,3000.0
4705.200000000001,4666.889,0.9919,SCALE_DOWN,3000.0
15528.3,15520.92,0.9995,STAY_ACTIVE,15520.919921875
3000.0,3000.4214,0.9999,SCALE_DOWN,3000.0
21000.0,21000.049,1.0,STAY_ACTIVE,21000.048828125
16796.7,16713.674,0.9951,STAY_ACTIVE,16713.673828125
3697.2,3715.4058,0.9951,SCALE_DOWN,3000.0
7658.4,7638.9707,0.9975,SCALE_DOWN,3000.0
10879.5,10866.376,0.9988,STAY_ACTIVE,10866.3759765625
3000.0,3000.4214,0.9999,SCALE_DOWN,3000.0
12596.1,12628.031,0.9975,STAY_ACTIVE,12628.03125
9379.8,9458.233,0.9916,STAY_ACTIVE,9458.2333984375
3000.0,3000.4214,0.9999,SCALE_DOWN,3000.0
16296.6,16264.225,0.998,STAY_ACTIVE,16264.224609375
6834.9,6815.796,0.9972,SCALE_DOWN,3000.0
21000.0,21000.047,1.0,STAY_ACTIVE,21000.046875
3000.0,3000.4214,0.9999,SCALE_DOWN,3000.0
7963.800000000001,7948.8276,0.9981,SCALE_DOWN,3000.0
18580.199999999997,18521.615,0.9968,STAY_ACTIVE,18521.615234375
7629.6,7616.3413,0.9983,SCALE_DOWN,3000.0
10428.9,10465.182,0.9965,STAY_ACTIVE,10465.181640625
5700.0,5713.69,0.9976,SCALE_DOWN,3000.0
20957.1,20940.24,0.9992,STAY_ACTIVE,20940.240234375
3914.7,3902.5808,0.9969,SCALE_DOWN,3000.0
19661.1,19725.002,0.9967,STAY_ACTIVE,19725.001953125
21000.0,21000.049,1.0,STAY_ACTIVE,21000.048828125
3000.0,3000.4214,0.9999,SCALE_DOWN,3000.0
8921.1,8931.825,0.9988,SCALE_DOWN,3000.0
21000.0,21000.047,1.0,STAY_ACTIVE,21000.046875
12717.6,12627.811,0.9929,STAY_ACTIVE,12627.810546875
3000.0,3000.4214,0.9999,SCALE_DOWN,3000.0
11462.7,11450.157,0.9989,STAY_ACTIVE,11450.1572265625
3000.0,3000.4214,0.9999,SCALE_DOWN,3000.0
7356.3,7410.5913,0.9926,SCALE_DOWN,3000.0
3000.0,3000.4214,0.9999,SCALE_DOWN,3000.0
21000.0,21000.049,1.0,STAY_ACTIVE,21000.048828125
9987.3,9923.857,0.9936,STAY_ACTIVE,9923.857421875
21000.0,21000.078,1.0,STAY_ACTIVE,21000.078125
3000.0,3000.4214,0.9999,SCALE_DOWN,3000.0
6963.6,6918.0034,0.9935,SCALE_DOWN,3000.0
3000.0,3000.4214,0.9999,SCALE_DOWN,3000.0
21000.0,21000.049,1.0,STAY_ACTIVE,21000.048828125
3000.0,3000.4214,0.9999,SCALE_DOWN,3000.0
8616.0,8570.747,0.9947,SCALE_DOWN,3000.0
17049.300000000003,17105.275,0.9967,STAY_ACTIVE,17105.275390625
8358.0,8371.279,0.9984,SCALE_DOWN,3000.0
21000.0,21000.078,1.0,STAY_ACTIVE,21000.078125
3000.0,3000.4214,0.9999,SCALE_DOWN,3000.0
3000.0,3000.4214,0.9999,SCALE_DOWN,3000.0
21000.0,21000.047,1.0,STAY_ACTIVE,21000.046875
5701.5,5692.1245,0.9984,SCALE_DOWN,3000.0
3000.0,3000.4214,0.9999,SCALE_DOWN,3000.0
10066.8,10075.335,0.9992,STAY_ACTIVE,10075.3349609375
19704.9,19603.574,0.9949,STAY_ACTIVE,19603.57421875
3000.0,3000.4214,0.9999,SCALE_DOWN,3000.0
3000.0,3000.4214,0.9999,SCALE_DOWN,3000.0
11019.9,11049.368,0.9973,STAY_ACTIVE,11049.3681640625
13538.4,13646.248,0.992,STAY_ACTIVE,13646.248046875
21000.0,21000.047,1.0,STAY_ACTIVE,21000.046875
6990.900000000001,6996.904,0.9991,SCALE_DOWN,3000.0
9048.6,9022.316,0.9971,STAY_ACTIVE,9022.31640625
12212.7,12227.264,0.9988,STAY_ACTIVE,12227.263671875
13269.3,13248.912,0.9985,STAY_ACTIVE,13248.912109375
3000.0,3000.4214,0.9999,SCALE_DOWN,3000.0
14825.7,14769.115,0.9962,STAY_ACTIVE,14769.115234375
11120.1,11124.83,0.9996,STAY_ACTIVE,11124.830078125
3000.0,3000.4214,0.9999,SCALE_DOWN,3000.0
7389.3,7401.3535,0.9984,SCALE_DOWN,3000.0
11367.9,11335.075,0.9971,STAY_ACTIVE,11335.0751953125
3000.0,3000.4214,0.9999,SCALE_DOWN,3000.0
3000.0,3000.4214,0.9999,SCALE_DOWN,3000.0
4190.1,4172.372,0.9958,SCALE_DOWN,3000.0
3782.400000000001,3785.9739,0.9991,SCALE_DOWN,3000.0
9231.3,9230.963,1.0,STAY_ACTIVE,9230.962890625
3171.0,3195.5598,0.9923,SCALE_DOWN,3000.0
17316.000000000004,17316.46,1.0,STAY_ACTIVE,17316.4609375
9737.4,9728.406,0.9991,STAY_ACTIVE,9728.40625
3000.0,3000.4214,0.9999,SCALE_DOWN,3000.0
4093.2,4097.0103,0.9991,SCALE_DOWN,3000.0
3000.0,3000.4214,0.9999,SCALE_DOWN,3000.0
21000.0,21000.049,1.0,STAY_ACTIVE,21000.048828125
7872.000000000001,7879.0483,0.9991,SCALE_DOWN,3000.0
3000.0,3000.4214,0.9999,SCALE_DOWN,3000.0
21000.0,21000.047,1.0,STAY_ACTIVE,21000.046875
3000.0,3000.4214,0.9999,SCALE_DOWN,3000.0
12394.2,12462.85,0.9945,STAY_ACTIVE,12462.849609375
5079.3,5040.5537,0.9924,SCALE_DOWN,3000.0
11413.2,11371.833,0.9964,STAY_ACTIVE,11371.8330078125
14658.9,14597.351,0.9958,STAY_ACTIVE,14597.3505859375
10125.6,10114.097,0.9989,STAY_ACTIVE,10114.0966796875
3000.0,3000.4214,0.9999,SCALE_DOWN,3000.0
3607.8,3625.2554,0.9952,SCALE_DOWN,3000.0
14378.1,14272.567,0.9927,STAY_ACTIVE,14272.5673828125
21000.0,21000.049,1.0,STAY_ACTIVE,21000.048828125
21000.0,21000.047,1.0,STAY_ACTIVE,21000.046875
21000.0,21000.049,1.0,STAY_ACTIVE,21000.048828125
3000.0,3000.4214,0.9999,SCALE_DOWN,3000.0
17904.3,17733.895,0.9905,STAY_ACTIVE,17733.89453125
21000.0,21000.078,1.0,STAY_ACTIVE,21000.078125
3000.0,3000.4214,0.9999,SCALE_DOWN,3000.0
12555.6,12575.34,0.9984,STAY_ACTIVE,12575.33984375
11692.2,11680.87,0.999,STAY_ACTIVE,11680.8701171875
19810.800000000003,19832.547,0.9989,STAY_ACTIVE,19832.546875
3000.0,3000.4214,0.9999,SCALE_DOWN,3000.0
13531.500000000002,13566.489,0.9974,STAY_ACTIVE,13566.4892578125
3000.0,3000.4214,0.9999,SCALE_DOWN,3000.0
3527.1000000000004,3535.2866,0.9977,SCALE_DOWN,3000.0
3000.0,3000.4214,0.9999,SCALE_DOWN,3000.0
13099.2,13070.893,0.9978,STAY_ACTIVE,13070.892578125
3789.0,3833.98,0.9881,SCALE_DOWN,3000.0
8163.9,8194.749,0.9962,SCALE_DOWN,3000.0
21000.0,21000.047,1.0,STAY_ACTIVE,21000.046875
4633.2,4639.277,0.9987,SCALE_DOWN,3000.0
8601.0,8601.473,0.9999,SCALE_DOWN,3000.0
9319.8,9323.167,0.9996,STAY_ACTIVE,9323.1669921875
12345.0,12266.341,0.9936,STAY_ACTIVE,12266.3408203125
21000.0,21000.078,1.0,STAY_ACTIVE,21000.078125
21000.0,21000.166,1.0,STAY_ACTIVE,21000.166015625
9341.7,9308.464,0.9964,STAY_ACTIVE,9308.4638671875
6571.2,6581.5586,0.9984,SCALE_DOWN,3000.0
9373.2,9407.845,0.9963,STAY_ACTIVE,9407.8447265625
5333.4,5353.4233,0.9962,SCALE_DOWN,3000.0
20569.800000000003,20543.0,0.9987,STAY_ACTIVE,20543.0
3000.0,3000.4214,0.9999,SCALE_DOWN,3000.0
15710.1,15628.503,0.9948,STAY_ACTIVE,15628.5029296875
3000.0,3000.4214,0.9999,SCALE_DOWN,3000.0
3000.0,3000.4214,0.9999,SCALE_DOWN,3000.0
21000.0,21000.09,1.0,STAY_ACTIVE,21000.08984375
7356.6,7368.3403,0.9984,SCALE_DOWN,3000.0
8376.6,8368.576,0.999,SCALE_DOWN,3000.0
3000.0,3000.4214,0.9999,SCALE_DOWN,3000.0
21000.0,21000.078,1.0,STAY_ACTIVE,21000.078125
13775.7,13738.788,0.9973,STAY_ACTIVE,13738.7880859375
3000.0,3000.4214,0.9999,SCALE_DOWN,3000.0
21000.0,20999.852,1.0,STAY_ACTIVE,20999.8515625
3000.0,3000.4214,0.9999,SCALE_DOWN,3000.0
3000.0,3000.4214,0.9999,SCALE_DOWN,3000.0
3000.0,3000.4214,0.9999,SCALE_DOWN,3000.0
3000.0,3000.4214,0.9999,SCALE_DOWN,3000.0
3000.0,3000.4214,0.9999,SCALE_DOWN,3000.0
15560.7,15564.226,0.9998,STAY_ACTIVE,15564.2255859375
8946.0,8956.391,0.9988,SCALE_DOWN,3000.0
3730.8,3761.4321,0.9918,SCALE_DOWN,3000.0
20481.6,20519.695,0.9981,STAY_ACTIVE,20519.6953125
5644.8,5638.2725,0.9988,SCALE_DOWN,3000.0
19239.000000000004,19063.672,0.9909,STAY_ACTIVE,19063.671875
13737.9,13788.306,0.9963,STAY_ACTIVE,13788.3056640625
4850.700000000001,4836.191,0.997,SCALE_DOWN,3000.0
7267.199999999999,7226.8594,0.9944,SCALE_DOWN,3000.0
9521.7,9570.769,0.9948,STAY_ACTIVE,9570.7685546875
3000.0,3000.4214,0.9999,SCALE_DOWN,3000.0
21000.0,20999.852,1.0,STAY_ACTIVE,20999.8515625
21000.0,21000.047,1.0,STAY_ACTIVE,21000.046875
21000.0,21000.047,1.0,STAY_ACTIVE,21000.046875
21000.0,21011.484,0.9995,STAY_ACTIVE,21011.484375
9554.1,9560.407,0.9993,STAY_ACTIVE,9560.4072265625
10002.9,9994.812,0.9992,STAY_ACTIVE,9994.8115234375
21000.0,20999.988,1.0,STAY_ACTIVE,20999.98828125
3156.9,3164.4446,0.9976,SCALE_DOWN,3000.0
3000.0,3000.4214,0.9999,SCALE_DOWN,3000.0
3000.0,3000.4214,0.9999,SCALE_DOWN,3000.0
3000.0,3000.4214,0.9999,SCALE_DOWN,3000.0
3000.0,3000.4214,0.9999,SCALE_DOWN,3000.0
3000.0,3000.4214,0.9999,SCALE_DOWN,3000.0
3647.4,3652.8992,0.9985,SCALE_DOWN,3000.0
9206.1,9194.292,0.9987,STAY_ACTIVE,9194.2919921875
5513.1,5512.357,0.9999,SCALE_DOWN,3000.0
6678.0,6669.321,0.9987,SCALE_DOWN,3000.0
3630.0,3626.7302,0.9991,SCALE_DOWN,3000.0
7929.0,7922.4854,0.9992,SCALE_DOWN,3000.0
8397.6,8387.523,0.9988,SCALE_DOWN,3000.0
3000.0,3000.4214,0.9999,SCALE_DOWN,3000.0
3000.0,3000.4214,0.9999,SCALE_DOWN,3000.0
3000.0,3000.4214,0.9999,SCALE_DOWN,3000.0
21000.0,21000.639,1.0,STAY_ACTIVE,21000.638671875
12259.5,12256.618,0.9998,STAY_ACTIVE,12256.6181640625
3000.0,3000.4214,0.9999,SCALE_DOWN,3000.0
3000.0,3000.4214,0.9999,SCALE_DOWN,3000.0
3000.0,3000.4214,0.9999,SCALE_DOWN,3000.0
21000.0,20998.174,0.9999,STAY_ACTIVE,20998.173828125
9261.6,9230.963,0.9967,STAY_ACTIVE,9230.962890625
4988.1,4979.49,0.9983,SCALE_DOWN,3000.0
3000.0,3000.4214,0.9999,SCALE_DOWN,3000.0
3000.0,3000.4214,0.9999,SCALE_DOWN,3000.0
3000.0,3000.4214,0.9999,SCALE_DOWN,3000.0
21000.0,21000.078,1.0,STAY_ACTIVE,21000.078125
14564.1,14548.48,0.9989,STAY_ACTIVE,14548.48046875
3000.0,3000.4214,0.9999,SCALE_DOWN,3000.0
5809.799999999999,5825.071,0.9974,SCALE_DOWN,3000.0
3000.0,3000.4214,0.9999,SCALE_DOWN,3000.0
21000.0,20999.852,1.0,STAY_ACTIVE,20999.8515625
21000.0,21000.078,1.0,STAY_ACTIVE,21000.078125
6446.400000000001,6424.148,0.9965,SCALE_DOWN,3000.0
21000.0,21000.096,1.0,STAY_ACTIVE,21000.095703125
3000.0,3000.4214,0.9999,SCALE_DOWN,3000.0
14360.1,14442.42,0.9943,STAY_ACTIVE,14442.419921875
6359.700000000001,6318.2896,0.9935,SCALE_DOWN,3000.0
4545.3,4549.583,0.9991,SCALE_DOWN,3000.0
21000.0,21000.047,1.0,STAY_ACTIVE,21000.046875
3000.0,3000.4214,0.9999,SCALE_DOWN,3000.0
21000.0,21000.047,1.0,STAY_ACTIVE,21000.046875
3000.0,3000.4214,0.9999,SCALE_DOWN,3000.0
3000.0,3000.4214,0.9999,SCALE_DOWN,3000.0
19629.9,19651.4,0.9989,STAY_ACTIVE,19651.400390625
20272.5,20289.688,0.9992,STAY_ACTIVE,20289.6875
7894.799999999999,7885.853,0.9989,SCALE_DOWN,3000.0
6822.0,6858.4653,0.9947,SCALE_DOWN,3000.0
3000.0,3000.4214,0.9999,SCALE_DOWN,3000.0
21000.0,21000.775,1.0,STAY_ACTIVE,21000.775390625
21000.0,21000.047,1.0,STAY_ACTIVE,21000.046875
3926.7,3960.218,0.9915,SCALE_DOWN,3000.0
13583.699999999995,13652.617,0.9949,STAY_ACTIVE,13652.6171875
9182.7,9324.729,0.9845,STAY_ACTIVE,9324.728515625
3000.0,3000.4214,0.9999,SCALE_DOWN,3000.0
9903.0,9868.532,0.9965,STAY_ACTIVE,9868.5322265625
3000.0,3000.4214,0.9999,SCALE_DOWN,3000.0
18789.9,18742.979,0.9975,STAY_ACTIVE,18742.978515625
21000.0,20995.16,0.9998,STAY_ACTIVE,20995.16015625
7420.5,7427.46,0.9991,SCALE_DOWN,3000.0
4660.799999999999,4651.4673,0.998,SCALE_DOWN,3000.0
3000.0,3000.4214,0.9999,SCALE_DOWN,3000.0
3000.0,3000.4214,0.9999,SCALE_DOWN,3000.0
3000.0,3000.4214,0.9999,SCALE_DOWN,3000.0
8493.0,8470.654,0.9974,SCALE_DOWN,3000.0
21000.0,21000.322,1.0,STAY_ACTIVE,21000.322265625
4020.9,4012.2249,0.9978,SCALE_DOWN,3000.0
21000.0,21000.078,1.0,STAY_ACTIVE,21000.078125
11018.4,11042.297,0.9978,STAY_ACTIVE,11042.296875
21000.0,21000.078,1.0,STAY_ACTIVE,21000.078125
3808.8,3835.9426,0.9929,SCALE_DOWN,3000.0
8589.0,8561.743,0.9968,SCALE_DOWN,3000.0
3000.0,3000.4214,0.9999,SCALE_DOWN,3000.0
3000.0,3000.4214,0.9999,SCALE_DOWN,3000.0
10479.9,10419.758,0.9943,STAY_ACTIVE,10419.7578125
3402.2999999999997,3394.832,0.9978,SCALE_DOWN,3000.0
10054.8,10076.421,0.9978,STAY_ACTIVE,10076.4208984375
21000.0,21000.047,1.0,STAY_ACTIVE,21000.046875
21000.0,21000.047,1.0,STAY_ACTIVE,21000.046875
16338.0,16269.32,0.9958,STAY_ACTIVE,16269.3203125
6598.5,6581.3125,0.9974,SCALE_DOWN,3000.0
14697.0,14680.59,0.9989,STAY_ACTIVE,14680.58984375
21000.0,20999.48,1.0,STAY_ACTIVE,20999.48046875
3000.0,3000.4214,0.9999,SCALE_DOWN,3000.0
21000.0,21000.078,1.0,STAY_ACTIVE,21000.078125
5769.3,5765.3677,0.9993,SCALE_DOWN,3000.0
10738.8,10703.686,0.9967,STAY_ACTIVE,10703.685546875
4805.700000000001,4796.5903,0.9981,SCALE_DOWN,3000.0
11560.500000000002,11669.522,0.9906,STAY_ACTIVE,11669.5224609375
14506.8,14524.818,0.9988,STAY_ACTIVE,14524.818359375
21000.0,20997.979,0.9999,STAY_ACTIVE,20997.978515625
3000.0,3000.4214,0.9999,SCALE_DOWN,3000.0
21000.0,21000.047,1.0,STAY_ACTIVE,21000.046875
8453.1,8499.317,0.9945,SCALE_DOWN,3000.0
3000.0,3000.4214,0.9999,SCALE_DOWN,3000.0
3000.0,3000.4214,0.9999,SCALE_DOWN,3000.0
3000.0,3000.4214,0.9999,SCALE_DOWN,3000.0
21000.0,21000.047,1.0,STAY_ACTIVE,21000.046875
21000.0,20994.875,0.9998,STAY_ACTIVE,20994.875
6693.9,6690.3945,0.9995,SCALE_DOWN,3000.0
3000.0,3000.4214,0.9999,SCALE_DOWN,3000.0
16286.100000000002,16339.062,0.9967,STAY_ACTIVE,16339.0615234375
3000.0,3000.4214,0.9999,SCALE_DOWN,3000.0
3000.0,3000.4214,0.9999,SCALE_DOWN,3000.0
3000.0,3000.4214,0.9999,SCALE_DOWN,3000.0
21000.0,20999.852,1.0,STAY_ACTIVE,20999.8515625
21000.0,21000.047,1.0,STAY_ACTIVE,21000.046875
21000.0,21000.047,1.0,STAY_ACTIVE,21000.046875
3231.2999999999997,3265.329,0.9895,SCALE_DOWN,3000.0
11742.9,11745.282,0.9998,STAY_ACTIVE,11745.2822265625
3115.7999999999997,3118.5444,0.9991,SCALE_DOWN,3000.0
3515.7,3533.3545,0.995,SCALE_DOWN,3000.0
3000.0,3000.4214,0.9999,SCALE_DOWN,3000.0
6317.400000000001,6293.023,0.9961,SCALE_DOWN,3000.0
21000.0,21000.078,1.0,STAY_ACTIVE,21000.078125
7587.9,7602.0425,0.9981,SCALE_DOWN,3000.0
21000.0,21000.047,1.0,STAY_ACTIVE,21000.046875
3000.0,3000.4214,0.9999,SCALE_DOWN,3000.0
4115.7,4100.8003,0.9964,SCALE_DOWN,3000.0
9821.1,9816.958,0.9996,STAY_ACTIVE,9816.9580078125
10096.5,10107.3,0.9989,STAY_ACTIVE,10107.2998046875
9311.4,9254.435,0.9939,STAY_ACTIVE,9254.4345703125
21000.0,21000.047,1.0,STAY_ACTIVE,21000.046875
3000.0,3000.4214,0.9999,SCALE_DOWN,3000.0
3000.0,3000.4214,0.9999,SCALE_DOWN,3000.0
12647.7,12594.061,0.9958,STAY_ACTIVE,12594.060546875
4979.7,4987.058,0.9985,SCALE_DOWN,3000.0
3000.0,3000.4214,0.9999,SCALE_DOWN,3000.0
13109.4,13107.728,0.9999,STAY_ACTIVE,13107.7275390625
5382.6,5376.2246,0.9988,SCALE_DOWN,3000.0
3000.0,3000.4214,0.9999,SCALE_DOWN,3000.0
3000.0,3000.4214,0.9999,SCALE_DOWN,3000.0
5952.0,5970.1826,0.9969,SCALE_DOWN,3000.0
4116.0,4127.674,0.9972,SCALE_DOWN,3000.0
21000.0,20998.23,0.9999,STAY_ACTIVE,20998.23046875
3000.0,3000.4214,0.9999,SCALE_DOWN,3000.0
3000.0,3000.4214,0.9999,SCALE_DOWN,3000.0
3000.0,3000.4214,0.9999,SCALE_DOWN,3000.0
12606.600000000002,12677.646,0.9944,STAY_ACTIVE,12677.646484375
21000.0,21000.047,1.0,STAY_ACTIVE,21000.046875
18343.5,18355.791,0.9993,STAY_ACTIVE,18355.791015625
3000.0,3000.4214,0.9999,SCALE_DOWN,3000.0
5196.300000000001,5192.545,0.9993,SCALE_DOWN,3000.0
4428.3,4446.0513,0.996,SCALE_DOWN,3000.0
21000.0,21000.047,1.0,STAY_ACTIVE,21000.046875
3000.0,3000.4214,0.9999,SCALE_DOWN,3000.0
21000.0,21000.047,1.0,STAY_ACTIVE,21000.046875
3000.0,3000.4214,0.9999,SCALE_DOWN,3000.0
13532.100000000002,13467.851,0.9953,STAY_ACTIVE,13467.8505859375
21000.0,20996.115,0.9998,STAY_ACTIVE,20996.115234375
3000.0,3000.4214,0.9999,SCALE_DOWN,3000.0
6405.299999999999,6390.506,0.9977,SCALE_DOWN,3000.0
3000.0,3000.4214,0.9999,SCALE_DOWN,3000.0
5991.299999999999,5988.343,0.9995,SCALE_DOWN,3000.0
3000.0,3000.4214,0.9999,SCALE_DOWN,3000.0
7137.300000000001,7141.6777,0.9994,SCALE_DOWN,3000.0
8251.8,8198.346,0.9935,SCALE_DOWN,3000.0
3000.0,3000.4214,0.9999,SCALE_DOWN,3000.0
3000.0,3000.4214,0.9999,SCALE_DOWN,3000.0
21000.0,20966.584,0.9984,STAY_ACTIVE,20966.583984375
5244.6,5269.865,0.9952,SCALE_DOWN,3000.0
4588.200000000001,4632.159,0.9904,SCALE_DOWN,3000.0
3555.9,3566.327,0.9971,SCALE_DOWN,3000.0
3000.0,3000.4214,0.9999,SCALE_DOWN,3000.0
21000.0,21000.078,1.0,STAY_ACTIVE,21000.078125
3000.0,3000.4214,0.9999,SCALE_DOWN,3000.0
3000.0,3000.4214,0.9999,SCALE_DOWN,3000.0
21000.0,21000.047,1.0,STAY_ACTIVE,21000.046875
10431.3,10375.153,0.9946,STAY_ACTIVE,10375.1533203125
3000.0,3000.4214,0.9999,SCALE_DOWN,3000.0
21000.0,21000.047,1.0,STAY_ACTIVE,21000.046875
4709.700000000001,4711.54,0.9996,SCALE_DOWN,3000.0
7939.2,7904.8154,0.9957,SCALE_DOWN,3000.0
3000.0,3000.4214,0.9999,SCALE_DOWN,3000.0
7937.1,7886.53,0.9936,SCALE_DOWN,3000.0
8177.700000000001,8154.339,0.9971,SCALE_DOWN,3000.0
10882.8,10920.768,0.9965,STAY_ACTIVE,10920.767578125
3000.0,3000.4214,0.9999,SCALE_DOWN,3000.0
5693.700000000001,5681.173,0.9978,SCALE_DOWN,3000.0
3566.4,3570.8862,0.9987,SCALE_DOWN,3000.0
21000.0,21000.049,1.0,STAY_ACTIVE,21000.048828125
4875.0,4887.56,0.9974,SCALE_DOWN,3000.0
3226.2000000000003,3240.2542,0.9956,SCALE_DOWN,3000.0
7116.9000000000015,7138.059,0.997,SCALE_DOWN,3000.0
3000.0,3000.4214,0.9999,SCALE_DOWN,3000.0
6390.900000000001,6393.0244,0.9997,SCALE_DOWN,3000.0
19094.1,18995.521,0.9948,STAY_ACTIVE,18995.521484375
10284.9,10302.993,0.9982,STAY_ACTIVE,10302.9931640625
3000.0,3000.4214,0.9999,SCALE_DOWN,3000.0
5487.3,5526.262,0.9929,SCALE_DOWN,3000.0
21000.0,21000.049,1.0,STAY_ACTIVE,21000.048828125
7078.8,7069.4497,0.9987,SCALE_DOWN,3000.0
21000.0,21000.047,1.0,STAY_ACTIVE,21000.046875
5669.7,5674.351,0.9992,SCALE_DOWN,3000.0
6852.9,6856.666,0.9995,SCALE_DOWN,3000.0
21000.0,20999.133,1.0,STAY_ACTIVE,20999.1328125
3000.0,3000.4214,0.9999,SCALE_DOWN,3000.0
14105.7,14784.294,0.9519,STAY_ACTIVE,14784.2939453125
3000.0,3000.4214,0.9999,SCALE_DOWN,3000.0
3000.0,3000.4214,0.9999,SCALE_DOWN,3000.0
6765.3,6764.3354,0.9999,SCALE_DOWN,3000.0
17661.9,17612.314,0.9972,STAY_ACTIVE,17612.314453125
3000.0,3000.4214,0.9999,SCALE_DOWN,3000.0
21000.0,20981.303,0.9991,STAY_ACTIVE,20981.302734375
21000.0,21000.047,1.0,STAY_ACTIVE,21000.046875
21000.0,21000.078,1.0,STAY_ACTIVE,21000.078125
21000.0,21000.049,1.0,STAY_ACTIVE,21000.048828125
3769.8,3779.9287,0.9973,SCALE_DOWN,3000.0
3000.0,3000.4214,0.9999,SCALE_DOWN,3000.0
19170.9,19166.438,0.9998,STAY_ACTIVE,19166.4375
14270.4,14286.89,0.9988,STAY_ACTIVE,14286.8896484375
3000.0,3000.4214,0.9999,SCALE_DOWN,3000.0
16107.3,16164.96,0.9964,STAY_ACTIVE,16164.9599609375
15999.3,16009.531,0.9994,STAY_ACTIVE,16009.53125
3000.0,3000.4214,0.9999,SCALE_DOWN,3000.0
7252.200000000001,7278.73,0.9963,SCALE_DOWN,3000.0
9459.9,9533.245,0.9922,STAY_ACTIVE,9533.2451171875
11559.6,11537.819,0.9981,STAY_ACTIVE,11537.8193359375
3000.0,3000.4214,0.9999,SCALE_DOWN,3000.0
21000.0,21000.049,1.0,STAY_ACTIVE,21000.048828125
3000.0,3000.4214,0.9999,SCALE_DOWN,3000.0
3000.0,3000.4214,0.9999,SCALE_DOWN,3000.0
3000.0,3000.4214,0.9999,SCALE_DOWN,3000.0
6918.6,6900.4536,0.9974,SCALE_DOWN,3000.0
21000.0,21000.639,1.0,STAY_ACTIVE,21000.638671875
3726.3,3758.182,0.9914,SCALE_DOWN,3000.0
10197.9,10158.589,0.9961,STAY_ACTIVE,10158.5888671875
3000.0,3000.4214,0.9999,SCALE_DOWN,3000.0
12226.8,12203.567,0.9981,STAY_ACTIVE,12203.5673828125
4363.200000000001,4300.4097,0.9856,SCALE_DOWN,3000.0
3616.2,3614.995,0.9997,SCALE_DOWN,3000.0
3000.0,3000.4214,0.9999,SCALE_DOWN,3000.0
3000.0,3000.4214,0.9999,SCALE_DOWN,3000.0
10179.6,10199.424,0.9981,STAY_ACTIVE,10199.423828125
3000.0,3000.4214,0.9999,SCALE_DOWN,3000.0
12431.7,12448.721,0.9986,STAY_ACTIVE,12448.720703125
4245.3,4233.7446,0.9973,SCALE_DOWN,3000.0
3000.0,3000.4214,0.9999,SCALE_DOWN,3000.0
3253.7999999999997,3254.3242,0.9998,SCALE_DOWN,3000.0
10631.4,10520.923,0.9896,STAY_ACTIVE,10520.9228515625
3640.5,3625.2554,0.9958,SCALE_DOWN,3000.0
21000.0,21000.049,1.0,STAY_ACTIVE,21000.048828125
13594.8,13627.369,0.9976,STAY_ACTIVE,13627.369140625
12339.0,12328.613,0.9992,STAY_ACTIVE,12328.61328125
16745.399999999998,16958.715,0.9873,STAY_ACTIVE,16958.71484375
21000.0,21000.047,1.0,STAY_ACTIVE,21000.046875
21000.0,21017.63,0.9992,STAY_ACTIVE,21017.630859375
3000.0,3000.4214,0.9999,SCALE_DOWN,3000.0
3207.9,3202.6338,0.9984,SCALE_DOWN,3000.0
21000.0,21000.078,1.0,STAY_ACTIVE,21000.078125
3000.0,3000.4214,0.9999,SCALE_DOWN,3000.0
8547.0,8540.996,0.9993,SCALE_DOWN,3000.0
5437.5,5415.019,0.9959,SCALE_DOWN,3000.0
3000.0,3000.4214,0.9999,SCALE_DOWN,3000.0
21000.0,21000.049,1.0,STAY_ACTIVE,21000.048828125
9396.9,9352.502,0.9953,STAY_ACTIVE,9352.501953125
3000.0,3000.4214,0.9999,SCALE_DOWN,3000.0
12941.7,12955.477,0.9989,STAY_ACTIVE,12955.4765625
3000.0,3000.4214,0.9999,SCALE_DOWN,3000.0
3000.0,3000.4214,0.9999,SCALE_DOWN,3000.0
3000.0,3000.4214,0.9999,SCALE_DOWN,3000.0
21000.0,20999.852,1.0,STAY_ACTIVE,20999.8515625
7907.1,7897.648,0.9988,SCALE_DOWN,3000.0
3836.400000000001,3881.618,0.9882,SCALE_DOWN,3000.0
21000.0,21000.047,1.0,STAY_ACTIVE,21000.046875
10321.8,10300.458,0.9979,STAY_ACTIVE,10300.4580078125
21000.0,21000.195,1.0,STAY_ACTIVE,21000.1953125
3000.0,3000.4214,0.9999,SCALE_DOWN,3000.0
3000.0,3000.4214,0.9999,SCALE_DOWN,3000.0
8678.1,8646.449,0.9964,SCALE_DOWN,3000.0
9990.0,9925.029,0.9935,STAY_ACTIVE,9925.029296875
3000.0,3000.4214,0.9999,SCALE_DOWN,3000.0
11398.8,11381.521,0.9985,STAY_ACTIVE,11381.521484375
11343.9,11385.552,0.9963,STAY_ACTIVE,11385.5517578125
21000.0,21000.078,1.0,STAY_ACTIVE,21000.078125
3000.0,3000.4214,0.9999,SCALE_DOWN,3000.0
3000.0,3000.4214,0.9999,SCALE_DOWN,3000.0
12405.6,12373.591,0.9974,STAY_ACTIVE,12373.5908203125
20988.3,20748.775,0.9886,STAY_ACTIVE,20748.775390625
3000.0,3000.4214,0.9999,SCALE_DOWN,3000.0
4499.4,4474.6396,0.9945,SCALE_DOWN,3000.0
3000.0,3000.4214,0.9999,SCALE_DOWN,3000.0
21000.0,21000.047,1.0,STAY_ACTIVE,21000.046875
13152.6,13127.489,0.9981,STAY_ACTIVE,13127.4892578125
12714.6,12774.81,0.9953,STAY_ACTIVE,12774.8095703125
4356.299999999999,4387.0,0.993,SCALE_DOWN,3000.0
3000.0,3000.4214,0.9999,SCALE_DOWN,3000.0
21000.0,21000.047,1.0,STAY_ACTIVE,21000.046875
10035.9,10006.239,0.997,STAY_ACTIVE,10006.2392578125
10263.3,10267.23,0.9996,STAY_ACTIVE,10267.23046875
8926.2,8912.07,0.9984,SCALE_DOWN,3000.0
6476.4,6469.229,0.9989,SCALE_DOWN,3000.0
13821.000000000002,14065.7,0.9823,STAY_ACTIVE,14065.7001953125
21000.0,21000.322,1.0,STAY_ACTIVE,21000.322265625
21000.0,21000.078,1.0,STAY_ACTIVE,21000.078125
21000.0,21000.049,1.0,STAY_ACTIVE,21000.048828125
4221.9,4229.1025,0.9983,SCALE_DOWN,3000.0
20442.6,20333.275,0.9947,STAY_ACTIVE,20333.275390625
3000.0,3000.4214,0.9999,SCALE_DOWN,3000.0
21000.0,21000.193,1.0,STAY_ACTIVE,21000.193359375
17954.7,17966.785,0.9993,STAY_ACTIVE,17966.78515625
3000.0,3000.4214,0.9999,SCALE_DOWN,3000.0
3564.2999999999997,3540.326,0.9933,SCALE_DOWN,3000.0
16386.3,16392.27,0.9996,STAY_ACTIVE,16392.26953125
3000.0,3000.4214,0.9999,SCALE_DOWN,3000.0
21000.0,21000.193,1.0,STAY_ACTIVE,21000.193359375
15456.600000000002,15367.019,0.9942,STAY_ACTIVE,15367.0185546875
3000.0,3000.4214,0.9999,SCALE_DOWN,3000.0
3000.0,3000.4214,0.9999,SCALE_DOWN,3000.0
3000.0,3000.4214,0.9999,SCALE_DOWN,3000.0
3000.0,3000.4214,0.9999,SCALE_DOWN,3000.0
3491.7,3498.5415,0.998,SCALE_DOWN,3000.0
21000.0,21000.047,1.0,STAY_ACTIVE,21000.046875
3000.0,3000.4214,0.9999,SCALE_DOWN,3000.0
8767.5,8789.898,0.9974,SCALE_DOWN,3000.0
7240.799999999999,7230.7964,0.9986,SCALE_DOWN,3000.0
11360.7,11269.905,0.992,STAY_ACTIVE,11269.9052734375
6246.0,6229.497,0.9974,SCALE_DOWN,3000.0
14222.4,14303.576,0.9943,STAY_ACTIVE,14303.576171875
6588.0,6581.3125,0.999,SCALE_DOWN,3000.0
21000.0,21000.07,1.0,STAY_ACTIVE,21000.0703125
15572.4,15636.922,0.9959,STAY_ACTIVE,15636.921875
11596.5,11636.025,0.9966,STAY_ACTIVE,11636.025390625
11798.1,11811.556,0.9989,STAY_ACTIVE,11811.5556640625
21000.0,21000.078,1.0,STAY_ACTIVE,21000.078125
21000.0,21000.291,1.0,STAY_ACTIVE,21000.291015625
3000.0,3000.4214,0.9999,SCALE_DOWN,3000.0
3000.0,3000.4214,0.9999,SCALE_DOWN,3000.0
21000.0,20999.271,1.0,STAY_ACTIVE,20999.271484375
18455.4,18417.61,0.998,STAY_ACTIVE,18417.609375
3000.0,3000.4214,0.9999,SCALE_DOWN,3000.0
6746.1,6741.871,0.9994,SCALE_DOWN,3000.0
3000.0,3000.4214,0.9999,SCALE_DOWN,3000.0
5382.9,5352.3315,0.9943,SCALE_DOWN,3000.0
9674.1,9715.7,0.9957,STAY_ACTIVE,9715.7001953125
3000.0,3000.4214,0.9999,SCALE_DOWN,3000.0
21000.0,20999.562,1.0,STAY_ACTIVE,20999.5625
3000.0,3000.4214,0.9999,SCALE_DOWN,3000.0
3266.7,3254.3242,0.9962,SCALE_DOWN,3000.0
6837.0,6864.7017,0.9959,SCALE_DOWN,3000.0
3000.0,3000.4214,0.9999,SCALE_DOWN,3000.0
10784.7,10798.388,0.9987,STAY_ACTIVE,10798.3876953125
8287.2,8285.408,0.9998,SCALE_DOWN,3000.0
21000.0,21000.078,1.0,STAY_ACTIVE,21000.078125
3000.0,3000.4214,0.9999,SCALE_DOWN,3000.0
7439.4,7434.957,0.9994,SCALE_DOWN,3000.0
3000.0,3000.4214,0.9999,SCALE_DOWN,3000.0
7093.2,7082.6055,0.9985,SCALE_DOWN,3000.0
8099.1,8124.172,0.9969,SCALE_DOWN,3000.0
21000.0,21000.049,1.0,STAY_ACTIVE,21000.048828125
21000.0,20999.562,1.0,STAY_ACTIVE,20999.5625
4602.0,4629.4614,0.994,SCALE_DOWN,3000.0
4356.900000000001,4349.2646,0.9982,SCALE_DOWN,3000.0
3000.0,3000.4214,0.9999,SCALE_DOWN,3000.0
3335.1,3331.9075,0.999,SCALE_DOWN,3000.0
3000.0,3000.4214,0.9999,SCALE_DOWN,3000.0
21000.0,21000.047,1.0,STAY_ACTIVE,21000.046875
21000.0,21000.078,1.0,STAY_ACTIVE,21000.078125
7220.4,7223.9917,0.9995,SCALE_DOWN,3000.0
16004.7,16164.616,0.99,STAY_ACTIVE,16164.6162109375
9212.1,9179.901,0.9965,STAY_ACTIVE,9179.9013671875
3000.0,3000.4214,0.9999,SCALE_DOWN,3000.0
3000.0,3000.4214,0.9999,SCALE_DOWN,3000.0
21000.0,21000.049,1.0,STAY_ACTIVE,21000.048828125
3000.0,3000.4214,0.9999,SCALE_DOWN,3000.0
13305.3,13282.585,0.9983,STAY_ACTIVE,13282.5849609375
13992.9,14025.34,0.9977,STAY_ACTIVE,14025.33984375
5439.299999999999,5463.052,0.9956,SCALE_DOWN,3000.0
3000.0,3000.4214,0.9999,SCALE_DOWN,3000.0
14448.3,14404.454,0.997,STAY_ACTIVE,14404.4541015625
11171.1,11210.846,0.9964,STAY_ACTIVE,11210.845703125
3000.0,3000.4214,0.9999,SCALE_DOWN,3000.0
3000.0,3000.4214,0.9999,SCALE_DOWN,3000.0
3000.0,3000.4214,0.9999,SCALE_DOWN,3000.0
3000.0,3000.4214,0.9999,SCALE_DOWN,3000.0
3000.0,3000.4214,0.9999,SCALE_DOWN,3000.0
3000.0,3000.4214,0.9999,SCALE_DOWN,3000.0
3000.0,3000.4214,0.9999,SCALE_DOWN,3000.0
3000.0,3000.4214,0.9999,SCALE_DOWN,3000.0
4457.7,4442.6904,0.9966,SCALE_DOWN,3000.0
21000.0,20999.852,1.0,STAY_ACTIVE,20999.8515625
21000.0,21000.047,1.0,STAY_ACTIVE,21000.046875
3000.0,3000.4214,0.9999,SCALE_DOWN,3000.0
3000.0,3000.4214,0.9999,SCALE_DOWN,3000.0
21000.0,21000.078,1.0,STAY_ACTIVE,21000.078125
21000.0,20982.54,0.9992,STAY_ACTIVE,20982.5390625
9129.3,9094.398,0.9962,STAY_ACTIVE,9094.3984375
3000.0,3000.4214,0.9999,SCALE_DOWN,3000.0
21000.0,21000.047,1.0,STAY_ACTIVE,21000.046875
21000.0,21000.047,1.0,STAY_ACTIVE,21000.046875
3000.0,3000.4214,0.9999,SCALE_DOWN,3000.0
13583.1,13611.334,0.9979,STAY_ACTIVE,13611.333984375
14749.2,14739.167,0.9993,STAY_ACTIVE,14739.1669921875
3000.0,3000.4214,0.9999,SCALE_DOWN,3000.0
21000.0,21000.047,1.0,STAY_ACTIVE,21000.046875
3000.0,3000.4214,0.9999,SCALE_DOWN,3000.0
3000.0,3000.4214,0.9999,SCALE_DOWN,3000.0
3000.0,3000.4214,0.9999,SCALE_DOWN,3000.0
13760.1,13690.538,0.9949,STAY_ACTIVE,13690.5380859375
3000.0,3000.4214,0.9999,SCALE_DOWN,3000.0
12647.4,12675.796,0.9978,STAY_ACTIVE,12675.7958984375
3000.0,3000.4214,0.9999,SCALE_DOWN,3000.0
3000.0,3000.4214,0.9999,SCALE_DOWN,3000.0
19523.7,19688.52,0.9916,STAY_ACTIVE,19688.51953125
9723.6,9653.611,0.9928,STAY_ACTIVE,9653.611328125
11625.9,11666.294,0.9965,STAY_ACTIVE,11666.2939453125
3000.0,3000.4214,0.9999,SCALE_DOWN,3000.0
3000.0,3000.4214,0.9999,SCALE_DOWN,3000.0
9789.0,9826.474,0.9962,STAY_ACTIVE,9826.4736328125
3000.0,3000.4214,0.9999,SCALE_DOWN,3000.0
9880.2,9878.868,0.9999,STAY_ACTIVE,9878.8681640625
21000.0,21000.078,1.0,STAY_ACTIVE,21000.078125
3000.0,3000.4214,0.9999,SCALE_DOWN,3000.0
21000.0,21000.078,1.0,STAY_ACTIVE,21000.078125
9589.8,9537.287,0.9945,STAY_ACTIVE,9537.287109375
21000.0,20999.734,1.0,STAY_ACTIVE,20999.734375
3000.0,3000.4214,0.9999,SCALE_DOWN,3000.0
8918.4,8936.675,0.998,SCALE_DOWN,3000.0
3000.0,3000.4214,0.9999,SCALE_DOWN,3000.0
15317.1,15382.395,0.9957,STAY_ACTIVE,15382.39453125
3000.0,3000.4214,0.9999,SCALE_DOWN,3000.0
12462.000000000002,12522.545,0.9951,STAY_ACTIVE,12522.544921875
21000.0,21010.953,0.9995,STAY_ACTIVE,21010.953125
4423.8,4431.416,0.9983,SCALE_DOWN,3000.0
3000.0,3000.4214,0.9999,SCALE_DOWN,3000.0
3000.0,3000.4214,0.9999,SCALE_DOWN,3000.0
21000.0,21000.584,1.0,STAY_ACTIVE,21000.583984375
11188.2,11090.594,0.9913,STAY_ACTIVE,11090.59375
21000.0,21000.443,1.0,STAY_ACTIVE,21000.443359375
13474.8,13422.878,0.9961,STAY_ACTIVE,13422.8779296875
8480.1,8510.656,0.9964,SCALE_DOWN,3000.0
4793.700000000001,4832.911,0.9918,SCALE_DOWN,3000.0
3000.0,3000.4214,0.9999,SCALE_DOWN,3000.0
21000.0,20999.48,1.0,STAY_ACTIVE,20999.48046875
6567.0,6578.1772,0.9983,SCALE_DOWN,3000.0
21000.0,21000.047,1.0,STAY_ACTIVE,21000.046875
21000.0,20999.107,1.0,STAY_ACTIVE,20999.107421875
21000.0,21000.078,1.0,STAY_ACTIVE,21000.078125
3000.0,3000.4214,0.9999,SCALE_DOWN,3000.0
21000.0,20999.852,1.0,STAY_ACTIVE,20999.8515625
3000.0,3000.4214,0.9999,SCALE_DOWN,3000.0
4023.3,4028.3762,0.9987,SCALE_DOWN,3000.0
8319.000000000002,8371.279,0.9937,SCALE_DOWN,3000.0
10450.2,10519.246,0.9934,STAY_ACTIVE,10519.24609375
13986.000000000002,14026.496,0.9971,STAY_ACTIVE,14026.49609375
7221.0,7221.161,1.0,SCALE_DOWN,3000.0
21000.0,20999.852,1.0,STAY_ACTIVE,20999.8515625
3781.5,3781.6453,1.0,SCALE_DOWN,3000.0
3000.0,3000.4214,0.9999,SCALE_DOWN,3000.0
3000.0,3000.4214,0.9999,SCALE_DOWN,3000.0
5189.7,5191.7104,0.9996,SCALE_DOWN,3000.0
3000.0,3000.4214,0.9999,SCALE_DOWN,3000.0
3000.0,3000.4214,0.9999,SCALE_DOWN,3000.0
3000.0,3000.4214,0.9999,SCALE_DOWN,3000.0
4857.9,4892.395,0.9929,SCALE_DOWN,3000.0
3678.9,3697.277,0.995,SCALE_DOWN,3000.0
3000.0,3000.4214,0.9999,SCALE_DOWN,3000.0
21000.0,20998.826,0.9999,STAY_ACTIVE,20998.826171875
21000.0,20994.697,0.9997,STAY_ACTIVE,20994.697265625
3000.0,3000.4214,0.9999,SCALE_DOWN,3000.0
18294.300000000003,18263.316,0.9983,STAY_ACTIVE,18263.31640625
5703.3,5699.947,0.9994,SCALE_DOWN,3000.0
8343.900000000001,8239.714,0.9875,SCALE_DOWN,3000.0
15068.7,15134.601,0.9956,STAY_ACTIVE,15134.6005859375
12522.3,12569.506,0.9962,STAY_ACTIVE,12569.505859375
3000.0,3000.4214,0.9999,SCALE_DOWN,3000.0
14951.4,14897.384,0.9964,STAY_ACTIVE,14897.3837890625
12683.400000000003,12713.38,0.9976,STAY_ACTIVE,12713.3798828125
3000.0,3000.4214,0.9999,SCALE_DOWN,3000.0
21000.0,21000.078,1.0,STAY_ACTIVE,21000.078125
3000.0,3000.4214,0.9999,SCALE_DOWN,3000.0
3000.0,3000.4214,0.9999,SCALE_DOWN,3000.0
4541.7,4518.1304,0.9948,SCALE_DOWN,3000.0
3000.0,3000.4214,0.9999,SCALE_DOWN,3000.0
7483.200000000001,7482.138,0.9999,SCALE_DOWN,3000.0
3000.0,3000.4214,0.9999,SCALE_DOWN,3000.0
3000.0,3000.4214,0.9999,SCALE_DOWN,3000.0
8247.0,8230.126,0.998,SCALE_DOWN,3000.0
3000.0,3000.4214,0.9999,SCALE_DOWN,3000.0
3000.0,3000.4214,0.9999,SCALE_DOWN,3000.0
6748.8,6781.0713,0.9952,SCALE_DOWN,3000.0
19046.1,19000.275,0.9976,STAY_ACTIVE,19000.275390625
3393.9,3404.0056,0.997,SCALE_DOWN,3000.0
13999.800000000005,13981.434,0.9987,STAY_ACTIVE,13981.43359375
13231.500000000002,13159.763,0.9946,STAY_ACTIVE,13159.7626953125
3000.0,3000.4214,0.9999,SCALE_DOWN,3000.0
3000.0,3000.4214,0.9999,SCALE_DOWN,3000.0
11260.500000000002,11164.17,0.9914,STAY_ACTIVE,11164.169921875
21000.0,21000.049,1.0,STAY_ACTIVE,21000.048828125
3502.5,3472.1504,0.9913,SCALE_DOWN,3000.0
6869.4,6897.801,0.9959,SCALE_DOWN,3000.0
8209.5,8344.577,0.9835,SCALE_DOWN,3000.0
5310.0,5314.0415,0.9992,SCALE_DOWN,3000.0
4225.8,4205.004,0.9951,SCALE_DOWN,3000.0
8530.8,8559.567,0.9966,SCALE_DOWN,3000.0
5650.5,5624.632,0.9954,SCALE_DOWN,3000.0
3000.0,3000.4214,0.9999,SCALE_DOWN,3000.0
4337.1,4351.1475,0.9968,SCALE_DOWN,3000.0
8840.1,8835.218,0.9994,SCALE_DOWN,3000.0
19026.0,19009.682,0.9991,STAY_ACTIVE,19009.681640625
3000.0,3000.4214,0.9999,SCALE_DOWN,3000.0
12138.3,12085.666,0.9957,STAY_ACTIVE,12085.666015625
6684.300000000001,6640.1064,0.9934,SCALE_DOWN,3000.0
13988.1,14038.758,0.9964,STAY_ACTIVE,14038.7578125
5891.700000000001,5874.726,0.9971,SCALE_DOWN,3000.0
3000.0,3000.4214,0.9999,SCALE_DOWN,3000.0
8288.7,8305.874,0.9979,SCALE_DOWN,3000.0
21000.0,20998.205,0.9999,STAY_ACTIVE,20998.205078125
3000.0,3000.4214,0.9999,SCALE_DOWN,3000.0
4123.200000000001,4148.26,0.9939,SCALE_DOWN,3000.0
8073.0,8086.26,0.9984,SCALE_DOWN,3000.0
3000.0,3000.4214,0.9999,SCALE_DOWN,3000.0
6133.500000000001,6106.573,0.9956,SCALE_DOWN,3000.0
4149.9,4151.937,0.9995,SCALE_DOWN,3000.0
21000.0,20998.477,0.9999,STAY_ACTIVE,20998.4765625
5218.200000000001,5235.193,0.9967,SCALE_DOWN,3000.0
3000.0,3000.4214,0.9999,SCALE_DOWN,3000.0
5687.400000000001,5667.987,0.9966,SCALE_DOWN,3000.0
21000.0,21000.049,1.0,STAY_ACTIVE,21000.048828125
5220.6,5194.214,0.9949,SCALE_DOWN,3000.0
14829.000000000002,14775.754,0.9964,STAY_ACTIVE,14775.75390625
21000.0,20917.543,0.9961,STAY_ACTIVE,20917.54296875
6128.1,6118.9736,0.9985,SCALE_DOWN,3000.0
8073.900000000001,8127.145,0.9934,SCALE_DOWN,3000.0
6217.5,6218.322,0.9999,SCALE_DOWN,3000.0
12141.0,12090.653,0.9959,STAY_ACTIVE,12090.6533203125
21000.0,20999.562,1.0,STAY_ACTIVE,20999.5625
21000.0,20679.379,0.9847,STAY_ACTIVE,20679.37890625
3466.2,3412.5984,0.9845,SCALE_DOWN,3000.0
14760.3,14830.074,0.9953,STAY_ACTIVE,14830.07421875
3000.0,3000.4214,0.9999,SCALE_DOWN,3000.0
21000.0,20999.164,1.0,STAY_ACTIVE,20999.1640625
12901.8,12912.647,0.9992,STAY_ACTIVE,12912.6474609375
13768.500000000002,13771.508,0.9998,STAY_ACTIVE,13771.5078125
3000.0,3000.4214,0.9999,SCALE_DOWN,3000.0
9937.2,9917.761,0.998,STAY_ACTIVE,9917.7607421875
3698.1,3670.6663,0.9926,SCALE_DOWN,3000.0
3000.0,3000.4214,0.9999,SCALE_DOWN,3000.0
7042.199999999999,7040.1235,0.9997,SCALE_DOWN,3000.0
17032.8,17057.373,0.9986,STAY_ACTIVE,17057.373046875
6898.5,6842.292,0.9919,SCALE_DOWN,3000.0
10731.3,10739.005,0.9993,STAY_ACTIVE,10739.0048828125
16012.800000000005,16151.063,0.9914,STAY_ACTIVE,16151.0634765625
3952.5,3935.246,0.9956,SCALE_DOWN,3000.0
15444.3,15472.863,0.9982,STAY_ACTIVE,15472.86328125
3000.0,3000.4214,0.9999,SCALE_DOWN,3000.0
21000.0,21000.049,1.0,STAY_ACTIVE,21000.048828125
3000.0,3000.4214,0.9999,SCALE_DOWN,3000.0
5021.4,4998.2876,0.9954,SCALE_DOWN,3000.0
13382.7,13370.006,0.9991,STAY_ACTIVE,13370.005859375
6245.400000000001,6253.5796,0.9987,SCALE_DOWN,3000.0
21000.0,20999.852,1.0,STAY_ACTIVE,20999.8515625
3000.0,3000.4214,0.9999,SCALE_DOWN,3000.0
21000.0,21000.047,1.0,STAY_ACTIVE,21000.046875
3000.0,3000.4214,0.9999,SCALE_DOWN,3000.0
3000.0,3000.4214,0.9999,SCALE_DOWN,3000.0
8057.700000000001,8069.883,0.9985,SCALE_DOWN,3000.0
5054.4,5044.454,0.998,SCALE_DOWN,3000.0
16071.9,15924.807,0.9908,STAY_ACTIVE,15924.806640625
3000.0,3000.4214,0.9999,SCALE_DOWN,3000.0
3000.0,3000.4214,0.9999,SCALE_DOWN,3000.0
3000.0,3000.4214,0.9999,SCALE_DOWN,3000.0
5475.0,5492.0166,0.9969,SCALE_DOWN,3000.0
21000.0,21000.639,1.0,STAY_ACTIVE,21000.638671875
16987.2,16788.354,0.9883,STAY_ACTIVE,16788.353515625
3000.0,3000.4214,0.9999,SCALE_DOWN,3000.0
18647.4,18634.75,0.9993,STAY_ACTIVE,18634.75
5471.400000000001,5457.8506,0.9975,SCALE_DOWN,3000.0
21000.0,20999.975,1.0,STAY_ACTIVE,20999.974609375
10164.0,10185.79,0.9979,STAY_ACTIVE,10185.7900390625
3000.0,3000.4214,0.9999,SCALE_DOWN,3000.0
21000.0,21000.047,1.0,STAY_ACTIVE,21000.046875
21000.0,21000.049,1.0,STAY_ACTIVE,21000.048828125
21000.0,20999.11,1.0,STAY_ACTIVE,20999.109375
7695.0,7683.2153,0.9985,SCALE_DOWN,3000.0
4776.6,4784.6997,0.9983,SCALE_DOWN,3000.0
3000.0,3000.4214,0.9999,SCALE_DOWN,3000.0
3000.0,3000.4214,0.9999,SCALE_DOWN,3000.0
3000.0,3000.4214,0.9999,SCALE_DOWN,3000.0
21000.0,20998.604,0.9999,STAY_ACTIVE,20998.603515625
3000.0,3000.4214,0.9999,SCALE_DOWN,3000.0
8894.7,8874.06,0.9977,SCALE_DOWN,3000.0
3000.0,3000.4214,0.9999,SCALE_DOWN,3000.0
3000.0,3000.4214,0.9999,SCALE_DOWN,3000.0
3000.0,3000.4214,0.9999,SCALE_DOWN,3000.0
3000.0,3000.4214,0.9999,SCALE_DOWN,3000.0
3000.0,3000.4214,0.9999,SCALE_DOWN,3000.0
3000.0,3000.4214,0.9999,SCALE_DOWN,3000.0
21000.0,21000.047,1.0,STAY_ACTIVE,21000.046875
13021.8,13031.342,0.9993,STAY_ACTIVE,13031.341796875
21000.0,20999.562,1.0,STAY_ACTIVE,20999.5625
3000.0,3000.4214,0.9999,SCALE_DOWN,3000.0
16964.1,16967.541,0.9998,STAY_ACTIVE,16967.541015625
3000.0,3000.4214,0.9999,SCALE_DOWN,3000.0
21000.0,20999.68,1.0,STAY_ACTIVE,20999.6796875
3864.3,3870.051,0.9985,SCALE_DOWN,3000.0
7207.8,7221.161,0.9981,SCALE_DOWN,3000.0
4770.6,4768.4907,0.9996,SCALE_DOWN,3000.0
5514.0,5536.32,0.996,SCALE_DOWN,3000.0
3000.0,3000.4214,0.9999,SCALE_DOWN,3000.0
3000.0,3000.4214,0.9999,SCALE_DOWN,3000.0
16792.500000000004,16891.1,0.9941,STAY_ACTIVE,16891.099609375
21000.0,20997.992,0.9999,STAY_ACTIVE,20997.9921875
5667.0,5673.318,0.9989,SCALE_DOWN,3000.0
3000.0,3000.4214,0.9999,SCALE_DOWN,3000.0
21000.0,21013.477,0.9994,STAY_ACTIVE,21013.4765625
21000.0,21000.078,1.0,STAY_ACTIVE,21000.078125
3000.0,3000.4214,0.9999,SCALE_DOWN,3000.0
4736.1,4713.064,0.9951,SCALE_DOWN,3000.0
3000.0,3000.4214,0.9999,SCALE_DOWN,3000.0
7640.4,7615.17,0.9967,SCALE_DOWN,3000.0
19962.6,19979.035,0.9992,STAY_ACTIVE,19979.03515625
21000.0,21000.67,1.0,STAY_ACTIVE,21000.669921875
3000.0,3000.4214,0.9999,SCALE_DOWN,3000.0
3000.0,3000.4214,0.9999,SCALE_DOWN,3000.0
3000.0,3000.4214,0.9999,SCALE_DOWN,3000.0
3000.0,3000.4214,0.9999,SCALE_DOWN,3000.0
5761.5,5792.2915,0.9947,SCALE_DOWN,3000.0
21000.0,21000.078,1.0,STAY_ACTIVE,21000.078125
19135.199999999997,19008.293,0.9934,STAY_ACTIVE,19008.29296875
3000.0,3000.4214,0.9999,SCALE_DOWN,3000.0
4813.799999999999,4810.968,0.9994,SCALE_DOWN,3000.0
3000.0,3000.4214,0.9999,SCALE_DOWN,3000.0
6352.200000000001,6346.9478,0.9992,SCALE_DOWN,3000.0
3000.0,3000.4214,0.9999,SCALE_DOWN,3000.0
3000.0,3000.4214,0.9999,SCALE_DOWN,3000.0
10785.6,10756.338,0.9973,STAY_ACTIVE,10756.337890625
3000.0,3000.4214,0.9999,SCALE_DOWN,3000.0
3000.0,3000.4214,0.9999,SCALE_DOWN,3000.0
3000.0,3000.4214,0.9999,SCALE_DOWN,3000.0
7376.700000000001,7384.6123,0.9989,SCALE_DOWN,3000.0
3000.0,3000.4214,0.9999,SCALE_DOWN,3000.0
3000.0,3000.4214,0.9999,SCALE_DOWN,3000.0
5697.9,5705.1304,0.9987,SCALE_DOWN,3000.0
3000.0,3000.4214,0.9999,SCALE_DOWN,3000.0
20816.699999999997,20686.041,0.9937,STAY_ACTIVE,20686.041015625
14078.4,14091.227,0.9991,STAY_ACTIVE,14091.2265625
14585.1,14481.077,0.9929,STAY_ACTIVE,14481.0771484375
14374.2,14363.098,0.9992,STAY_ACTIVE,14363.09765625
10500.3,10520.416,0.9981,STAY_ACTIVE,10520.416015625
21000.0,20980.135,0.9991,STAY_ACTIVE,20980.134765625
10496.7,10564.556,0.9935,STAY_ACTIVE,10564.5556640625
8919.0,8896.897,0.9975,SCALE_DOWN,3000.0
3000.0,3000.4214,0.9999,SCALE_DOWN,3000.0
21000.0,21000.047,1.0,STAY_ACTIVE,21000.046875
21000.0,20999.852,1.0,STAY_ACTIVE,20999.8515625
5769.299999999999,5761.5225,0.9987,SCALE_DOWN,3000.0
3000.0,3000.4214,0.9999,SCALE_DOWN,3000.0
3000.0,3000.4214,0.9999,SCALE_DOWN,3000.0
9321.0,9328.813,0.9992,STAY_ACTIVE,9328.8134765625
3000.0,3000.4214,0.9999,SCALE_DOWN,3000.0
3000.0,3000.4214,0.9999,SCALE_DOWN,3000.0
15964.2,16123.529,0.99,STAY_ACTIVE,16123.529296875
17026.8,17075.857,0.9971,STAY_ACTIVE,17075.857421875
3000.0,3000.4214,0.9999,SCALE_DOWN,3000.0
3276.6,3260.1313,0.995,SCALE_DOWN,3000.0
10993.5,10970.339,0.9979,STAY_ACTIVE,10970.3388671875
5793.0,5808.804,0.9973,SCALE_DOWN,3000.0
3000.0,3000.4214,0.9999,SCALE_DOWN,3000.0
4998.0,4977.4067,0.9959,SCALE_DOWN,3000.0
21000.0,20999.467,1.0,STAY_ACTIVE,20999.466796875
11267.4,11177.586,0.992,STAY_ACTIVE,11177.5859375
7537.8,7600.2563,0.9917,SCALE_DOWN,3000.0
3993.9,3962.7795,0.9922,SCALE_DOWN,3000.0
10748.7,10705.057,0.9959,STAY_ACTIVE,10705.056640625
3000.0,3000.4214,0.9999,SCALE_DOWN,3000.0
21000.0,21015.38,0.9993,STAY_ACTIVE,21015.380859375
3000.0,3000.4214,0.9999,SCALE_DOWN,3000.0
21000.0,20997.246,0.9999,STAY_ACTIVE,20997.24609375
3000.0,3000.4214,0.9999,SCALE_DOWN,3000.0
21000.0,21000.078,1.0,STAY_ACTIVE,21000.078125
3000.0,3000.4214,0.9999,SCALE_DOWN,3000.0
21000.0,20998.19,0.9999,STAY_ACTIVE,20998.189453125
3000.0,3000.4214,0.9999,SCALE_DOWN,3000.0
10423.5,10443.632,0.9981,STAY_ACTIVE,10443.6318359375
3000.0,3000.4214,0.9999,SCALE_DOWN,3000.0
3000.0,3000.4214,0.9999,SCALE_DOWN,3000.0
8144.700000000001,8182.4766,0.9954,SCALE_DOWN,3000.0
15837.300000000005,15819.042,0.9988,STAY_ACTIVE,15819.0419921875
3000.0,3000.4214,0.9999,SCALE_DOWN,3000.0
3744.6,3739.8706,0.9987,SCALE_DOWN,3000.0
5562.3,5539.9414,0.996,SCALE_DOWN,3000.0
3000.0,3000.4214,0.9999,SCALE_DOWN,3000.0
3000.0,3000.4214,0.9999,SCALE_DOWN,3000.0
21000.0,21000.047,1.0,STAY_ACTIVE,21000.046875
3000.0,3000.4214,0.9999,SCALE_DOWN,3000.0
9158.4,9149.843,0.9991,STAY_ACTIVE,9149.8427734375
3000.0,3000.4214,0.9999,SCALE_DOWN,3000.0
21000.0,21000.047,1.0,STAY_ACTIVE,21000.046875
15227.7,15272.723,0.997,STAY_ACTIVE,15272.72265625
3000.0,3000.4214,0.9999,SCALE_DOWN,3000.0
7293.0,7244.8657,0.9934,SCALE_DOWN,3000.0
7233.6,7200.1177,0.9954,SCALE_DOWN,3000.0
8564.100000000002,8555.288,0.999,SCALE_DOWN,3000.0
3000.0,3000.4214,0.9999,SCALE_DOWN,3000.0
21000.0,21037.28,0.9982,STAY_ACTIVE,21037.279296875
13535.7,13540.49,0.9996,STAY_ACTIVE,13540.490234375
21000.0,21000.078,1.0,STAY_ACTIVE,21000.078125
3000.0,3000.4214,0.9999,SCALE_DOWN,3000.0
3000.0,3000.4214,0.9999,SCALE_DOWN,3000.0
3556.5,3568.5747,0.9966,SCALE_DOWN,3000.0
11682.3,11510.175,0.9853,STAY_ACTIVE,11510.1748046875
3000.0,3000.4214,0.9999,SCALE_DOWN,3000.0
3000.0,3000.4214,0.9999,SCALE_DOWN,3000.0
13817.400000000003,13771.358,0.9967,STAY_ACTIVE,13771.3583984375
3000.0,3000.4214,0.9999,SCALE_DOWN,3000.0
9526.8,9554.781,0.9971,STAY_ACTIVE,9554.78125
8579.699999999999,8554.802,0.9971,SCALE_DOWN,3000.0
9939.9,10073.542,0.9866,STAY_ACTIVE,10073.5419921875
3000.0,3000.4214,0.9999,SCALE_DOWN,3000.0
4677.9,4667.351,0.9977,SCALE_DOWN,3000.0
21000.0,20999.367,1.0,STAY_ACTIVE,20999.3671875
12017.7,12074.897,0.9952,STAY_ACTIVE,12074.8974609375
3603.3,3616.4446,0.9964,SCALE_DOWN,3000.0
12397.500000000002,12353.636,0.9965,STAY_ACTIVE,12353.6357421875
3000.0,3000.4214,0.9999,SCALE_DOWN,3000.0
21000.0,21000.047,1.0,STAY_ACTIVE,21000.046875
10730.1,10594.68,0.9874,STAY_ACTIVE,10594.6796875
3000.0,3000.4214,0.9999,SCALE_DOWN,3000.0
19356.300000000003,19362.264,0.9997,STAY_ACTIVE,19362.263671875
3000.0,3000.4214,0.9999,SCALE_DOWN,3000.0
21000.0,20999.326,1.0,STAY_ACTIVE,20999.326171875
8895.9,8889.5625,0.9993,SCALE_DOWN,3000.0
13828.2,13804.937,0.9983,STAY_ACTIVE,13804.9365234375
3000.0,3000.4214,0.9999,SCALE_DOWN,3000.0
19611.0,19517.176,0.9952,STAY_ACTIVE,19517.17578125
3457.5,3486.564,0.9916,SCALE_DOWN,3000.0
21000.0,20997.377,0.9999,STAY_ACTIVE,20997.376953125
3000.0,3000.4214,0.9999,SCALE_DOWN,3000.0
3000.0,3000.4214,0.9999,SCALE_DOWN,3000.0
6922.5,6962.4336,0.9942,SCALE_DOWN,3000.0
4152.0,4233.7407,0.9803,SCALE_DOWN,3000.0
21000.0,21000.049,1.0,STAY_ACTIVE,21000.048828125
21000.0,20996.213,0.9998,STAY_ACTIVE,20996.212890625
3000.0,3000.4214,0.9999,SCALE_DOWN,3000.0
21000.0,20994.875,0.9998,STAY_ACTIVE,20994.875
21000.0,21000.078,1.0,STAY_ACTIVE,21000.078125
18489.9,18514.912,0.9986,STAY_ACTIVE,18514.912109375
20444.4,20474.215,0.9985,STAY_ACTIVE,20474.21484375
7323.6,7334.0693,0.9986,SCALE_DOWN,3000.0
3000.0,3000.4214,0.9999,SCALE_DOWN,3000.0
4007.1,3989.7964,0.9957,SCALE_DOWN,3000.0
3000.0,3000.4214,0.9999,SCALE_DOWN,3000.0
15732.9,15735.325,0.9998,STAY_ACTIVE,15735.3251953125
8881.5,8904.547,0.9974,SCALE_DOWN,3000.0
7481.1,7469.217,0.9984,SCALE_DOWN,3000.0
3000.0,3000.4214,0.9999,SCALE_DOWN,3000.0
15105.6,15158.699,0.9965,STAY_ACTIVE,15158.69921875
6257.4,6252.092,0.9992,SCALE_DOWN,3000.0
8426.7,8439.535,0.9985,SCALE_DOWN,3000.0
3000.0,3000.4214,0.9999,SCALE_DOWN,3000.0
3000.0,3000.4214,0.9999,SCALE_DOWN,3000.0
18595.5,18679.248,0.9955,STAY_ACTIVE,18679.248046875
11224.500000000002,11203.147,0.9981,STAY_ACTIVE,11203.1474609375
13778.4,13779.975,0.9999,STAY_ACTIVE,13779.974609375
7626.6,7631.7744,0.9993,SCALE_DOWN,3000.0
4623.3,4604.636,0.996,SCALE_DOWN,3000.0
3000.0,3000.4214,0.9999,SCALE_DOWN,3000.0
12719.4,12739.347,0.9984,STAY_ACTIVE,12739.3466796875
6190.8,6202.6514,0.9981,SCALE_DOWN,3000.0
8297.7,8335.031,0.9955,SCALE_DOWN,3000.0
13554.6,13535.915,0.9986,STAY_ACTIVE,13535.9150390625
19162.8,19208.328,0.9976,STAY_ACTIVE,19208.328125
21000.0,21000.047,1.0,STAY_ACTIVE,21000.046875
3000.0,3000.4214,0.9999,SCALE_DOWN,3000.0
3553.5,3535.6,0.995,SCALE_DOWN,3000.0
3000.0,3000.4214,0.9999,SCALE_DOWN,3000.0
21000.0,21000.047,1.0,STAY_ACTIVE,21000.046875
21000.0,21000.047,1.0,STAY_ACTIVE,21000.046875
3000.0,3000.4214,0.9999,SCALE_DOWN,3000.0
3575.4,3608.458,0.9908,SCALE_DOWN,3000.0
3000.0,3000.4214,0.9999,SCALE_DOWN,3000.0
9676.2,9715.592,0.9959,STAY_ACTIVE,9715.591796875
21000.0,21000.047,1.0,STAY_ACTIVE,21000.046875
3000.0,3000.4214,0.9999,SCALE_DOWN,3000.0
21000.0,21000.078,1.0,STAY_ACTIVE,21000.078125
3000.0,3000.4214,0.9999,SCALE_DOWN,3000.0
8176.500000000001,8264.156,0.9893,SCALE_DOWN,3000.0
21000.0,21000.047,1.0,STAY_ACTIVE,21000.046875
8011.500000000001,8017.843,0.9992,SCALE_DOWN,3000.0
6481.799999999999,6460.0347,0.9966,SCALE_DOWN,3000.0
12987.3,12990.303,0.9998,STAY_ACTIVE,12990.302734375
3000.0,3000.4214,0.9999,SCALE_DOWN,3000.0
3000.0,3000.4214,0.9999,SCALE_DOWN,3000.0
21000.0,20999.48,1.0,STAY_ACTIVE,20999.48046875
5196.599999999999,5203.214,0.9987,SCALE_DOWN,3000.0
11685.000000000002,11665.206,0.9983,STAY_ACTIVE,11665.2060546875
21000.0,20999.852,1.0,STAY_ACTIVE,20999.8515625
3000.0,3000.4214,0.9999,SCALE_DOWN,3000.0
6363.0,6349.607,0.9979,SCALE_DOWN,3000.0
3000.0,3000.4214,0.9999,SCALE_DOWN,3000.0
3000.0,3000.4214,0.9999,SCALE_DOWN,3000.0
3000.0,3000.4214,0.9999,SCALE_DOWN,3000.0
21000.0,21000.078,1.0,STAY_ACTIVE,21000.078125
3000.0,3000.4214,0.9999,SCALE_DOWN,3000.0
7790.1,7769.0977,0.9973,SCALE_DOWN,3000.0
3000.0,3000.4214,0.9999,SCALE_DOWN,3000.0
3000.0,3000.4214,0.9999,SCALE_DOWN,3000.0
9886.2,9867.884,0.9981,STAY_ACTIVE,9867.8837890625
10719.9,10762.278,0.996,STAY_ACTIVE,10762.2783203125
3000.0,3000.4214,0.9999,SCALE_DOWN,3000.0
3000.0,3000.4214,0.9999,SCALE_DOWN,3000.0
3000.0,3000.4214,0.9999,SCALE_DOWN,3000.0
21000.0,20999.467,1.0,STAY_ACTIVE,20999.466796875
8563.8,8570.412,0.9992,SCALE_DOWN,3000.0
14884.2,14857.989,0.9982,STAY_ACTIVE,14857.9892578125
7690.799999999999,7660.1655,0.996,SCALE_DOWN,3000.0
8163.599999999999,8176.7446,0.9984,SCALE_DOWN,3000.0
4270.2,4265.5425,0.9989,SCALE_DOWN,3000.0
3000.0,3000.4214,0.9999,SCALE_DOWN,3000.0
21000.0,21000.068,1.0,STAY_ACTIVE,21000.068359375
5892.0,5873.2827,0.9968,SCALE_DOWN,3000.0
6078.900000000001,6072.7646,0.999,SCALE_DOWN,3000.0
3000.0,3000.4214,0.9999,SCALE_DOWN,3000.0
3000.0,3000.4214,0.9999,SCALE_DOWN,3000.0
7418.099999999999,7501.669,0.9887,SCALE_DOWN,3000.0
7160.1,7166.9624,0.999,SCALE_DOWN,3000.0
4048.5,4044.939,0.9991,SCALE_DOWN,3000.0
7944.9,7922.9136,0.9972,SCALE_DOWN,3000.0
15741.900000000003,15682.806,0.9962,STAY_ACTIVE,15682.8056640625
3000.0,3000.4214,0.9999,SCALE_DOWN,3000.0
7837.5,7862.1826,0.9969,SCALE_DOWN,3000.0
21000.0,20999.564,1.0,STAY_ACTIVE,20999.564453125
5969.1,5948.995,0.9966,SCALE_DOWN,3000.0
3738.9,3720.1553,0.995,SCALE_DOWN,3000.0
16647.3,16586.988,0.9964,STAY_ACTIVE,16586.98828125
6805.5,6797.473,0.9988,SCALE_DOWN,3000.0
12648.000000000002,12676.24,0.9978,STAY_ACTIVE,12676.240234375
3000.0,3000.4214,0.9999,SCALE_DOWN,3000.0
7396.200000000001,7415.2275,0.9974,SCALE_DOWN,3000.0
3000.0,3000.4214,0.9999,SCALE_DOWN,3000.0
3000.0,3000.4214,0.9999,SCALE_DOWN,3000.0
3000.0,3000.4214,0.9999,SCALE_DOWN,3000.0
21000.0,21000.047,1.0,STAY_ACTIVE,21000.046875
14622.3,14596.091,0.9982,STAY_ACTIVE,14596.0908203125
21000.0,21000.049,1.0,STAY_ACTIVE,21000.048828125
3000.0,3000.4214,0.9999,SCALE_DOWN,3000.0
3000.0,3000.4214,0.9999,SCALE_DOWN,3000.0
15485.1,15475.299,0.9994,STAY_ACTIVE,15475.298828125
9633.3,9634.734,0.9999,STAY_ACTIVE,9634.734375
11142.0,11144.921,0.9997,STAY_ACTIVE,11144.9208984375
3000.0,3000.4214,0.9999,SCALE_DOWN,3000.0
9607.8,9604.227,0.9996,STAY_ACTIVE,9604.2265625
3000.0,3000.4214,0.9999,SCALE_DOWN,3000.0
21000.0,20983.316,0.9992,STAY_ACTIVE,20983.31640625
8822.4,8835.218,0.9985,SCALE_DOWN,3000.0
3000.0,3000.4214,0.9999,SCALE_DOWN,3000.0
21000.0,21000.047,1.0,STAY_ACTIVE,21000.046875
4743.9,4741.25,0.9994,SCALE_DOWN,3000.0
3000.0,3000.4214,0.9999,SCALE_DOWN,3000.0
5549.4,5570.8115,0.9961,SCALE_DOWN,3000.0
17758.2,17713.66,0.9975,STAY_ACTIVE,17713.66015625
10545.3,10596.056,0.9952,STAY_ACTIVE,10596.0556640625
11491.2,11484.264,0.9994,STAY_ACTIVE,11484.263671875
3000.0,3000.4214,0.9999,SCALE_DOWN,3000.0
6355.800000000001,6351.573,0.9993,SCALE_DOWN,3000.0
12766.500000000002,12797.398,0.9976,STAY_ACTIVE,12797.3984375
21000.0,20998.477,0.9999,STAY_ACTIVE,20998.4765625
21000.0,21000.078,1.0,STAY_ACTIVE,21000.078125
11726.1,11763.224,0.9968,STAY_ACTIVE,11763.2236328125
3000.0,3000.4214,0.9999,SCALE_DOWN,3000.0
3000.0,3000.4214,0.9999,SCALE_DOWN,3000.0
21000.0,21000.049,1.0,STAY_ACTIVE,21000.048828125
14088.6,14150.08,0.9956,STAY_ACTIVE,14150.080078125
3000.0,3000.4214,0.9999,SCALE_DOWN,3000.0
3000.0,3000.4214,0.9999,SCALE_DOWN,3000.0
12512.1,12539.175,0.9978,STAY_ACTIVE,12539.1748046875
7745.700000000001,7760.865,0.998,SCALE_DOWN,3000.0
3000.0,3000.4214,0.9999,SCALE_DOWN,3000.0
9077.7,9045.536,0.9965,STAY_ACTIVE,9045.5361328125
3000.0,3000.4214,0.9999,SCALE_DOWN,3000.0
3000.0,3000.4214,0.9999,SCALE_DOWN,3000.0
21000.0,21000.049,1.0,STAY_ACTIVE,21000.048828125
5769.9,5806.003,0.9937,SCALE_DOWN,3000.0
4580.4,4580.2856,1.0,SCALE_DOWN,3000.0
21000.0,20999.107,1.0,STAY_ACTIVE,20999.107421875
3000.0,3000.4214,0.9999,SCALE_DOWN,3000.0
3000.0,3000.4214,0.9999,SCALE_DOWN,3000.0
3000.0,3000.4214,0.9999,SCALE_DOWN,3000.0
5204.1,5217.4497,0.9974,SCALE_DOWN,3000.0
18414.300000000003,18285.559,0.993,STAY_ACTIVE,18285.55859375
21000.0,20995.805,0.9998,STAY_ACTIVE,20995.8046875
7770.9,7753.587,0.9978,SCALE_DOWN,3000.0
13635.3,13640.174,0.9996,STAY_ACTIVE,13640.173828125
21000.0,21000.047,1.0,STAY_ACTIVE,21000.046875
3000.0,3000.4214,0.9999,SCALE_DOWN,3000.0
21000.0,21000.047,1.0,STAY_ACTIVE,21000.046875
6961.200000000001,7001.0317,0.9943,SCALE_DOWN,3000.0
3000.0,3000.4214,0.9999,SCALE_DOWN,3000.0
9055.2,9056.66,0.9998,STAY_ACTIVE,9056.66015625
3000.0,3000.4214,0.9999,SCALE_DOWN,3000.0
21000.0,21000.078,1.0,STAY_ACTIVE,21000.078125
12292.8,12281.258,0.9991,STAY_ACTIVE,12281.2578125
18233.1,18217.432,0.9991,STAY_ACTIVE,18217.431640625
3000.0,3000.4214,0.9999,SCALE_DOWN,3000.0
21000.0,21000.047,1.0,STAY_ACTIVE,21000.046875
15022.8,14965.43,0.9962,STAY_ACTIVE,14965.4296875
20346.0,20195.46,0.9926,STAY_ACTIVE,20195.4609375
18162.6,18138.957,0.9987,STAY_ACTIVE,18138.95703125
11944.8,11940.672,0.9997,STAY_ACTIVE,11940.671875
6473.700000000001,6481.4985,0.9988,SCALE_DOWN,3000.0
21000.0,21000.078,1.0,STAY_ACTIVE,21000.078125
21000.0,20980.166,0.9991,STAY_ACTIVE,20980.166015625
6648.6,6652.057,0.9995,SCALE_DOWN,3000.0
12962.1,12916.878,0.9965,STAY_ACTIVE,12916.8779296875
3357.2999999999997,3345.0334,0.9963,SCALE_DOWN,3000.0
11632.2,11550.104,0.9929,STAY_ACTIVE,11550.103515625
3000.0,3000.4214,0.9999,SCALE_DOWN,3000.0
3000.0,3000.4214,0.9999,SCALE_DOWN,3000.0
14482.8,14445.739,0.9974,STAY_ACTIVE,14445.7392578125
21000.0,21000.049,1.0,STAY_ACTIVE,21000.048828125
3000.0,3000.4214,0.9999,SCALE_DOWN,3000.0
21000.0,20995.723,0.9998,STAY_ACTIVE,20995.72265625
21000.0,20998.35,0.9999,STAY_ACTIVE,20998.349609375
21000.0,21000.047,1.0,STAY_ACTIVE,21000.046875
21000.0,21000.078,1.0,STAY_ACTIVE,21000.078125
15087.000000000002,15165.316,0.9948,STAY_ACTIVE,15165.31640625
5143.5,5147.8726,0.9991,SCALE_DOWN,3000.0
21000.0,21000.242,1.0,STAY_ACTIVE,21000.2421875
21000.0,21000.078,1.0,STAY_ACTIVE,21000.078125
21000.0,21000.078,1.0,STAY_ACTIVE,21000.078125
3000.0,3000.4214,0.9999,SCALE_DOWN,3000.0
21000.0,21000.047,1.0,STAY_ACTIVE,21000.046875
19750.800000000003,20070.557,0.9838,STAY_ACTIVE,20070.556640625
3000.0,3000.4214,0.9999,SCALE_DOWN,3000.0
3000.0,3000.4214,0.9999,SCALE_DOWN,3000.0
7751.099999999999,7746.979,0.9995,SCALE_DOWN,3000.0
3000.0,3000.4214,0.9999,SCALE_DOWN,3000.0
21000.0,21000.047,1.0,STAY_ACTIVE,21000.046875
5576.4,5580.517,0.9993,SCALE_DOWN,3000.0
5202.0,5210.8765,0.9983,SCALE_DOWN,3000.0
3000.0,3000.4214,0.9999,SCALE_DOWN,3000.0
6795.3,6775.665,0.9971,SCALE_DOWN,3000.0
21000.0,21000.047,1.0,STAY_ACTIVE,21000.046875
3579.6,3552.8958,0.9925,SCALE_DOWN,3000.0
3000.0,3000.4214,0.9999,SCALE_DOWN,3000.0
3000.0,3000.4214,0.9999,SCALE_DOWN,3000.0
3000.0,3000.4214,0.9999,SCALE_DOWN,3000.0
3000.0,3000.4214,0.9999,SCALE_DOWN,3000.0
11814.9,11803.9375,0.9991,STAY_ACTIVE,11803.9375
6413.1,6420.183,0.9989,SCALE_DOWN,3000.0
21000.0,20998.35,0.9999,STAY_ACTIVE,20998.349609375
11659.8,11628.947,0.9974,STAY_ACTIVE,11628.947265625
3000.0,3000.4214,0.9999,SCALE_DOWN,3000.0
9094.2,9104.525,0.9989,STAY_ACTIVE,9104.525390625
21000.0,21014.521,0.9993,STAY_ACTIVE,21014.521484375
5598.6,5580.319,0.9967,SCALE_DOWN,3000.0
3000.0,3000.4214,0.9999,SCALE_DOWN,3000.0
21000.0,21000.047,1.0,STAY_ACTIVE,21000.046875
5732.4,5713.2056,0.9967,SCALE_DOWN,3000.0
21000.0,21000.047,1.0,STAY_ACTIVE,21000.046875
10378.5,10361.777,0.9984,STAY_ACTIVE,10361.77734375
17890.8,17630.562,0.9855,STAY_ACTIVE,17630.5625
3000.0,3000.4214,0.9999,SCALE_DOWN,3000.0
18281.1,18344.008,0.9966,STAY_ACTIVE,18344.0078125
9408.3,9432.882,0.9974,STAY_ACTIVE,9432.8818359375
4291.5,4257.8247,0.9922,SCALE_DOWN,3000.0
5708.4,5705.9263,0.9996,SCALE_DOWN,3000.0
5568.299999999999,5547.785,0.9963,SCALE_DOWN,3000.0
3000.0,3000.4214,0.9999,SCALE_DOWN,3000.0
12094.2,12099.212,0.9996,STAY_ACTIVE,12099.2119140625
3000.0,3000.4214,0.9999,SCALE_DOWN,3000.0
3314.1000000000004,3324.1084,0.997,SCALE_DOWN,3000.0
7594.8,7621.194,0.9965,SCALE_DOWN,3000.0
3000.0,3000.4214,0.9999,SCALE_DOWN,3000.0
4677.0,4680.11,0.9993,SCALE_DOWN,3000.0
3000.0,3000.4214,0.9999,SCALE_DOWN,3000.0
3000.0,3000.4214,0.9999,SCALE_DOWN,3000.0
3000.0,3000.4214,0.9999,SCALE_DOWN,3000.0
3000.0,3000.4214,0.9999,SCALE_DOWN,3000.0
7057.8,7040.1235,0.9975,SCALE_DOWN,3000.0
3000.0,3000.4214,0.9999,SCALE_DOWN,3000.0
3000.0,3000.4214,0.9999,SCALE_DOWN,3000.0
14619.6,14669.288,0.9966,STAY_ACTIVE,14669.2880859375
3000.0,3000.4214,0.9999,SCALE_DOWN,3000.0
21000.0,21000.242,1.0,STAY_ACTIVE,21000.2421875
21000.0,21000.047,1.0,STAY_ACTIVE,21000.046875
21000.0,21000.047,1.0,STAY_ACTIVE,21000.046875
4613.4,4589.9155,0.9949,SCALE_DOWN,3000.0
9266.100000000002,9235.316,0.9967,STAY_ACTIVE,9235.31640625
21000.0,21000.049,1.0,STAY_ACTIVE,21000.048828125
7566.0,7570.524,0.9994,SCALE_DOWN,3000.0
12069.9,12071.28,0.9999,STAY_ACTIVE,12071.2802734375
3000.0,3000.4214,0.9999,SCALE_DOWN,3000.0
13978.5,14052.03,0.9947,STAY_ACTIVE,14052.0302734375
5042.700000000001,5055.021,0.9976,SCALE_DOWN,3000.0
3981.3,3990.3018,0.9977,SCALE_DOWN,3000.0
9025.5,9043.778,0.998,STAY_ACTIVE,9043.7783203125
9899.1,9873.942,0.9975,STAY_ACTIVE,9873.9423828125
8155.200000000001,8199.881,0.9945,SCALE_DOWN,3000.0
21000.0,21000.078,1.0,STAY_ACTIVE,21000.078125
3594.6000000000004,3606.826,0.9966,SCALE_DOWN,3000.0
3000.0,3000.4214,0.9999,SCALE_DOWN,3000.0
5494.200000000001,5501.5503,0.9987,SCALE_DOWN,3000.0
9171.0,9200.66,0.9968,STAY_ACTIVE,9200.66015625
21000.0,20999.596,1.0,STAY_ACTIVE,20999.595703125
3000.0,3000.4214,0.9999,SCALE_DOWN,3000.0
5843.7,5823.2373,0.9965,SCALE_DOWN,3000.0
16576.2,16554.602,0.9987,STAY_ACTIVE,16554.6015625
21000.0,21000.047,1.0,STAY_ACTIVE,21000.046875
7321.800000000001,7314.634,0.999,SCALE_DOWN,3000.0
3000.0,3000.4214,0.9999,SCALE_DOWN,3000.0
4787.7,4788.4604,0.9998,SCALE_DOWN,3000.0
8905.800000000001,8853.739,0.9942,SCALE_DOWN,3000.0
3000.0,3000.4214,0.9999,SCALE_DOWN,3000.0
3000.0,3000.4214,0.9999,SCALE_DOWN,3000.0
13710.000000000002,13663.628,0.9966,STAY_ACTIVE,13663.6279296875
10483.5,10489.397,0.9994,STAY_ACTIVE,10489.3974609375
5939.4,5925.265,0.9976,SCALE_DOWN,3000.0
10785.9,10748.193,0.9965,STAY_ACTIVE,10748.193359375
12442.2,12451.811,0.9992,STAY_ACTIVE,12451.810546875
10180.5,10151.734,0.9972,STAY_ACTIVE,10151.734375
10047.3,10016.803,0.997,STAY_ACTIVE,10016.802734375
3000.0,3000.4214,0.9999,SCALE_DOWN,3000.0
13908.300000000005,13941.26,0.9976,STAY_ACTIVE,13941.259765625
3000.0,3000.4214,0.9999,SCALE_DOWN,3000.0
11095.2,11085.033,0.9991,STAY_ACTIVE,11085.033203125
3000.0,3000.4214,0.9999,SCALE_DOWN,3000.0
3000.0,3000.4214,0.9999,SCALE_DOWN,3000.0
3483.6000000000004,3425.2969,0.9833,SCALE_DOWN,3000.0
17542.5,17582.303,0.9977,STAY_ACTIVE,17582.302734375
3000.0,3000.4214,0.9999,SCALE_DOWN,3000.0
21000.0,21000.078,1.0,STAY_ACTIVE,21000.078125
21000.0,21000.049,1.0,STAY_ACTIVE,21000.048828125
3000.0,3000.4214,0.9999,SCALE_DOWN,3000.0
3000.0,3000.4214,0.9999,SCALE_DOWN,3000.0
3000.0,3000.4214,0.9999,SCALE_DOWN,3000.0
21000.0,21000.078,1.0,STAY_ACTIVE,21000.078125
10327.2,10285.061,0.9959,STAY_ACTIVE,10285.060546875
3000.0,3000.4214,0.9999,SCALE_DOWN,3000.0
3000.0,3000.4214,0.9999,SCALE_DOWN,3000.0
3000.0,3000.4214,0.9999,SCALE_DOWN,3000.0
8597.1,8547.911,0.9943,SCALE_DOWN,3000.0
21000.0,21000.047,1.0,STAY_ACTIVE,21000.046875
8092.500000000001,8103.6772,0.9986,SCALE_DOWN,3000.0
3000.0,3000.4214,0.9999,SCALE_DOWN,3000.0
3000.0,3000.4214,0.9999,SCALE_DOWN,3000.0
9991.8,10020.2705,0.9972,STAY_ACTIVE,10020.2705078125
21000.0,20999.852,1.0,STAY_ACTIVE,20999.8515625
21000.0,21000.078,1.0,STAY_ACTIVE,21000.078125
11902.500000000002,11972.046,0.9942,STAY_ACTIVE,11972.0458984375
21000.0,21000.049,1.0,STAY_ACTIVE,21000.048828125
21000.0,21037.541,0.9982,STAY_ACTIVE,21037.541015625
3000.0,3000.4214,0.9999,SCALE_DOWN,3000.0
3000.0,3000.4214,0.9999,SCALE_DOWN,3000.0
16955.100000000002,16967.426,0.9993,STAY_ACTIVE,16967.42578125
4478.1,4455.2173,0.9949,SCALE_DOWN,3000.0
5646.6,5663.1523,0.9971,SCALE_DOWN,3000.0
6534.6,6530.7993,0.9994,SCALE_DOWN,3000.0
3000.0,3000.4214,0.9999,SCALE_DOWN,3000.0
15159.3,15209.376,0.9967,STAY_ACTIVE,15209.3759765625
10416.9,10475.0625,0.9944,STAY_ACTIVE,10475.0625
7135.200000000001,7168.8354,0.9953,SCALE_DOWN,3000.0
4043.4,4062.984,0.9952,SCALE_DOWN,3000.0
3000.0,3000.4214,0.9999,SCALE_DOWN,3000.0
3711.3,3724.2368,0.9965,SCALE_DOWN,3000.0
6597.0,6608.7896,0.9982,SCALE_DOWN,3000.0
3696.9,3690.5085,0.9983,SCALE_DOWN,3000.0
3000.0,3000.4214,0.9999,SCALE_DOWN,3000.0
21000.0,20999.736,1.0,STAY_ACTIVE,20999.736328125
14930.7,14926.108,0.9997,STAY_ACTIVE,14926.1083984375
13526.7,13527.41,0.9999,STAY_ACTIVE,13527.41015625
4083.6,4095.7444,0.997,SCALE_DOWN,3000.0
8698.5,8745.578,0.9946,SCALE_DOWN,3000.0
3000.0,3000.4214,0.9999,SCALE_DOWN,3000.0
21000.0,21000.07,1.0,STAY_ACTIVE,21000.0703125
21000.0,20965.729,0.9984,STAY_ACTIVE,20965.728515625
9478.8,9491.376,0.9987,STAY_ACTIVE,9491.3759765625
8850.9,8845.092,0.9993,SCALE_DOWN,3000.0
3258.3,3260.1313,0.9994,SCALE_DOWN,3000.0
4292.1,4265.8657,0.9939,SCALE_DOWN,3000.0
21000.0,21018.281,0.9991,STAY_ACTIVE,21018.28125
6971.4,6955.431,0.9977,SCALE_DOWN,3000.0
10681.8,10650.044,0.997,STAY_ACTIVE,10650.0439453125
3000.0,3000.4214,0.9999,SCALE_DOWN,3000.0
4263.599999999999,4276.2817,0.997,SCALE_DOWN,3000.0
3000.0,3000.4214,0.9999,SCALE_DOWN,3000.0
3000.0,3000.4214,0.9999,SCALE_DOWN,3000.0
5368.8,5335.919,0.9939,SCALE_DOWN,3000.0
3000.0,3000.4214,0.9999,SCALE_DOWN,3000.0
10167.9,10236.4375,0.9933,STAY_ACTIVE,10236.4375
21000.0,21000.078,1.0,STAY_ACTIVE,21000.078125
3000.0,3000.4214,0.9999,SCALE_DOWN,3000.0
21000.0,21000.049,1.0,STAY_ACTIVE,21000.048828125
21000.0,20999.895,1.0,STAY_ACTIVE,20999.89453125
3000.0,3000.4214,0.9999,SCALE_DOWN,3000.0
14974.200000000004,14940.206,0.9977,STAY_ACTIVE,14940.2060546875
8670.6,8645.28,0.9971,SCALE_DOWN,3000.0
3535.2000000000003,3521.7297,0.9962,SCALE_DOWN,3000.0
21000.0,21000.193,1.0,STAY_ACTIVE,21000.193359375
3556.2000000000003,3526.409,0.9916,SCALE_DOWN,3000.0
3000.0,3000.4214,0.9999,SCALE_DOWN,3000.0
7512.0,7514.141,0.9997,SCALE_DOWN,3000.0
3507.9,3485.0505,0.9935,SCALE_DOWN,3000.0
3000.0,3000.4214,0.9999,SCALE_DOWN,3000.0
3000.0,3000.4214,0.9999,SCALE_DOWN,3000.0
21000.0,21000.078,1.0,STAY_ACTIVE,21000.078125
3000.0,3000.4214,0.9999,SCALE_DOWN,3000.0
4202.700000000001,4167.2754,0.9916,SCALE_DOWN,3000.0
10759.5,10753.317,0.9994,STAY_ACTIVE,10753.3173828125
10800.9,10757.882,0.996,STAY_ACTIVE,10757.8818359375
3000.0,3000.4214,0.9999,SCALE_DOWN,3000.0
3000.0,3000.4214,0.9999,SCALE_DOWN,3000.0
21000.0,21015.037,0.9993,STAY_ACTIVE,21015.037109375
3325.2,3318.9998,0.9981,SCALE_DOWN,3000.0
4966.2,4972.4697,0.9987,SCALE_DOWN,3000.0
7138.5,7155.067,0.9977,SCALE_DOWN,3000.0
11862.000000000002,11981.796,0.9899,STAY_ACTIVE,11981.7958984375
21000.0,21000.291,1.0,STAY_ACTIVE,21000.291015625
3000.0,3000.4214,0.9999,SCALE_DOWN,3000.0
5169.0,5202.3735,0.9935,SCALE_DOWN,3000.0
6671.1,6647.3745,0.9964,SCALE_DOWN,3000.0
21000.0,21000.049,1.0,STAY_ACTIVE,21000.048828125
3000.0,3000.4214,0.9999,SCALE_DOWN,3000.0
3000.0,3000.4214,0.9999,SCALE_DOWN,3000.0
21000.0,20999.133,1.0,STAY_ACTIVE,20999.1328125
21000.0,20998.734,0.9999,STAY_ACTIVE,20998.734375
12885.3,12881.611,0.9997,STAY_ACTIVE,12881.611328125
3000.0,3000.4214,0.9999,SCALE_DOWN,3000.0
4755.3,4788.5557,0.993,SCALE_DOWN,3000.0
3000.0,3000.4214,0.9999,SCALE_DOWN,3000.0
7405.8,7400.971,0.9993,SCALE_DOWN,3000.0
4978.799999999999,4969.5806,0.9981,SCALE_DOWN,3000.0
21000.0,20997.307,0.9999,STAY_ACTIVE,20997.306640625
3000.0,3000.4214,0.9999,SCALE_DOWN,3000.0
3000.0,3000.4214,0.9999,SCALE_DOWN,3000.0
21000.0,21000.07,1.0,STAY_ACTIVE,21000.0703125
3000.0,3000.4214,0.9999,SCALE_DOWN,3000.0
12925.2,13005.709,0.9938,STAY_ACTIVE,13005.708984375
3000.0,3000.4214,0.9999,SCALE_DOWN,3000.0
9179.1,9158.3125,0.9977,STAY_ACTIVE,9158.3125
17815.8,17794.303,0.9988,STAY_ACTIVE,17794.302734375
5929.5,5943.649,0.9976,SCALE_DOWN,3000.0
3000.0,3000.4214,0.9999,SCALE_DOWN,3000.0
5958.9,5985.9497,0.9955,SCALE_DOWN,3000.0
21000.0,21000.047,1.0,STAY_ACTIVE,21000.046875
3000.0,3000.4214,0.9999,SCALE_DOWN,3000.0
21000.0,21011.596,0.9994,STAY_ACTIVE,21011.595703125
3000.0,3000.4214,0.9999,SCALE_DOWN,3000.0
3000.0,3000.4214,0.9999,SCALE_DOWN,3000.0
11434.2,11450.157,0.9986,STAY_ACTIVE,11450.1572265625
3000.0,3000.4214,0.9999,SCALE_DOWN,3000.0
3439.7999999999997,3416.7468,0.9933,SCALE_DOWN,3000.0
21000.0,21000.047,1.0,STAY_ACTIVE,21000.046875
16531.800000000003,16550.633,0.9989,STAY_ACTIVE,16550.6328125
3000.0,3000.4214,0.9999,SCALE_DOWN,3000.0
5795.1,5785.0845,0.9983,SCALE_DOWN,3000.0
9399.0,9330.886,0.9928,STAY_ACTIVE,9330.8857421875
3000.0,3000.4214,0.9999,SCALE_DOWN,3000.0
13829.4,13822.48,0.9995,STAY_ACTIVE,13822.48046875
21000.0,20998.174,0.9999,STAY_ACTIVE,20998.173828125
3000.0,3000.4214,0.9999,SCALE_DOWN,3000.0
6356.4,6352.9927,0.9995,SCALE_DOWN,3000.0
3000.0,3000.4214,0.9999,SCALE_DOWN,3000.0
3000.0,3000.4214,0.9999,SCALE_DOWN,3000.0
19116.300000000003,19111.965,0.9998,STAY_ACTIVE,19111.96484375
21000.0,21000.047,1.0,STAY_ACTIVE,21000.046875
6055.200000000001,6092.256,0.9939,SCALE_DOWN,3000.0
21000.0,20999.467,1.0,STAY_ACTIVE,20999.466796875
4202.1,4171.9087,0.9928,SCALE_DOWN,3000.0
8340.3,8342.512,0.9997,SCALE_DOWN,3000.0
21000.0,21000.047,1.0,STAY_ACTIVE,21000.046875
17387.100000000006,17470.54,0.9952,STAY_ACTIVE,17470.5390625
21000.0,20999.498,1.0,STAY_ACTIVE,20999.498046875
12286.5,12315.867,0.9976,STAY_ACTIVE,12315.8671875
3000.0,3000.4214,0.9999,SCALE_DOWN,3000.0
8698.2,8692.985,0.9994,SCALE_DOWN,3000.0
16784.100000000002,16706.445,0.9954,STAY_ACTIVE,16706.4453125
8689.5,8724.6045,0.996,SCALE_DOWN,3000.0
3000.0,3000.4214,0.9999,SCALE_DOWN,3000.0
21000.0,21000.047,1.0,STAY_ACTIVE,21000.046875
3000.0,3000.4214,0.9999,SCALE_DOWN,3000.0
3000.0,3000.4214,0.9999,SCALE_DOWN,3000.0
19866.0,19958.486,0.9953,STAY_ACTIVE,19958.486328125
21000.0,21000.049,1.0,STAY_ACTIVE,21000.048828125
5730.6,5703.8633,0.9953,SCALE_DOWN,3000.0
6167.700000000001,6155.094,0.998,SCALE_DOWN,3000.0
12037.500000000002,12046.197,0.9993,STAY_ACTIVE,12046.197265625
21000.0,21000.639,1.0,STAY_ACTIVE,21000.638671875
11080.5,11052.715,0.9975,STAY_ACTIVE,11052.71484375
3000.0,3000.4214,0.9999,SCALE_DOWN,3000.0
3000.0,3000.4214,0.9999,SCALE_DOWN,3000.0
3517.7999999999997,3525.7336,0.9977,SCALE_DOWN,3000.0
21000.0,21000.049,1.0,STAY_ACTIVE,21000.048828125
21000.0,21000.047,1.0,STAY_ACTIVE,21000.046875
21000.0,20998.533,0.9999,STAY_ACTIVE,20998.533203125
3000.0,3000.4214,0.9999,SCALE_DOWN,3000.0
3000.0,3000.4214,0.9999,SCALE_DOWN,3000.0
13045.800000000005,13008.02,0.9971,STAY_ACTIVE,13008.01953125
3000.0,3000.4214,0.9999,SCALE_DOWN,3000.0
9871.5,9817.259,0.9945,STAY_ACTIVE,9817.2587890625
8791.5,8835.218,0.995,SCALE_DOWN,3000.0
13182.6,13207.227,0.9981,STAY_ACTIVE,13207.2265625
12533.4,12505.847,0.9978,STAY_ACTIVE,12505.8466796875
6727.200000000001,6741.9014,0.9978,SCALE_DOWN,3000.0
3000.0,3000.4214,0.9999,SCALE_DOWN,3000.0
19421.1,19391.223,0.9985,STAY_ACTIVE,19391.22265625
13572.6,13656.392,0.9938,STAY_ACTIVE,13656.3916015625
3641.1,3655.4553,0.9961,SCALE_DOWN,3000.0
8867.4,8857.448,0.9989,SCALE_DOWN,3000.0
3000.0,3000.4214,0.9999,SCALE_DOWN,3000.0
11793.6,11760.271,0.9972,STAY_ACTIVE,11760.271484375
21000.0,21000.049,1.0,STAY_ACTIVE,21000.048828125
12921.9,12902.341,0.9985,STAY_ACTIVE,12902.3408203125
5612.7,5610.1445,0.9995,SCALE_DOWN,3000.0
21000.0,21014.324,0.9993,STAY_ACTIVE,21014.32421875
3000.0,3000.4214,0.9999,SCALE_DOWN,3000.0
21000.0,21000.047,1.0,STAY_ACTIVE,21000.046875
9284.4,9303.483,0.9979,STAY_ACTIVE,9303.4833984375
3000.0,3000.4214,0.9999,SCALE_DOWN,3000.0
3000.0,3000.4214,0.9999,SCALE_DOWN,3000.0
19913.1,20091.217,0.9911,STAY_ACTIVE,20091.216796875
14397.0,14319.373,0.9946,STAY_ACTIVE,14319.373046875
21000.0,21000.078,1.0,STAY_ACTIVE,21000.078125
10273.2,10264.415,0.9991,STAY_ACTIVE,10264.4150390625
12395.1,12419.215,0.9981,STAY_ACTIVE,12419.21484375
11844.9,11760.445,0.9929,STAY_ACTIVE,11760.4453125
10380.9,10427.86,0.9955,STAY_ACTIVE,10427.8603515625
3000.0,3000.4214,0.9999,SCALE_DOWN,3000.0
3000.0,3000.4214,0.9999,SCALE_DOWN,3000.0
3000.0,3000.4214,0.9999,SCALE_DOWN,3000.0
5631.0,5619.326,0.9979,SCALE_DOWN,3000.0
4236.0,4250.3716,0.9966,SCALE_DOWN,3000.0
3000.0,3000.4214,0.9999,SCALE_DOWN,3000.0
7215.6,7180.3833,0.9951,SCALE_DOWN,3000.0
3000.0,3000.4214,0.9999,SCALE_DOWN,3000.0
6231.6,6249.8955,0.9971,SCALE_DOWN,3000.0
21000.0,20998.857,0.9999,STAY_ACTIVE,20998.857421875
17487.9,17505.25,0.999,STAY_ACTIVE,17505.25
21000.0,20999.328,1.0,STAY_ACTIVE,20999.328125
3000.0,3000.4214,0.9999,SCALE_DOWN,3000.0
5747.400000000001,5812.576,0.9887,SCALE_DOWN,3000.0
9641.1,9672.526,0.9967,STAY_ACTIVE,9672.5263671875
3000.0,3000.4214,0.9999,SCALE_DOWN,3000.0
21000.0,21000.049,1.0,STAY_ACTIVE,21000.048828125
3000.0,3000.4214,0.9999,SCALE_DOWN,3000.0
6027.6,6052.4214,0.9959,SCALE_DOWN,3000.0
3000.0,3000.4214,0.9999,SCALE_DOWN,3000.0
4290.900000000001,4294.644,0.9991,SCALE_DOWN,3000.0
3000.0,3000.4214,0.9999,SCALE_DOWN,3000.0
3000.0,3000.4214,0.9999,SCALE_DOWN,3000.0
11815.5,11705.278,0.9907,STAY_ACTIVE,11705.2783203125
3000.0,3000.4214,0.9999,SCALE_DOWN,3000.0
10715.4,10679.137,0.9966,STAY_ACTIVE,10679.13671875
21000.0,21000.096,1.0,STAY_ACTIVE,21000.095703125
3000.0,3000.4214,0.9999,SCALE_DOWN,3000.0
3000.0,3000.4214,0.9999,SCALE_DOWN,3000.0
21000.0,21000.047,1.0,STAY_ACTIVE,21000.046875
11265.000000000002,11264.626,1.0,STAY_ACTIVE,11264.6259765625
5464.5,5457.8506,0.9988,SCALE_DOWN,3000.0
3000.0,3000.4214,0.9999,SCALE_DOWN,3000.0
3000.0,3000.4214,0.9999,SCALE_DOWN,3000.0
21000.0,20876.031,0.9941,STAY_ACTIVE,20876.03125
5489.4,5447.9004,0.9924,SCALE_DOWN,3000.0
3000.0,3000.4214,0.9999,SCALE_DOWN,3000.0
3000.0,3000.4214,0.9999,SCALE_DOWN,3000.0
3000.0,3000.4214,0.9999,SCALE_DOWN,3000.0
13782.3,13722.14,0.9956,STAY_ACTIVE,13722.1396484375
13849.8,13780.562,0.995,STAY_ACTIVE,13780.5615234375
5015.700000000001,4996.8384,0.9962,SCALE_DOWN,3000.0
3000.0,3000.4214,0.9999,SCALE_DOWN,3000.0
3000.0,3000.4214,0.9999,SCALE_DOWN,3000.0
4729.800000000001,4731.127,0.9997,SCALE_DOWN,3000.0
21000.0,21000.049,1.0,STAY_ACTIVE,21000.048828125
21000.0,21000.047,1.0,STAY_ACTIVE,21000.046875
21000.0,20999.562,1.0,STAY_ACTIVE,20999.5625
3000.0,3000.4214,0.9999,SCALE_DOWN,3000.0
5143.200000000001,5139.2285,0.9992,SCALE_DOWN,3000.0
7469.400000000001,7501.9434,0.9956,SCALE_DOWN,3000.0
5545.8,5571.8115,0.9953,SCALE_DOWN,3000.0
5803.799999999999,5820.0796,0.9972,SCALE_DOWN,3000.0
3441.9,3434.9656,0.998,SCALE_DOWN,3000.0
14769.9,14903.687,0.9909,STAY_ACTIVE,14903.6865234375
3955.8,3983.3706,0.993,SCALE_DOWN,3000.0
21000.0,20999.498,1.0,STAY_ACTIVE,20999.498046875
5843.1,5740.0635,0.9824,SCALE_DOWN,3000.0
3000.0,3000.4214,0.9999,SCALE_DOWN,3000.0
3000.0,3000.4214,0.9999,SCALE_DOWN,3000.0
4289.1,4321.8184,0.9924,SCALE_DOWN,3000.0
6312.3,6315.266,0.9995,SCALE_DOWN,3000.0
21000.0,20983.346,0.9992,STAY_ACTIVE,20983.345703125
21000.0,21000.047,1.0,STAY_ACTIVE,21000.046875
16117.2,16066.169,0.9968,STAY_ACTIVE,16066.1689453125
21000.0,21018.86,0.9991,STAY_ACTIVE,21018.859375
3000.0,3000.4214,0.9999,SCALE_DOWN,3000.0
11890.5,11972.821,0.9931,STAY_ACTIVE,11972.8212890625
6272.4,6276.608,0.9993,SCALE_DOWN,3000.0
3000.0,3000.4214,0.9999,SCALE_DOWN,3000.0
21000.0,21000.047,1.0,STAY_ACTIVE,21000.046875
11283.000000000002,11289.91,0.9994,STAY_ACTIVE,11289.91015625
3000.0,3000.4214,0.9999,SCALE_DOWN,3000.0
18151.5,18078.354,0.996,STAY_ACTIVE,18078.353515625
3000.0,3000.4214,0.9999,SCALE_DOWN,3000.0
3000.0,3000.4214,0.9999,SCALE_DOWN,3000.0
11468.4,11468.959,1.0,STAY_ACTIVE,11468.958984375
21000.0,20999.852,1.0,STAY_ACTIVE,20999.8515625
5547.9,5578.182,0.9945,SCALE_DOWN,3000.0
21000.0,21000.047,1.0,STAY_ACTIVE,21000.046875
21000.0,21000.047,1.0,STAY_ACTIVE,21000.046875
9444.9,9459.076,0.9985,STAY_ACTIVE,9459.076171875
3000.0,3000.4214,0.9999,SCALE_DOWN,3000.0
3000.0,3000.4214,0.9999,SCALE_DOWN,3000.0
10426.8,10417.561,0.9991,STAY_ACTIVE,10417.560546875
21000.0,21000.047,1.0,STAY_ACTIVE,21000.046875
10429.5,10390.551,0.9963,STAY_ACTIVE,10390.55078125
3000.0,3000.4214,0.9999,SCALE_DOWN,3000.0
3000.0,3000.4214,0.9999,SCALE_DOWN,3000.0
21000.0,21000.078,1.0,STAY_ACTIVE,21000.078125
3000.0,3000.4214,0.9999,SCALE_DOWN,3000.0
3000.0,3000.4214,0.9999,SCALE_DOWN,3000.0
21000.0,20999.299,1.0,STAY_ACTIVE,20999.298828125
13376.7,13389.998,0.999,STAY_ACTIVE,13389.998046875
9673.8,9627.092,0.9952,STAY_ACTIVE,9627.091796875
15103.500000000002,15174.385,0.9953,STAY_ACTIVE,15174.384765625
3000.0,3000.4214,0.9999,SCALE_DOWN,3000.0
3844.2,3875.7502,0.9918,SCALE_DOWN,3000.0
21000.0,21000.047,1.0,STAY_ACTIVE,21000.046875
3431.3999999999996,3416.7468,0.9957,SCALE_DOWN,3000.0
3000.0,3000.4214,0.9999,SCALE_DOWN,3000.0
3000.0,3000.4214,0.9999,SCALE_DOWN,3000.0
21000.0,21000.047,1.0,STAY_ACTIVE,21000.046875
21000.0,20980.215,0.9991,STAY_ACTIVE,20980.21484375
21000.0,20999.852,1.0,STAY_ACTIVE,20999.8515625
21000.0,21000.049,1.0,STAY_ACTIVE,21000.048828125
21000.0,20980.08,0.9991,STAY_ACTIVE,20980.080078125
8764.2,8685.226,0.991,SCALE_DOWN,3000.0
3000.0,3000.4214,0.9999,SCALE_DOWN,3000.0
8489.1,8523.006,0.996,SCALE_DOWN,3000.0
14992.8,14981.274,0.9992,STAY_ACTIVE,14981.2744140625
6837.0,6814.6963,0.9967,SCALE_DOWN,3000.0
3000.0,3000.4214,0.9999,SCALE_DOWN,3000.0
3000.0,3000.4214,0.9999,SCALE_DOWN,3000.0
3000.0,3000.4214,0.9999,SCALE_DOWN,3000.0
21000.0,21000.047,1.0,STAY_ACTIVE,21000.046875
19574.7,19531.762,0.9978,STAY_ACTIVE,19531.76171875
4398.0,4376.6567,0.9951,SCALE_DOWN,3000.0
10309.2,10287.668,0.9979,STAY_ACTIVE,10287.66796875
21000.0,20999.498,1.0,STAY_ACTIVE,20999.498046875
5400.3,5375.979,0.9955,SCALE_DOWN,3000.0
3000.0,3000.4214,0.9999,SCALE_DOWN,3000.0
3000.0,3000.4214,0.9999,SCALE_DOWN,3000.0
18045.9,18274.549,0.9873,STAY_ACTIVE,18274.548828125
21000.0,21001.082,0.9999,STAY_ACTIVE,21001.08203125
3474.0,3469.8303,0.9988,SCALE_DOWN,3000.0
15797.999999999998,15700.856,0.9939,STAY_ACTIVE,15700.8564453125
10025.7,10017.303,0.9992,STAY_ACTIVE,10017.302734375
21000.0,20999.852,1.0,STAY_ACTIVE,20999.8515625
21000.0,20996.936,0.9999,STAY_ACTIVE,20996.935546875
20758.8,20732.54,0.9987,STAY_ACTIVE,20732.5390625
21000.0,21000.049,1.0,STAY_ACTIVE,21000.048828125
20050.5,20211.766,0.992,STAY_ACTIVE,20211.765625
7392.6,7418.112,0.9965,SCALE_DOWN,3000.0
5181.9,5201.375,0.9962,SCALE_DOWN,3000.0
21000.0,21000.047,1.0,STAY_ACTIVE,21000.046875
3000.0,3000.4214,0.9999,SCALE_DOWN,3000.0
6451.2,6434.8877,0.9975,SCALE_DOWN,3000.0
10899.0,10815.6455,0.9924,STAY_ACTIVE,10815.6455078125
3393.6000000000004,3398.1506,0.9987,SCALE_DOWN,3000.0
3000.0,3000.4214,0.9999,SCALE_DOWN,3000.0
21000.0,21000.047,1.0,STAY_ACTIVE,21000.046875
3000.0,3000.4214,0.9999,SCALE_DOWN,3000.0
3000.0,3000.4214,0.9999,SCALE_DOWN,3000.0
3000.0,3000.4214,0.9999,SCALE_DOWN,3000.0
3000.0,3000.4214,0.9999,SCALE_DOWN,3000.0
3000.0,3000.4214,0.9999,SCALE_DOWN,3000.0
3000.0,3000.4214,0.9999,SCALE_DOWN,3000.0
6849.0,6814.501,0.995,SCALE_DOWN,3000.0
3000.0,3000.4214,0.9999,SCALE_DOWN,3000.0
3000.0,3000.4214,0.9999,SCALE_DOWN,3000.0
21000.0,21000.078,1.0,STAY_ACTIVE,21000.078125
3000.0,3000.4214,0.9999,SCALE_DOWN,3000.0
3000.0,3000.4214,0.9999,SCALE_DOWN,3000.0
3000.0,3000.4214,0.9999,SCALE_DOWN,3000.0
3000.0,3000.4214,0.9999,SCALE_DOWN,3000.0
21000.0,21000.078,1.0,STAY_ACTIVE,21000.078125
6678.0,6656.206,0.9967,SCALE_DOWN,3000.0
10452.3,10477.861,0.9976,STAY_ACTIVE,10477.861328125
3000.0,3000.4214,0.9999,SCALE_DOWN,3000.0
3000.0,3000.4214,0.9999,SCALE_DOWN,3000.0
5938.200000000001,5951.2695,0.9978,SCALE_DOWN,3000.0
11575.2,11559.925,0.9987,STAY_ACTIVE,11559.9248046875
17993.7,17984.326,0.9995,STAY_ACTIVE,17984.326171875
3000.0,3000.4214,0.9999,SCALE_DOWN,3000.0
3547.5,3581.5852,0.9904,SCALE_DOWN,3000.0
21000.0,21000.047,1.0,STAY_ACTIVE,21000.046875
3000.0,3000.4214,0.9999,SCALE_DOWN,3000.0
21000.0,20999.852,1.0,STAY_ACTIVE,20999.8515625
3158.7,3153.412,0.9983,SCALE_DOWN,3000.0
3000.0,3000.4214,0.9999,SCALE_DOWN,3000.0
3388.5,3410.6995,0.9934,SCALE_DOWN,3000.0
9648.0,9589.296,0.9939,STAY_ACTIVE,9589.2958984375
10236.3,10171.363,0.9937,STAY_ACTIVE,10171.36328125
3000.0,3000.4214,0.9999,SCALE_DOWN,3000.0
3000.0,3000.4214,0.9999,SCALE_DOWN,3000.0
11225.7,11284.404,0.9948,STAY_ACTIVE,11284.404296875
9247.8,9230.69,0.9981,STAY_ACTIVE,9230.6904296875
21000.0,21000.047,1.0,STAY_ACTIVE,21000.046875
21000.0,21000.047,1.0,STAY_ACTIVE,21000.046875
6411.3,6423.485,0.9981,SCALE_DOWN,3000.0
9968.7,9943.348,0.9975,STAY_ACTIVE,9943.34765625
21000.0,20999.562,1.0,STAY_ACTIVE,20999.5625
3000.0,3000.4214,0.9999,SCALE_DOWN,3000.0
3000.0,3000.4214,0.9999,SCALE_DOWN,3000.0
3000.0,3000.4214,0.9999,SCALE_DOWN,3000.0
3000.0,3000.4214,0.9999,SCALE_DOWN,3000.0
11461.2,11484.264,0.998,STAY_ACTIVE,11484.263671875
3000.0,3000.4214,0.9999,SCALE_DOWN,3000.0
6294.000000000001,6289.6294,0.9993,SCALE_DOWN,3000.0
9310.5,9280.763,0.9968,STAY_ACTIVE,9280.7626953125
21000.0,20998.174,0.9999,STAY_ACTIVE,20998.173828125
15548.4,15564.828,0.9989,STAY_ACTIVE,15564.828125
5270.4,5292.654,0.9958,SCALE_DOWN,3000.0
21000.0,21001.51,0.9999,STAY_ACTIVE,21001.509765625
3000.0,3000.4214,0.9999,SCALE_DOWN,3000.0
3000.0,3000.4214,0.9999,SCALE_DOWN,3000.0
3000.0,3000.4214,0.9999,SCALE_DOWN,3000.0
3000.0,3000.4214,0.9999,SCALE_DOWN,3000.0
21000.0,20982.969,0.9992,STAY_ACTIVE,20982.96875
11856.3,11918.37,0.9948,STAY_ACTIVE,11918.3701171875
3934.8,3964.2192,0.9925,SCALE_DOWN,3000.0
21000.0,20998.19,0.9999,STAY_ACTIVE,20998.189453125
8384.7,8406.587,0.9974,SCALE_DOWN,3000.0
4592.700000000001,4578.15,0.9968,SCALE_DOWN,3000.0
5704.5,5723.1807,0.9967,SCALE_DOWN,3000.0
3000.0,3000.4214,0.9999,SCALE_DOWN,3000.0
3000.0,3000.4214,0.9999,SCALE_DOWN,3000.0
12180.9,12250.7295,0.9943,STAY_ACTIVE,12250.7294921875
3000.0,3000.4214,0.9999,SCALE_DOWN,3000.0
3000.0,3000.4214,0.9999,SCALE_DOWN,3000.0
3203.1,3210.9802,0.9975,SCALE_DOWN,3000.0
21000.0,21000.078,1.0,STAY_ACTIVE,21000.078125
21000.0,21018.281,0.9991,STAY_ACTIVE,21018.28125
4953.9,4955.7817,0.9996,SCALE_DOWN,3000.0
21000.0,21021.758,0.999,STAY_ACTIVE,21021.7578125
3000.0,3000.4214,0.9999,SCALE_DOWN,3000.0
21000.0,20999.852,1.0,STAY_ACTIVE,20999.8515625
21000.0,21000.049,1.0,STAY_ACTIVE,21000.048828125
17824.800000000003,17714.156,0.9938,STAY_ACTIVE,17714.15625
21000.0,21000.047,1.0,STAY_ACTIVE,21000.046875
11606.1,11718.776,0.9903,STAY_ACTIVE,11718.7763671875
19109.1,19061.94,0.9975,STAY_ACTIVE,19061.939453125
3000.0,3000.4214,0.9999,SCALE_DOWN,3000.0
21000.0,21000.047,1.0,STAY_ACTIVE,21000.046875
21000.0,20996.277,0.9998,STAY_ACTIVE,20996.27734375
21000.0,20999.562,1.0,STAY_ACTIVE,20999.5625
21000.0,20998.488,0.9999,STAY_ACTIVE,20998.48828125
19769.4,19745.28,0.9988,STAY_ACTIVE,19745.279296875
3000.0,3000.4214,0.9999,SCALE_DOWN,3000.0
21000.0,21000.049,1.0,STAY_ACTIVE,21000.048828125
5366.4,5339.45,0.995,SCALE_DOWN,3000.0
19278.6,19230.97,0.9975,STAY_ACTIVE,19230.970703125
3000.0,3000.4214,0.9999,SCALE_DOWN,3000.0
3000.0,3000.4214,0.9999,SCALE_DOWN,3000.0
14649.9,14604.315,0.9969,STAY_ACTIVE,14604.3154296875
3000.0,3000.4214,0.9999,SCALE_DOWN,3000.0
4821.599999999999,4843.2534,0.9955,SCALE_DOWN,3000.0
12382.5,12460.497,0.9937,STAY_ACTIVE,12460.4970703125
21000.0,21000.049,1.0,STAY_ACTIVE,21000.048828125
3000.0,3000.4214,0.9999,SCALE_DOWN,3000.0
5539.200000000001,5558.8086,0.9965,SCALE_DOWN,3000.0
21000.0,20998.174,0.9999,STAY_ACTIVE,20998.173828125
8910.6,8922.605,0.9987,SCALE_DOWN,3000.0
3000.0,3000.4214,0.9999,SCALE_DOWN,3000.0
21000.0,21000.047,1.0,STAY_ACTIVE,21000.046875
3000.0,3000.4214,0.9999,SCALE_DOWN,3000.0
3000.0,3000.4214,0.9999,SCALE_DOWN,3000.0
9577.8,9636.158,0.9939,STAY_ACTIVE,9636.158203125
3000.0,3000.4214,0.9999,SCALE_DOWN,3000.0
11665.2,11650.77,0.9988,STAY_ACTIVE,11650.76953125
21000.0,21019.775,0.9991,STAY_ACTIVE,21019.775390625
8957.1,8936.817,0.9977,SCALE_DOWN,3000.0
7791.9000000000015,7798.1797,0.9992,SCALE_DOWN,3000.0
3000.0,3000.4214,0.9999,SCALE_DOWN,3000.0
6682.200000000001,6673.72,0.9987,SCALE_DOWN,3000.0
3532.2000000000003,3537.1587,0.9986,SCALE_DOWN,3000.0
21000.0,20999.498,1.0,STAY_ACTIVE,20999.498046875
9025.2,9081.489,0.9938,STAY_ACTIVE,9081.4892578125
3000.0,3000.4214,0.9999,SCALE_DOWN,3000.0
4665.0,4677.482,0.9973,SCALE_DOWN,3000.0
3000.0,3000.4214,0.9999,SCALE_DOWN,3000.0
21000.0,21000.049,1.0,STAY_ACTIVE,21000.048828125
21000.0,20996.697,0.9998,STAY_ACTIVE,20996.697265625
21000.0,21000.047,1.0,STAY_ACTIVE,21000.046875
10278.6,10313.187,0.9966,STAY_ACTIVE,10313.1865234375
3000.0,3000.4214,0.9999,SCALE_DOWN,3000.0
3000.0,3000.4214,0.9999,SCALE_DOWN,3000.0
7404.6,7372.9614,0.9957,SCALE_DOWN,3000.0
3000.0,3000.4214,0.9999,SCALE_DOWN,3000.0
3212.4,3204.3052,0.9975,SCALE_DOWN,3000.0
10856.1,10928.41,0.9933,STAY_ACTIVE,10928.41015625
3000.0,3000.4214,0.9999,SCALE_DOWN,3000.0
11638.5,11730.184,0.9921,STAY_ACTIVE,11730.18359375
21000.0,21000.047,1.0,STAY_ACTIVE,21000.046875
21000.0,21000.078,1.0,STAY_ACTIVE,21000.078125
3000.0,3000.4214,0.9999,SCALE_DOWN,3000.0
7655.1,7621.4634,0.9956,SCALE_DOWN,3000.0
21000.0,21000.049,1.0,STAY_ACTIVE,21000.048828125
13701.3,13619.21,0.994,STAY_ACTIVE,13619.2099609375
21000.0,21000.049,1.0,STAY_ACTIVE,21000.048828125
7532.699999999999,7510.2397,0.997,SCALE_DOWN,3000.0
6468.0,6439.2417,0.9956,SCALE_DOWN,3000.0
8115.0,8108.327,0.9992,SCALE_DOWN,3000.0
3000.0,3000.4214,0.9999,SCALE_DOWN,3000.0
10520.7,10559.123,0.9963,STAY_ACTIVE,10559.123046875
21000.0,21000.078,1.0,STAY_ACTIVE,21000.078125
21000.0,21000.078,1.0,STAY_ACTIVE,21000.078125
21000.0,21000.049,1.0,STAY_ACTIVE,21000.048828125
21000.0,21000.049,1.0,STAY_ACTIVE,21000.048828125
3000.0,3000.4214,0.9999,SCALE_DOWN,3000.0
8181.6,8179.9883,0.9998,SCALE_DOWN,3000.0
16370.4,16343.661,0.9984,STAY_ACTIVE,16343.6611328125
15938.7,15935.721,0.9998,STAY_ACTIVE,15935.720703125
7477.8,7470.683,0.999,SCALE_DOWN,3000.0
3000.0,3000.4214,0.9999,SCALE_DOWN,3000.0
9969.9,10016.203,0.9954,STAY_ACTIVE,10016.203125
21000.0,21000.078,1.0,STAY_ACTIVE,21000.078125
21000.0,21000.078,1.0,STAY_ACTIVE,21000.078125
6947.1,6944.364,0.9996,SCALE_DOWN,3000.0
21000.0,21019.14,0.9991,STAY_ACTIVE,21019.140625
7184.4,7193.8613,0.9987,SCALE_DOWN,3000.0
21000.0,20700.477,0.9857,STAY_ACTIVE,20700.4765625
19250.1,19257.574,0.9996,STAY_ACTIVE,19257.57421875
19731.3,19746.438,0.9992,STAY_ACTIVE,19746.4375
3000.0,3000.4214,0.9999,SCALE_DOWN,3000.0
3000.0,3000.4214,0.9999,SCALE_DOWN,3000.0
19329.0,19195.273,0.9931,STAY_ACTIVE,19195.2734375
7629.300000000001,7632.344,0.9996,SCALE_DOWN,3000.0
3000.0,3000.4214,0.9999,SCALE_DOWN,3000.0
18095.1,18078.729,0.9991,STAY_ACTIVE,18078.728515625
21000.0,21000.078,1.0,STAY_ACTIVE,21000.078125
6488.1,6485.235,0.9996,SCALE_DOWN,3000.0
3000.0,3000.4214,0.9999,SCALE_DOWN,3000.0
11932.5,11799.365,0.9888,STAY_ACTIVE,11799.365234375
3630.3,3662.4688,0.9911,SCALE_DOWN,3000.0
8916.9,8922.678,0.9994,SCALE_DOWN,3000.0
3000.0,3000.4214,0.9999,SCALE_DOWN,3000.0
8448.0,8479.605,0.9963,SCALE_DOWN,3000.0
3000.0,3000.4214,0.9999,SCALE_DOWN,3000.0
7254.6,7244.924,0.9987,SCALE_DOWN,3000.0
12640.5,12572.926,0.9947,STAY_ACTIVE,12572.92578125
3000.0,3000.4214,0.9999,SCALE_DOWN,3000.0
3000.0,3000.4214,0.9999,SCALE_DOWN,3000.0
3000.0,3000.4214,0.9999,SCALE_DOWN,3000.0
4604.4,4640.77,0.9921,SCALE_DOWN,3000.0
3000.0,3000.4214,0.9999,SCALE_DOWN,3000.0
3000.0,3000.4214,0.9999,SCALE_DOWN,3000.0
3000.0,3000.4214,0.9999,SCALE_DOWN,3000.0
5197.200000000001,5176.8027,0.9961,SCALE_DOWN,3000.0
14169.3,14170.406,0.9999,STAY_ACTIVE,14170.40625
16185.9,16134.209,0.9968,STAY_ACTIVE,16134.208984375
21000.0,21000.049,1.0,STAY_ACTIVE,21000.048828125
21000.0,20995.805,0.9998,STAY_ACTIVE,20995.8046875
8924.7,8909.672,0.9983,SCALE_DOWN,3000.0
6605.1,6587.0454,0.9973,SCALE_DOWN,3000.0
3000.0,3000.4214,0.9999,SCALE_DOWN,3000.0
3455.3999999999996,3464.441,0.9974,SCALE_DOWN,3000.0
21000.0,21000.047,1.0,STAY_ACTIVE,21000.046875
6959.700000000001,6970.858,0.9984,SCALE_DOWN,3000.0
21000.0,21000.096,1.0,STAY_ACTIVE,21000.095703125
6137.4,6120.4023,0.9972,SCALE_DOWN,3000.0
3788.1,3779.0867,0.9976,SCALE_DOWN,3000.0
3000.0,3000.4214,0.9999,SCALE_DOWN,3000.0
11191.500000000002,11199.776,0.9993,STAY_ACTIVE,11199.7763671875
21000.0,21000.078,1.0,STAY_ACTIVE,21000.078125
5996.400000000001,5994.194,0.9996,SCALE_DOWN,3000.0
3000.0,3000.4214,0.9999,SCALE_DOWN,3000.0
3000.0,3000.4214,0.9999,SCALE_DOWN,3000.0
20067.300000000003,20104.918,0.9981,STAY_ACTIVE,20104.91796875
6503.400000000001,6494.052,0.9986,SCALE_DOWN,3000.0
14224.500000000002,14252.337,0.998,STAY_ACTIVE,14252.3369140625
21000.0,21018.312,0.9991,STAY_ACTIVE,21018.3125
10923.3,10863.593,0.9945,STAY_ACTIVE,10863.5927734375
15829.5,15927.1,0.9938,STAY_ACTIVE,15927.099609375
3000.0,3000.4214,0.9999,SCALE_DOWN,3000.0
3000.0,3000.4214,0.9999,SCALE_DOWN,3000.0
3765.0,3761.2947,0.999,SCALE_DOWN,3000.0
3000.0,3000.4214,0.9999,SCALE_DOWN,3000.0
21000.0,21000.078,1.0,STAY_ACTIVE,21000.078125
21000.0,21000.068,1.0,STAY_ACTIVE,21000.068359375
6993.0,6992.441,0.9999,SCALE_DOWN,3000.0
3000.0,3000.4214,0.9999,SCALE_DOWN,3000.0
3000.0,3000.4214,0.9999,SCALE_DOWN,3000.0
21000.0,20999.852,1.0,STAY_ACTIVE,20999.8515625
8071.800000000001,8095.6636,0.997,SCALE_DOWN,3000.0
21000.0,21018.203,0.9991,STAY_ACTIVE,21018.203125
17790.9,17765.797,0.9986,STAY_ACTIVE,17765.796875
3000.0,3000.4214,0.9999,SCALE_DOWN,3000.0
8039.7,7996.779,0.9947,SCALE_DOWN,3000.0
3000.0,3000.4214,0.9999,SCALE_DOWN,3000.0
3000.0,3000.4214,0.9999,SCALE_DOWN,3000.0
3000.0,3000.4214,0.9999,SCALE_DOWN,3000.0
21000.0,21000.049,1.0,STAY_ACTIVE,21000.048828125
16327.500000000002,16330.698,0.9998,STAY_ACTIVE,16330.6982421875
6048.6,6020.657,0.9954,SCALE_DOWN,3000.0
3651.6,3652.0354,0.9999,SCALE_DOWN,3000.0
6812.700000000001,6846.207,0.9951,SCALE_DOWN,3000.0
7665.0,7681.632,0.9978,SCALE_DOWN,3000.0
11888.1,11813.782,0.9937,STAY_ACTIVE,11813.7822265625
8294.400000000001,8267.826,0.9968,SCALE_DOWN,3000.0
3000.0,3000.4214,0.9999,SCALE_DOWN,3000.0
10600.8,10622.298,0.998,STAY_ACTIVE,10622.2978515625
16668.3,16678.78,0.9994,STAY_ACTIVE,16678.779296875
3000.0,3000.4214,0.9999,SCALE_DOWN,3000.0
5341.5,5348.5317,0.9987,SCALE_DOWN,3000.0
3000.0,3000.4214,0.9999,SCALE_DOWN,3000.0
9512.4,9483.113,0.9969,STAY_ACTIVE,9483.11328125
17745.3,17587.71,0.9911,STAY_ACTIVE,17587.7109375
11585.1,11630.078,0.9961,STAY_ACTIVE,11630.078125
5491.800000000001,5521.3716,0.9946,SCALE_DOWN,3000.0
3000.0,3000.4214,0.9999,SCALE_DOWN,3000.0
3833.1,3826.1545,0.9982,SCALE_DOWN,3000.0
21000.0,20993.691,0.9997,STAY_ACTIVE,20993.69140625
21000.0,21000.049,1.0,STAY_ACTIVE,21000.048828125
21000.0,20920.738,0.9962,STAY_ACTIVE,20920.73828125
21000.0,21000.322,1.0,STAY_ACTIVE,21000.322265625
21000.0,21000.047,1.0,STAY_ACTIVE,21000.046875
3000.0,3000.4214,0.9999,SCALE_DOWN,3000.0
12231.9,12218.226,0.9989,STAY_ACTIVE,12218.2255859375
4234.5,4216.748,0.9958,SCALE_DOWN,3000.0
21000.0,20999.852,1.0,STAY_ACTIVE,20999.8515625
7128.3,7152.766,0.9966,SCALE_DOWN,3000.0
3000.0,3000.4214,0.9999,SCALE_DOWN,3000.0
21000.0,21000.047,1.0,STAY_ACTIVE,21000.046875
21000.0,21000.049,1.0,STAY_ACTIVE,21000.048828125
21000.0,21000.047,1.0,STAY_ACTIVE,21000.046875
12199.500000000002,12267.371,0.9944,STAY_ACTIVE,12267.37109375
21000.0,20999.479,1.0,STAY_ACTIVE,20999.478515625
3000.0,3000.4214,0.9999,SCALE_DOWN,3000.0
14067.300000000005,14139.75,0.9948,STAY_ACTIVE,14139.75
21000.0,20999.852,1.0,STAY_ACTIVE,20999.8515625
3000.0,3000.4214,0.9999,SCALE_DOWN,3000.0
3000.0,3000.4214,0.9999,SCALE_DOWN,3000.0
3993.9,4008.2664,0.9964,SCALE_DOWN,3000.0
3000.0,3000.4214,0.9999,SCALE_DOWN,3000.0
3000.0,3000.4214,0.9999,SCALE_DOWN,3000.0
20217.0,20291.775,0.9963,STAY_ACTIVE,20291.775390625
6152.4,6171.3184,0.9969,SCALE_DOWN,3000.0
3000.0,3000.4214,0.9999,SCALE_DOWN,3000.0
13956.600000000002,14045.103,0.9937,STAY_ACTIVE,14045.1025390625
21000.0,21000.047,1.0,STAY_ACTIVE,21000.046875
3900.9,3886.4336,0.9963,SCALE_DOWN,3000.0
6427.5,6464.317,0.9943,SCALE_DOWN,3000.0
6522.3,6531.391,0.9986,SCALE_DOWN,3000.0
8605.2,8559.771,0.9947,SCALE_DOWN,3000.0
11651.7,11638.198,0.9988,STAY_ACTIVE,11638.1982421875
8602.5,8618.34,0.9982,SCALE_DOWN,3000.0
21000.0,21000.047,1.0,STAY_ACTIVE,21000.046875
5858.700000000001,5850.5547,0.9986,SCALE_DOWN,3000.0
21000.0,20999.059,1.0,STAY_ACTIVE,20999.05859375
21000.0,21000.078,1.0,STAY_ACTIVE,21000.078125
21000.0,21000.078,1.0,STAY_ACTIVE,21000.078125
5237.7,5225.411,0.9977,SCALE_DOWN,3000.0
7428.3,7415.2275,0.9982,SCALE_DOWN,3000.0
3000.0,3000.4214,0.9999,SCALE_DOWN,3000.0
3402.0,3381.238,0.9939,SCALE_DOWN,3000.0
21000.0,20999.059,1.0,STAY_ACTIVE,20999.05859375
21000.0,20999.357,1.0,STAY_ACTIVE,20999.357421875
15901.5,15872.678,0.9982,STAY_ACTIVE,15872.677734375
21000.0,21000.078,1.0,STAY_ACTIVE,21000.078125
3000.0,3000.4214,0.9999,SCALE_DOWN,3000.0
3000.0,3000.4214,0.9999,SCALE_DOWN,3000.0
3000.0,3000.4214,0.9999,SCALE_DOWN,3000.0
3000.0,3000.4214,0.9999,SCALE_DOWN,3000.0
12753.9,12740.394,0.9989,STAY_ACTIVE,12740.3935546875
3000.0,3000.4214,0.9999,SCALE_DOWN,3000.0
9822.6,9806.663,0.9984,STAY_ACTIVE,9806.6630859375
21000.0,21000.047,1.0,STAY_ACTIVE,21000.046875
3000.0,3000.4214,0.9999,SCALE_DOWN,3000.0
3000.0,3000.4214,0.9999,SCALE_DOWN,3000.0
6559.8,6540.8447,0.9971,SCALE_DOWN,3000.0
16413.000000000004,16353.005,0.9963,STAY_ACTIVE,16353.0048828125
8212.5,8217.777,0.9994,SCALE_DOWN,3000.0
3000.0,3000.4214,0.9999,SCALE_DOWN,3000.0
21000.0,21000.049,1.0,STAY_ACTIVE,21000.048828125
21000.0,21000.047,1.0,STAY_ACTIVE,21000.046875
7046.4,7015.8643,0.9957,SCALE_DOWN,3000.0
3575.7000000000003,3579.6797,0.9989,SCALE_DOWN,3000.0
8129.699999999999,8166.445,0.9955,SCALE_DOWN,3000.0
3000.0,3000.4214,0.9999,SCALE_DOWN,3000.0
3000.0,3000.4214,0.9999,SCALE_DOWN,3000.0
21000.0,21006.963,0.9997,STAY_ACTIVE,21006.962890625
3000.0,3000.4214,0.9999,SCALE_DOWN,3000.0
21000.0,21000.049,1.0,STAY_ACTIVE,21000.048828125
21000.0,21000.078,1.0,STAY_ACTIVE,21000.078125
10275.9,10267.976,0.9992,STAY_ACTIVE,10267.9755859375
21000.0,21000.078,1.0,STAY_ACTIVE,21000.078125
3000.0,3000.4214,0.9999,SCALE_DOWN,3000.0
3000.0,3000.4214,0.9999,SCALE_DOWN,3000.0
21000.0,21000.049,1.0,STAY_ACTIVE,21000.048828125
7831.2,7814.796,0.9979,SCALE_DOWN,3000.0
17266.800000000003,17159.428,0.9938,STAY_ACTIVE,17159.427734375
4683.3,4709.6445,0.9944,SCALE_DOWN,3000.0
4601.4,4605.405,0.9991,SCALE_DOWN,3000.0
9188.4,9200.66,0.9987,STAY_ACTIVE,9200.66015625
3000.0,3000.4214,0.9999,SCALE_DOWN,3000.0
3186.9,3179.2915,0.9976,SCALE_DOWN,3000.0
21000.0,21000.164,1.0,STAY_ACTIVE,21000.1640625
3360.2999999999997,3376.7327,0.9951,SCALE_DOWN,3000.0
8562.9,8594.079,0.9964,SCALE_DOWN,3000.0
21000.0,21000.049,1.0,STAY_ACTIVE,21000.048828125
21000.0,20925.47,0.9965,STAY_ACTIVE,20925.470703125
21000.0,21000.078,1.0,STAY_ACTIVE,21000.078125
21000.0,20998.174,0.9999,STAY_ACTIVE,20998.173828125
21000.0,20999.562,1.0,STAY_ACTIVE,20999.5625
9538.5,9504.047,0.9964,STAY_ACTIVE,9504.046875
12254.4,12055.304,0.9838,STAY_ACTIVE,12055.3037109375
8700.0,8660.873,0.9955,SCALE_DOWN,3000.0
7839.9,7801.8394,0.9951,SCALE_DOWN,3000.0
21000.0,21000.047,1.0,STAY_ACTIVE,21000.046875
5685.3,5687.6763,0.9996,SCALE_DOWN,3000.0
21000.0,21000.047,1.0,STAY_ACTIVE,21000.046875
9876.3,9850.114,0.9973,STAY_ACTIVE,9850.1142578125
3000.0,3000.4214,0.9999,SCALE_DOWN,3000.0
3695.4,3690.1877,0.9986,SCALE_DOWN,3000.0
21000.0,21000.047,1.0,STAY_ACTIVE,21000.046875
3000.0,3000.4214,0.9999,SCALE_DOWN,3000.0
21000.0,21000.047,1.0,STAY_ACTIVE,21000.046875
3000.0,3000.4214,0.9999,SCALE_DOWN,3000.0
8194.5,8214.947,0.9975,SCALE_DOWN,3000.0
12521.4,12560.676,0.9969,STAY_ACTIVE,12560.67578125
3000.0,3000.4214,0.9999,SCALE_DOWN,3000.0
10279.2,10269.88,0.9991,STAY_ACTIVE,10269.8798828125
14196.0,14248.222,0.9963,STAY_ACTIVE,14248.2216796875
21000.0,20965.697,0.9984,STAY_ACTIVE,20965.697265625
21000.0,21000.078,1.0,STAY_ACTIVE,21000.078125
7934.700000000001,7908.1313,0.9967,SCALE_DOWN,3000.0
3306.0,3291.3198,0.9956,SCALE_DOWN,3000.0
3000.0,3000.4214,0.9999,SCALE_DOWN,3000.0
21000.0,21000.047,1.0,STAY_ACTIVE,21000.046875
3000.0,3000.4214,0.9999,SCALE_DOWN,3000.0
11648.7,11550.597,0.9916,STAY_ACTIVE,11550.5966796875
5798.1,5808.775,0.9982,SCALE_DOWN,3000.0
10509.0,10485.176,0.9977,STAY_ACTIVE,10485.17578125
5469.299999999999,5517.532,0.9912,SCALE_DOWN,3000.0
3000.0,3000.4214,0.9999,SCALE_DOWN,3000.0
3000.0,3000.4214,0.9999,SCALE_DOWN,3000.0
21000.0,20999.895,1.0,STAY_ACTIVE,20999.89453125
9227.1,9198.783,0.9969,STAY_ACTIVE,9198.783203125
3000.0,3000.4214,0.9999,SCALE_DOWN,3000.0
9217.5,9182.051,0.9962,STAY_ACTIVE,9182.05078125
3000.0,3000.4214,0.9999,SCALE_DOWN,3000.0
6833.7,6859.164,0.9963,SCALE_DOWN,3000.0
21000.0,20966.482,0.9984,STAY_ACTIVE,20966.482421875
6172.5,6158.7593,0.9978,SCALE_DOWN,3000.0
18948.300000000003,19118.922,0.991,STAY_ACTIVE,19118.921875
4013.1,4019.5344,0.9984,SCALE_DOWN,3000.0
3000.0,3000.4214,0.9999,SCALE_DOWN,3000.0
21000.0,20999.139,1.0,STAY_ACTIVE,20999.138671875
11588.1,11617.425,0.9975,STAY_ACTIVE,11617.4248046875
21000.0,21000.047,1.0,STAY_ACTIVE,21000.046875
3000.0,3000.4214,0.9999,SCALE_DOWN,3000.0
9768.0,9777.995,0.999,STAY_ACTIVE,9777.9951171875
5063.700000000001,5044.579,0.9962,SCALE_DOWN,3000.0
3000.0,3000.4214,0.9999,SCALE_DOWN,3000.0
4233.6,4268.482,0.9918,SCALE_DOWN,3000.0
6391.800000000001,6388.733,0.9995,SCALE_DOWN,3000.0
5826.299999999999,5821.193,0.9991,SCALE_DOWN,3000.0
5257.200000000001,5257.788,0.9999,SCALE_DOWN,3000.0
3000.0,3000.4214,0.9999,SCALE_DOWN,3000.0
3000.0,3000.4214,0.9999,SCALE_DOWN,3000.0
12234.3,12257.484,0.9981,STAY_ACTIVE,12257.484375
21000.0,20997.377,0.9999,STAY_ACTIVE,20997.376953125
5729.1,5721.4443,0.9987,SCALE_DOWN,3000.0
3186.0,3179.9663,0.9981,SCALE_DOWN,3000.0
3000.0,3000.4214,0.9999,SCALE_DOWN,3000.0
3000.0,3000.4214,0.9999,SCALE_DOWN,3000.0
3000.0,3000.4214,0.9999,SCALE_DOWN,3000.0
10263.3,10276.878,0.9987,STAY_ACTIVE,10276.8779296875
3000.0,3000.4214,0.9999,SCALE_DOWN,3000.0
21000.0,20995.12,0.9998,STAY_ACTIVE,20995.119140625
6522.299999999999,6534.22,0.9982,SCALE_DOWN,3000.0
3000.0,3000.4214,0.9999,SCALE_DOWN,3000.0
21000.0,21000.078,1.0,STAY_ACTIVE,21000.078125
8563.5,8562.923,0.9999,SCALE_DOWN,3000.0
8291.1,8308.479,0.9979,SCALE_DOWN,3000.0
21000.0,20998.607,0.9999,STAY_ACTIVE,20998.607421875
3000.0,3000.4214,0.9999,SCALE_DOWN,3000.0
13280.1,13284.274,0.9997,STAY_ACTIVE,13284.2744140625
8643.3,8592.209,0.9941,SCALE_DOWN,3000.0
21000.0,21000.09,1.0,STAY_ACTIVE,21000.08984375
17905.8,17761.898,0.992,STAY_ACTIVE,17761.8984375
21000.0,21000.049,1.0,STAY_ACTIVE,21000.048828125
4971.9,4972.4697,0.9999,SCALE_DOWN,3000.0
13310.4,13312.238,0.9999,STAY_ACTIVE,13312.23828125
3000.0,3000.4214,0.9999,SCALE_DOWN,3000.0
3000.0,3000.4214,0.9999,SCALE_DOWN,3000.0
8449.800000000001,8438.442,0.9987,SCALE_DOWN,3000.0
15165.9,15216.139,0.9967,STAY_ACTIVE,15216.138671875
13453.5,13392.91,0.9955,STAY_ACTIVE,13392.91015625
5759.700000000001,5755.594,0.9993,SCALE_DOWN,3000.0
18522.6,18634.684,0.9939,STAY_ACTIVE,18634.68359375
10016.1,10016.803,0.9999,STAY_ACTIVE,10016.802734375
3000.0,3000.4214,0.9999,SCALE_DOWN,3000.0
3000.0,3000.4214,0.9999,SCALE_DOWN,3000.0
13471.199999999995,13577.218,0.9921,STAY_ACTIVE,13577.2177734375
3000.0,3000.4214,0.9999,SCALE_DOWN,3000.0
3630.3,3662.4688,0.9911,SCALE_DOWN,3000.0
3000.0,3000.4214,0.9999,SCALE_DOWN,3000.0
21000.0,21000.047,1.0,STAY_ACTIVE,21000.046875
3000.0,3000.4214,0.9999,SCALE_DOWN,3000.0
6103.5,6103.751,1.0,SCALE_DOWN,3000.0
3000.0,3000.4214,0.9999,SCALE_DOWN,3000.0
3886.8,3858.0452,0.9926,SCALE_DOWN,3000.0
9775.5,9777.995,0.9997,STAY_ACTIVE,9777.9951171875
21000.0,21000.047,1.0,STAY_ACTIVE,21000.046875
14481.9,14570.683,0.9939,STAY_ACTIVE,14570.6826171875
3000.0,3000.4214,0.9999,SCALE_DOWN,3000.0
21000.0,20999.852,1.0,STAY_ACTIVE,20999.8515625
21000.0,21000.049,1.0,STAY_ACTIVE,21000.048828125
11394.0,11337.762,0.9951,STAY_ACTIVE,11337.76171875
10808.1,10803.0,0.9995,STAY_ACTIVE,10803.0
3000.0,3000.4214,0.9999,SCALE_DOWN,3000.0
21000.0,21000.078,1.0,STAY_ACTIVE,21000.078125
5466.9,5467.4863,0.9999,SCALE_DOWN,3000.0
11937.6,11955.991,0.9985,STAY_ACTIVE,11955.9912109375
7680.3,7701.4263,0.9972,SCALE_DOWN,3000.0
12579.6,12670.7705,0.9928,STAY_ACTIVE,12670.7705078125
3000.0,3000.4214,0.9999,SCALE_DOWN,3000.0
3000.0,3000.4214,0.9999,SCALE_DOWN,3000.0
19107.300000000003,19013.818,0.9951,STAY_ACTIVE,19013.818359375
5658.9,5645.1177,0.9976,SCALE_DOWN,3000.0
6786.0,6752.796,0.9951,SCALE_DOWN,3000.0
12597.6,12622.51,0.998,STAY_ACTIVE,12622.509765625
11309.7,11289.91,0.9983,STAY_ACTIVE,11289.91015625
3000.0,3000.4214,0.9999,SCALE_DOWN,3000.0
21000.0,20999.852,1.0,STAY_ACTIVE,20999.8515625
10547.7,10503.073,0.9958,STAY_ACTIVE,10503.0732421875
10143.3,10109.491,0.9967,STAY_ACTIVE,10109.4912109375
3000.0,3000.4214,0.9999,SCALE_DOWN,3000.0
3000.0,3000.4214,0.9999,SCALE_DOWN,3000.0
7607.4,7589.619,0.9977,SCALE_DOWN,3000.0
21000.0,21000.047,1.0,STAY_ACTIVE,21000.046875
3000.0,3000.4214,0.9999,SCALE_DOWN,3000.0
3000.0,3000.4214,0.9999,SCALE_DOWN,3000.0
3000.0,3000.4214,0.9999,SCALE_DOWN,3000.0
14865.600000000002,14917.021,0.9965,STAY_ACTIVE,14917.021484375
8737.2,8733.669,0.9996,SCALE_DOWN,3000.0
9588.3,9551.74,0.9962,STAY_ACTIVE,9551.740234375
3000.0,3000.4214,0.9999,SCALE_DOWN,3000.0
4789.5,4810.968,0.9955,SCALE_DOWN,3000.0
3000.0,3000.4214,0.9999,SCALE_DOWN,3000.0
3000.0,3000.4214,0.9999,SCALE_DOWN,3000.0
3000.0,3000.4214,0.9999,SCALE_DOWN,3000.0
3000.0,3000.4214,0.9999,SCALE_DOWN,3000.0
21000.0,21000.078,1.0,STAY_ACTIVE,21000.078125
10826.1,10793.43,0.997,STAY_ACTIVE,10793.4296875
3000.0,3000.4214,0.9999,SCALE_DOWN,3000.0
7276.5,7285.205,0.9988,SCALE_DOWN,3000.0
14769.9,14694.754,0.9949,STAY_ACTIVE,14694.75390625
3000.0,3000.4214,0.9999,SCALE_DOWN,3000.0
4779.6,4787.28,0.9984,SCALE_DOWN,3000.0
21000.0,21000.291,1.0,STAY_ACTIVE,21000.291015625
11917.5,11798.301,0.99,STAY_ACTIVE,11798.30078125
3000.0,3000.4214,0.9999,SCALE_DOWN,3000.0
6181.5,6173.307,0.9987,SCALE_DOWN,3000.0
16679.100000000002,16883.365,0.9878,STAY_ACTIVE,16883.365234375
3000.0,3000.4214,0.9999,SCALE_DOWN,3000.0
5850.0,5836.727,0.9977,SCALE_DOWN,3000.0
3905.099999999999,3901.57,0.9991,SCALE_DOWN,3000.0
3787.5,3807.263,0.9948,SCALE_DOWN,3000.0
14598.000000000002,14511.16,0.9941,STAY_ACTIVE,14511.16015625
21000.0,21000.047,1.0,STAY_ACTIVE,21000.046875
3000.0,3000.4214,0.9999,SCALE_DOWN,3000.0
15802.8,15771.505,0.998,STAY_ACTIVE,15771.5048828125
3000.0,3000.4214,0.9999,SCALE_DOWN,3000.0
21000.0,20997.275,0.9999,STAY_ACTIVE,20997.275390625
5554.2,5580.517,0.9953,SCALE_DOWN,3000.0
3000.0,3000.4214,0.9999,SCALE_DOWN,3000.0
12040.5,12031.285,0.9992,STAY_ACTIVE,12031.28515625
15676.2,15673.694,0.9998,STAY_ACTIVE,15673.6943359375
21000.0,21000.047,1.0,STAY_ACTIVE,21000.046875
21000.0,20999.838,1.0,STAY_ACTIVE,20999.837890625
12878.1,12950.857,0.9944,STAY_ACTIVE,12950.857421875
3000.0,3000.4214,0.9999,SCALE_DOWN,3000.0
4572.9,4549.7104,0.9949,SCALE_DOWN,3000.0
9027.3,9053.876,0.9971,STAY_ACTIVE,9053.8759765625
3000.0,3000.4214,0.9999,SCALE_DOWN,3000.0
3000.0,3000.4214,0.9999,SCALE_DOWN,3000.0
9331.8,9265.0625,0.9928,STAY_ACTIVE,9265.0625
3000.0,3000.4214,0.9999,SCALE_DOWN,3000.0
20661.6,20635.682,0.9987,STAY_ACTIVE,20635.681640625
11289.6,11328.012,0.9966,STAY_ACTIVE,11328.01171875
3000.0,3000.4214,0.9999,SCALE_DOWN,3000.0
12845.1,12887.224,0.9967,STAY_ACTIVE,12887.2236328125
3000.0,3000.4214,0.9999,SCALE_DOWN,3000.0
3000.0,3000.4214,0.9999,SCALE_DOWN,3000.0
21000.0,21000.078,1.0,STAY_ACTIVE,21000.078125
7930.200000000001,7928.2837,0.9998,SCALE_DOWN,3000.0
21000.0,21019.904,0.9991,STAY_ACTIVE,21019.904296875
3471.8999999999996,3506.5742,0.99,SCALE_DOWN,3000.0
21000.0,21000.078,1.0,STAY_ACTIVE,21000.078125
12377.7,12394.893,0.9986,STAY_ACTIVE,12394.892578125
3000.0,3000.4214,0.9999,SCALE_DOWN,3000.0
21000.0,21000.047,1.0,STAY_ACTIVE,21000.046875
3000.0,3000.4214,0.9999,SCALE_DOWN,3000.0
3926.7,3947.7175,0.9946,SCALE_DOWN,3000.0
3000.0,3000.4214,0.9999,SCALE_DOWN,3000.0
3000.0,3000.4214,0.9999,SCALE_DOWN,3000.0
3000.0,3000.4214,0.9999,SCALE_DOWN,3000.0
7193.099999999999,7195.939,0.9996,SCALE_DOWN,3000.0
16239.6,16288.855,0.997,STAY_ACTIVE,16288.85546875
10185.000000000002,10202.124,0.9983,STAY_ACTIVE,10202.1240234375
7725.299999999999,7721.7104,0.9995,SCALE_DOWN,3000.0
6732.0,6757.7544,0.9962,SCALE_DOWN,3000.0
21000.0,20999.283,1.0,STAY_ACTIVE,20999.283203125
12178.800000000005,12137.695,0.9966,STAY_ACTIVE,12137.6953125
6713.1,6702.7275,0.9985,SCALE_DOWN,3000.0
16951.800000000003,16990.201,0.9977,STAY_ACTIVE,16990.201171875
4962.6,4933.7095,0.9942,SCALE_DOWN,3000.0
21000.0,21000.078,1.0,STAY_ACTIVE,21000.078125
3000.0,3000.4214,0.9999,SCALE_DOWN,3000.0
9106.2,9049.285,0.9937,STAY_ACTIVE,9049.28515625
12866.7,12861.766,0.9996,STAY_ACTIVE,12861.765625
5602.799999999999,5584.9575,0.9968,SCALE_DOWN,3000.0
15808.8,15938.624,0.9918,STAY_ACTIVE,15938.6240234375
11006.4,11001.603,0.9996,STAY_ACTIVE,11001.6025390625
8536.2,8589.803,0.9937,SCALE_DOWN,3000.0
5157.6,5144.7524,0.9975,SCALE_DOWN,3000.0
7275.6,7275.5273,1.0,SCALE_DOWN,3000.0
3000.0,3000.4214,0.9999,SCALE_DOWN,3000.0
8379.6,8380.156,0.9999,SCALE_DOWN,3000.0
3000.0,3000.4214,0.9999,SCALE_DOWN,3000.0
3000.0,3000.4214,0.9999,SCALE_DOWN,3000.0
11012.7,10990.282,0.998,STAY_ACTIVE,10990.2822265625
3000.0,3000.4214,0.9999,SCALE_DOWN,3000.0
21000.0,20999.852,1.0,STAY_ACTIVE,20999.8515625
21000.0,21000.09,1.0,STAY_ACTIVE,21000.08984375
13565.1,13472.145,0.9931,STAY_ACTIVE,13472.14453125
15482.4,15419.872,0.996,STAY_ACTIVE,15419.8720703125
10887.9,10857.038,0.9972,STAY_ACTIVE,10857.0380859375
3000.0,3000.4214,0.9999,SCALE_DOWN,3000.0
13512.6,13566.428,0.996,STAY_ACTIVE,13566.427734375
5211.9,5201.031,0.9979,SCALE_DOWN,3000.0
5532.0,5550.907,0.9966,SCALE_DOWN,3000.0
3000.0,3000.4214,0.9999,SCALE_DOWN,3000.0
3000.0,3000.4214,0.9999,SCALE_DOWN,3000.0
3000.0,3000.4214,0.9999,SCALE_DOWN,3000.0
3000.0,3000.4214,0.9999,SCALE_DOWN,3000.0
21000.0,21052.342,0.9975,STAY_ACTIVE,21052.341796875
16209.9,16275.433,0.996,STAY_ACTIVE,16275.4326171875
4063.5,4053.1545,0.9975,SCALE_DOWN,3000.0
3000.0,3000.4214,0.9999,SCALE_DOWN,3000.0
8862.0,8864.348,0.9997,SCALE_DOWN,3000.0
21000.0,21000.049,1.0,STAY_ACTIVE,21000.048828125
21000.0,21000.047,1.0,STAY_ACTIVE,21000.046875
7815.900000000001,7801.8394,0.9982,SCALE_DOWN,3000.0
17477.100000000002,17464.271,0.9993,STAY_ACTIVE,17464.271484375
21000.0,21000.293,1.0,STAY_ACTIVE,21000.29296875
21000.0,21000.049,1.0,STAY_ACTIVE,21000.048828125
3000.0,3000.4214,0.9999,SCALE_DOWN,3000.0
3000.0,3000.4214,0.9999,SCALE_DOWN,3000.0
21000.0,20999.852,1.0,STAY_ACTIVE,20999.8515625
5689.8,5673.318,0.9971,SCALE_DOWN,3000.0
12130.5,12175.624,0.9963,STAY_ACTIVE,12175.6240234375
3000.0,3000.4214,0.9999,SCALE_DOWN,3000.0
8430.3,8437.287,0.9992,SCALE_DOWN,3000.0
3000.0,3000.4214,0.9999,SCALE_DOWN,3000.0
3000.0,3000.4214,0.9999,SCALE_DOWN,3000.0
6947.700000000001,6957.5596,0.9986,SCALE_DOWN,3000.0
10126.5,10118.869,0.9992,STAY_ACTIVE,10118.869140625
3000.0,3000.4214,0.9999,SCALE_DOWN,3000.0
3000.0,3000.4214,0.9999,SCALE_DOWN,3000.0
4515.900000000001,4536.563,0.9954,SCALE_DOWN,3000.0
3000.0,3000.4214,0.9999,SCALE_DOWN,3000.0
4941.9,4942.861,0.9998,SCALE_DOWN,3000.0
3000.0,3000.4214,0.9999,SCALE_DOWN,3000.0
18100.500000000004,18066.885,0.9981,STAY_ACTIVE,18066.884765625
13606.8,13636.9375,0.9978,STAY_ACTIVE,13636.9375
3000.0,3000.4214,0.9999,SCALE_DOWN,3000.0
10969.2,10970.488,0.9999,STAY_ACTIVE,10970.48828125
21000.0,20999.479,1.0,STAY_ACTIVE,20999.478515625
9284.7,9326.022,0.9955,STAY_ACTIVE,9326.0224609375
6208.8,6208.1953,0.9999,SCALE_DOWN,3000.0
9930.3,9913.391,0.9983,STAY_ACTIVE,9913.390625
21000.0,20887.406,0.9946,STAY_ACTIVE,20887.40625
9234.9,9222.953,0.9987,STAY_ACTIVE,9222.953125
21000.0,21000.078,1.0,STAY_ACTIVE,21000.078125
3000.0,3000.4214,0.9999,SCALE_DOWN,3000.0
21000.0,20999.596,1.0,STAY_ACTIVE,20999.595703125
15849.3,15933.715,0.9947,STAY_ACTIVE,15933.71484375
12387.300000000005,12444.671,0.9954,STAY_ACTIVE,12444.6708984375
6389.1,6394.907,0.9991,SCALE_DOWN,3000.0
11797.2,11827.069,0.9975,STAY_ACTIVE,11827.0693359375
11821.2,11920.475,0.9916,STAY_ACTIVE,11920.474609375
21000.0,21000.07,1.0,STAY_ACTIVE,21000.0703125
21000.0,21005.443,0.9997,STAY_ACTIVE,21005.443359375
3672.0,3678.3533,0.9983,SCALE_DOWN,3000.0
21000.0,20999.562,1.0,STAY_ACTIVE,20999.5625
21000.0,21000.078,1.0,STAY_ACTIVE,21000.078125
7565.700000000001,7556.0024,0.9987,SCALE_DOWN,3000.0
4082.400000000001,4089.794,0.9982,SCALE_DOWN,3000.0
21000.0,21000.047,1.0,STAY_ACTIVE,21000.046875
21000.0,21000.078,1.0,STAY_ACTIVE,21000.078125
3000.0,3000.4214,0.9999,SCALE_DOWN,3000.0
10390.8,10554.462,0.9842,STAY_ACTIVE,10554.4619140625
6260.700000000001,6257.4067,0.9995,SCALE_DOWN,3000.0
6521.1,6494.5586,0.9959,SCALE_DOWN,3000.0
14642.400000000003,14828.047,0.9873,STAY_ACTIVE,14828.046875
3000.0,3000.4214,0.9999,SCALE_DOWN,3000.0
21000.0,21000.744,1.0,STAY_ACTIVE,21000.744140625
3000.0,3000.4214,0.9999,SCALE_DOWN,3000.0
5076.299999999999,5090.7505,0.9972,SCALE_DOWN,3000.0
21000.0,21000.047,1.0,STAY_ACTIVE,21000.046875
3000.0,3000.4214,0.9999,SCALE_DOWN,3000.0
3994.2,4002.9387,0.9978,SCALE_DOWN,3000.0
21000.0,21000.121,1.0,STAY_ACTIVE,21000.12109375
14602.500000000002,14673.374,0.9951,STAY_ACTIVE,14673.3740234375
12828.3,12835.509,0.9994,STAY_ACTIVE,12835.5087890625
7230.000000000001,7212.0225,0.9975,SCALE_DOWN,3000.0
3000.0,3000.4214,0.9999,SCALE_DOWN,3000.0
5630.4,5623.2437,0.9987,SCALE_DOWN,3000.0
8425.800000000001,8419.761,0.9993,SCALE_DOWN,3000.0
21000.0,21000.049,1.0,STAY_ACTIVE,21000.048828125
21000.0,21001.152,0.9999,STAY_ACTIVE,21001.15234375
3000.0,3000.4214,0.9999,SCALE_DOWN,3000.0
3000.0,3000.4214,0.9999,SCALE_DOWN,3000.0
3000.0,3000.4214,0.9999,SCALE_DOWN,3000.0
3000.0,3000.4214,0.9999,SCALE_DOWN,3000.0
21000.0,21000.078,1.0,STAY_ACTIVE,21000.078125
11560.8,11570.751,0.9991,STAY_ACTIVE,11570.7509765625
7376.4,7289.973,0.9883,SCALE_DOWN,3000.0
3000.0,3000.4214,0.9999,SCALE_DOWN,3000.0
8836.2,8949.1,0.9872,SCALE_DOWN,3000.0
16110.000000000002,16145.189,0.9978,STAY_ACTIVE,16145.189453125
3000.0,3000.4214,0.9999,SCALE_DOWN,3000.0
9472.8,9569.934,0.9897,STAY_ACTIVE,9569.93359375
4905.299999999999,4900.232,0.999,SCALE_DOWN,3000.0
3000.0,3000.4214,0.9999,SCALE_DOWN,3000.0
3000.0,3000.4214,0.9999,SCALE_DOWN,3000.0
5371.2,5375.811,0.9991,SCALE_DOWN,3000.0
3000.0,3000.4214,0.9999,SCALE_DOWN,3000.0
8624.1,8646.933,0.9974,SCALE_DOWN,3000.0
3999.6,3979.0742,0.9949,SCALE_DOWN,3000.0
21000.0,20999.426,1.0,STAY_ACTIVE,20999.42578125
3000.0,3000.4214,0.9999,SCALE_DOWN,3000.0
3000.0,3000.4214,0.9999,SCALE_DOWN,3000.0
20814.0,20896.23,0.996,STAY_ACTIVE,20896.23046875
16997.4,16899.041,0.9942,STAY_ACTIVE,16899.041015625
21000.0,21000.047,1.0,STAY_ACTIVE,21000.046875
5917.2,5913.609,0.9994,SCALE_DOWN,3000.0
7277.1,7241.553,0.9951,SCALE_DOWN,3000.0
3000.0,3000.4214,0.9999,SCALE_DOWN,3000.0
7117.8,7091.4604,0.9963,SCALE_DOWN,3000.0
3000.0,3000.4214,0.9999,SCALE_DOWN,3000.0
4429.2,4461.322,0.9927,SCALE_DOWN,3000.0
21000.0,21000.078,1.0,STAY_ACTIVE,21000.078125
19903.800000000003,19919.31,0.9992,STAY_ACTIVE,19919.310546875
3000.0,3000.4214,0.9999,SCALE_DOWN,3000.0
6585.9,6603.133,0.9974,SCALE_DOWN,3000.0
5403.6,5384.324,0.9964,SCALE_DOWN,3000.0
3000.0,3000.4214,0.9999,SCALE_DOWN,3000.0
4484.7,4466.2686,0.9959,SCALE_DOWN,3000.0
3000.0,3000.4214,0.9999,SCALE_DOWN,3000.0
3366.6,3340.5378,0.9923,SCALE_DOWN,3000.0
3000.0,3000.4214,0.9999,SCALE_DOWN,3000.0
3000.0,3000.4214,0.9999,SCALE_DOWN,3000.0
17138.399999999998,17241.299,0.994,STAY_ACTIVE,17241.298828125
21000.0,21000.078,1.0,STAY_ACTIVE,21000.078125
3000.0,3000.4214,0.9999,SCALE_DOWN,3000.0
7384.799999999999,7383.5537,0.9998,SCALE_DOWN,3000.0
3000.0,3000.4214,0.9999,SCALE_DOWN,3000.0
21000.0,21000.09,1.0,STAY_ACTIVE,21000.08984375
3000.0,3000.4214,0.9999,SCALE_DOWN,3000.0
19232.4,19247.22,0.9992,STAY_ACTIVE,19247.220703125
3000.0,3000.4214,0.9999,SCALE_DOWN,3000.0
3156.2999999999997,3132.0996,0.9923,SCALE_DOWN,3000.0
12490.5,12528.443,0.997,STAY_ACTIVE,12528.443359375
3000.0,3000.4214,0.9999,SCALE_DOWN,3000.0
11417.1,11375.995,0.9964,STAY_ACTIVE,11375.9951171875
6142.5,6139.164,0.9995,SCALE_DOWN,3000.0
4547.1,4614.6753,0.9851,SCALE_DOWN,3000.0
5683.800000000001,5667.987,0.9972,SCALE_DOWN,3000.0
3000.0,3000.4214,0.9999,SCALE_DOWN,3000.0
3000.0,3000.4214,0.9999,SCALE_DOWN,3000.0
14283.9,14285.459,0.9999,STAY_ACTIVE,14285.458984375
21000.0,21000.047,1.0,STAY_ACTIVE,21000.046875
18519.300000000003,18488.924,0.9984,STAY_ACTIVE,18488.923828125
3000.0,3000.4214,0.9999,SCALE_DOWN,3000.0
4288.5,4268.6504,0.9954,SCALE_DOWN,3000.0
8388.3,8363.683,0.9971,SCALE_DOWN,3000.0
5681.4,5701.839,0.9964,SCALE_DOWN,3000.0
3000.0,3000.4214,0.9999,SCALE_DOWN,3000.0
21000.0,21000.047,1.0,STAY_ACTIVE,21000.046875
7173.3,7194.4854,0.997,SCALE_DOWN,3000.0
3611.7,3601.1677,0.9971,SCALE_DOWN,3000.0
14926.5,14879.445,0.9968,STAY_ACTIVE,14879.4453125
3000.0,3000.4214,0.9999,SCALE_DOWN,3000.0
21000.0,20998.299,0.9999,STAY_ACTIVE,20998.298828125
21000.0,21000.047,1.0,STAY_ACTIVE,21000.046875
9572.4,9549.617,0.9976,STAY_ACTIVE,9549.6171875
21000.0,21000.047,1.0,STAY_ACTIVE,21000.046875
10308.9,10251.067,0.9944,STAY_ACTIVE,10251.0673828125
10272.0,10234.094,0.9963,STAY_ACTIVE,10234.09375
15096.3,15160.273,0.9958,STAY_ACTIVE,15160.2734375
21000.0,21000.078,1.0,STAY_ACTIVE,21000.078125
3000.0,3000.4214,0.9999,SCALE_DOWN,3000.0
9628.5,9564.311,0.9933,STAY_ACTIVE,9564.310546875
8564.100000000002,8554.802,0.9989,SCALE_DOWN,3000.0
5340.6,5342.6084,0.9996,SCALE_DOWN,3000.0
21000.0,20999.51,1.0,STAY_ACTIVE,20999.509765625
3000.0,3000.4214,0.9999,SCALE_DOWN,3000.0
7182.6,7201.5103,0.9974,SCALE_DOWN,3000.0
3000.0,3000.4214,0.9999,SCALE_DOWN,3000.0
16513.800000000003,16478.996,0.9979,STAY_ACTIVE,16478.99609375
3000.0,3000.4214,0.9999,SCALE_DOWN,3000.0
6475.5,6452.1567,0.9964,SCALE_DOWN,3000.0
3000.0,3000.4214,0.9999,SCALE_DOWN,3000.0
7761.6,7776.027,0.9981,SCALE_DOWN,3000.0
5257.5,5265.05,0.9986,SCALE_DOWN,3000.0
4600.8,4629.4614,0.9938,SCALE_DOWN,3000.0
4954.5,4942.6597,0.9976,SCALE_DOWN,3000.0
3000.0,3000.4214,0.9999,SCALE_DOWN,3000.0
5900.700000000001,5930.3115,0.995,SCALE_DOWN,3000.0
20445.6,20241.383,0.99,STAY_ACTIVE,20241.3828125
4736.1,4749.891,0.9971,SCALE_DOWN,3000.0
21000.0,20996.7,0.9998,STAY_ACTIVE,20996.69921875
5317.5,5353.891,0.9932,SCALE_DOWN,3000.0
3286.5,3263.683,0.9931,SCALE_DOWN,3000.0
14176.499999999998,14136.845,0.9972,STAY_ACTIVE,14136.8447265625
14362.800000000005,14381.474,0.9987,STAY_ACTIVE,14381.4736328125
3000.0,3000.4214,0.9999,SCALE_DOWN,3000.0
21000.0,21000.67,1.0,STAY_ACTIVE,21000.669921875
3000.0,3000.4214,0.9999,SCALE_DOWN,3000.0
17647.199999999997,17532.607,0.9935,STAY_ACTIVE,17532.607421875
7202.4,7159.1406,0.994,SCALE_DOWN,3000.0
3824.4,3822.0942,0.9994,SCALE_DOWN,3000.0
12625.5,12629.918,0.9997,STAY_ACTIVE,12629.91796875
18528.300000000003,18517.0,0.9994,STAY_ACTIVE,18517.0
20022.3,20101.812,0.996,STAY_ACTIVE,20101.8125
12290.7,12116.247,0.9858,STAY_ACTIVE,12116.2470703125
16712.7,16695.28,0.999,STAY_ACTIVE,16695.279296875
6684.9,6689.95,0.9992,SCALE_DOWN,3000.0
3000.0,3000.4214,0.9999,SCALE_DOWN,3000.0
16119.3,16110.246,0.9994,STAY_ACTIVE,16110.24609375
21000.0,20998.19,0.9999,STAY_ACTIVE,20998.189453125
13419.3,13342.568,0.9943,STAY_ACTIVE,13342.568359375
9135.0,9097.89,0.9959,STAY_ACTIVE,9097.8896484375
9968.7,9939.459,0.9971,STAY_ACTIVE,9939.458984375
4452.9,4462.1973,0.9979,SCALE_DOWN,3000.0
4651.8,4656.3237,0.999,SCALE_DOWN,3000.0
3000.0,3000.4214,0.9999,SCALE_DOWN,3000.0
15283.5,15284.316,0.9999,STAY_ACTIVE,15284.31640625
21000.0,21000.09,1.0,STAY_ACTIVE,21000.08984375
21000.0,20999.852,1.0,STAY_ACTIVE,20999.8515625
12190.5,12224.412,0.9972,STAY_ACTIVE,12224.412109375
3000.0,3000.4214,0.9999,SCALE_DOWN,3000.0
3000.0,3000.4214,0.9999,SCALE_DOWN,3000.0
3000.0,3000.4214,0.9999,SCALE_DOWN,3000.0
21000.0,20999.98,1.0,STAY_ACTIVE,20999.98046875
3000.0,3000.4214,0.9999,SCALE_DOWN,3000.0
13056.6,13008.347,0.9963,STAY_ACTIVE,13008.3466796875
3000.0,3000.4214,0.9999,SCALE_DOWN,3000.0
19148.4,19200.736,0.9973,STAY_ACTIVE,19200.736328125
6782.1,6756.662,0.9962,SCALE_DOWN,3000.0
13282.8,13163.213,0.991,STAY_ACTIVE,13163.212890625
20525.4,20500.973,0.9988,STAY_ACTIVE,20500.97265625
5997.299999999999,6005.0366,0.9987,SCALE_DOWN,3000.0
4758.9,4732.172,0.9944,SCALE_DOWN,3000.0
3000.0,3000.4214,0.9999,SCALE_DOWN,3000.0
3000.0,3000.4214,0.9999,SCALE_DOWN,3000.0
13377.3,13445.131,0.9949,STAY_ACTIVE,13445.130859375
3000.0,3000.4214,0.9999,SCALE_DOWN,3000.0
12295.5,12222.464,0.9941,STAY_ACTIVE,12222.4638671875
21000.0,21000.047,1.0,STAY_ACTIVE,21000.046875
16091.1,16113.684,0.9986,STAY_ACTIVE,16113.68359375
15783.6,15760.112,0.9985,STAY_ACTIVE,15760.1123046875
3000.0,3000.4214,0.9999,SCALE_DOWN,3000.0
15142.8,15142.999,1.0,STAY_ACTIVE,15142.9990234375
21000.0,21000.047,1.0,STAY_ACTIVE,21000.046875
9715.5,9721.299,0.9994,STAY_ACTIVE,9721.298828125
3000.0,3000.4214,0.9999,SCALE_DOWN,3000.0
21000.0,21000.049,1.0,STAY_ACTIVE,21000.048828125
10456.2,10407.274,0.9953,STAY_ACTIVE,10407.2744140625
6085.5,6084.3477,0.9998,SCALE_DOWN,3000.0
6423.6,6388.733,0.9946,SCALE_DOWN,3000.0
7644.6,7661.7373,0.9978,SCALE_DOWN,3000.0
3000.0,3000.4214,0.9999,SCALE_DOWN,3000.0
3000.0,3000.4214,0.9999,SCALE_DOWN,3000.0
10062.0,9982.649,0.9921,STAY_ACTIVE,9982.6494140625
3000.0,3000.4214,0.9999,SCALE_DOWN,3000.0
7899.9000000000015,7903.6445,0.9995,SCALE_DOWN,3000.0
5978.1,5991.15,0.9978,SCALE_DOWN,3000.0
3000.0,3000.4214,0.9999,SCALE_DOWN,3000.0
6426.0,6400.4873,0.996,SCALE_DOWN,3000.0
3000.0,3000.4214,0.9999,SCALE_DOWN,3000.0
18775.5,18736.238,0.9979,STAY_ACTIVE,18736.23828125
3000.0,3000.4214,0.9999,SCALE_DOWN,3000.0
21000.0,21000.047,1.0,STAY_ACTIVE,21000.046875
21000.0,21000.639,1.0,STAY_ACTIVE,21000.638671875
10801.8,10758.056,0.996,STAY_ACTIVE,10758.0556640625
21000.0,20999.562,1.0,STAY_ACTIVE,20999.5625
4944.299999999999,4905.397,0.9921,SCALE_DOWN,3000.0
21000.0,21000.078,1.0,STAY_ACTIVE,21000.078125
3000.0,3000.4214,0.9999,SCALE_DOWN,3000.0
3000.0,3000.4214,0.9999,SCALE_DOWN,3000.0
10330.5,10300.458,0.9971,STAY_ACTIVE,10300.4580078125
17436.0,17559.375,0.9929,STAY_ACTIVE,17559.375
21000.0,21000.078,1.0,STAY_ACTIVE,21000.078125
5235.9,5234.1675,0.9997,SCALE_DOWN,3000.0
3000.0,3000.4214,0.9999,SCALE_DOWN,3000.0
9287.7,9268.816,0.998,STAY_ACTIVE,9268.81640625
3000.0,3000.4214,0.9999,SCALE_DOWN,3000.0
21000.0,20999.297,1.0,STAY_ACTIVE,20999.296875
5604.0,5548.722,0.9901,SCALE_DOWN,3000.0
16620.0,16639.105,0.9989,STAY_ACTIVE,16639.10546875
5277.0,5262.245,0.9972,SCALE_DOWN,3000.0
15470.4,15537.078,0.9957,STAY_ACTIVE,15537.078125
21000.0,21000.078,1.0,STAY_ACTIVE,21000.078125
21000.0,21000.047,1.0,STAY_ACTIVE,21000.046875
3000.0,3000.4214,0.9999,SCALE_DOWN,3000.0
6155.1,6151.1636,0.9994,SCALE_DOWN,3000.0
9407.7,9352.502,0.9941,STAY_ACTIVE,9352.501953125
3000.0,3000.4214,0.9999,SCALE_DOWN,3000.0
21000.0,20998.113,0.9999,STAY_ACTIVE,20998.11328125
21000.0,21000.047,1.0,STAY_ACTIVE,21000.046875
3000.0,3000.4214,0.9999,SCALE_DOWN,3000.0
16737.600000000002,16748.852,0.9993,STAY_ACTIVE,16748.8515625
3000.0,3000.4214,0.9999,SCALE_DOWN,3000.0
21000.0,21000.047,1.0,STAY_ACTIVE,21000.046875
5348.1,5317.8877,0.9944,SCALE_DOWN,3000.0
3000.0,3000.4214,0.9999,SCALE_DOWN,3000.0
3000.0,3000.4214,0.9999,SCALE_DOWN,3000.0
9987.9,9962.377,0.9974,STAY_ACTIVE,9962.376953125
3000.0,3000.4214,0.9999,SCALE_DOWN,3000.0
3000.0,3000.4214,0.9999,SCALE_DOWN,3000.0
3000.0,3000.4214,0.9999,SCALE_DOWN,3000.0
19527.300000000003,19425.438,0.9948,STAY_ACTIVE,19425.4375
3000.0,3000.4214,0.9999,SCALE_DOWN,3000.0
3000.0,3000.4214,0.9999,SCALE_DOWN,3000.0
4169.700000000001,4157.049,0.997,SCALE_DOWN,3000.0
3000.0,3000.4214,0.9999,SCALE_DOWN,3000.0
5353.5,5355.474,0.9996,SCALE_DOWN,3000.0
3426.6,3416.7468,0.9971,SCALE_DOWN,3000.0
8020.200000000001,7971.711,0.994,SCALE_DOWN,3000.0
21000.0,21002.027,0.9999,STAY_ACTIVE,21002.02734375
3000.0,3000.4214,0.9999,SCALE_DOWN,3000.0
3000.0,3000.4214,0.9999,SCALE_DOWN,3000.0
7314.6,7327.655,0.9982,SCALE_DOWN,3000.0
21000.0,21000.322,1.0,STAY_ACTIVE,21000.322265625
3000.0,3000.4214,0.9999,SCALE_DOWN,3000.0
21000.0,20999.51,1.0,STAY_ACTIVE,20999.509765625
3000.0,3000.4214,0.9999,SCALE_DOWN,3000.0
14277.9,14439.691,0.9887,STAY_ACTIVE,14439.69140625
21000.0,21000.078,1.0,STAY_ACTIVE,21000.078125
9432.6,9470.311,0.996,STAY_ACTIVE,9470.310546875
3426.2999999999997,3368.5928,0.9832,SCALE_DOWN,3000.0
3000.0,3000.4214,0.9999,SCALE_DOWN,3000.0
8483.7,8523.685,0.9953,SCALE_DOWN,3000.0
18182.4,18165.477,0.9991,STAY_ACTIVE,18165.4765625
21000.0,20998.719,0.9999,STAY_ACTIVE,20998.71875
3069.2999999999997,3038.9854,0.9901,SCALE_DOWN,3000.0
21000.0,21000.047,1.0,STAY_ACTIVE,21000.046875
21000.0,20983.314,0.9992,STAY_ACTIVE,20983.314453125
13312.2,13373.192,0.9954,STAY_ACTIVE,13373.1923828125
21000.0,20999.566,1.0,STAY_ACTIVE,20999.56640625
3000.0,3000.4214,0.9999,SCALE_DOWN,3000.0
3075.0,3038.9854,0.9883,SCALE_DOWN,3000.0
3000.0,3000.4214,0.9999,SCALE_DOWN,3000.0
9868.5,9973.841,0.9893,STAY_ACTIVE,9973.8408203125
3000.0,3000.4214,0.9999,SCALE_DOWN,3000.0
9615.000000000002,9620.804,0.9994,STAY_ACTIVE,9620.8037109375
3000.0,3000.4214,0.9999,SCALE_DOWN,3000.0
13831.8,13820.863,0.9992,STAY_ACTIVE,13820.86328125
4651.8,4644.4893,0.9984,SCALE_DOWN,3000.0
3000.0,3000.4214,0.9999,SCALE_DOWN,3000.0
3000.0,3000.4214,0.9999,SCALE_DOWN,3000.0
3000.0,3000.4214,0.9999,SCALE_DOWN,3000.0
21000.0,21000.047,1.0,STAY_ACTIVE,21000.046875
3000.0,3000.4214,0.9999,SCALE_DOWN,3000.0
3000.0,3000.4214,0.9999,SCALE_DOWN,3000.0
5022.0,5031.506,0.9981,SCALE_DOWN,3000.0
15251.1,15276.748,0.9983,STAY_ACTIVE,15276.748046875
3000.0,3000.4214,0.9999,SCALE_DOWN,3000.0
3000.0,3000.4214,0.9999,SCALE_DOWN,3000.0
3000.0,3000.4214,0.9999,SCALE_DOWN,3000.0
21000.0,21000.078,1.0,STAY_ACTIVE,21000.078125
21000.0,21000.121,1.0,STAY_ACTIVE,21000.12109375
5744.4,5763.5903,0.9967,SCALE_DOWN,3000.0
19665.300000000003,19780.713,0.9941,STAY_ACTIVE,19780.712890625
14089.8,14038.324,0.9963,STAY_ACTIVE,14038.32421875
3916.8,3948.7075,0.9919,SCALE_DOWN,3000.0
3000.0,3000.4214,0.9999,SCALE_DOWN,3000.0
3000.0,3000.4214,0.9999,SCALE_DOWN,3000.0
3000.0,3000.4214,0.9999,SCALE_DOWN,3000.0
5613.599999999999,5622.3057,0.9984,SCALE_DOWN,3000.0
18191.4,18283.074,0.995,STAY_ACTIVE,18283.07421875
3000.0,3000.4214,0.9999,SCALE_DOWN,3000.0
4297.799999999999,4298.653,0.9998,SCALE_DOWN,3000.0
11313.6,11543.354,0.9797,STAY_ACTIVE,11543.353515625
7514.4,7501.9434,0.9983,SCALE_DOWN,3000.0
15790.8,15789.258,0.9999,STAY_ACTIVE,15789.2578125
20624.7,20503.438,0.9941,STAY_ACTIVE,20503.4375
3000.0,3000.4214,0.9999,SCALE_DOWN,3000.0
3000.0,3000.4214,0.9999,SCALE_DOWN,3000.0
6971.700000000001,6991.4077,0.9972,SCALE_DOWN,3000.0
5626.5,5657.6147,0.9945,SCALE_DOWN,3000.0
3000.0,3000.4214,0.9999,SCALE_DOWN,3000.0
6270.6,6292.614,0.9965,SCALE_DOWN,3000.0
3885.9,3870.051,0.9959,SCALE_DOWN,3000.0
3000.0,3000.4214,0.9999,SCALE_DOWN,3000.0
6731.7,6747.5405,0.9976,SCALE_DOWN,3000.0
3000.0,3000.4214,0.9999,SCALE_DOWN,3000.0
11049.3,11022.36,0.9976,STAY_ACTIVE,11022.3603515625
3000.0,3000.4214,0.9999,SCALE_DOWN,3000.0
9863.7,9914.627,0.9948,STAY_ACTIVE,9914.626953125
12976.8,12971.552,0.9996,STAY_ACTIVE,12971.5517578125
8495.699999999999,8507.855,0.9986,SCALE_DOWN,3000.0
3000.0,3000.4214,0.9999,SCALE_DOWN,3000.0
21000.0,21008.502,0.9996,STAY_ACTIVE,21008.501953125
7059.0,7062.8105,0.9995,SCALE_DOWN,3000.0
3000.0,3000.4214,0.9999,SCALE_DOWN,3000.0
3000.0,3000.4214,0.9999,SCALE_DOWN,3000.0
16230.9,16308.47,0.9952,STAY_ACTIVE,16308.4697265625
14359.2,14361.847,0.9998,STAY_ACTIVE,14361.8466796875
21000.0,21000.047,1.0,STAY_ACTIVE,21000.046875
9376.5,9369.121,0.9992,STAY_ACTIVE,9369.12109375
3000.0,3000.4214,0.9999,SCALE_DOWN,3000.0
9459.600000000002,9480.263,0.9978,STAY_ACTIVE,9480.2626953125
4576.8,4580.603,0.9992,SCALE_DOWN,3000.0
17385.899999999998,17465.559,0.9954,STAY_ACTIVE,17465.55859375
3000.0,3000.4214,0.9999,SCALE_DOWN,3000.0
21000.0,21000.047,1.0,STAY_ACTIVE,21000.046875
3000.0,3000.4214,0.9999,SCALE_DOWN,3000.0
3000.0,3000.4214,0.9999,SCALE_DOWN,3000.0
7058.4,7062.8105,0.9994,SCALE_DOWN,3000.0
21000.0,21000.047,1.0,STAY_ACTIVE,21000.046875
11257.2,11254.837,0.9998,STAY_ACTIVE,11254.8369140625
11978.7,12002.266,0.998,STAY_ACTIVE,12002.265625
5375.4,5348.5317,0.995,SCALE_DOWN,3000.0
5270.4,5281.1885,0.998,SCALE_DOWN,3000.0
8614.5,8583.889,0.9964,SCALE_DOWN,3000.0
5667.0,5684.2344,0.997,SCALE_DOWN,3000.0
19673.7,19758.213,0.9957,STAY_ACTIVE,19758.212890625
8089.8,8113.189,0.9971,SCALE_DOWN,3000.0
21000.0,21000.047,1.0,STAY_ACTIVE,21000.046875
21000.0,21015.006,0.9993,STAY_ACTIVE,21015.005859375
7194.6,7191.0874,0.9995,SCALE_DOWN,3000.0
21000.0,21026.49,0.9987,STAY_ACTIVE,21026.490234375
21000.0,21000.047,1.0,STAY_ACTIVE,21000.046875
3000.0,3000.4214,0.9999,SCALE_DOWN,3000.0
12732.3,12783.182,0.996,STAY_ACTIVE,12783.181640625
9604.8,9618.198,0.9986,STAY_ACTIVE,9618.1982421875
3000.0,3000.4214,0.9999,SCALE_DOWN,3000.0
21000.0,21000.078,1.0,STAY_ACTIVE,21000.078125
12109.5,12083.1045,0.9978,STAY_ACTIVE,12083.1044921875
3459.6000000000004,3487.511,0.9919,SCALE_DOWN,3000.0
3000.0,3000.4214,0.9999,SCALE_DOWN,3000.0
10570.2,10583.832,0.9987,STAY_ACTIVE,10583.83203125
9453.3,9459.901,0.9993,STAY_ACTIVE,9459.9013671875
3000.0,3000.4214,0.9999,SCALE_DOWN,3000.0
4972.8,4951.348,0.9957,SCALE_DOWN,3000.0
3000.0,3000.4214,0.9999,SCALE_DOWN,3000.0
10554.9,10608.876,0.9949,STAY_ACTIVE,10608.8759765625
19849.800000000003,19747.43,0.9948,STAY_ACTIVE,19747.4296875
3078.6,3099.6191,0.9932,SCALE_DOWN,3000.0
21000.0,21000.078,1.0,STAY_ACTIVE,21000.078125
3757.5,3740.2988,0.9954,SCALE_DOWN,3000.0
10623.3,10633.973,0.999,STAY_ACTIVE,10633.97265625
3000.0,3000.4214,0.9999,SCALE_DOWN,3000.0
21000.0,20977.566,0.9989,STAY_ACTIVE,20977.56640625
3000.0,3000.4214,0.9999,SCALE_DOWN,3000.0
13741.8,13722.432,0.9986,STAY_ACTIVE,13722.431640625
21000.0,21000.049,1.0,STAY_ACTIVE,21000.048828125
13137.9,13260.205,0.9907,STAY_ACTIVE,13260.205078125
5158.8,5149.4756,0.9982,SCALE_DOWN,3000.0
21000.0,20999.852,1.0,STAY_ACTIVE,20999.8515625
14082.000000000002,14009.729,0.9949,STAY_ACTIVE,14009.728515625
13862.7,13909.128,0.9967,STAY_ACTIVE,13909.1279296875
16607.4,16470.533,0.9918,STAY_ACTIVE,16470.533203125
3000.0,3000.4214,0.9999,SCALE_DOWN,3000.0
3000.0,3000.4214,0.9999,SCALE_DOWN,3000.0
3000.0,3000.4214,0.9999,SCALE_DOWN,3000.0
13846.5,13852.221,0.9996,STAY_ACTIVE,13852.220703125
7658.1,7708.777,0.9934,SCALE_DOWN,3000.0
14194.8,14195.727,0.9999,STAY_ACTIVE,14195.7265625
13783.5,13850.577,0.9951,STAY_ACTIVE,13850.5771484375
10412.7,10459.975,0.9955,STAY_ACTIVE,10459.974609375
3069.0,3070.7542,0.9994,SCALE_DOWN,3000.0
21000.0,21000.047,1.0,STAY_ACTIVE,21000.046875
3000.0,3000.4214,0.9999,SCALE_DOWN,3000.0
9871.5,9869.794,0.9998,STAY_ACTIVE,9869.7939453125
8025.9,8025.511,1.0,SCALE_DOWN,3000.0
3000.0,3000.4214,0.9999,SCALE_DOWN,3000.0
21000.0,20999.562,1.0,STAY_ACTIVE,20999.5625
3000.0,3000.4214,0.9999,SCALE_DOWN,3000.0
3000.0,3000.4214,0.9999,SCALE_DOWN,3000.0
3261.0,3264.6697,0.9989,SCALE_DOWN,3000.0
8476.8,8427.324,0.9942,SCALE_DOWN,3000.0
18622.5,18563.775,0.9968,STAY_ACTIVE,18563.775390625
14403.9,14387.99,0.9989,STAY_ACTIVE,14387.990234375
7844.400000000001,7849.5,0.9993,SCALE_DOWN,3000.0
3000.0,3000.4214,0.9999,SCALE_DOWN,3000.0
3000.0,3000.4214,0.9999,SCALE_DOWN,3000.0
15380.400000000003,15393.704,0.9991,STAY_ACTIVE,15393.7041015625
7880.1,7947.423,0.9915,SCALE_DOWN,3000.0
11575.2,11526.751,0.9958,STAY_ACTIVE,11526.7509765625
3000.0,3000.4214,0.9999,SCALE_DOWN,3000.0
3000.0,3000.4214,0.9999,SCALE_DOWN,3000.0
21000.0,21000.047,1.0,STAY_ACTIVE,21000.046875
4949.7,4926.615,0.9953,SCALE_DOWN,3000.0
6789.0,6792.23,0.9995,SCALE_DOWN,3000.0
21000.0,20999.98,1.0,STAY_ACTIVE,20999.98046875
17256.600000000002,17284.01,0.9984,STAY_ACTIVE,17284.009765625
3000.0,3000.4214,0.9999,SCALE_DOWN,3000.0
21000.0,21000.078,1.0,STAY_ACTIVE,21000.078125
4526.1,4505.296,0.9954,SCALE_DOWN,3000.0
8138.4,8156.343,0.9978,SCALE_DOWN,3000.0
10828.5,10772.829,0.9949,STAY_ACTIVE,10772.8291015625
20744.7,20640.309,0.995,STAY_ACTIVE,20640.30859375
3000.0,3000.4214,0.9999,SCALE_DOWN,3000.0
3000.0,3000.4214,0.9999,SCALE_DOWN,3000.0
6972.6,6984.0776,0.9984,SCALE_DOWN,3000.0
4467.0,4433.5083,0.9925,SCALE_DOWN,3000.0
21000.0,21000.078,1.0,STAY_ACTIVE,21000.078125
7772.4,7801.8394,0.9962,SCALE_DOWN,3000.0
3000.0,3000.4214,0.9999,SCALE_DOWN,3000.0
3757.2,3767.0576,0.9974,SCALE_DOWN,3000.0
21000.0,20998.19,0.9999,STAY_ACTIVE,20998.189453125
7652.700000000001,7438.1377,0.972,SCALE_DOWN,3000.0
13950.6,13901.02,0.9964,STAY_ACTIVE,13901.01953125
3000.0,3000.4214,0.9999,SCALE_DOWN,3000.0
14373.3,14397.227,0.9983,STAY_ACTIVE,14397.2265625
9445.5,9417.037,0.997,STAY_ACTIVE,9417.037109375
11637.6,11671.192,0.9971,STAY_ACTIVE,11671.1923828125
6698.4,6717.547,0.9971,SCALE_DOWN,3000.0
3000.0,3000.4214,0.9999,SCALE_DOWN,3000.0
5369.1,5331.2754,0.993,SCALE_DOWN,3000.0
12379.5,12339.166,0.9967,STAY_ACTIVE,12339.166015625
3000.0,3000.4214,0.9999,SCALE_DOWN,3000.0
4850.4,4836.322,0.9971,SCALE_DOWN,3000.0
21000.0,21000.049,1.0,STAY_ACTIVE,21000.048828125
15489.0,15494.106,0.9997,STAY_ACTIVE,15494.1064453125
21000.0,21000.047,1.0,STAY_ACTIVE,21000.046875
3532.8,3565.6458,0.9907,SCALE_DOWN,3000.0
16793.100000000002,16822.037,0.9983,STAY_ACTIVE,16822.037109375
3000.0,3000.4214,0.9999,SCALE_DOWN,3000.0
6559.200000000001,6574.1816,0.9977,SCALE_DOWN,3000.0
3000.0,3000.4214,0.9999,SCALE_DOWN,3000.0
4082.400000000001,4102.392,0.9951,SCALE_DOWN,3000.0
21000.0,21000.047,1.0,STAY_ACTIVE,21000.046875
3519.9000000000005,3519.7344,1.0,SCALE_DOWN,3000.0
7763.7,7755.987,0.999,SCALE_DOWN,3000.0
3000.0,3000.4214,0.9999,SCALE_DOWN,3000.0
15077.1,14993.351,0.9944,STAY_ACTIVE,14993.3505859375
21000.0,20999.852,1.0,STAY_ACTIVE,20999.8515625
16617.3,17172.371,0.9666,STAY_ACTIVE,17172.37109375
3000.0,3000.4214,0.9999,SCALE_DOWN,3000.0
3000.0,3000.4214,0.9999,SCALE_DOWN,3000.0
4633.5,4651.4673,0.9961,SCALE_DOWN,3000.0
3532.2000000000003,3525.7336,0.9982,SCALE_DOWN,3000.0
3000.0,3000.4214,0.9999,SCALE_DOWN,3000.0
3000.0,3000.4214,0.9999,SCALE_DOWN,3000.0
5056.799999999999,5059.0806,0.9995,SCALE_DOWN,3000.0
3000.0,3000.4214,0.9999,SCALE_DOWN,3000.0
21000.0,21000.047,1.0,STAY_ACTIVE,21000.046875
17239.199999999997,17199.523,0.9977,STAY_ACTIVE,17199.5234375
21000.0,21000.049,1.0,STAY_ACTIVE,21000.048828125
13225.2,13165.579,0.9955,STAY_ACTIVE,13165.5791015625
7307.700000000001,7303.899,0.9995,SCALE_DOWN,3000.0
4078.2,4099.5747,0.9948,SCALE_DOWN,3000.0
3000.0,3000.4214,0.9999,SCALE_DOWN,3000.0
3000.0,3000.4214,0.9999,SCALE_DOWN,3000.0
3000.0,3000.4214,0.9999,SCALE_DOWN,3000.0
12759.9,12775.572,0.9988,STAY_ACTIVE,12775.572265625
6616.200000000001,6525.2754,0.9863,SCALE_DOWN,3000.0
3467.4,3449.3457,0.9948,SCALE_DOWN,3000.0
21000.0,21000.049,1.0,STAY_ACTIVE,21000.048828125
3000.0,3000.4214,0.9999,SCALE_DOWN,3000.0
3000.0,3000.4214,0.9999,SCALE_DOWN,3000.0
3000.0,3000.4214,0.9999,SCALE_DOWN,3000.0
19805.7,19910.906,0.9947,STAY_ACTIVE,19910.90625
8734.5,8736.078,0.9998,SCALE_DOWN,3000.0
3000.0,3000.4214,0.9999,SCALE_DOWN,3000.0
17896.5,17866.193,0.9983,STAY_ACTIVE,17866.193359375
3000.0,3000.4214,0.9999,SCALE_DOWN,3000.0
10404.3,10389.001,0.9985,STAY_ACTIVE,10389.0009765625
8918.1,8960.578,0.9952,SCALE_DOWN,3000.0
3000.0,3000.4214,0.9999,SCALE_DOWN,3000.0
14755.8,14787.868,0.9978,STAY_ACTIVE,14787.8681640625
21000.0,20995.402,0.9998,STAY_ACTIVE,20995.40234375
3000.0,3000.4214,0.9999,SCALE_DOWN,3000.0
5105.700000000001,5128.677,0.9955,SCALE_DOWN,3000.0
3000.0,3000.4214,0.9999,SCALE_DOWN,3000.0
3000.0,3000.4214,0.9999,SCALE_DOWN,3000.0
3000.0,3000.4214,0.9999,SCALE_DOWN,3000.0
3000.0,3000.4214,0.9999,SCALE_DOWN,3000.0
5647.5,5656.161,0.9985,SCALE_DOWN,3000.0
21000.0,21019.56,0.9991,STAY_ACTIVE,21019.560546875
3000.0,3000.4214,0.9999,SCALE_DOWN,3000.0
6758.1,6784.022,0.9962,SCALE_DOWN,3000.0
20819.7,20617.88,0.9903,STAY_ACTIVE,20617.880859375
21000.0,20990.49,0.9995,STAY_ACTIVE,20990.490234375
6373.200000000001,6350.9736,0.9965,SCALE_DOWN,3000.0
15864.0,15817.77,0.9971,STAY_ACTIVE,15817.76953125
21000.0,21016.191,0.9992,STAY_ACTIVE,21016.19140625
21000.0,21000.121,1.0,STAY_ACTIVE,21000.12109375
5539.5,5508.882,0.9945,SCALE_DOWN,3000.0
5339.1,5340.5522,0.9997,SCALE_DOWN,3000.0
3000.0,3000.4214,0.9999,SCALE_DOWN,3000.0
3000.0,3000.4214,0.9999,SCALE_DOWN,3000.0
3000.0,3000.4214,0.9999,SCALE_DOWN,3000.0
13010.7,12997.376,0.999,STAY_ACTIVE,12997.3759765625
5031.6,5004.4673,0.9946,SCALE_DOWN,3000.0
21000.0,20983.314,0.9992,STAY_ACTIVE,20983.314453125
3000.0,3000.4214,0.9999,SCALE_DOWN,3000.0
11181.9,11224.346,0.9962,STAY_ACTIVE,11224.345703125
3000.0,3000.4214,0.9999,SCALE_DOWN,3000.0
3000.0,3000.4214,0.9999,SCALE_DOWN,3000.0
3000.0,3000.4214,0.9999,SCALE_DOWN,3000.0
21000.0,21000.078,1.0,STAY_ACTIVE,21000.078125
21000.0,21000.049,1.0,STAY_ACTIVE,21000.048828125
3000.0,3000.4214,0.9999,SCALE_DOWN,3000.0
3000.0,3000.4214,0.9999,SCALE_DOWN,3000.0
17926.5,17880.994,0.9975,STAY_ACTIVE,17880.994140625
6998.700000000001,7003.1963,0.9994,SCALE_DOWN,3000.0
21000.0,20999.852,1.0,STAY_ACTIVE,20999.8515625
3000.0,3000.4214,0.9999,SCALE_DOWN,3000.0
11670.6,11739.328,0.9941,STAY_ACTIVE,11739.328125
5446.5,5447.225,0.9999,SCALE_DOWN,3000.0
7353.9,7313.806,0.9945,SCALE_DOWN,3000.0
21000.0,20997.428,0.9999,STAY_ACTIVE,20997.427734375
5290.5,5235.6333,0.9896,SCALE_DOWN,3000.0
3000.0,3000.4214,0.9999,SCALE_DOWN,3000.0
8966.4,8985.719,0.9978,SCALE_DOWN,3000.0
8136.6,8091.183,0.9944,SCALE_DOWN,3000.0
3000.0,3000.4214,0.9999,SCALE_DOWN,3000.0
8166.6,8148.51,0.9978,SCALE_DOWN,3000.0
13539.9,13523.354,0.9988,STAY_ACTIVE,13523.353515625
3510.2999999999997,3516.7666,0.9982,SCALE_DOWN,3000.0
15698.100000000002,15583.712,0.9927,STAY_ACTIVE,15583.7119140625
19716.300000000003,19659.004,0.9971,STAY_ACTIVE,19659.00390625
21000.0,21000.166,1.0,STAY_ACTIVE,21000.166015625
5205.6,5232.414,0.9948,SCALE_DOWN,3000.0
21000.0,20999.852,1.0,STAY_ACTIVE,20999.8515625
21000.0,21000.047,1.0,STAY_ACTIVE,21000.046875
21000.0,21000.025,1.0,STAY_ACTIVE,21000.025390625
3000.0,3000.4214,0.9999,SCALE_DOWN,3000.0
21000.0,20983.314,0.9992,STAY_ACTIVE,20983.314453125
5837.4,5843.568,0.9989,SCALE_DOWN,3000.0
3000.0,3000.4214,0.9999,SCALE_DOWN,3000.0
5957.1,5967.6465,0.9982,SCALE_DOWN,3000.0
5988.9,5991.673,0.9995,SCALE_DOWN,3000.0
21000.0,21000.047,1.0,STAY_ACTIVE,21000.046875
21000.0,21000.047,1.0,STAY_ACTIVE,21000.046875
18553.800000000003,18629.924,0.9959,STAY_ACTIVE,18629.923828125
14018.1,14064.3125,0.9967,STAY_ACTIVE,14064.3125
21000.0,21000.67,1.0,STAY_ACTIVE,21000.669921875
14288.4,14292.766,0.9997,STAY_ACTIVE,14292.765625
5996.7,6013.5864,0.9972,SCALE_DOWN,3000.0
11330.1,11332.064,0.9998,STAY_ACTIVE,11332.064453125
21000.0,21000.078,1.0,STAY_ACTIVE,21000.078125
21000.0,20999.562,1.0,STAY_ACTIVE,20999.5625
17176.199999999997,17232.54,0.9967,STAY_ACTIVE,17232.5390625
3000.0,3000.4214,0.9999,SCALE_DOWN,3000.0
3000.0,3000.4214,0.9999,SCALE_DOWN,3000.0
5628.3,5618.2783,0.9982,SCALE_DOWN,3000.0
4917.9,4880.8535,0.9925,SCALE_DOWN,3000.0
21000.0,20992.566,0.9996,STAY_ACTIVE,20992.56640625
3000.0,3000.4214,0.9999,SCALE_DOWN,3000.0
3000.0,3000.4214,0.9999,SCALE_DOWN,3000.0
10020.0,10068.621,0.9951,STAY_ACTIVE,10068.62109375
21000.0,21000.047,1.0,STAY_ACTIVE,21000.046875
7255.8,7237.8325,0.9975,SCALE_DOWN,3000.0
3000.0,3000.4214,0.9999,SCALE_DOWN,3000.0
12686.7,12628.083,0.9954,STAY_ACTIVE,12628.0830078125
11048.4,11011.464,0.9967,STAY_ACTIVE,11011.4638671875
3000.0,3000.4214,0.9999,SCALE_DOWN,3000.0
3263.4,3248.261,0.9954,SCALE_DOWN,3000.0
3000.0,3000.4214,0.9999,SCALE_DOWN,3000.0
3000.0,3000.4214,0.9999,SCALE_DOWN,3000.0
3000.0,3000.4214,0.9999,SCALE_DOWN,3000.0
16657.8,16784.277,0.9924,STAY_ACTIVE,16784.27734375
21000.0,21000.078,1.0,STAY_ACTIVE,21000.078125
9034.8,9022.727,0.9987,STAY_ACTIVE,9022.7265625
21000.0,21000.078,1.0,STAY_ACTIVE,21000.078125
10057.2,10025.017,0.9968,STAY_ACTIVE,10025.0166015625
19943.1,19969.576,0.9987,STAY_ACTIVE,19969.576171875
3000.0,3000.4214,0.9999,SCALE_DOWN,3000.0
8243.099999999999,8111.0654,0.984,SCALE_DOWN,3000.0
10499.7,10545.233,0.9957,STAY_ACTIVE,10545.2333984375
3000.0,3000.4214,0.9999,SCALE_DOWN,3000.0
3000.0,3000.4214,0.9999,SCALE_DOWN,3000.0
21000.0,21000.049,1.0,STAY_ACTIVE,21000.048828125
21000.0,20999.562,1.0,STAY_ACTIVE,20999.5625
21000.0,21000.049,1.0,STAY_ACTIVE,21000.048828125
15461.7,15487.776,0.9983,STAY_ACTIVE,15487.7763671875
3000.0,3000.4214,0.9999,SCALE_DOWN,3000.0
8396.1,8397.61,0.9998,SCALE_DOWN,3000.0
8386.800000000001,8446.2,0.9929,SCALE_DOWN,3000.0
10255.2,10270.861,0.9985,STAY_ACTIVE,10270.861328125
14212.800000000005,14262.72,0.9965,STAY_ACTIVE,14262.7197265625
18183.000000000004,18110.732,0.996,STAY_ACTIVE,18110.732421875
13860.3,13874.778,0.999,STAY_ACTIVE,13874.7783203125
9387.3,9357.621,0.9968,STAY_ACTIVE,9357.62109375
12872.4,12821.1875,0.996,STAY_ACTIVE,12821.1875
3000.0,3000.4214,0.9999,SCALE_DOWN,3000.0
16384.2,16340.858,0.9974,STAY_ACTIVE,16340.8583984375
8100.6,8080.7207,0.9975,SCALE_DOWN,3000.0
21000.0,21000.047,1.0,STAY_ACTIVE,21000.046875
4062.0,4053.1545,0.9978,SCALE_DOWN,3000.0
21000.0,21000.049,1.0,STAY_ACTIVE,21000.048828125
6060.900000000001,6040.928,0.9967,SCALE_DOWN,3000.0
21000.0,21000.049,1.0,STAY_ACTIVE,21000.048828125
21000.0,21000.049,1.0,STAY_ACTIVE,21000.048828125
15707.4,15743.232,0.9977,STAY_ACTIVE,15743.232421875
3000.0,3000.4214,0.9999,SCALE_DOWN,3000.0
21000.0,21000.047,1.0,STAY_ACTIVE,21000.046875
4169.700000000001,4165.09,0.9989,SCALE_DOWN,3000.0
21000.0,21000.078,1.0,STAY_ACTIVE,21000.078125
3000.0,3000.4214,0.9999,SCALE_DOWN,3000.0
3000.0,3000.4214,0.9999,SCALE_DOWN,3000.0
3000.0,3000.4214,0.9999,SCALE_DOWN,3000.0
13011.000000000002,12928.218,0.9936,STAY_ACTIVE,12928.2177734375
4839.9,4856.3955,0.9966,SCALE_DOWN,3000.0
17023.200000000004,16997.28,0.9985,STAY_ACTIVE,16997.279296875
3000.0,3000.4214,0.9999,SCALE_DOWN,3000.0
3000.0,3000.4214,0.9999,SCALE_DOWN,3000.0
6692.700000000001,6691.5586,0.9998,SCALE_DOWN,3000.0
3000.0,3000.4214,0.9999,SCALE_DOWN,3000.0
3000.0,3000.4214,0.9999,SCALE_DOWN,3000.0
14023.500000000002,14010.551,0.9991,STAY_ACTIVE,14010.55078125
10564.500000000002,10544.033,0.9981,STAY_ACTIVE,10544.033203125
8884.8,8904.226,0.9978,SCALE_DOWN,3000.0
21000.0,21000.078,1.0,STAY_ACTIVE,21000.078125
5647.8,5657.2964,0.9983,SCALE_DOWN,3000.0
21000.0,21035.219,0.9983,STAY_ACTIVE,21035.21875
3000.0,3000.4214,0.9999,SCALE_DOWN,3000.0
7418.099999999999,7400.9326,0.9977,SCALE_DOWN,3000.0
21000.0,20982.326,0.9992,STAY_ACTIVE,20982.326171875
3263.4,3264.6697,0.9996,SCALE_DOWN,3000.0
15585.000000000002,15645.666,0.9961,STAY_ACTIVE,15645.666015625
3000.0,3000.4214,0.9999,SCALE_DOWN,3000.0
3000.0,3000.4214,0.9999,SCALE_DOWN,3000.0
5931.6,5899.22,0.9945,SCALE_DOWN,3000.0
3000.0,3000.4214,0.9999,SCALE_DOWN,3000.0
15588.3,15514.74,0.9953,STAY_ACTIVE,15514.740234375
9742.8,9725.877,0.9983,STAY_ACTIVE,9725.876953125
3000.0,3000.4214,0.9999,SCALE_DOWN,3000.0
19143.3,19017.697,0.9934,STAY_ACTIVE,19017.697265625
4349.1,4350.4336,0.9997,SCALE_DOWN,3000.0
3822.0,3815.4104,0.9983,SCALE_DOWN,3000.0
12030.6,11984.134,0.9961,STAY_ACTIVE,11984.1337890625
21000.0,21000.078,1.0,STAY_ACTIVE,21000.078125
11795.1,11760.445,0.9971,STAY_ACTIVE,11760.4453125
10425.3,10390.449,0.9967,STAY_ACTIVE,10390.44921875
3000.0,3000.4214,0.9999,SCALE_DOWN,3000.0
17130.0,17254.441,0.9927,STAY_ACTIVE,17254.44140625
7898.700000000001,7897.648,0.9999,SCALE_DOWN,3000.0
5331.0,5311.2437,0.9963,SCALE_DOWN,3000.0
6487.8,6473.7397,0.9978,SCALE_DOWN,3000.0
3000.0,3000.4214,0.9999,SCALE_DOWN,3000.0
3000.0,3000.4214,0.9999,SCALE_DOWN,3000.0
21000.0,21000.078,1.0,STAY_ACTIVE,21000.078125
3000.0,3000.4214,0.9999,SCALE_DOWN,3000.0
3000.0,3000.4214,0.9999,SCALE_DOWN,3000.0
3000.0,3000.4214,0.9999,SCALE_DOWN,3000.0
3000.0,3000.4214,0.9999,SCALE_DOWN,3000.0
3000.0,3000.4214,0.9999,SCALE_DOWN,3000.0
3000.0,3000.4214,0.9999,SCALE_DOWN,3000.0
3000.0,3000.4214,0.9999,SCALE_DOWN,3000.0
3000.0,3000.4214,0.9999,SCALE_DOWN,3000.0
3000.0,3000.4214,0.9999,SCALE_DOWN,3000.0
15528.6,15416.438,0.9928,STAY_ACTIVE,15416.4384765625
21000.0,21000.322,1.0,STAY_ACTIVE,21000.322265625
13828.800000000005,13882.341,0.9961,STAY_ACTIVE,13882.3408203125
21000.0,20999.469,1.0,STAY_ACTIVE,20999.46875
14256.3,14238.52,0.9988,STAY_ACTIVE,14238.51953125
3000.0,3000.4214,0.9999,SCALE_DOWN,3000.0
21000.0,20998.734,0.9999,STAY_ACTIVE,20998.734375
21000.0,20995.875,0.9998,STAY_ACTIVE,20995.875
3000.0,3000.4214,0.9999,SCALE_DOWN,3000.0
9066.3,9044.83,0.9976,STAY_ACTIVE,9044.830078125
5244.0,5269.865,0.9951,SCALE_DOWN,3000.0
3000.0,3000.4214,0.9999,SCALE_DOWN,3000.0
21000.0,21000.078,1.0,STAY_ACTIVE,21000.078125
3405.6000000000004,3383.4487,0.9935,SCALE_DOWN,3000.0
6017.700000000001,6003.8037,0.9977,SCALE_DOWN,3000.0
16031.700000000004,15996.701,0.9978,STAY_ACTIVE,15996.701171875
21000.0,21000.047,1.0,STAY_ACTIVE,21000.046875
5516.700000000001,5542.2886,0.9954,SCALE_DOWN,3000.0
3000.0,3000.4214,0.9999,SCALE_DOWN,3000.0
21000.0,21000.047,1.0,STAY_ACTIVE,21000.046875
4665.900000000001,4647.1934,0.996,SCALE_DOWN,3000.0
3000.0,3000.4214,0.9999,SCALE_DOWN,3000.0
4147.2,4189.0674,0.9899,SCALE_DOWN,3000.0
13173.9,13144.333,0.9978,STAY_ACTIVE,13144.3330078125
21000.0,21000.047,1.0,STAY_ACTIVE,21000.046875
5689.8,5705.8486,0.9972,SCALE_DOWN,3000.0
3000.0,3000.4214,0.9999,SCALE_DOWN,3000.0
6694.8,6704.2925,0.9986,SCALE_DOWN,3000.0
21000.0,21000.047,1.0,STAY_ACTIVE,21000.046875
21000.0,21000.047,1.0,STAY_ACTIVE,21000.046875
4208.7,4171.243,0.9911,SCALE_DOWN,3000.0
9700.5,9719.227,0.9981,STAY_ACTIVE,9719.2265625
3000.0,3000.4214,0.9999,SCALE_DOWN,3000.0
4162.2,4152.5,0.9977,SCALE_DOWN,3000.0
4242.599999999999,4266.75,0.9943,SCALE_DOWN,3000.0
3000.0,3000.4214,0.9999,SCALE_DOWN,3000.0
21000.0,21000.078,1.0,STAY_ACTIVE,21000.078125
10566.6,10528.961,0.9964,STAY_ACTIVE,10528.9609375
8072.4,8126.8726,0.9933,SCALE_DOWN,3000.0
6397.200000000001,6409.0015,0.9982,SCALE_DOWN,3000.0
3000.0,3000.4214,0.9999,SCALE_DOWN,3000.0
21000.0,20999.562,1.0,STAY_ACTIVE,20999.5625
3000.0,3000.4214,0.9999,SCALE_DOWN,3000.0
3000.0,3000.4214,0.9999,SCALE_DOWN,3000.0
21000.0,21027.016,0.9987,STAY_ACTIVE,21027.015625
14322.899999999998,14332.758,0.9993,STAY_ACTIVE,14332.7578125
21000.0,20999.562,1.0,STAY_ACTIVE,20999.5625
8090.4,8076.9604,0.9983,SCALE_DOWN,3000.0
21000.0,21046.03,0.9978,STAY_ACTIVE,21046.029296875
3000.0,3000.4214,0.9999,SCALE_DOWN,3000.0
7090.5,7045.1953,0.9936,SCALE_DOWN,3000.0
3000.0,3000.4214,0.9999,SCALE_DOWN,3000.0
7704.9,7728.321,0.997,SCALE_DOWN,3000.0
21000.0,21000.047,1.0,STAY_ACTIVE,21000.046875
6044.1,6001.758,0.993,SCALE_DOWN,3000.0
21000.0,21000.67,1.0,STAY_ACTIVE,21000.669921875
11883.6,11973.359,0.9924,STAY_ACTIVE,11973.359375
21000.0,21000.049,1.0,STAY_ACTIVE,21000.048828125
5935.200000000001,5918.684,0.9972,SCALE_DOWN,3000.0
4875.6,4839.4155,0.9926,SCALE_DOWN,3000.0
21000.0,20829.082,0.9919,STAY_ACTIVE,20829.08203125
3000.0,3000.4214,0.9999,SCALE_DOWN,3000.0
13850.1,13753.133,0.993,STAY_ACTIVE,13753.1328125
7727.1,7721.877,0.9993,SCALE_DOWN,3000.0
3000.0,3000.4214,0.9999,SCALE_DOWN,3000.0
21000.0,21000.291,1.0,STAY_ACTIVE,21000.291015625
21000.0,21000.078,1.0,STAY_ACTIVE,21000.078125
21000.0,20983.346,0.9992,STAY_ACTIVE,20983.345703125
10854.9,10873.129,0.9983,STAY_ACTIVE,10873.12890625
8456.7,8463.769,0.9992,SCALE_DOWN,3000.0
4589.1,4573.1265,0.9965,SCALE_DOWN,3000.0
9038.1,8994.044,0.9951,SCALE_DOWN,3000.0
5280.9,5278.2983,0.9995,SCALE_DOWN,3000.0
8234.099999999999,8225.49,0.999,SCALE_DOWN,3000.0
21000.0,20998.488,0.9999,STAY_ACTIVE,20998.48828125
18923.4,18918.113,0.9997,STAY_ACTIVE,18918.11328125
12311.1,12275.33,0.9971,STAY_ACTIVE,12275.330078125
8839.5,8846.404,0.9992,SCALE_DOWN,3000.0
3000.0,3000.4214,0.9999,SCALE_DOWN,3000.0
21000.0,20999.852,1.0,STAY_ACTIVE,20999.8515625
7457.1,7490.9644,0.9955,SCALE_DOWN,3000.0
3125.4,3132.0996,0.9979,SCALE_DOWN,3000.0
3000.0,3000.4214,0.9999,SCALE_DOWN,3000.0
21000.0,20997.12,0.9999,STAY_ACTIVE,20997.119140625
14134.8,14269.119,0.9905,STAY_ACTIVE,14269.119140625
8090.700000000001,8132.8735,0.9948,SCALE_DOWN,3000.0
7247.4,7274.5845,0.9962,SCALE_DOWN,3000.0
3852.6,3887.3171,0.991,SCALE_DOWN,3000.0
3000.0,3000.4214,0.9999,SCALE_DOWN,3000.0
7357.800000000001,7376.111,0.9975,SCALE_DOWN,3000.0
3000.0,3000.4214,0.9999,SCALE_DOWN,3000.0
8874.0,8940.189,0.9925,SCALE_DOWN,3000.0
3239.7000000000003,3211.222,0.9912,SCALE_DOWN,3000.0
3000.0,3000.4214,0.9999,SCALE_DOWN,3000.0
8285.7,8322.632,0.9955,SCALE_DOWN,3000.0
11217.9,11187.757,0.9973,STAY_ACTIVE,11187.7568359375
3000.0,3000.4214,0.9999,SCALE_DOWN,3000.0
17745.9,17696.684,0.9972,STAY_ACTIVE,17696.68359375
10908.0,10858.131,0.9954,STAY_ACTIVE,10858.130859375
21000.0,21000.096,1.0,STAY_ACTIVE,21000.095703125
21000.0,21000.047,1.0,STAY_ACTIVE,21000.046875
13560.3,13481.593,0.9942,STAY_ACTIVE,13481.5927734375
3000.0,3000.4214,0.9999,SCALE_DOWN,3000.0
8746.5,8732.566,0.9984,SCALE_DOWN,3000.0
21000.0,21000.078,1.0,STAY_ACTIVE,21000.078125
19785.3,19741.447,0.9978,STAY_ACTIVE,19741.447265625
13220.4,13216.646,0.9997,STAY_ACTIVE,13216.646484375
3000.0,3000.4214,0.9999,SCALE_DOWN,3000.0
3000.0,3000.4214,0.9999,SCALE_DOWN,3000.0
8968.2,8878.295,0.99,SCALE_DOWN,3000.0
3000.0,3000.4214,0.9999,SCALE_DOWN,3000.0
3000.0,3000.4214,0.9999,SCALE_DOWN,3000.0
11184.0,11113.479,0.9937,STAY_ACTIVE,11113.478515625
7329.300000000001,7285.5166,0.994,SCALE_DOWN,3000.0
6301.5,6288.4146,0.9979,SCALE_DOWN,3000.0
4373.1,4377.673,0.999,SCALE_DOWN,3000.0
5779.5,5774.2427,0.9991,SCALE_DOWN,3000.0
3000.0,3000.4214,0.9999,SCALE_DOWN,3000.0
14266.2,14286.255,0.9986,STAY_ACTIVE,14286.2548828125
3000.0,3000.4214,0.9999,SCALE_DOWN,3000.0
4095.3,4099.5747,0.999,SCALE_DOWN,3000.0
12463.5,12468.979,0.9996,STAY_ACTIVE,12468.978515625
3000.0,3000.4214,0.9999,SCALE_DOWN,3000.0
3000.0,3000.4214,0.9999,SCALE_DOWN,3000.0
7331.4,7324.421,0.999,SCALE_DOWN,3000.0
14869.5,14890.312,0.9986,STAY_ACTIVE,14890.3115234375
6189.0,6173.767,0.9975,SCALE_DOWN,3000.0
13520.7,13544.38,0.9982,STAY_ACTIVE,13544.3798828125
6973.5,6959.5566,0.998,SCALE_DOWN,3000.0
18482.4,18432.45,0.9973,STAY_ACTIVE,18432.44921875
3000.0,3000.4214,0.9999,SCALE_DOWN,3000.0
3000.0,3000.4214,0.9999,SCALE_DOWN,3000.0
3000.0,3000.4214,0.9999,SCALE_DOWN,3000.0
21000.0,21000.047,1.0,STAY_ACTIVE,21000.046875
4614.6,4631.458,0.9963,SCALE_DOWN,3000.0
3000.0,3000.4214,0.9999,SCALE_DOWN,3000.0
3000.0,3000.4214,0.9999,SCALE_DOWN,3000.0
5160.0,5149.0815,0.9979,SCALE_DOWN,3000.0
3000.0,3000.4214,0.9999,SCALE_DOWN,3000.0
8788.5,8732.566,0.9936,SCALE_DOWN,3000.0
7984.500000000001,7998.1846,0.9983,SCALE_DOWN,3000.0
21000.0,20998.14,0.9999,STAY_ACTIVE,20998.140625
21000.0,20802.398,0.9906,STAY_ACTIVE,20802.3984375
6899.1,6868.662,0.9956,SCALE_DOWN,3000.0
7170.0,7158.092,0.9983,SCALE_DOWN,3000.0
3000.0,3000.4214,0.9999,SCALE_DOWN,3000.0
3000.0,3000.4214,0.9999,SCALE_DOWN,3000.0
14847.9,14850.856,0.9998,STAY_ACTIVE,14850.8564453125
3805.2,3838.0107,0.9914,SCALE_DOWN,3000.0
21000.0,21000.047,1.0,STAY_ACTIVE,21000.046875
3000.0,3000.4214,0.9999,SCALE_DOWN,3000.0
3000.0,3000.4214,0.9999,SCALE_DOWN,3000.0
21000.0,20999.852,1.0,STAY_ACTIVE,20999.8515625
7967.700000000001,7946.213,0.9973,SCALE_DOWN,3000.0
21000.0,21000.078,1.0,STAY_ACTIVE,21000.078125
3000.0,3000.4214,0.9999,SCALE_DOWN,3000.0
8574.6,8580.25,0.9993,SCALE_DOWN,3000.0
7512.0,7513.0337,0.9999,SCALE_DOWN,3000.0
18302.1,18244.576,0.9969,STAY_ACTIVE,18244.576171875
5803.800000000001,5817.3306,0.9977,SCALE_DOWN,3000.0
21000.0,20998.377,0.9999,STAY_ACTIVE,20998.376953125
6067.2,6063.3447,0.9994,SCALE_DOWN,3000.0
7362.0,7356.46,0.9992,SCALE_DOWN,3000.0
7972.8,7981.0557,0.999,SCALE_DOWN,3000.0
4438.5,4455.806,0.9961,SCALE_DOWN,3000.0
11723.7,11795.506,0.9939,STAY_ACTIVE,11795.505859375
14984.4,15014.357,0.998,STAY_ACTIVE,15014.357421875
21000.0,21000.047,1.0,STAY_ACTIVE,21000.046875
3000.0,3000.4214,0.9999,SCALE_DOWN,3000.0
3000.0,3000.4214,0.9999,SCALE_DOWN,3000.0
13492.8,13442.155,0.9962,STAY_ACTIVE,13442.1552734375
12139.8,12186.174,0.9962,STAY_ACTIVE,12186.173828125
9018.3,8995.235,0.9974,SCALE_DOWN,3000.0
3000.0,3000.4214,0.9999,SCALE_DOWN,3000.0
3000.0,3000.4214,0.9999,SCALE_DOWN,3000.0
21000.0,21000.047,1.0,STAY_ACTIVE,21000.046875
21000.0,21000.047,1.0,STAY_ACTIVE,21000.046875
3000.0,3000.4214,0.9999,SCALE_DOWN,3000.0
5433.0,5469.0757,0.9934,SCALE_DOWN,3000.0
11371.8,11243.179,0.9887,STAY_ACTIVE,11243.1787109375
3000.0,3000.4214,0.9999,SCALE_DOWN,3000.0
7820.700000000001,7801.8394,0.9976,SCALE_DOWN,3000.0
8461.2,8474.664,0.9984,SCALE_DOWN,3000.0
3000.0,3000.4214,0.9999,SCALE_DOWN,3000.0
3000.0,3000.4214,0.9999,SCALE_DOWN,3000.0
21000.0,21000.271,1.0,STAY_ACTIVE,21000.271484375
6486.9,6500.491,0.9979,SCALE_DOWN,3000.0
8551.5,8555.288,0.9996,SCALE_DOWN,3000.0
3000.0,3000.4214,0.9999,SCALE_DOWN,3000.0
21000.0,21000.291,1.0,STAY_ACTIVE,21000.291015625
21000.0,21000.047,1.0,STAY_ACTIVE,21000.046875
19503.6,19515.727,0.9994,STAY_ACTIVE,19515.7265625
21000.0,21000.068,1.0,STAY_ACTIVE,21000.068359375
5556.3,5571.8115,0.9972,SCALE_DOWN,3000.0
14350.5,14337.749,0.9991,STAY_ACTIVE,14337.7490234375
21000.0,21000.078,1.0,STAY_ACTIVE,21000.078125
6216.299999999999,6194.4766,0.9965,SCALE_DOWN,3000.0
6457.8,6471.1357,0.9979,SCALE_DOWN,3000.0
8842.5,8794.394,0.9946,SCALE_DOWN,3000.0
21000.0,21000.047,1.0,STAY_ACTIVE,21000.046875
4107.0,4129.5654,0.9945,SCALE_DOWN,3000.0
21000.0,21000.078,1.0,STAY_ACTIVE,21000.078125
21000.0,20999.852,1.0,STAY_ACTIVE,20999.8515625
4817.4,4805.934,0.9976,SCALE_DOWN,3000.0
21000.0,20997.05,0.9999,STAY_ACTIVE,20997.05078125
6739.5,6724.8345,0.9978,SCALE_DOWN,3000.0
21000.0,21000.09,1.0,STAY_ACTIVE,21000.08984375
8009.4,8072.6455,0.9921,SCALE_DOWN,3000.0
3000.0,3000.4214,0.9999,SCALE_DOWN,3000.0
21000.0,21000.049,1.0,STAY_ACTIVE,21000.048828125
9136.2,9112.385,0.9974,STAY_ACTIVE,9112.384765625
8579.099999999999,8553.186,0.997,SCALE_DOWN,3000.0
3000.0,3000.4214,0.9999,SCALE_DOWN,3000.0
3000.0,3000.4214,0.9999,SCALE_DOWN,3000.0
10328.7,10301.578,0.9974,STAY_ACTIVE,10301.578125
3000.0,3000.4214,0.9999,SCALE_DOWN,3000.0
3719.1,3711.6182,0.998,SCALE_DOWN,3000.0
21000.0,21015.006,0.9993,STAY_ACTIVE,21015.005859375
21000.0,21000.047,1.0,STAY_ACTIVE,21000.046875
9320.1,9338.682,0.998,STAY_ACTIVE,9338.681640625
3000.0,3000.4214,0.9999,SCALE_DOWN,3000.0
3000.0,3000.4214,0.9999,SCALE_DOWN,3000.0
10744.2,10925.316,0.9831,STAY_ACTIVE,10925.31640625
21000.0,21000.047,1.0,STAY_ACTIVE,21000.046875
17398.5,17358.457,0.9977,STAY_ACTIVE,17358.45703125
15156.000000000002,15110.097,0.997,STAY_ACTIVE,15110.0966796875
3000.0,3000.4214,0.9999,SCALE_DOWN,3000.0
3000.0,3000.4214,0.9999,SCALE_DOWN,3000.0
3000.0,3000.4214,0.9999,SCALE_DOWN,3000.0
3000.0,3000.4214,0.9999,SCALE_DOWN,3000.0
15363.9,15382.645,0.9988,STAY_ACTIVE,15382.64453125
19149.300000000003,19321.01,0.991,STAY_ACTIVE,19321.009765625
3000.0,3000.4214,0.9999,SCALE_DOWN,3000.0
10824.0,10781.232,0.996,STAY_ACTIVE,10781.232421875
13359.9,13346.194,0.999,STAY_ACTIVE,13346.1943359375
8401.5,8380.39,0.9975,SCALE_DOWN,3000.0
20219.1,20256.01,0.9982,STAY_ACTIVE,20256.009765625
21000.0,21000.047,1.0,STAY_ACTIVE,21000.046875
21000.0,20997.377,0.9999,STAY_ACTIVE,20997.376953125
3000.0,3000.4214,0.9999,SCALE_DOWN,3000.0
3153.9,3143.1455,0.9966,SCALE_DOWN,3000.0
3000.0,3000.4214,0.9999,SCALE_DOWN,3000.0
3000.0,3000.4214,0.9999,SCALE_DOWN,3000.0
3000.0,3000.4214,0.9999,SCALE_DOWN,3000.0
3000.0,3000.4214,0.9999,SCALE_DOWN,3000.0
21000.0,21000.047,1.0,STAY_ACTIVE,21000.046875
3000.0,3000.4214,0.9999,SCALE_DOWN,3000.0
12632.1,12641.193,0.9993,STAY_ACTIVE,12641.193359375
11009.7,11049.368,0.9964,STAY_ACTIVE,11049.3681640625
21000.0,21000.639,1.0,STAY_ACTIVE,21000.638671875
3000.0,3000.4214,0.9999,SCALE_DOWN,3000.0
7707.0,7723.092,0.9979,SCALE_DOWN,3000.0
9286.8,9268.816,0.9981,STAY_ACTIVE,9268.81640625
12420.6,12269.003,0.9878,STAY_ACTIVE,12269.0029296875
17720.100000000002,17736.541,0.9991,STAY_ACTIVE,17736.541015625
21000.0,21000.078,1.0,STAY_ACTIVE,21000.078125
6195.9,6219.065,0.9963,SCALE_DOWN,3000.0
21000.0,21015.037,0.9993,STAY_ACTIVE,21015.037109375
3000.0,3000.4214,0.9999,SCALE_DOWN,3000.0
21000.0,21000.047,1.0,STAY_ACTIVE,21000.046875
5829.0,5844.82,0.9973,SCALE_DOWN,3000.0
3000.0,3000.4214,0.9999,SCALE_DOWN,3000.0
6114.6,6151.134,0.994,SCALE_DOWN,3000.0
4030.8,4043.0369,0.997,SCALE_DOWN,3000.0
3000.0,3000.4214,0.9999,SCALE_DOWN,3000.0
6000.3,6002.298,0.9997,SCALE_DOWN,3000.0
3535.2000000000003,3523.8035,0.9968,SCALE_DOWN,3000.0
15827.7,15893.6875,0.9958,STAY_ACTIVE,15893.6875
21000.0,21001.082,0.9999,STAY_ACTIVE,21001.08203125
4861.8,4871.0234,0.9981,SCALE_DOWN,3000.0
3000.0,3000.4214,0.9999,SCALE_DOWN,3000.0
3000.0,3000.4214,0.9999,SCALE_DOWN,3000.0
21000.0,21000.049,1.0,STAY_ACTIVE,21000.048828125
12591.0,12619.815,0.9977,STAY_ACTIVE,12619.8154296875
21000.0,20981.08,0.9991,STAY_ACTIVE,20981.080078125
3000.0,3000.4214,0.9999,SCALE_DOWN,3000.0
3000.0,3000.4214,0.9999,SCALE_DOWN,3000.0
3000.0,3000.4214,0.9999,SCALE_DOWN,3000.0
3000.0,3000.4214,0.9999,SCALE_DOWN,3000.0
8607.0,8712.815,0.9877,SCALE_DOWN,3000.0
21000.0,20999.357,1.0,STAY_ACTIVE,20999.357421875
7479.6,7454.233,0.9966,SCALE_DOWN,3000.0
21000.0,21000.047,1.0,STAY_ACTIVE,21000.046875
3000.0,3000.4214,0.9999,SCALE_DOWN,3000.0
3000.0,3000.4214,0.9999,SCALE_DOWN,3000.0
3000.0,3000.4214,0.9999,SCALE_DOWN,3000.0
3000.0,3000.4214,0.9999,SCALE_DOWN,3000.0
18264.3,18259.307,0.9997,STAY_ACTIVE,18259.306640625
17369.4,17371.87,0.9999,STAY_ACTIVE,17371.869140625
21000.0,20999.852,1.0,STAY_ACTIVE,20999.8515625
6651.9000000000015,6647.3745,0.9993,SCALE_DOWN,3000.0
12582.9,12569.506,0.9989,STAY_ACTIVE,12569.505859375
21000.0,20992.887,0.9997,STAY_ACTIVE,20992.88671875
3000.0,3000.4214,0.9999,SCALE_DOWN,3000.0
21000.0,21000.047,1.0,STAY_ACTIVE,21000.046875
6051.299999999999,6037.064,0.9976,SCALE_DOWN,3000.0
8434.8,8554.651,0.9858,SCALE_DOWN,3000.0
21000.0,21000.049,1.0,STAY_ACTIVE,21000.048828125
6291.0,6282.443,0.9986,SCALE_DOWN,3000.0
3000.0,3000.4214,0.9999,SCALE_DOWN,3000.0
21000.0,21000.195,1.0,STAY_ACTIVE,21000.1953125
3000.0,3000.4214,0.9999,SCALE_DOWN,3000.0
18381.0,18472.74,0.995,STAY_ACTIVE,18472.740234375
21000.0,21000.078,1.0,STAY_ACTIVE,21000.078125
21000.0,20999.852,1.0,STAY_ACTIVE,20999.8515625
8442.3,8447.378,0.9994,SCALE_DOWN,3000.0
6408.0,6396.77,0.9982,SCALE_DOWN,3000.0
12447.9,12466.637,0.9985,STAY_ACTIVE,12466.63671875
3000.0,3000.4214,0.9999,SCALE_DOWN,3000.0
21000.0,21013.338,0.9994,STAY_ACTIVE,21013.337890625
3000.0,3000.4214,0.9999,SCALE_DOWN,3000.0
12809.4,12781.757,0.9978,STAY_ACTIVE,12781.7568359375
3000.0,3000.4214,0.9999,SCALE_DOWN,3000.0
16091.4,16043.743,0.997,STAY_ACTIVE,16043.7431640625
6115.8,6128.0522,0.998,SCALE_DOWN,3000.0
3000.0,3000.4214,0.9999,SCALE_DOWN,3000.0
7242.6,7232.1104,0.9986,SCALE_DOWN,3000.0
14541.9,14529.724,0.9992,STAY_ACTIVE,14529.7236328125
3000.0,3000.4214,0.9999,SCALE_DOWN,3000.0
3000.0,3000.4214,0.9999,SCALE_DOWN,3000.0
21000.0,21000.047,1.0,STAY_ACTIVE,21000.046875
3000.0,3000.4214,0.9999,SCALE_DOWN,3000.0
3000.0,3000.4214,0.9999,SCALE_DOWN,3000.0
21000.0,21000.049,1.0,STAY_ACTIVE,21000.048828125
3000.0,3000.4214,0.9999,SCALE_DOWN,3000.0
21000.0,21000.049,1.0,STAY_ACTIVE,21000.048828125
3000.0,3000.4214,0.9999,SCALE_DOWN,3000.0
21000.0,21000.047,1.0,STAY_ACTIVE,21000.046875
18518.4,18677.29,0.9914,STAY_ACTIVE,18677.2890625
21000.0,20999.334,1.0,STAY_ACTIVE,20999.333984375
13265.4,13215.566,0.9962,STAY_ACTIVE,13215.56640625
21000.0,21012.615,0.9994,STAY_ACTIVE,21012.615234375
3000.0,3000.4214,0.9999,SCALE_DOWN,3000.0
7830.599999999999,7845.219,0.9981,SCALE_DOWN,3000.0
3000.0,3000.4214,0.9999,SCALE_DOWN,3000.0
4625.700000000001,4615.402,0.9978,SCALE_DOWN,3000.0
21000.0,21000.049,1.0,STAY_ACTIVE,21000.048828125
21000.0,20993.941,0.9997,STAY_ACTIVE,20993.94140625
7465.5,7489.429,0.9968,SCALE_DOWN,3000.0
3000.0,3000.4214,0.9999,SCALE_DOWN,3000.0
16648.8,16697.377,0.9971,STAY_ACTIVE,16697.376953125
8193.6,8164.8413,0.9965,SCALE_DOWN,3000.0
8429.1,8433.276,0.9995,SCALE_DOWN,3000.0
3978.0,3994.4568,0.9959,SCALE_DOWN,3000.0
7764.9,7754.996,0.9987,SCALE_DOWN,3000.0
3000.0,3000.4214,0.9999,SCALE_DOWN,3000.0
21000.0,21000.092,1.0,STAY_ACTIVE,21000.091796875
3000.0,3000.4214,0.9999,SCALE_DOWN,3000.0
17852.399999999998,17912.79,0.9966,STAY_ACTIVE,17912.7890625
4634.099999999999,4606.233,0.994,SCALE_DOWN,3000.0
11835.6,11808.726,0.9977,STAY_ACTIVE,11808.7255859375
21000.0,21000.049,1.0,STAY_ACTIVE,21000.048828125
3000.0,3000.4214,0.9999,SCALE_DOWN,3000.0
3000.0,3000.4214,0.9999,SCALE_DOWN,3000.0
8057.700000000001,8043.153,0.9982,SCALE_DOWN,3000.0
21000.0,20998.367,0.9999,STAY_ACTIVE,20998.3671875
3000.0,3000.4214,0.9999,SCALE_DOWN,3000.0
5794.200000000001,5799.9673,0.999,SCALE_DOWN,3000.0
3000.0,3000.4214,0.9999,SCALE_DOWN,3000.0
3000.0,3000.4214,0.9999,SCALE_DOWN,3000.0
5371.800000000001,5349.8467,0.9959,SCALE_DOWN,3000.0
11010.3,11052.243,0.9962,STAY_ACTIVE,11052.2431640625
4761.9,4788.4604,0.9944,SCALE_DOWN,3000.0
20186.4,20225.537,0.9981,STAY_ACTIVE,20225.537109375
5400.3,5399.324,0.9998,SCALE_DOWN,3000.0
19745.4,19672.17,0.9963,STAY_ACTIVE,19672.169921875
3000.0,3000.4214,0.9999,SCALE_DOWN,3000.0
3000.0,3000.4214,0.9999,SCALE_DOWN,3000.0
10266.0,10245.237,0.998,STAY_ACTIVE,10245.2373046875
9373.2,9391.472,0.9981,STAY_ACTIVE,9391.4716796875
5744.700000000001,5730.886,0.9976,SCALE_DOWN,3000.0
3282.9,3291.3198,0.9974,SCALE_DOWN,3000.0
21000.0,21000.078,1.0,STAY_ACTIVE,21000.078125
6252.6,6258.8564,0.999,SCALE_DOWN,3000.0
21000.0,21000.049,1.0,STAY_ACTIVE,21000.048828125
10293.0,10317.546,0.9976,STAY_ACTIVE,10317.5458984375
7924.5,7926.3057,0.9998,SCALE_DOWN,3000.0
10284.9,10209.594,0.9927,STAY_ACTIVE,10209.59375
4872.0,4892.395,0.9958,SCALE_DOWN,3000.0
13967.999999999998,14026.817,0.9958,STAY_ACTIVE,14026.8173828125
3000.0,3000.4214,0.9999,SCALE_DOWN,3000.0
3000.0,3000.4214,0.9999,SCALE_DOWN,3000.0
3000.0,3000.4214,0.9999,SCALE_DOWN,3000.0
3000.0,3000.4214,0.9999,SCALE_DOWN,3000.0
4899.9,4914.154,0.9971,SCALE_DOWN,3000.0
21000.0,21000.078,1.0,STAY_ACTIVE,21000.078125
13560.9,13723.306,0.988,STAY_ACTIVE,13723.3056640625
14390.100000000002,14398.511,0.9994,STAY_ACTIVE,14398.5107421875
3000.0,3000.4214,0.9999,SCALE_DOWN,3000.0
3818.1,3835.9426,0.9953,SCALE_DOWN,3000.0
7196.700000000001,7262.6094,0.9908,SCALE_DOWN,3000.0
6616.200000000001,6614.022,0.9997,SCALE_DOWN,3000.0
12674.4,12744.289,0.9945,STAY_ACTIVE,12744.2890625
8176.8,8153.4116,0.9971,SCALE_DOWN,3000.0
6058.2,6048.1284,0.9983,SCALE_DOWN,3000.0
21000.0,21000.078,1.0,STAY_ACTIVE,21000.078125
17437.800000000003,17367.047,0.9959,STAY_ACTIVE,17367.046875
21000.0,20999.688,1.0,STAY_ACTIVE,20999.6875
8302.5,8310.308,0.9991,SCALE_DOWN,3000.0
3940.2,3895.9648,0.9888,SCALE_DOWN,3000.0
3000.0,3000.4214,0.9999,SCALE_DOWN,3000.0
17840.7,17902.701,0.9965,STAY_ACTIVE,17902.701171875
3000.0,3000.4214,0.9999,SCALE_DOWN,3000.0
18251.4,18284.559,0.9982,STAY_ACTIVE,18284.55859375
3000.0,3000.4214,0.9999,SCALE_DOWN,3000.0
21000.0,21000.744,1.0,STAY_ACTIVE,21000.744140625
5430.0,5409.5874,0.9962,SCALE_DOWN,3000.0
3000.0,3000.4214,0.9999,SCALE_DOWN,3000.0
3645.3,3652.1558,0.9981,SCALE_DOWN,3000.0
21000.0,21000.078,1.0,STAY_ACTIVE,21000.078125
3000.0,3000.4214,0.9999,SCALE_DOWN,3000.0
3000.0,3000.4214,0.9999,SCALE_DOWN,3000.0
3000.0,3000.4214,0.9999,SCALE_DOWN,3000.0
3000.0,3000.4214,0.9999,SCALE_DOWN,3000.0
3000.0,3000.4214,0.9999,SCALE_DOWN,3000.0
16716.600000000002,16616.215,0.994,STAY_ACTIVE,16616.21484375
3000.0,3000.4214,0.9999,SCALE_DOWN,3000.0
16416.600000000002,16282.328,0.9918,STAY_ACTIVE,16282.328125
3000.0,3000.4214,0.9999,SCALE_DOWN,3000.0
7610.4000000000015,7592.724,0.9977,SCALE_DOWN,3000.0
15679.5,15676.807,0.9998,STAY_ACTIVE,15676.806640625
3000.0,3000.4214,0.9999,SCALE_DOWN,3000.0
5572.200000000001,5584.993,0.9977,SCALE_DOWN,3000.0
3000.0,3000.4214,0.9999,SCALE_DOWN,3000.0
3000.0,3000.4214,0.9999,SCALE_DOWN,3000.0
3000.0,3000.4214,0.9999,SCALE_DOWN,3000.0
18898.2,19067.613,0.991,STAY_ACTIVE,19067.61328125
6270.3,6265.686,0.9993,SCALE_DOWN,3000.0
21000.0,20982.957,0.9992,STAY_ACTIVE,20982.95703125
8968.2,8986.312,0.998,SCALE_DOWN,3000.0
21000.0,21000.078,1.0,STAY_ACTIVE,21000.078125
14388.0,14333.165,0.9962,STAY_ACTIVE,14333.1650390625
4669.8,4668.0347,0.9996,SCALE_DOWN,3000.0
21000.0,21010.984,0.9995,STAY_ACTIVE,21010.984375
21000.0,21000.047,1.0,STAY_ACTIVE,21000.046875
6311.700000000001,6316.807,0.9992,SCALE_DOWN,3000.0
8856.9,8818.784,0.9957,SCALE_DOWN,3000.0
12639.3,12626.239,0.999,STAY_ACTIVE,12626.2392578125
21000.0,21001.113,0.9999,STAY_ACTIVE,21001.11328125
3000.0,3000.4214,0.9999,SCALE_DOWN,3000.0
5040.0,5036.9673,0.9994,SCALE_DOWN,3000.0
20993.1,20711.379,0.9866,STAY_ACTIVE,20711.37890625
5960.4,5944.8604,0.9974,SCALE_DOWN,3000.0
6347.700000000001,6345.2437,0.9996,SCALE_DOWN,3000.0
21000.0,21000.049,1.0,STAY_ACTIVE,21000.048828125
14346.9,14269.923,0.9946,STAY_ACTIVE,14269.9228515625
4031.4,4040.4546,0.9978,SCALE_DOWN,3000.0
5792.1,5797.2114,0.9991,SCALE_DOWN,3000.0
3666.3,3658.124,0.9978,SCALE_DOWN,3000.0
3000.0,3000.4214,0.9999,SCALE_DOWN,3000.0
21000.0,21000.047,1.0,STAY_ACTIVE,21000.046875
3000.0,3000.4214,0.9999,SCALE_DOWN,3000.0
3000.0,3000.4214,0.9999,SCALE_DOWN,3000.0
12288.3,12336.483,0.9961,STAY_ACTIVE,12336.4833984375
20976.0,20833.336,0.9932,STAY_ACTIVE,20833.3359375
21000.0,21000.047,1.0,STAY_ACTIVE,21000.046875
12908.1,12894.758,0.999,STAY_ACTIVE,12894.7578125
3000.0,3000.4214,0.9999,SCALE_DOWN,3000.0
3816.0,3787.5063,0.9925,SCALE_DOWN,3000.0
3000.0,3000.4214,0.9999,SCALE_DOWN,3000.0
3000.0,3000.4214,0.9999,SCALE_DOWN,3000.0
6024.3,6004.9624,0.9968,SCALE_DOWN,3000.0
10559.7,10575.658,0.9985,STAY_ACTIVE,10575.658203125
21000.0,21010.32,0.9995,STAY_ACTIVE,21010.3203125
3000.0,3000.4214,0.9999,SCALE_DOWN,3000.0
8775.3,8774.547,0.9999,SCALE_DOWN,3000.0
3402.2999999999997,3393.1606,0.9973,SCALE_DOWN,3000.0
3588.3,3588.3538,1.0,SCALE_DOWN,3000.0
5248.5,5240.9287,0.9986,SCALE_DOWN,3000.0
12343.500000000002,12344.628,0.9999,STAY_ACTIVE,12344.6279296875
12096.9,11966.533,0.9892,STAY_ACTIVE,11966.533203125
21000.0,21000.047,1.0,STAY_ACTIVE,21000.046875
3000.0,3000.4214,0.9999,SCALE_DOWN,3000.0
21000.0,20945.686,0.9974,STAY_ACTIVE,20945.685546875
21000.0,21000.078,1.0,STAY_ACTIVE,21000.078125
8534.7,8534.1455,0.9999,SCALE_DOWN,3000.0
7826.1,7850.535,0.9969,SCALE_DOWN,3000.0
3824.1,3831.744,0.998,SCALE_DOWN,3000.0
21000.0,20996.697,0.9998,STAY_ACTIVE,20996.697265625
3000.0,3000.4214,0.9999,SCALE_DOWN,3000.0
21000.0,20998.857,0.9999,STAY_ACTIVE,20998.857421875
7770.0,7774.142,0.9995,SCALE_DOWN,3000.0
9083.1,9112.08,0.9968,STAY_ACTIVE,9112.080078125
3000.0,3000.4214,0.9999,SCALE_DOWN,3000.0
7093.5,7111.0127,0.9975,SCALE_DOWN,3000.0
10341.0,10542.383,0.9805,STAY_ACTIVE,10542.3828125
13225.800000000005,13229.481,0.9997,STAY_ACTIVE,13229.4814453125
3000.0,3000.4214,0.9999,SCALE_DOWN,3000.0
3000.0,3000.4214,0.9999,SCALE_DOWN,3000.0
20199.300000000003,20123.574,0.9963,STAY_ACTIVE,20123.57421875
3000.0,3000.4214,0.9999,SCALE_DOWN,3000.0
21000.0,21000.078,1.0,STAY_ACTIVE,21000.078125
14340.000000000002,14312.696,0.9981,STAY_ACTIVE,14312.6962890625
21000.0,21000.078,1.0,STAY_ACTIVE,21000.078125
3000.0,3000.4214,0.9999,SCALE_DOWN,3000.0
3000.0,3000.4214,0.9999,SCALE_DOWN,3000.0
11139.0,11097.663,0.9963,STAY_ACTIVE,11097.6630859375
21000.0,20998.572,0.9999,STAY_ACTIVE,20998.572265625
12181.8,12191.73,0.9992,STAY_ACTIVE,12191.73046875
7218.6,7222.278,0.9995,SCALE_DOWN,3000.0
3000.0,3000.4214,0.9999,SCALE_DOWN,3000.0
3000.0,3000.4214,0.9999,SCALE_DOWN,3000.0
21000.0,21000.078,1.0,STAY_ACTIVE,21000.078125
3000.0,3000.4214,0.9999,SCALE_DOWN,3000.0
3000.0,3000.4214,0.9999,SCALE_DOWN,3000.0
9366.0,9395.118,0.9969,STAY_ACTIVE,9395.1181640625
21000.0,20971.13,0.9986,STAY_ACTIVE,20971.130859375
8811.9,8861.514,0.9944,SCALE_DOWN,3000.0
3000.0,3000.4214,0.9999,SCALE_DOWN,3000.0
13047.3,12990.093,0.9956,STAY_ACTIVE,12990.0927734375
17354.7,17213.912,0.9919,STAY_ACTIVE,17213.912109375
16162.800000000005,16270.562,0.9933,STAY_ACTIVE,16270.5615234375
21000.0,21000.047,1.0,STAY_ACTIVE,21000.046875
3000.0,3000.4214,0.9999,SCALE_DOWN,3000.0
3000.0,3000.4214,0.9999,SCALE_DOWN,3000.0
21000.0,20996.418,0.9998,STAY_ACTIVE,20996.41796875
20253.9,20054.564,0.9902,STAY_ACTIVE,20054.564453125
3000.0,3000.4214,0.9999,SCALE_DOWN,3000.0
3000.0,3000.4214,0.9999,SCALE_DOWN,3000.0
3000.0,3000.4214,0.9999,SCALE_DOWN,3000.0
5548.200000000001,5565.312,0.9969,SCALE_DOWN,3000.0
3000.0,3000.4214,0.9999,SCALE_DOWN,3000.0
11321.4,11315.297,0.9995,STAY_ACTIVE,11315.296875
11053.2,11051.57,0.9999,STAY_ACTIVE,11051.5703125
18211.800000000003,18491.76,0.9846,STAY_ACTIVE,18491.759765625
3000.0,3000.4214,0.9999,SCALE_DOWN,3000.0
3000.0,3000.4214,0.9999,SCALE_DOWN,3000.0
6115.8,6060.8384,0.991,SCALE_DOWN,3000.0
3000.0,3000.4214,0.9999,SCALE_DOWN,3000.0
16286.100000000002,16427.488,0.9913,STAY_ACTIVE,16427.48828125
6654.9,6661.6035,0.999,SCALE_DOWN,3000.0
14900.7,15025.849,0.9916,STAY_ACTIVE,15025.8486328125
3000.0,3000.4214,0.9999,SCALE_DOWN,3000.0
6729.9,6741.9014,0.9982,SCALE_DOWN,3000.0
3000.0,3000.4214,0.9999,SCALE_DOWN,3000.0
8778.9,8734.66,0.995,SCALE_DOWN,3000.0
3000.0,3000.4214,0.9999,SCALE_DOWN,3000.0
7566.000000000001,7558.284,0.999,SCALE_DOWN,3000.0
3000.0,3000.4214,0.9999,SCALE_DOWN,3000.0
6255.0,6224.122,0.9951,SCALE_DOWN,3000.0
21000.0,20999.443,1.0,STAY_ACTIVE,20999.443359375
4216.5,4186.5454,0.9929,SCALE_DOWN,3000.0
5104.5,5116.5513,0.9976,SCALE_DOWN,3000.0
3047.7000000000003,3072.1436,0.992,SCALE_DOWN,3000.0
4323.6,4300.4097,0.9946,SCALE_DOWN,3000.0
21000.0,21000.096,1.0,STAY_ACTIVE,21000.095703125
3000.0,3000.4214,0.9999,SCALE_DOWN,3000.0
21000.0,21015.006,0.9993,STAY_ACTIVE,21015.005859375
10486.2,10519.04,0.9969,STAY_ACTIVE,10519.0400390625
21000.0,20983.316,0.9992,STAY_ACTIVE,20983.31640625
12311.1,12361.022,0.9959,STAY_ACTIVE,12361.0224609375
10345.5,10262.499,0.992,STAY_ACTIVE,10262.4990234375
13479.0,13426.037,0.9961,STAY_ACTIVE,13426.037109375
21000.0,20998.512,0.9999,STAY_ACTIVE,20998.51171875
9796.8,9823.848,0.9972,STAY_ACTIVE,9823.84765625
14176.2,14136.463,0.9972,STAY_ACTIVE,14136.462890625
3000.0,3000.4214,0.9999,SCALE_DOWN,3000.0
4791.299999999999,4799.0454,0.9984,SCALE_DOWN,3000.0
10392.3,10394.132,0.9998,STAY_ACTIVE,10394.1318359375
3000.0,3000.4214,0.9999,SCALE_DOWN,3000.0
3000.0,3000.4214,0.9999,SCALE_DOWN,3000.0
3000.0,3000.4214,0.9999,SCALE_DOWN,3000.0
14455.8,14531.833,0.9947,STAY_ACTIVE,14531.8330078125
9545.7,9607.974,0.9935,STAY_ACTIVE,9607.9736328125
6153.3,6145.7754,0.9988,SCALE_DOWN,3000.0
3000.0,3000.4214,0.9999,SCALE_DOWN,3000.0
4033.8,4022.4084,0.9972,SCALE_DOWN,3000.0
9104.4,9111.792,0.9992,STAY_ACTIVE,9111.7919921875
3000.0,3000.4214,0.9999,SCALE_DOWN,3000.0
3000.0,3000.4214,0.9999,SCALE_DOWN,3000.0
21000.0,21000.047,1.0,STAY_ACTIVE,21000.046875
3000.0,3000.4214,0.9999,SCALE_DOWN,3000.0
3000.0,3000.4214,0.9999,SCALE_DOWN,3000.0
12776.1,12783.127,0.9994,STAY_ACTIVE,12783.126953125
9402.0,9352.178,0.9947,STAY_ACTIVE,9352.177734375
3000.0,3000.4214,0.9999,SCALE_DOWN,3000.0
5856.3,5869.81,0.9977,SCALE_DOWN,3000.0
3000.0,3000.4214,0.9999,SCALE_DOWN,3000.0
3000.0,3000.4214,0.9999,SCALE_DOWN,3000.0
11689.8,11734.061,0.9962,STAY_ACTIVE,11734.060546875
3000.0,3000.4214,0.9999,SCALE_DOWN,3000.0
10462.8,10390.449,0.9931,STAY_ACTIVE,10390.44921875
3000.0,3000.4214,0.9999,SCALE_DOWN,3000.0
4896.300000000001,4890.047,0.9987,SCALE_DOWN,3000.0
14872.8,14924.141,0.9965,STAY_ACTIVE,14924.140625
9083.7,9065.233,0.998,STAY_ACTIVE,9065.2333984375
3000.0,3000.4214,0.9999,SCALE_DOWN,3000.0
11070.9,11094.278,0.9979,STAY_ACTIVE,11094.2783203125
7409.4,7397.96,0.9985,SCALE_DOWN,3000.0
21000.0,21000.24,1.0,STAY_ACTIVE,21000.240234375
8082.0,8101.4062,0.9976,SCALE_DOWN,3000.0
5973.0,5952.393,0.9965,SCALE_DOWN,3000.0
5224.5,5241.0347,0.9968,SCALE_DOWN,3000.0
21000.0,20999.566,1.0,STAY_ACTIVE,20999.56640625
7397.4,7440.8237,0.9941,SCALE_DOWN,3000.0
21000.0,21000.049,1.0,STAY_ACTIVE,21000.048828125
3000.0,3000.4214,0.9999,SCALE_DOWN,3000.0
10924.2,10956.667,0.997,STAY_ACTIVE,10956.6669921875
4576.200000000001,4550.118,0.9943,SCALE_DOWN,3000.0
21000.0,21000.078,1.0,STAY_ACTIVE,21000.078125
21000.0,21000.078,1.0,STAY_ACTIVE,21000.078125
11340.6,11367.369,0.9976,STAY_ACTIVE,11367.369140625
13297.500000000002,13312.834,0.9988,STAY_ACTIVE,13312.833984375
7828.200000000001,7864.3447,0.9954,SCALE_DOWN,3000.0
3000.0,3000.4214,0.9999,SCALE_DOWN,3000.0
12284.7,12269.853,0.9988,STAY_ACTIVE,12269.8525390625
5943.299999999999,5970.1826,0.9955,SCALE_DOWN,3000.0
3000.0,3000.4214,0.9999,SCALE_DOWN,3000.0
21000.0,21000.078,1.0,STAY_ACTIVE,21000.078125
3701.4,3723.896,0.9939,SCALE_DOWN,3000.0
10145.4,10093.784,0.9949,STAY_ACTIVE,10093.7841796875
3000.0,3000.4214,0.9999,SCALE_DOWN,3000.0
3000.0,3000.4214,0.9999,SCALE_DOWN,3000.0
21000.0,21000.193,1.0,STAY_ACTIVE,21000.193359375
6314.700000000001,6330.653,0.9975,SCALE_DOWN,3000.0
10986.000000000002,10974.739,0.999,STAY_ACTIVE,10974.7392578125
21000.0,21000.049,1.0,STAY_ACTIVE,21000.048828125
11456.4,11415.29,0.9964,STAY_ACTIVE,11415.2900390625
8717.7,8650.211,0.9923,SCALE_DOWN,3000.0
12613.2,12552.804,0.9952,STAY_ACTIVE,12552.8037109375
21000.0,21000.047,1.0,STAY_ACTIVE,21000.046875
21000.0,20997.12,0.9999,STAY_ACTIVE,20997.119140625
21000.0,21000.078,1.0,STAY_ACTIVE,21000.078125
3000.0,3000.4214,0.9999,SCALE_DOWN,3000.0
21000.0,20999.479,1.0,STAY_ACTIVE,20999.478515625
11115.6,11157.3,0.9962,STAY_ACTIVE,11157.2998046875
21000.0,20999.852,1.0,STAY_ACTIVE,20999.8515625
3000.0,3000.4214,0.9999,SCALE_DOWN,3000.0
21000.0,21000.092,1.0,STAY_ACTIVE,21000.091796875
6464.1,6758.4497,0.9545,SCALE_DOWN,3000.0
7774.5,7783.268,0.9989,SCALE_DOWN,3000.0
6584.4,6579.997,0.9993,SCALE_DOWN,3000.0
21000.0,20996.115,0.9998,STAY_ACTIVE,20996.115234375
8094.9,8103.693,0.9989,SCALE_DOWN,3000.0
9867.6,9907.902,0.9959,STAY_ACTIVE,9907.90234375
5011.5,4999.787,0.9977,SCALE_DOWN,3000.0
11070.6,11083.902,0.9988,STAY_ACTIVE,11083.90234375
21000.0,21000.049,1.0,STAY_ACTIVE,21000.048828125
3000.0,3000.4214,0.9999,SCALE_DOWN,3000.0
3000.0,3000.4214,0.9999,SCALE_DOWN,3000.0
3000.0,3000.4214,0.9999,SCALE_DOWN,3000.0
4569.299999999999,4584.672,0.9966,SCALE_DOWN,3000.0
7041.0,7030.1353,0.9985,SCALE_DOWN,3000.0
21000.0,21000.078,1.0,STAY_ACTIVE,21000.078125
7287.6,7307.1562,0.9973,SCALE_DOWN,3000.0
12197.4,12179.908,0.9986,STAY_ACTIVE,12179.908203125
3000.0,3000.4214,0.9999,SCALE_DOWN,3000.0
21000.0,20980.137,0.9991,STAY_ACTIVE,20980.13671875
19952.7,20001.436,0.9976,STAY_ACTIVE,20001.435546875
20700.6,20800.547,0.9952,STAY_ACTIVE,20800.546875
3000.0,3000.4214,0.9999,SCALE_DOWN,3000.0
13618.2,13629.603,0.9992,STAY_ACTIVE,13629.6025390625
3000.0,3000.4214,0.9999,SCALE_DOWN,3000.0
3000.0,3000.4214,0.9999,SCALE_DOWN,3000.0
3000.0,3000.4214,0.9999,SCALE_DOWN,3000.0
6770.4,6766.9453,0.9995,SCALE_DOWN,3000.0
8031.9000000000015,8013.39,0.9977,SCALE_DOWN,3000.0
3000.0,3000.4214,0.9999,SCALE_DOWN,3000.0
3439.2000000000003,3409.8533,0.9915,SCALE_DOWN,3000.0
19710.9,19780.836,0.9965,STAY_ACTIVE,19780.8359375
8827.5,8824.809,0.9997,SCALE_DOWN,3000.0
3270.2999999999997,3261.0415,0.9972,SCALE_DOWN,3000.0
21000.0,21000.049,1.0,STAY_ACTIVE,21000.048828125
3000.0,3000.4214,0.9999,SCALE_DOWN,3000.0
5071.8,5048.038,0.9953,SCALE_DOWN,3000.0
3000.0,3000.4214,0.9999,SCALE_DOWN,3000.0
3000.0,3000.4214,0.9999,SCALE_DOWN,3000.0
7570.199999999999,7595.2017,0.9967,SCALE_DOWN,3000.0
10316.7,10300.458,0.9984,STAY_ACTIVE,10300.4580078125
3000.0,3000.4214,0.9999,SCALE_DOWN,3000.0
3000.0,3000.4214,0.9999,SCALE_DOWN,3000.0
8991.9,8966.568,0.9972,SCALE_DOWN,3000.0
21000.0,21001.082,0.9999,STAY_ACTIVE,21001.08203125
5881.2,5889.3604,0.9986,SCALE_DOWN,3000.0
21000.0,21000.047,1.0,STAY_ACTIVE,21000.046875
5561.1,5551.445,0.9983,SCALE_DOWN,3000.0
19845.6,19950.973,0.9947,STAY_ACTIVE,19950.97265625
5929.5,5942.2397,0.9979,SCALE_DOWN,3000.0
3000.0,3000.4214,0.9999,SCALE_DOWN,3000.0
9039.3,9045.87,0.9993,STAY_ACTIVE,9045.8701171875
21000.0,21000.047,1.0,STAY_ACTIVE,21000.046875
21000.0,21000.047,1.0,STAY_ACTIVE,21000.046875
3000.0,3000.4214,0.9999,SCALE_DOWN,3000.0
3359.0999999999995,3373.9287,0.9956,SCALE_DOWN,3000.0
21000.0,21000.09,1.0,STAY_ACTIVE,21000.08984375
3000.0,3000.4214,0.9999,SCALE_DOWN,3000.0
16130.7,16149.089,0.9989,STAY_ACTIVE,16149.0888671875
3759.0,3729.676,0.9922,SCALE_DOWN,3000.0
19735.800000000003,19979.217,0.9877,STAY_ACTIVE,19979.216796875
9573.9,9518.185,0.9942,STAY_ACTIVE,9518.1845703125
21000.0,21000.047,1.0,STAY_ACTIVE,21000.046875
21000.0,21000.047,1.0,STAY_ACTIVE,21000.046875
7240.8,7224.6167,0.9978,SCALE_DOWN,3000.0
3000.0,3000.4214,0.9999,SCALE_DOWN,3000.0
3000.0,3000.4214,0.9999,SCALE_DOWN,3000.0
9506.4,9483.113,0.9976,STAY_ACTIVE,9483.11328125
3000.0,3000.4214,0.9999,SCALE_DOWN,3000.0
7146.000000000001,7160.685,0.9979,SCALE_DOWN,3000.0
3000.0,3000.4214,0.9999,SCALE_DOWN,3000.0
3000.0,3000.4214,0.9999,SCALE_DOWN,3000.0
4409.099999999999,4424.272,0.9966,SCALE_DOWN,3000.0
3000.0,3000.4214,0.9999,SCALE_DOWN,3000.0
7526.099999999999,7527.1387,0.9999,SCALE_DOWN,3000.0
7095.6,7096.243,0.9999,SCALE_DOWN,3000.0
3000.0,3000.4214,0.9999,SCALE_DOWN,3000.0
13149.6,13185.08,0.9973,STAY_ACTIVE,13185.080078125
3000.0,3000.4214,0.9999,SCALE_DOWN,3000.0
16207.2,16228.556,0.9987,STAY_ACTIVE,16228.5556640625
3000.0,3000.4214,0.9999,SCALE_DOWN,3000.0
3000.0,3000.4214,0.9999,SCALE_DOWN,3000.0
17647.5,17676.523,0.9984,STAY_ACTIVE,17676.5234375
4452.6,4446.182,0.9986,SCALE_DOWN,3000.0
6943.8,6911.9194,0.9954,SCALE_DOWN,3000.0
6824.4,6821.5884,0.9996,SCALE_DOWN,3000.0
21000.0,20998.38,0.9999,STAY_ACTIVE,20998.380859375
17878.5,17878.354,1.0,STAY_ACTIVE,17878.353515625
21000.0,21000.078,1.0,STAY_ACTIVE,21000.078125
3000.0,3000.4214,0.9999,SCALE_DOWN,3000.0
19957.500000000004,20063.225,0.9947,STAY_ACTIVE,20063.224609375
3135.0,3124.9683,0.9968,SCALE_DOWN,3000.0
21000.0,20946.38,0.9974,STAY_ACTIVE,20946.380859375
21000.0,21000.047,1.0,STAY_ACTIVE,21000.046875
10279.2,10327.336,0.9953,STAY_ACTIVE,10327.3359375
21000.0,21000.078,1.0,STAY_ACTIVE,21000.078125
17034.0,17031.447,0.9999,STAY_ACTIVE,17031.447265625
21000.0,21000.049,1.0,STAY_ACTIVE,21000.048828125
3325.2,3350.038,0.9925,SCALE_DOWN,3000.0
3000.0,3000.4214,0.9999,SCALE_DOWN,3000.0
7524.000000000001,7531.5864,0.999,SCALE_DOWN,3000.0
3000.0,3000.4214,0.9999,SCALE_DOWN,3000.0
21000.0,21000.078,1.0,STAY_ACTIVE,21000.078125
11698.8,11533.904,0.9859,STAY_ACTIVE,11533.904296875
8159.700000000001,8162.648,0.9996,SCALE_DOWN,3000.0
16075.5,16153.981,0.9951,STAY_ACTIVE,16153.9814453125
3000.0,3000.4214,0.9999,SCALE_DOWN,3000.0
21000.0,20999.562,1.0,STAY_ACTIVE,20999.5625
10592.7,10556.671,0.9966,STAY_ACTIVE,10556.6708984375
3000.0,3000.4214,0.9999,SCALE_DOWN,3000.0
7328.1,7348.8745,0.9972,SCALE_DOWN,3000.0
9377.4,9431.935,0.9942,STAY_ACTIVE,9431.9345703125
21000.0,21000.066,1.0,STAY_ACTIVE,21000.06640625
3000.0,3000.4214,0.9999,SCALE_DOWN,3000.0
5175.0,5178.484,0.9993,SCALE_DOWN,3000.0
21000.0,20997.623,0.9999,STAY_ACTIVE,20997.623046875
5677.799999999999,5698.256,0.9964,SCALE_DOWN,3000.0
3347.1,3340.9617,0.9982,SCALE_DOWN,3000.0
5041.2,5058.768,0.9965,SCALE_DOWN,3000.0
3000.0,3000.4214,0.9999,SCALE_DOWN,3000.0
18912.000000000004,18961.523,0.9974,STAY_ACTIVE,18961.5234375
6531.000000000001,6528.73,0.9997,SCALE_DOWN,3000.0
21000.0,21000.049,1.0,STAY_ACTIVE,21000.048828125
21000.0,20999.852,1.0,STAY_ACTIVE,20999.8515625
21000.0,20999.566,1.0,STAY_ACTIVE,20999.56640625
3000.0,3000.4214,0.9999,SCALE_DOWN,3000.0
21000.0,21000.049,1.0,STAY_ACTIVE,21000.048828125
16088.1,16125.627,0.9977,STAY_ACTIVE,16125.626953125
21000.0,21005.38,0.9997,STAY_ACTIVE,21005.380859375
8140.800000000001,8175.6763,0.9957,SCALE_DOWN,3000.0
9075.0,9046.66,0.9969,STAY_ACTIVE,9046.66015625
3000.0,3000.4214,0.9999,SCALE_DOWN,3000.0
3000.0,3000.4214,0.9999,SCALE_DOWN,3000.0
21000.0,21000.047,1.0,STAY_ACTIVE,21000.046875
4902.3,4923.607,0.9957,SCALE_DOWN,3000.0
3000.0,3000.4214,0.9999,SCALE_DOWN,3000.0
17339.399999999998,17236.053,0.994,STAY_ACTIVE,17236.052734375
3000.0,3000.4214,0.9999,SCALE_DOWN,3000.0
10974.3,11052.243,0.9929,STAY_ACTIVE,11052.2431640625
8329.5,8311.097,0.9978,SCALE_DOWN,3000.0
3000.0,3000.4214,0.9999,SCALE_DOWN,3000.0
3000.0,3000.4214,0.9999,SCALE_DOWN,3000.0
4824.6,4833.3687,0.9982,SCALE_DOWN,3000.0
3000.0,3000.4214,0.9999,SCALE_DOWN,3000.0
3000.0,3000.4214,0.9999,SCALE_DOWN,3000.0
17748.9,17662.654,0.9951,STAY_ACTIVE,17662.654296875
4207.5,4234.308,0.9936,SCALE_DOWN,3000.0
21000.0,21000.047,1.0,STAY_ACTIVE,21000.046875
6841.200000000001,6825.078,0.9976,SCALE_DOWN,3000.0
19107.60000000001,19170.902,0.9967,STAY_ACTIVE,19170.90234375
21000.0,21000.078,1.0,STAY_ACTIVE,21000.078125
6332.1,6350.032,0.9972,SCALE_DOWN,3000.0
3000.0,3000.4214,0.9999,SCALE_DOWN,3000.0
3000.0,3000.4214,0.9999,SCALE_DOWN,3000.0
6779.699999999999,6757.7544,0.9968,SCALE_DOWN,3000.0
3000.0,3000.4214,0.9999,SCALE_DOWN,3000.0
3000.0,3000.4214,0.9999,SCALE_DOWN,3000.0
21000.0,21000.049,1.0,STAY_ACTIVE,21000.048828125
6683.4000000000015,6689.826,0.999,SCALE_DOWN,3000.0
3000.0,3000.4214,0.9999,SCALE_DOWN,3000.0
21000.0,21000.047,1.0,STAY_ACTIVE,21000.046875
5735.700000000001,5727.519,0.9986,SCALE_DOWN,3000.0
3000.0,3000.4214,0.9999,SCALE_DOWN,3000.0
18771.9,18874.504,0.9945,STAY_ACTIVE,18874.50390625
3000.0,3000.4214,0.9999,SCALE_DOWN,3000.0
11303.7,11321.247,0.9984,STAY_ACTIVE,11321.2470703125
6329.4,6323.7896,0.9991,SCALE_DOWN,3000.0
3000.0,3000.4214,0.9999,SCALE_DOWN,3000.0
21000.0,20999.852,1.0,STAY_ACTIVE,20999.8515625
3000.0,3000.4214,0.9999,SCALE_DOWN,3000.0
8420.1,8456.618,0.9957,SCALE_DOWN,3000.0
9741.9,9721.023,0.9979,STAY_ACTIVE,9721.0234375
3000.0,3000.4214,0.9999,SCALE_DOWN,3000.0
8017.500000000001,8011.8413,0.9993,SCALE_DOWN,3000.0
21000.0,20997.033,0.9999,STAY_ACTIVE,20997.033203125
21000.0,21000.25,1.0,STAY_ACTIVE,21000.25
3000.0,3000.4214,0.9999,SCALE_DOWN,3000.0
14644.8,14613.41,0.9979,STAY_ACTIVE,14613.41015625
4173.0,4188.2607,0.9963,SCALE_DOWN,3000.0
21000.0,21017.738,0.9992,STAY_ACTIVE,21017.73828125
10176.3,10231.615,0.9946,STAY_ACTIVE,10231.615234375
21000.0,21000.049,1.0,STAY_ACTIVE,21000.048828125
21000.0,21000.078,1.0,STAY_ACTIVE,21000.078125
8663.7,8660.931,0.9997,SCALE_DOWN,3000.0
3000.0,3000.4214,0.9999,SCALE_DOWN,3000.0
3000.0,3000.4214,0.9999,SCALE_DOWN,3000.0
3000.0,3000.4214,0.9999,SCALE_DOWN,3000.0
21000.0,21000.047,1.0,STAY_ACTIVE,21000.046875
21000.0,21000.078,1.0,STAY_ACTIVE,21000.078125
3000.0,3000.4214,0.9999,SCALE_DOWN,3000.0
21000.0,21013.713,0.9993,STAY_ACTIVE,21013.712890625
9848.4,9831.47,0.9983,STAY_ACTIVE,9831.4697265625
5948.1,5944.488,0.9994,SCALE_DOWN,3000.0
3000.0,3000.4214,0.9999,SCALE_DOWN,3000.0
21000.0,21000.047,1.0,STAY_ACTIVE,21000.046875
14075.1,14128.87,0.9962,STAY_ACTIVE,14128.8701171875
21000.0,20986.148,0.9993,STAY_ACTIVE,20986.1484375
7616.1,7626.9033,0.9986,SCALE_DOWN,3000.0
11738.4,11776.881,0.9967,STAY_ACTIVE,11776.880859375
3000.0,3000.4214,0.9999,SCALE_DOWN,3000.0
3000.0,3000.4214,0.9999,SCALE_DOWN,3000.0
21000.0,21000.047,1.0,STAY_ACTIVE,21000.046875
9665.7,9656.06,0.999,STAY_ACTIVE,9656.0595703125
3000.0,3000.4214,0.9999,SCALE_DOWN,3000.0
3000.0,3000.4214,0.9999,SCALE_DOWN,3000.0
5848.8,5849.641,0.9999,SCALE_DOWN,3000.0
9878.4,9863.112,0.9985,STAY_ACTIVE,9863.1123046875
21000.0,21000.049,1.0,STAY_ACTIVE,21000.048828125
21000.0,20998.27,0.9999,STAY_ACTIVE,20998.26953125
12366.0,12344.407,0.9983,STAY_ACTIVE,12344.4072265625
21000.0,21000.096,1.0,STAY_ACTIVE,21000.095703125
9129.6,9130.997,0.9998,STAY_ACTIVE,9130.9970703125
18127.5,18114.898,0.9993,STAY_ACTIVE,18114.8984375
9555.3,9558.851,0.9996,STAY_ACTIVE,9558.8505859375
15429.3,15435.847,0.9996,STAY_ACTIVE,15435.8466796875
15449.4,15418.888,0.998,STAY_ACTIVE,15418.8876953125
21000.0,21000.047,1.0,STAY_ACTIVE,21000.046875
16589.100000000002,16564.904,0.9985,STAY_ACTIVE,16564.904296875
3423.0,3440.0227,0.995,SCALE_DOWN,3000.0
15874.2,15857.124,0.9989,STAY_ACTIVE,15857.1240234375
3000.0,3000.4214,0.9999,SCALE_DOWN,3000.0
5956.5,5942.162,0.9976,SCALE_DOWN,3000.0
3000.0,3000.4214,0.9999,SCALE_DOWN,3000.0
7324.5,7348.165,0.9968,SCALE_DOWN,3000.0
10514.4,10532.721,0.9983,STAY_ACTIVE,10532.720703125
3000.0,3000.4214,0.9999,SCALE_DOWN,3000.0
21000.0,20999.297,1.0,STAY_ACTIVE,20999.296875
21000.0,21000.047,1.0,STAY_ACTIVE,21000.046875
21000.0,21000.047,1.0,STAY_ACTIVE,21000.046875
3000.0,3000.4214,0.9999,SCALE_DOWN,3000.0
3000.0,3000.4214,0.9999,SCALE_DOWN,3000.0
21000.0,21000.047,1.0,STAY_ACTIVE,21000.046875
21000.0,20999.852,1.0,STAY_ACTIVE,20999.8515625
16831.5,16833.553,0.9999,STAY_ACTIVE,16833.552734375
3000.0,3000.4214,0.9999,SCALE_DOWN,3000.0
3000.0,3000.4214,0.9999,SCALE_DOWN,3000.0
5589.6,5556.682,0.9941,SCALE_DOWN,3000.0
3000.0,3000.4214,0.9999,SCALE_DOWN,3000.0
21000.0,20997.662,0.9999,STAY_ACTIVE,20997.662109375
4501.8,4466.2686,0.9921,SCALE_DOWN,3000.0
3000.0,3000.4214,0.9999,SCALE_DOWN,3000.0
3000.0,3000.4214,0.9999,SCALE_DOWN,3000.0
21000.0,21018.45,0.9991,STAY_ACTIVE,21018.44921875
21000.0,21000.047,1.0,STAY_ACTIVE,21000.046875
13918.8,14009.96,0.9935,STAY_ACTIVE,14009.9599609375
21000.0,21000.047,1.0,STAY_ACTIVE,21000.046875
6654.300000000001,6674.043,0.997,SCALE_DOWN,3000.0
8690.1,8652.614,0.9957,SCALE_DOWN,3000.0
12395.4,12596.728,0.9838,STAY_ACTIVE,12596.7275390625
9081.6,9070.569,0.9988,STAY_ACTIVE,9070.5693359375
9798.3,9783.402,0.9985,STAY_ACTIVE,9783.40234375
13819.8,13868.577,0.9965,STAY_ACTIVE,13868.5771484375
21000.0,21000.049,1.0,STAY_ACTIVE,21000.048828125
3000.0,3000.4214,0.9999,SCALE_DOWN,3000.0
3000.0,3000.4214,0.9999,SCALE_DOWN,3000.0
21000.0,20905.574,0.9955,STAY_ACTIVE,20905.57421875
19268.7,19415.299,0.9924,STAY_ACTIVE,19415.298828125
3365.4,3380.9211,0.9954,SCALE_DOWN,3000.0
9892.8,9766.065,0.9872,STAY_ACTIVE,9766.0654296875
9034.2,9027.815,0.9993,STAY_ACTIVE,9027.8154296875
3000.0,3000.4214,0.9999,SCALE_DOWN,3000.0
21000.0,21000.078,1.0,STAY_ACTIVE,21000.078125
9186.0,9158.509,0.997,STAY_ACTIVE,9158.5087890625
3000.0,3000.4214,0.9999,SCALE_DOWN,3000.0
3247.2000000000003,3263.683,0.9949,SCALE_DOWN,3000.0
21000.0,21000.049,1.0,STAY_ACTIVE,21000.048828125
3000.0,3000.4214,0.9999,SCALE_DOWN,3000.0
3000.0,3000.4214,0.9999,SCALE_DOWN,3000.0
7932.300000000001,7941.0933,0.9989,SCALE_DOWN,3000.0
8375.1,8358.049,0.998,SCALE_DOWN,3000.0
13008.9,12993.926,0.9988,STAY_ACTIVE,12993.92578125
3000.0,3000.4214,0.9999,SCALE_DOWN,3000.0
13190.4,13186.951,0.9997,STAY_ACTIVE,13186.951171875
3000.0,3000.4214,0.9999,SCALE_DOWN,3000.0
11526.3,11510.221,0.9986,STAY_ACTIVE,11510.220703125
18586.800000000003,18603.996,0.9991,STAY_ACTIVE,18603.99609375
7697.4,7692.7573,0.9994,SCALE_DOWN,3000.0
3000.0,3000.4214,0.9999,SCALE_DOWN,3000.0
3368.1000000000004,3378.0242,0.9971,SCALE_DOWN,3000.0
4268.700000000001,4241.355,0.9936,SCALE_DOWN,3000.0
21000.0,20999.852,1.0,STAY_ACTIVE,20999.8515625
3000.0,3000.4214,0.9999,SCALE_DOWN,3000.0
21000.0,20980.166,0.9991,STAY_ACTIVE,20980.166015625
3157.5,3124.9683,0.9897,SCALE_DOWN,3000.0
6454.8,6459.614,0.9993,SCALE_DOWN,3000.0
21000.0,21000.047,1.0,STAY_ACTIVE,21000.046875
3201.9,3179.9663,0.9931,SCALE_DOWN,3000.0
21000.0,21000.049,1.0,STAY_ACTIVE,21000.048828125
3000.0,3000.4214,0.9999,SCALE_DOWN,3000.0
3000.0,3000.4214,0.9999,SCALE_DOWN,3000.0
21000.0,21000.121,1.0,STAY_ACTIVE,21000.12109375
21000.0,21000.049,1.0,STAY_ACTIVE,21000.048828125
3825.3,3865.145,0.9896,SCALE_DOWN,3000.0
21000.0,21000.047,1.0,STAY_ACTIVE,21000.046875
3000.0,3000.4214,0.9999,SCALE_DOWN,3000.0
21000.0,21000.047,1.0,STAY_ACTIVE,21000.046875
14127.3,14141.627,0.999,STAY_ACTIVE,14141.626953125
21000.0,21000.047,1.0,STAY_ACTIVE,21000.046875
3000.0,3000.4214,0.9999,SCALE_DOWN,3000.0
21000.0,21000.193,1.0,STAY_ACTIVE,21000.193359375
3000.0,3000.4214,0.9999,SCALE_DOWN,3000.0
14338.5,14361.366,0.9984,STAY_ACTIVE,14361.3662109375
6015.300000000001,6025.2935,0.9983,SCALE_DOWN,3000.0
3000.0,3000.4214,0.9999,SCALE_DOWN,3000.0
10850.1,10795.771,0.995,STAY_ACTIVE,10795.771484375
3000.0,3000.4214,0.9999,SCALE_DOWN,3000.0
21000.0,21000.047,1.0,STAY_ACTIVE,21000.046875
13459.2,13459.537,1.0,STAY_ACTIVE,13459.537109375
5509.5,5500.557,0.9984,SCALE_DOWN,3000.0
5528.400000000001,5541.6313,0.9976,SCALE_DOWN,3000.0
3000.0,3000.4214,0.9999,SCALE_DOWN,3000.0
5172.3,5185.4614,0.9975,SCALE_DOWN,3000.0
19611.6,19562.365,0.9975,STAY_ACTIVE,19562.365234375
15865.500000000002,15864.27,0.9999,STAY_ACTIVE,15864.26953125
11612.1,11663.274,0.9956,STAY_ACTIVE,11663.2744140625
6549.9,6530.7993,0.9971,SCALE_DOWN,3000.0
12978.6,12948.444,0.9977,STAY_ACTIVE,12948.4443359375
7560.6,7541.9517,0.9975,SCALE_DOWN,3000.0
3000.0,3000.4214,0.9999,SCALE_DOWN,3000.0
3621.9,3610.9749,0.997,SCALE_DOWN,3000.0
12791.4,12816.177,0.9981,STAY_ACTIVE,12816.1767578125
5250.9,5247.543,0.9994,SCALE_DOWN,3000.0
21000.0,21000.049,1.0,STAY_ACTIVE,21000.048828125
9753.9,9749.687,0.9996,STAY_ACTIVE,9749.6865234375
3000.0,3000.4214,0.9999,SCALE_DOWN,3000.0
6849.0,6888.489,0.9942,SCALE_DOWN,3000.0
5562.3,5626.059,0.9885,SCALE_DOWN,3000.0
3000.0,3000.4214,0.9999,SCALE_DOWN,3000.0
3000.0,3000.4214,0.9999,SCALE_DOWN,3000.0
3000.0,3000.4214,0.9999,SCALE_DOWN,3000.0
21000.0,20999.107,1.0,STAY_ACTIVE,20999.107421875
7516.200000000001,7510.683,0.9993,SCALE_DOWN,3000.0
20472.300000000003,20489.002,0.9992,STAY_ACTIVE,20489.001953125
8686.5,8713.466,0.9969,SCALE_DOWN,3000.0
21000.0,21000.078,1.0,STAY_ACTIVE,21000.078125
4487.1,4466.2686,0.9954,SCALE_DOWN,3000.0
6775.800000000001,6792.5522,0.9975,SCALE_DOWN,3000.0
5575.5,5589.851,0.9974,SCALE_DOWN,3000.0
11450.7,11484.264,0.9971,STAY_ACTIVE,11484.263671875
3000.0,3000.4214,0.9999,SCALE_DOWN,3000.0
3192.3,3179.9663,0.9961,SCALE_DOWN,3000.0
8473.5,8475.547,0.9998,SCALE_DOWN,3000.0
7604.4,7527.642,0.9899,SCALE_DOWN,3000.0
3000.0,3000.4214,0.9999,SCALE_DOWN,3000.0
3000.0,3000.4214,0.9999,SCALE_DOWN,3000.0
6978.0,6980.184,0.9997,SCALE_DOWN,3000.0
4206.0,4241.116,0.9917,SCALE_DOWN,3000.0
8216.1,8280.911,0.9921,SCALE_DOWN,3000.0
7028.400000000001,7045.529,0.9976,SCALE_DOWN,3000.0
21000.0,21000.078,1.0,STAY_ACTIVE,21000.078125
3000.0,3000.4214,0.9999,SCALE_DOWN,3000.0
21000.0,21000.047,1.0,STAY_ACTIVE,21000.046875
11907.0,11965.692,0.9951,STAY_ACTIVE,11965.6923828125
21000.0,20998.227,0.9999,STAY_ACTIVE,20998.2265625
3000.0,3000.4214,0.9999,SCALE_DOWN,3000.0
12363.0,12374.044,0.9991,STAY_ACTIVE,12374.0439453125
3000.0,3000.4214,0.9999,SCALE_DOWN,3000.0
3000.0,3000.4214,0.9999,SCALE_DOWN,3000.0
3000.0,3000.4214,0.9999,SCALE_DOWN,3000.0
12314.4,12345.702,0.9975,STAY_ACTIVE,12345.7021484375
3000.0,3000.4214,0.9999,SCALE_DOWN,3000.0
21000.0,21035.09,0.9983,STAY_ACTIVE,21035.08984375
3000.0,3000.4214,0.9999,SCALE_DOWN,3000.0
3489.9,3504.7744,0.9957,SCALE_DOWN,3000.0
7324.5,7321.9897,0.9997,SCALE_DOWN,3000.0
21000.0,21000.193,1.0,STAY_ACTIVE,21000.193359375
21000.0,21000.078,1.0,STAY_ACTIVE,21000.078125
19376.1,19215.314,0.9917,STAY_ACTIVE,19215.314453125
3605.7,3589.4824,0.9955,SCALE_DOWN,3000.0
7018.8,6958.875,0.9915,SCALE_DOWN,3000.0
3000.0,3000.4214,0.9999,SCALE_DOWN,3000.0
10439.7,10480.495,0.9961,STAY_ACTIVE,10480.4951171875
21000.0,21000.64,1.0,STAY_ACTIVE,21000.640625
3649.2,3657.0896,0.9978,SCALE_DOWN,3000.0
7786.5,7815.041,0.9963,SCALE_DOWN,3000.0
21000.0,21000.047,1.0,STAY_ACTIVE,21000.046875
21000.0,21000.24,1.0,STAY_ACTIVE,21000.240234375
8087.1,8057.382,0.9963,SCALE_DOWN,3000.0
21000.0,20998.938,0.9999,STAY_ACTIVE,20998.9375
3000.0,3000.4214,0.9999,SCALE_DOWN,3000.0
3958.8,3971.3745,0.9968,SCALE_DOWN,3000.0
3380.0999999999995,3380.3625,0.9999,SCALE_DOWN,3000.0
3573.2999999999997,3590.8176,0.9951,SCALE_DOWN,3000.0
21000.0,21000.078,1.0,STAY_ACTIVE,21000.078125
8899.800000000001,8935.149,0.996,SCALE_DOWN,3000.0
3000.0,3000.4214,0.9999,SCALE_DOWN,3000.0
3000.0,3000.4214,0.9999,SCALE_DOWN,3000.0
21000.0,21000.047,1.0,STAY_ACTIVE,21000.046875
12384.3,12361.36,0.9981,STAY_ACTIVE,12361.3603515625
3000.0,3000.4214,0.9999,SCALE_DOWN,3000.0
3000.0,3000.4214,0.9999,SCALE_DOWN,3000.0
21000.0,21000.047,1.0,STAY_ACTIVE,21000.046875
3000.0,3000.4214,0.9999,SCALE_DOWN,3000.0
7105.200000000001,7102.3354,0.9996,SCALE_DOWN,3000.0
5209.8,5203.214,0.9987,SCALE_DOWN,3000.0
6325.800000000001,6318.3735,0.9988,SCALE_DOWN,3000.0
3000.0,3000.4214,0.9999,SCALE_DOWN,3000.0
10538.7,10494.267,0.9958,STAY_ACTIVE,10494.2666015625
18024.300000000003,17932.979,0.9949,STAY_ACTIVE,17932.978515625
6021.6,5995.3003,0.9956,SCALE_DOWN,3000.0
21000.0,21000.049,1.0,STAY_ACTIVE,21000.048828125
10422.9,10451.55,0.9973,STAY_ACTIVE,10451.5498046875
9012.6,9001.874,0.9988,STAY_ACTIVE,9001.8740234375
21000.0,21000.047,1.0,STAY_ACTIVE,21000.046875
7605.9,7591.9756,0.9982,SCALE_DOWN,3000.0
21000.0,20998.338,0.9999,STAY_ACTIVE,20998.337890625
3000.0,3000.4214,0.9999,SCALE_DOWN,3000.0
20079.9,20035.883,0.9978,STAY_ACTIVE,20035.8828125
21000.0,21000.047,1.0,STAY_ACTIVE,21000.046875
6219.3,6220.3096,0.9998,SCALE_DOWN,3000.0
11529.6,11541.244,0.999,STAY_ACTIVE,11541.244140625
3000.0,3000.4214,0.9999,SCALE_DOWN,3000.0
19705.5,19675.996,0.9985,STAY_ACTIVE,19675.99609375
7909.200000000001,7927.0176,0.9977,SCALE_DOWN,3000.0
21000.0,21000.09,1.0,STAY_ACTIVE,21000.08984375
21000.0,21000.049,1.0,STAY_ACTIVE,21000.048828125
7969.5,8001.318,0.996,SCALE_DOWN,3000.0
4989.6,5002.7866,0.9974,SCALE_DOWN,3000.0
3000.0,3000.4214,0.9999,SCALE_DOWN,3000.0
12213.3,12153.409,0.9951,STAY_ACTIVE,12153.4091796875
16309.8,16339.664,0.9982,STAY_ACTIVE,16339.6640625
21000.0,21000.09,1.0,STAY_ACTIVE,21000.08984375
3000.0,3000.4214,0.9999,SCALE_DOWN,3000.0
3000.0,3000.4214,0.9999,SCALE_DOWN,3000.0
3000.0,3000.4214,0.9999,SCALE_DOWN,3000.0
3000.0,3000.4214,0.9999,SCALE_DOWN,3000.0
3000.0,3000.4214,0.9999,SCALE_DOWN,3000.0
3000.0,3000.4214,0.9999,SCALE_DOWN,3000.0
6791.4,6782.016,0.9986,SCALE_DOWN,3000.0
7821.0,7815.878,0.9993,SCALE_DOWN,3000.0
8486.7,8503.8,0.998,SCALE_DOWN,3000.0
18334.800000000003,18233.43,0.9945,STAY_ACTIVE,18233.4296875
5479.200000000001,5476.373,0.9995,SCALE_DOWN,3000.0
14412.9,14301.0205,0.9922,STAY_ACTIVE,14301.0205078125
5645.400000000001,5657.6147,0.9978,SCALE_DOWN,3000.0
10712.4,10684.055,0.9974,STAY_ACTIVE,10684.0546875
8451.6,8447.378,0.9995,SCALE_DOWN,3000.0
3000.0,3000.4214,0.9999,SCALE_DOWN,3000.0
16048.500000000002,16148.785,0.9938,STAY_ACTIVE,16148.78515625
12946.2,12979.091,0.9975,STAY_ACTIVE,12979.0908203125
21000.0,20998.27,0.9999,STAY_ACTIVE,20998.26953125
7641.9,7609.4155,0.9957,SCALE_DOWN,3000.0
5812.5,5822.565,0.9983,SCALE_DOWN,3000.0
3000.0,3000.4214,0.9999,SCALE_DOWN,3000.0
21000.0,21000.322,1.0,STAY_ACTIVE,21000.322265625
6944.700000000001,6948.537,0.9994,SCALE_DOWN,3000.0
10364.1,10374.786,0.999,STAY_ACTIVE,10374.7861328125
17512.2,17498.0,0.9992,STAY_ACTIVE,17498.0
3671.1,3665.8433,0.9986,SCALE_DOWN,3000.0
8211.0,8207.631,0.9996,SCALE_DOWN,3000.0
3782.7,3721.6436,0.9839,SCALE_DOWN,3000.0
21000.0,21000.047,1.0,STAY_ACTIVE,21000.046875
21000.0,20999.326,1.0,STAY_ACTIVE,20999.326171875
3000.0,3000.4214,0.9999,SCALE_DOWN,3000.0
10717.8,10688.656,0.9973,STAY_ACTIVE,10688.65625
12177.3,12157.849,0.9984,STAY_ACTIVE,12157.8486328125
3000.0,3000.4214,0.9999,SCALE_DOWN,3000.0
4063.2,4074.1406,0.9973,SCALE_DOWN,3000.0
3000.0,3000.4214,0.9999,SCALE_DOWN,3000.0
3000.0,3000.4214,0.9999,SCALE_DOWN,3000.0
8271.0,8277.172,0.9993,SCALE_DOWN,3000.0
3000.0,3000.4214,0.9999,SCALE_DOWN,3000.0
3163.5,3178.7786,0.9952,SCALE_DOWN,3000.0
3000.0,3000.4214,0.9999,SCALE_DOWN,3000.0
3000.0,3000.4214,0.9999,SCALE_DOWN,3000.0
4893.6,4913.3545,0.996,SCALE_DOWN,3000.0
3000.0,3000.4214,0.9999,SCALE_DOWN,3000.0
16038.900000000003,16059.034,0.9987,STAY_ACTIVE,16059.0341796875
21000.0,20998.463,0.9999,STAY_ACTIVE,20998.462890625
21000.0,21000.047,1.0,STAY_ACTIVE,21000.046875
16331.1,16382.497,0.9969,STAY_ACTIVE,16382.4970703125
6377.4,6373.7188,0.9994,SCALE_DOWN,3000.0
20903.4,20873.201,0.9986,STAY_ACTIVE,20873.201171875
3000.0,3000.4214,0.9999,SCALE_DOWN,3000.0
3000.0,3000.4214,0.9999,SCALE_DOWN,3000.0
6549.0,6576.6616,0.9958,SCALE_DOWN,3000.0
3000.0,3000.4214,0.9999,SCALE_DOWN,3000.0
9954.6,9921.868,0.9967,STAY_ACTIVE,9921.8681640625
9036.600000000002,9022.316,0.9984,STAY_ACTIVE,9022.31640625
8919.9,8936.817,0.9981,SCALE_DOWN,3000.0
21000.0,21000.047,1.0,STAY_ACTIVE,21000.046875
3000.0,3000.4214,0.9999,SCALE_DOWN,3000.0
3000.0,3000.4214,0.9999,SCALE_DOWN,3000.0
3000.0,3000.4214,0.9999,SCALE_DOWN,3000.0
11044.5,10974.7295,0.9937,STAY_ACTIVE,10974.7294921875
6156.9,6090.63,0.9892,SCALE_DOWN,3000.0
3000.0,3000.4214,0.9999,SCALE_DOWN,3000.0
6428.1,6413.287,0.9977,SCALE_DOWN,3000.0
8955.6,8960.254,0.9995,SCALE_DOWN,3000.0
10174.2,10223.034,0.9952,STAY_ACTIVE,10223.0341796875
4571.4,4589.0776,0.9961,SCALE_DOWN,3000.0
8200.8,8218.816,0.9978,SCALE_DOWN,3000.0
5154.6,5157.4297,0.9995,SCALE_DOWN,3000.0
18258.6,18265.84,0.9996,STAY_ACTIVE,18265.83984375
3000.0,3000.4214,0.9999,SCALE_DOWN,3000.0
7891.5,7860.415,0.9961,SCALE_DOWN,3000.0
21000.0,21000.047,1.0,STAY_ACTIVE,21000.046875
4458.3,4462.7607,0.999,SCALE_DOWN,3000.0
21000.0,21036.8,0.9982,STAY_ACTIVE,21036.80078125
3000.0,3000.4214,0.9999,SCALE_DOWN,3000.0
21000.0,21000.047,1.0,STAY_ACTIVE,21000.046875
3000.0,3000.4214,0.9999,SCALE_DOWN,3000.0
8163.0,8147.37,0.9981,SCALE_DOWN,3000.0
21000.0,20987.771,0.9994,STAY_ACTIVE,20987.771484375
21000.0,21000.047,1.0,STAY_ACTIVE,21000.046875
3402.2999999999997,3381.238,0.9938,SCALE_DOWN,3000.0
8432.4,8409.724,0.9973,SCALE_DOWN,3000.0
16988.399999999998,16980.42,0.9995,STAY_ACTIVE,16980.419921875
8250.9,8230.208,0.9975,SCALE_DOWN,3000.0
9301.8,9266.521,0.9962,STAY_ACTIVE,9266.521484375
3000.0,3000.4214,0.9999,SCALE_DOWN,3000.0
12846.9,12872.38,0.998,STAY_ACTIVE,12872.3798828125
5632.8,5632.107,0.9999,SCALE_DOWN,3000.0
18104.1,18048.723,0.9969,STAY_ACTIVE,18048.72265625
14414.1,14388.013,0.9982,STAY_ACTIVE,14388.0126953125
9614.7,9655.708,0.9957,STAY_ACTIVE,9655.7080078125
3000.0,3000.4214,0.9999,SCALE_DOWN,3000.0
13253.4,13225.822,0.9979,STAY_ACTIVE,13225.822265625
3000.0,3000.4214,0.9999,SCALE_DOWN,3000.0
12133.8,12260.065,0.9896,STAY_ACTIVE,12260.0654296875
12429.9,12392.627,0.997,STAY_ACTIVE,12392.626953125
9205.5,9168.679,0.996,STAY_ACTIVE,9168.6787109375
4025.4,4010.9043,0.9964,SCALE_DOWN,3000.0
3000.0,3000.4214,0.9999,SCALE_DOWN,3000.0
8180.4,8201.247,0.9975,SCALE_DOWN,3000.0
6849.6,6843.9707,0.9992,SCALE_DOWN,3000.0
14757.3,14902.241,0.9902,STAY_ACTIVE,14902.2412109375
21000.0,21000.049,1.0,STAY_ACTIVE,21000.048828125
5357.7,5355.8794,0.9997,SCALE_DOWN,3000.0
7646.4,7648.8647,0.9997,SCALE_DOWN,3000.0
3000.0,3000.4214,0.9999,SCALE_DOWN,3000.0
9399.0,9412.781,0.9985,STAY_ACTIVE,9412.78125
8079.0,8107.1084,0.9965,SCALE_DOWN,3000.0
14243.999999999998,14231.934,0.9992,STAY_ACTIVE,14231.93359375
4848.0,4821.872,0.9946,SCALE_DOWN,3000.0
3000.0,3000.4214,0.9999,SCALE_DOWN,3000.0
11931.0,11955.991,0.9979,STAY_ACTIVE,11955.9912109375
8693.100000000002,8734.239,0.9953,SCALE_DOWN,3000.0
3311.1,3331.9075,0.9937,SCALE_DOWN,3000.0
18433.500000000004,18596.37,0.9912,STAY_ACTIVE,18596.369140625
3000.0,3000.4214,0.9999,SCALE_DOWN,3000.0
7407.9,7446.1494,0.9948,SCALE_DOWN,3000.0
12891.0,12847.08,0.9966,STAY_ACTIVE,12847.080078125
3000.0,3000.4214,0.9999,SCALE_DOWN,3000.0
3000.0,3000.4214,0.9999,SCALE_DOWN,3000.0
6452.1,6461.8545,0.9985,SCALE_DOWN,3000.0
5238.3,5217.4497,0.996,SCALE_DOWN,3000.0
11982.9,12005.566,0.9981,STAY_ACTIVE,12005.56640625
19477.2,19346.13,0.9933,STAY_ACTIVE,19346.130859375
18064.800000000003,18267.754,0.9888,STAY_ACTIVE,18267.75390625
21000.0,21000.023,1.0,STAY_ACTIVE,21000.0234375
3000.0,3000.4214,0.9999,SCALE_DOWN,3000.0
6284.1,6255.1455,0.9954,SCALE_DOWN,3000.0
15694.8,15737.282,0.9973,STAY_ACTIVE,15737.2822265625
9778.5,9803.096,0.9975,STAY_ACTIVE,9803.095703125
15300.0,15276.148,0.9984,STAY_ACTIVE,15276.1484375
21000.0,21000.049,1.0,STAY_ACTIVE,21000.048828125
6211.200000000001,6206.7393,0.9993,SCALE_DOWN,3000.0
17584.5,17568.594,0.9991,STAY_ACTIVE,17568.59375
21000.0,21000.047,1.0,STAY_ACTIVE,21000.046875
17361.6,17345.232,0.9991,STAY_ACTIVE,17345.232421875
9080.1,9001.874,0.9914,STAY_ACTIVE,9001.8740234375
8873.400000000001,8844.086,0.9967,SCALE_DOWN,3000.0
4869.6,4898.228,0.9941,SCALE_DOWN,3000.0
7747.2,7738.796,0.9989,SCALE_DOWN,3000.0
10990.5,10993.181,0.9998,STAY_ACTIVE,10993.1806640625
3000.0,3000.4214,0.9999,SCALE_DOWN,3000.0
14088.0,14020.363,0.9952,STAY_ACTIVE,14020.36328125
10272.6,10286.744,0.9986,STAY_ACTIVE,10286.744140625
13704.9,13650.57,0.996,STAY_ACTIVE,13650.5703125
21000.0,21000.078,1.0,STAY_ACTIVE,21000.078125
7390.8,7401.3535,0.9986,SCALE_DOWN,3000.0
7693.8,7647.3613,0.994,SCALE_DOWN,3000.0
3000.0,3000.4214,0.9999,SCALE_DOWN,3000.0
3000.0,3000.4214,0.9999,SCALE_DOWN,3000.0
21000.0,21000.291,1.0,STAY_ACTIVE,21000.291015625
5566.800000000001,5558.1665,0.9984,SCALE_DOWN,3000.0
3000.0,3000.4214,0.9999,SCALE_DOWN,3000.0
3165.0,3166.5618,0.9995,SCALE_DOWN,3000.0
8652.3,8634.203,0.9979,SCALE_DOWN,3000.0
6417.0,6353.504,0.9901,SCALE_DOWN,3000.0
3000.0,3000.4214,0.9999,SCALE_DOWN,3000.0
5432.7,5436.8853,0.9992,SCALE_DOWN,3000.0
5811.0,5803.7456,0.9988,SCALE_DOWN,3000.0
16342.5,16341.41,0.9999,STAY_ACTIVE,16341.41015625
8748.3,8744.541,0.9996,SCALE_DOWN,3000.0
3000.0,3000.4214,0.9999,SCALE_DOWN,3000.0
3000.0,3000.4214,0.9999,SCALE_DOWN,3000.0
21000.0,21000.047,1.0,STAY_ACTIVE,21000.046875
8621.400000000001,8622.173,0.9999,SCALE_DOWN,3000.0
9131.4,9093.756,0.9959,STAY_ACTIVE,9093.755859375
20766.9,20628.566,0.9933,STAY_ACTIVE,20628.56640625
6528.9,6552.629,0.9964,SCALE_DOWN,3000.0
3000.0,3000.4214,0.9999,SCALE_DOWN,3000.0
3000.0,3000.4214,0.9999,SCALE_DOWN,3000.0
15966.9,15898.815,0.9957,STAY_ACTIVE,15898.8154296875
9654.6,9643.727,0.9989,STAY_ACTIVE,9643.7265625
14188.5,14142.169,0.9967,STAY_ACTIVE,14142.1689453125
5121.3,5081.8657,0.9923,SCALE_DOWN,3000.0
3000.0,3000.4214,0.9999,SCALE_DOWN,3000.0
8258.1,8283.905,0.9969,SCALE_DOWN,3000.0
3000.0,3000.4214,0.9999,SCALE_DOWN,3000.0
10101.3,10104.152,0.9997,STAY_ACTIVE,10104.15234375
3318.0,3339.2903,0.9936,SCALE_DOWN,3000.0
3000.0,3000.4214,0.9999,SCALE_DOWN,3000.0
3000.0,3000.4214,0.9999,SCALE_DOWN,3000.0
14556.3,14524.659,0.9978,STAY_ACTIVE,14524.6591796875
3000.0,3000.4214,0.9999,SCALE_DOWN,3000.0
8748.0,8732.111,0.9982,SCALE_DOWN,3000.0
21000.0,21000.049,1.0,STAY_ACTIVE,21000.048828125
21000.0,21000.047,1.0,STAY_ACTIVE,21000.046875
21000.0,21000.639,1.0,STAY_ACTIVE,21000.638671875
3823.5,3857.0957,0.9912,SCALE_DOWN,3000.0
21000.0,21000.047,1.0,STAY_ACTIVE,21000.046875
3000.0,3000.4214,0.9999,SCALE_DOWN,3000.0
3959.099999999999,3948.9854,0.9974,SCALE_DOWN,3000.0
6670.199999999999,6614.7905,0.9917,SCALE_DOWN,3000.0
21000.0,20999.852,1.0,STAY_ACTIVE,20999.8515625
12247.500000000002,12252.702,0.9996,STAY_ACTIVE,12252.7021484375
3000.0,3000.4214,0.9999,SCALE_DOWN,3000.0
3000.0,3000.4214,0.9999,SCALE_DOWN,3000.0
3000.0,3000.4214,0.9999,SCALE_DOWN,3000.0
3000.0,3000.4214,0.9999,SCALE_DOWN,3000.0
3000.0,3000.4214,0.9999,SCALE_DOWN,3000.0
4239.3,4252.086,0.997,SCALE_DOWN,3000.0
3000.0,3000.4214,0.9999,SCALE_DOWN,3000.0
3000.0,3000.4214,0.9999,SCALE_DOWN,3000.0
21000.0,21000.049,1.0,STAY_ACTIVE,21000.048828125
3000.0,3000.4214,0.9999,SCALE_DOWN,3000.0
10615.2,10635.872,0.9981,STAY_ACTIVE,10635.8720703125
3000.0,3000.4214,0.9999,SCALE_DOWN,3000.0
19621.500000000004,19816.428,0.9901,STAY_ACTIVE,19816.427734375
3764.1,3758.4668,0.9985,SCALE_DOWN,3000.0
7786.200000000001,7791.444,0.9993,SCALE_DOWN,3000.0
3000.0,3000.4214,0.9999,SCALE_DOWN,3000.0
3000.0,3000.4214,0.9999,SCALE_DOWN,3000.0
21000.0,21000.078,1.0,STAY_ACTIVE,21000.078125
8323.2,8334.341,0.9987,SCALE_DOWN,3000.0
21000.0,21000.078,1.0,STAY_ACTIVE,21000.078125
3000.0,3000.4214,0.9999,SCALE_DOWN,3000.0
21000.0,20999.562,1.0,STAY_ACTIVE,20999.5625
17457.300000000003,17465.816,0.9995,STAY_ACTIVE,17465.81640625
17595.300000000003,17662.877,0.9962,STAY_ACTIVE,17662.876953125
17567.100000000002,17575.812,0.9995,STAY_ACTIVE,17575.8125
3000.0,3000.4214,0.9999,SCALE_DOWN,3000.0
12916.2,12866.148,0.9961,STAY_ACTIVE,12866.1484375
6034.500000000001,6054.2153,0.9967,SCALE_DOWN,3000.0
14665.500000000002,14755.989,0.9938,STAY_ACTIVE,14755.9892578125
6835.8,6845.364,0.9986,SCALE_DOWN,3000.0
6486.6,6483.598,0.9995,SCALE_DOWN,3000.0
9499.2,9541.963,0.9955,STAY_ACTIVE,9541.962890625
3000.0,3000.4214,0.9999,SCALE_DOWN,3000.0
11529.000000000002,11510.692,0.9984,STAY_ACTIVE,11510.6923828125
10281.0,10313.238,0.9969,STAY_ACTIVE,10313.23828125
18504.9,18372.88,0.9929,STAY_ACTIVE,18372.880859375
20276.7,20394.729,0.9942,STAY_ACTIVE,20394.728515625
12124.8,12155.953,0.9974,STAY_ACTIVE,12155.953125
8079.300000000001,8070.785,0.9989,SCALE_DOWN,3000.0
4406.4,4395.9565,0.9976,SCALE_DOWN,3000.0
3000.0,3000.4214,0.9999,SCALE_DOWN,3000.0
21000.0,21000.078,1.0,STAY_ACTIVE,21000.078125
17796.899999999998,17722.184,0.9958,STAY_ACTIVE,17722.18359375
15262.8,15275.426,0.9992,STAY_ACTIVE,15275.42578125
9347.4,9324.1455,0.9975,STAY_ACTIVE,9324.1455078125
3000.0,3000.4214,0.9999,SCALE_DOWN,3000.0
7672.2,7661.071,0.9985,SCALE_DOWN,3000.0
3000.0,3000.4214,0.9999,SCALE_DOWN,3000.0
21000.0,20962.938,0.9982,STAY_ACTIVE,20962.9375
17827.800000000003,17780.293,0.9973,STAY_ACTIVE,17780.29296875
21000.0,20999.852,1.0,STAY_ACTIVE,20999.8515625
21000.0,20983.12,0.9992,STAY_ACTIVE,20983.119140625
16851.600000000002,17020.549,0.99,STAY_ACTIVE,17020.548828125
7641.3,7633.61,0.999,SCALE_DOWN,3000.0
7069.8,7048.573,0.997,SCALE_DOWN,3000.0
16407.3,16417.69,0.9994,STAY_ACTIVE,16417.689453125
21000.0,20983.514,0.9992,STAY_ACTIVE,20983.513671875
6111.9,6124.9194,0.9979,SCALE_DOWN,3000.0
9455.4,9419.409,0.9962,STAY_ACTIVE,9419.4091796875
7577.1,7612.416,0.9953,SCALE_DOWN,3000.0
6759.300000000001,6741.612,0.9974,SCALE_DOWN,3000.0
3000.0,3000.4214,0.9999,SCALE_DOWN,3000.0
3000.0,3000.4214,0.9999,SCALE_DOWN,3000.0
21000.0,21000.049,1.0,STAY_ACTIVE,21000.048828125
3000.0,3000.4214,0.9999,SCALE_DOWN,3000.0
8523.6,8540.888,0.998,SCALE_DOWN,3000.0
4774.5,4782.556,0.9983,SCALE_DOWN,3000.0
3000.0,3000.4214,0.9999,SCALE_DOWN,3000.0
21000.0,21037.314,0.9982,STAY_ACTIVE,21037.314453125
5242.5,5239.486,0.9994,SCALE_DOWN,3000.0
6753.6,6781.8384,0.9958,SCALE_DOWN,3000.0
3000.0,3000.4214,0.9999,SCALE_DOWN,3000.0
7508.1,7479.3833,0.9962,SCALE_DOWN,3000.0
3000.0,3000.4214,0.9999,SCALE_DOWN,3000.0
3000.0,3000.4214,0.9999,SCALE_DOWN,3000.0
11307.9,11299.168,0.9992,STAY_ACTIVE,11299.16796875
21000.0,20972.88,0.9987,STAY_ACTIVE,20972.880859375
21000.0,21000.047,1.0,STAY_ACTIVE,21000.046875
3000.0,3000.4214,0.9999,SCALE_DOWN,3000.0
21000.0,21000.049,1.0,STAY_ACTIVE,21000.048828125
3000.0,3000.4214,0.9999,SCALE_DOWN,3000.0
21000.0,20998.4,0.9999,STAY_ACTIVE,20998.400390625
10679.1,10748.412,0.9935,STAY_ACTIVE,10748.412109375
9798.3,9869.068,0.9928,STAY_ACTIVE,9869.068359375
8407.2,8423.332,0.9981,SCALE_DOWN,3000.0
21000.0,20997.102,0.9999,STAY_ACTIVE,20997.1015625
21000.0,20999.852,1.0,STAY_ACTIVE,20999.8515625
3000.0,3000.4214,0.9999,SCALE_DOWN,3000.0
21000.0,21000.078,1.0,STAY_ACTIVE,21000.078125
8365.2,8384.304,0.9977,SCALE_DOWN,3000.0
3000.0,3000.4214,0.9999,SCALE_DOWN,3000.0
3000.0,3000.4214,0.9999,SCALE_DOWN,3000.0
15547.8,15584.197,0.9977,STAY_ACTIVE,15584.197265625
4222.5,4188.2607,0.9919,SCALE_DOWN,3000.0
21000.0,21000.164,1.0,STAY_ACTIVE,21000.1640625
3000.0,3000.4214,0.9999,SCALE_DOWN,3000.0
3000.0,3000.4214,0.9999,SCALE_DOWN,3000.0
3000.0,3000.4214,0.9999,SCALE_DOWN,3000.0
4129.8,4120.0273,0.9976,SCALE_DOWN,3000.0
21000.0,21000.078,1.0,STAY_ACTIVE,21000.078125
21000.0,21000.047,1.0,STAY_ACTIVE,21000.046875
4989.6,4967.663,0.9956,SCALE_DOWN,3000.0
3000.0,3000.4214,0.9999,SCALE_DOWN,3000.0
21000.0,21000.639,1.0,STAY_ACTIVE,21000.638671875
19475.4,19560.645,0.9956,STAY_ACTIVE,19560.64453125
10276.8,10306.678,0.9971,STAY_ACTIVE,10306.677734375
12135.6,12115.471,0.9983,STAY_ACTIVE,12115.470703125
10881.6,10746.369,0.9876,STAY_ACTIVE,10746.369140625
11915.1,11907.388,0.9994,STAY_ACTIVE,11907.3876953125
13839.600000000002,13864.912,0.9982,STAY_ACTIVE,13864.912109375
6714.9,6696.189,0.9972,SCALE_DOWN,3000.0
20245.2,20350.787,0.9948,STAY_ACTIVE,20350.787109375
21000.0,20999.562,1.0,STAY_ACTIVE,20999.5625
21000.0,20999.562,1.0,STAY_ACTIVE,20999.5625
3000.0,3000.4214,0.9999,SCALE_DOWN,3000.0
3000.0,3000.4214,0.9999,SCALE_DOWN,3000.0
11113.5,11079.414,0.9969,STAY_ACTIVE,11079.4140625
3000.0,3000.4214,0.9999,SCALE_DOWN,3000.0
9350.1,9319.753,0.9968,STAY_ACTIVE,9319.7529296875
7234.5,7245.3535,0.9985,SCALE_DOWN,3000.0
12112.8,12126.421,0.9989,STAY_ACTIVE,12126.4208984375
16803.9,16820.227,0.999,STAY_ACTIVE,16820.2265625
3000.0,3000.4214,0.9999,SCALE_DOWN,3000.0
21000.0,21000.078,1.0,STAY_ACTIVE,21000.078125
6697.8,6704.2925,0.999,SCALE_DOWN,3000.0
15025.199999999995,15126.778,0.9932,STAY_ACTIVE,15126.7783203125
7404.6,7410.8706,0.9992,SCALE_DOWN,3000.0
21000.0,21000.047,1.0,STAY_ACTIVE,21000.046875
7820.4,7800.6016,0.9975,SCALE_DOWN,3000.0
3887.7,3895.5635,0.998,SCALE_DOWN,3000.0
5975.700000000001,5989.665,0.9977,SCALE_DOWN,3000.0
13346.4,13295.546,0.9962,STAY_ACTIVE,13295.5458984375
3000.0,3000.4214,0.9999,SCALE_DOWN,3000.0
3000.0,3000.4214,0.9999,SCALE_DOWN,3000.0
3000.0,3000.4214,0.9999,SCALE_DOWN,3000.0
11484.6,11455.831,0.9975,STAY_ACTIVE,11455.8310546875
3000.0,3000.4214,0.9999,SCALE_DOWN,3000.0
11080.2,11083.036,0.9997,STAY_ACTIVE,11083.0361328125
3000.0,3000.4214,0.9999,SCALE_DOWN,3000.0
3000.0,3000.4214,0.9999,SCALE_DOWN,3000.0
21000.0,20999.895,1.0,STAY_ACTIVE,20999.89453125
21000.0,21000.047,1.0,STAY_ACTIVE,21000.046875
8793.0,8789.665,0.9996,SCALE_DOWN,3000.0
3000.0,3000.4214,0.9999,SCALE_DOWN,3000.0
3000.0,3000.4214,0.9999,SCALE_DOWN,3000.0
14494.8,14442.039,0.9964,STAY_ACTIVE,14442.0390625
21000.0,21000.047,1.0,STAY_ACTIVE,21000.046875
3281.7000000000003,3305.5989,0.9927,SCALE_DOWN,3000.0
3000.0,3000.4214,0.9999,SCALE_DOWN,3000.0
3000.0,3000.4214,0.9999,SCALE_DOWN,3000.0
21000.0,21000.047,1.0,STAY_ACTIVE,21000.046875
21000.0,21000.057,1.0,STAY_ACTIVE,21000.056640625
20016.000000000004,20164.629,0.9926,STAY_ACTIVE,20164.62890625
12082.2,12031.285,0.9958,STAY_ACTIVE,12031.28515625
3533.7,3554.2317,0.9942,SCALE_DOWN,3000.0
12904.800000000005,12892.158,0.999,STAY_ACTIVE,12892.158203125
4177.200000000001,4171.243,0.9986,SCALE_DOWN,3000.0
13088.1,13055.6875,0.9975,STAY_ACTIVE,13055.6875
3000.0,3000.4214,0.9999,SCALE_DOWN,3000.0
3000.0,3000.4214,0.9999,SCALE_DOWN,3000.0
20958.0,20907.041,0.9976,STAY_ACTIVE,20907.041015625
3000.0,3000.4214,0.9999,SCALE_DOWN,3000.0
6225.3,6246.9033,0.9965,SCALE_DOWN,3000.0
4507.8,4529.896,0.9951,SCALE_DOWN,3000.0
3000.0,3000.4214,0.9999,SCALE_DOWN,3000.0
7543.2,7587.962,0.9941,SCALE_DOWN,3000.0
3000.0,3000.4214,0.9999,SCALE_DOWN,3000.0
3197.4,3214.1584,0.9948,SCALE_DOWN,3000.0
3362.1000000000004,3381.238,0.9943,SCALE_DOWN,3000.0
13528.5,13525.078,0.9997,STAY_ACTIVE,13525.078125
21000.0,21000.078,1.0,STAY_ACTIVE,21000.078125
3000.0,3000.4214,0.9999,SCALE_DOWN,3000.0
21000.0,21000.047,1.0,STAY_ACTIVE,21000.046875
3000.0,3000.4214,0.9999,SCALE_DOWN,3000.0
21000.0,20999.467,1.0,STAY_ACTIVE,20999.466796875
21000.0,21000.031,1.0,STAY_ACTIVE,21000.03125
10600.8,10627.019,0.9975,STAY_ACTIVE,10627.0185546875
7262.4,7253.801,0.9988,SCALE_DOWN,3000.0
3000.0,3000.4214,0.9999,SCALE_DOWN,3000.0
3366.6,3368.8496,0.9993,SCALE_DOWN,3000.0
13666.2,13631.595,0.9975,STAY_ACTIVE,13631.5947265625
21000.0,20977.709,0.9989,STAY_ACTIVE,20977.708984375
5415.6,5436.8853,0.9961,SCALE_DOWN,3000.0
3000.0,3000.4214,0.9999,SCALE_DOWN,3000.0
5313.3,5331.2754,0.9966,SCALE_DOWN,3000.0
3000.0,3000.4214,0.9999,SCALE_DOWN,3000.0
3000.0,3000.4214,0.9999,SCALE_DOWN,3000.0
4446.6,4446.0513,0.9999,SCALE_DOWN,3000.0
10880.4,10963.765,0.9923,STAY_ACTIVE,10963.7646484375
3000.0,3000.4214,0.9999,SCALE_DOWN,3000.0
3144.2999999999997,3124.9683,0.9939,SCALE_DOWN,3000.0
16943.100000000002,16986.668,0.9974,STAY_ACTIVE,16986.66796875
9789.0,9794.478,0.9994,STAY_ACTIVE,9794.4775390625
11211.6,11144.583,0.994,STAY_ACTIVE,11144.5830078125
9710.1,9696.835,0.9986,STAY_ACTIVE,9696.8349609375
3000.0,3000.4214,0.9999,SCALE_DOWN,3000.0
8211.6,8192.191,0.9976,SCALE_DOWN,3000.0
16524.0,16463.775,0.9964,STAY_ACTIVE,16463.775390625
3000.0,3000.4214,0.9999,SCALE_DOWN,3000.0
7829.699999999999,7834.748,0.9994,SCALE_DOWN,3000.0
6279.0,6270.6216,0.9987,SCALE_DOWN,3000.0
11149.500000000002,11138.967,0.9991,STAY_ACTIVE,11138.966796875
7700.700000000001,7577.7876,0.984,SCALE_DOWN,3000.0
3000.0,3000.4214,0.9999,SCALE_DOWN,3000.0
21000.0,21000.195,1.0,STAY_ACTIVE,21000.1953125
9056.4,9060.964,0.9995,STAY_ACTIVE,9060.9638671875
8464.5,8488.968,0.9971,SCALE_DOWN,3000.0
19175.1,18998.5,0.9908,STAY_ACTIVE,18998.5
21000.0,20990.49,0.9995,STAY_ACTIVE,20990.490234375
21000.0,21000.047,1.0,STAY_ACTIVE,21000.046875
5280.0,5278.0767,0.9996,SCALE_DOWN,3000.0
5732.1,5781.151,0.9914,SCALE_DOWN,3000.0
3000.0,3000.4214,0.9999,SCALE_DOWN,3000.0
3000.0,3000.4214,0.9999,SCALE_DOWN,3000.0
9936.0,9887.194,0.9951,STAY_ACTIVE,9887.1943359375
3000.0,3000.4214,0.9999,SCALE_DOWN,3000.0
16860.300000000003,16816.559,0.9974,STAY_ACTIVE,16816.55859375
6146.7,6158.7593,0.998,SCALE_DOWN,3000.0
3000.0,3000.4214,0.9999,SCALE_DOWN,3000.0
16490.1,16527.41,0.9977,STAY_ACTIVE,16527.41015625
3000.0,3000.4214,0.9999,SCALE_DOWN,3000.0
3000.0,3000.4214,0.9999,SCALE_DOWN,3000.0
3000.0,3000.4214,0.9999,SCALE_DOWN,3000.0
12269.7,12225.238,0.9964,STAY_ACTIVE,12225.23828125
14997.6,15116.384,0.9921,STAY_ACTIVE,15116.3837890625
8341.2,8368.576,0.9967,SCALE_DOWN,3000.0
3000.0,3000.4214,0.9999,SCALE_DOWN,3000.0
21000.0,21000.078,1.0,STAY_ACTIVE,21000.078125
7265.4,7304.3643,0.9946,SCALE_DOWN,3000.0
3000.0,3000.4214,0.9999,SCALE_DOWN,3000.0
6944.400000000001,6970.858,0.9962,SCALE_DOWN,3000.0
21000.0,20999.367,1.0,STAY_ACTIVE,20999.3671875
8471.4,8473.546,0.9997,SCALE_DOWN,3000.0
7689.9,7672.1807,0.9977,SCALE_DOWN,3000.0
21000.0,20999.852,1.0,STAY_ACTIVE,20999.8515625
21000.0,21000.049,1.0,STAY_ACTIVE,21000.048828125
3000.0,3000.4214,0.9999,SCALE_DOWN,3000.0
5262.6,5230.712,0.9939,SCALE_DOWN,3000.0
13248.3,13166.64,0.9938,STAY_ACTIVE,13166.6396484375
3000.0,3000.4214,0.9999,SCALE_DOWN,3000.0
20292.6,20297.588,0.9998,STAY_ACTIVE,20297.587890625
3000.0,3000.4214,0.9999,SCALE_DOWN,3000.0
15610.8,15572.092,0.9975,STAY_ACTIVE,15572.091796875
17535.3,17524.227,0.9994,STAY_ACTIVE,17524.2265625
3000.0,3000.4214,0.9999,SCALE_DOWN,3000.0
7082.4,7069.4497,0.9982,SCALE_DOWN,3000.0
8782.5,8799.505,0.9981,SCALE_DOWN,3000.0
3000.0,3000.4214,0.9999,SCALE_DOWN,3000.0
19489.800000000003,19599.766,0.9944,STAY_ACTIVE,19599.765625
21000.0,20999.852,1.0,STAY_ACTIVE,20999.8515625
3000.0,3000.4214,0.9999,SCALE_DOWN,3000.0
6752.700000000001,6806.9507,0.992,SCALE_DOWN,3000.0
3000.0,3000.4214,0.9999,SCALE_DOWN,3000.0
21000.0,21000.047,1.0,STAY_ACTIVE,21000.046875
21000.0,21000.047,1.0,STAY_ACTIVE,21000.046875
3000.0,3000.4214,0.9999,SCALE_DOWN,3000.0
3000.0,3000.4214,0.9999,SCALE_DOWN,3000.0
14430.0,14390.615,0.9973,STAY_ACTIVE,14390.615234375
21000.0,20998.734,0.9999,STAY_ACTIVE,20998.734375
5122.200000000001,5133.604,0.9978,SCALE_DOWN,3000.0
8525.7,8555.288,0.9965,SCALE_DOWN,3000.0
7372.2,7364.406,0.9989,SCALE_DOWN,3000.0
3000.0,3000.4214,0.9999,SCALE_DOWN,3000.0
3000.0,3000.4214,0.9999,SCALE_DOWN,3000.0
3000.0,3000.4214,0.9999,SCALE_DOWN,3000.0
21000.0,20999.11,1.0,STAY_ACTIVE,20999.109375
3000.0,3000.4214,0.9999,SCALE_DOWN,3000.0
3000.0,3000.4214,0.9999,SCALE_DOWN,3000.0
4402.8,4430.523,0.9937,SCALE_DOWN,3000.0
21000.0,21000.049,1.0,STAY_ACTIVE,21000.048828125
21000.0,21000.078,1.0,STAY_ACTIVE,21000.078125
21000.0,21025.238,0.9988,STAY_ACTIVE,21025.23828125
3000.0,3000.4214,0.9999,SCALE_DOWN,3000.0
4612.5,4579.2573,0.9928,SCALE_DOWN,3000.0
21000.0,21000.047,1.0,STAY_ACTIVE,21000.046875
3270.9,3285.9084,0.9954,SCALE_DOWN,3000.0
3000.0,3000.4214,0.9999,SCALE_DOWN,3000.0
3000.0,3000.4214,0.9999,SCALE_DOWN,3000.0
11251.800000000005,11275.212,0.9979,STAY_ACTIVE,11275.2119140625
3000.0,3000.4214,0.9999,SCALE_DOWN,3000.0
3000.0,3000.4214,0.9999,SCALE_DOWN,3000.0
5347.200000000001,5373.668,0.9951,SCALE_DOWN,3000.0
21000.0,21010.953,0.9995,STAY_ACTIVE,21010.953125
7195.199999999999,7131.989,0.9912,SCALE_DOWN,3000.0
3000.0,3000.4214,0.9999,SCALE_DOWN,3000.0
11943.600000000002,11998.205,0.9954,STAY_ACTIVE,11998.205078125
5869.8,5862.7993,0.9988,SCALE_DOWN,3000.0
21000.0,21000.049,1.0,STAY_ACTIVE,21000.048828125
3260.1,3261.0415,0.9997,SCALE_DOWN,3000.0
3000.0,3000.4214,0.9999,SCALE_DOWN,3000.0
5707.2,5718.615,0.998,SCALE_DOWN,3000.0
3000.0,3000.4214,0.9999,SCALE_DOWN,3000.0
3000.0,3000.4214,0.9999,SCALE_DOWN,3000.0
5643.9,5673.1235,0.9948,SCALE_DOWN,3000.0
3000.0,3000.4214,0.9999,SCALE_DOWN,3000.0
3000.0,3000.4214,0.9999,SCALE_DOWN,3000.0
6870.3,6827.881,0.9938,SCALE_DOWN,3000.0
21000.0,20980.166,0.9991,STAY_ACTIVE,20980.166015625
3000.0,3000.4214,0.9999,SCALE_DOWN,3000.0
5869.5,5859.389,0.9983,SCALE_DOWN,3000.0
3000.0,3000.4214,0.9999,SCALE_DOWN,3000.0
3000.0,3000.4214,0.9999,SCALE_DOWN,3000.0
6963.300000000001,6944.643,0.9973,SCALE_DOWN,3000.0
6394.200000000001,6368.0244,0.9959,SCALE_DOWN,3000.0
21000.0,20997.994,0.9999,STAY_ACTIVE,20997.994140625
21000.0,21000.047,1.0,STAY_ACTIVE,21000.046875
5790.6,5806.033,0.9973,SCALE_DOWN,3000.0
19194.0,19250.756,0.997,STAY_ACTIVE,19250.755859375
3000.0,3000.4214,0.9999,SCALE_DOWN,3000.0
3000.0,3000.4214,0.9999,SCALE_DOWN,3000.0
8967.6,8951.026,0.9982,SCALE_DOWN,3000.0
3000.0,3000.4214,0.9999,SCALE_DOWN,3000.0
21000.0,20999.564,1.0,STAY_ACTIVE,20999.564453125
3000.0,3000.4214,0.9999,SCALE_DOWN,3000.0
3000.0,3000.4214,0.9999,SCALE_DOWN,3000.0
3000.0,3000.4214,0.9999,SCALE_DOWN,3000.0
12437.1,12568.06,0.9895,STAY_ACTIVE,12568.0595703125
9153.0,9144.736,0.9991,STAY_ACTIVE,9144.736328125
3000.0,3000.4214,0.9999,SCALE_DOWN,3000.0
3000.0,3000.4214,0.9999,SCALE_DOWN,3000.0
3000.0,3000.4214,0.9999,SCALE_DOWN,3000.0
3000.0,3000.4214,0.9999,SCALE_DOWN,3000.0
21000.0,20997.943,0.9999,STAY_ACTIVE,20997.943359375
3024.9,3041.5535,0.9945,SCALE_DOWN,3000.0
21000.0,21037.379,0.9982,STAY_ACTIVE,21037.37890625
6729.6,6760.2085,0.9955,SCALE_DOWN,3000.0
7409.4,7393.7153,0.9979,SCALE_DOWN,3000.0
6252.9,6261.8506,0.9986,SCALE_DOWN,3000.0
3000.0,3000.4214,0.9999,SCALE_DOWN,3000.0
15737.7,15739.528,0.9999,STAY_ACTIVE,15739.5283203125
3000.0,3000.4214,0.9999,SCALE_DOWN,3000.0
16341.300000000005,16356.46,0.9991,STAY_ACTIVE,16356.4599609375
3000.0,3000.4214,0.9999,SCALE_DOWN,3000.0
6891.6,6902.0415,0.9985,SCALE_DOWN,3000.0
8980.2,8988.484,0.9991,SCALE_DOWN,3000.0
21000.0,20999.299,1.0,STAY_ACTIVE,20999.298828125
6612.0,6624.9746,0.998,SCALE_DOWN,3000.0
8466.6,8439.078,0.9967,SCALE_DOWN,3000.0
13047.9,13019.896,0.9979,STAY_ACTIVE,13019.896484375
21000.0,21000.322,1.0,STAY_ACTIVE,21000.322265625
3000.0,3000.4214,0.9999,SCALE_DOWN,3000.0
3000.0,3000.4214,0.9999,SCALE_DOWN,3000.0
14849.7,14870.965,0.9986,STAY_ACTIVE,14870.96484375
18000.600000000002,17941.334,0.9967,STAY_ACTIVE,17941.333984375
14249.1,14301.51,0.9963,STAY_ACTIVE,14301.509765625
3000.0,3000.4214,0.9999,SCALE_DOWN,3000.0
8028.6,8075.5796,0.9941,SCALE_DOWN,3000.0
5900.700000000001,5889.3604,0.9981,SCALE_DOWN,3000.0
21000.0,21000.049,1.0,STAY_ACTIVE,21000.048828125
4037.1,4056.3037,0.9952,SCALE_DOWN,3000.0
5017.5,4998.2876,0.9962,SCALE_DOWN,3000.0
20901.0,20883.244,0.9992,STAY_ACTIVE,20883.244140625
3000.0,3000.4214,0.9999,SCALE_DOWN,3000.0
4791.0,4780.7705,0.9979,SCALE_DOWN,3000.0
3000.0,3000.4214,0.9999,SCALE_DOWN,3000.0
3000.0,3000.4214,0.9999,SCALE_DOWN,3000.0
4664.700000000001,4685.7974,0.9955,SCALE_DOWN,3000.0
12167.7,12054.173,0.9907,STAY_ACTIVE,12054.1728515625
3000.0,3000.4214,0.9999,SCALE_DOWN,3000.0
3000.0,3000.4214,0.9999,SCALE_DOWN,3000.0
3000.0,3000.4214,0.9999,SCALE_DOWN,3000.0
3146.4,3164.9578,0.9941,SCALE_DOWN,3000.0
3000.0,3000.4214,0.9999,SCALE_DOWN,3000.0
5486.700000000001,5520.513,0.9938,SCALE_DOWN,3000.0
3000.0,3000.4214,0.9999,SCALE_DOWN,3000.0
5351.4,5172.187,0.9665,SCALE_DOWN,3000.0
5731.200000000001,5713.7524,0.997,SCALE_DOWN,3000.0
21000.0,21017.777,0.9992,STAY_ACTIVE,21017.77734375
21000.0,21000.047,1.0,STAY_ACTIVE,21000.046875
10481.4,10519.138,0.9964,STAY_ACTIVE,10519.1376953125
3000.0,3000.4214,0.9999,SCALE_DOWN,3000.0
21000.0,21020.12,0.999,STAY_ACTIVE,21020.119140625
3000.0,3000.4214,0.9999,SCALE_DOWN,3000.0
9827.4,9838.137,0.9989,STAY_ACTIVE,9838.13671875
21000.0,21000.047,1.0,STAY_ACTIVE,21000.046875
3000.0,3000.4214,0.9999,SCALE_DOWN,3000.0
3000.0,3000.4214,0.9999,SCALE_DOWN,3000.0
3000.0,3000.4214,0.9999,SCALE_DOWN,3000.0
21000.0,21000.047,1.0,STAY_ACTIVE,21000.046875
4594.200000000001,4583.7007,0.9977,SCALE_DOWN,3000.0
3000.0,3000.4214,0.9999,SCALE_DOWN,3000.0
18401.1,18562.895,0.9912,STAY_ACTIVE,18562.89453125
21000.0,20921.324,0.9963,STAY_ACTIVE,20921.32421875
11949.6,11950.226,0.9999,STAY_ACTIVE,11950.2255859375
6510.9,6501.032,0.9985,SCALE_DOWN,3000.0
3000.0,3000.4214,0.9999,SCALE_DOWN,3000.0
3000.0,3000.4214,0.9999,SCALE_DOWN,3000.0
3000.0,3000.4214,0.9999,SCALE_DOWN,3000.0
8049.6,8023.1597,0.9967,SCALE_DOWN,3000.0
3000.0,3000.4214,0.9999,SCALE_DOWN,3000.0
6519.3,6501.163,0.9972,SCALE_DOWN,3000.0
3380.7000000000003,3346.679,0.9899,SCALE_DOWN,3000.0
3000.0,3000.4214,0.9999,SCALE_DOWN,3000.0
12204.9,12273.553,0.9944,STAY_ACTIVE,12273.552734375
12887.1,12841.248,0.9964,STAY_ACTIVE,12841.248046875
21000.0,21000.047,1.0,STAY_ACTIVE,21000.046875
8592.9,8577.425,0.9982,SCALE_DOWN,3000.0
21000.0,21000.047,1.0,STAY_ACTIVE,21000.046875
3000.0,3000.4214,0.9999,SCALE_DOWN,3000.0
5698.200000000001,5723.7705,0.9955,SCALE_DOWN,3000.0
8665.2,8694.713,0.9966,SCALE_DOWN,3000.0
8326.5,8361.222,0.9958,SCALE_DOWN,3000.0
12874.800000000005,12853.065,0.9983,STAY_ACTIVE,12853.0654296875
10250.1,10228.904,0.9979,STAY_ACTIVE,10228.904296875
21000.0,21000.049,1.0,STAY_ACTIVE,21000.048828125
21000.0,21000.047,1.0,STAY_ACTIVE,21000.046875
19359.300000000003,19557.674,0.9898,STAY_ACTIVE,19557.673828125
3000.0,3000.4214,0.9999,SCALE_DOWN,3000.0
3149.4,3154.5388,0.9984,SCALE_DOWN,3000.0
3000.0,3000.4214,0.9999,SCALE_DOWN,3000.0
3000.0,3000.4214,0.9999,SCALE_DOWN,3000.0
21000.0,20998.734,0.9999,STAY_ACTIVE,20998.734375
12300.9,12320.477,0.9984,STAY_ACTIVE,12320.4765625
8835.300000000001,8861.809,0.997,SCALE_DOWN,3000.0
3000.0,3000.4214,0.9999,SCALE_DOWN,3000.0
10226.7,10193.8955,0.9968,STAY_ACTIVE,10193.8955078125
21000.0,20999.562,1.0,STAY_ACTIVE,20999.5625
14162.4,14145.497,0.9988,STAY_ACTIVE,14145.4970703125
21000.0,21000.1,1.0,STAY_ACTIVE,21000.099609375
10080.3,10063.663,0.9983,STAY_ACTIVE,10063.6630859375
8274.0,8232.644,0.995,SCALE_DOWN,3000.0
6435.0,6412.253,0.9965,SCALE_DOWN,3000.0
10950.0,10900.619,0.9955,STAY_ACTIVE,10900.619140625
3000.0,3000.4214,0.9999,SCALE_DOWN,3000.0
13901.4,13857.706,0.9969,STAY_ACTIVE,13857.7060546875
3000.0,3000.4214,0.9999,SCALE_DOWN,3000.0
3000.0,3000.4214,0.9999,SCALE_DOWN,3000.0
21000.0,20999.164,1.0,STAY_ACTIVE,20999.1640625
11597.7,11570.451,0.9977,STAY_ACTIVE,11570.451171875
21000.0,21000.047,1.0,STAY_ACTIVE,21000.046875
17727.300000000003,17737.79,0.9994,STAY_ACTIVE,17737.7890625
4071.599999999999,4112.4155,0.99,SCALE_DOWN,3000.0
6508.2,6494.3555,0.9979,SCALE_DOWN,3000.0
8338.5,8359.983,0.9974,SCALE_DOWN,3000.0
3000.0,3000.4214,0.9999,SCALE_DOWN,3000.0
21000.0,21000.047,1.0,STAY_ACTIVE,21000.046875
5626.799999999999,5646.558,0.9965,SCALE_DOWN,3000.0
13425.0,13277.032,0.989,STAY_ACTIVE,13277.0322265625
3000.0,3000.4214,0.9999,SCALE_DOWN,3000.0
6458.4,6465.6797,0.9989,SCALE_DOWN,3000.0
3000.0,3000.4214,0.9999,SCALE_DOWN,3000.0
3000.0,3000.4214,0.9999,SCALE_DOWN,3000.0
9261.0,9272.013,0.9988,STAY_ACTIVE,9272.0126953125
21000.0,21000.047,1.0,STAY_ACTIVE,21000.046875
3000.0,3000.4214,0.9999,SCALE_DOWN,3000.0
3000.0,3000.4214,0.9999,SCALE_DOWN,3000.0
13700.7,13547.573,0.9888,STAY_ACTIVE,13547.5732421875
21000.0,21000.049,1.0,STAY_ACTIVE,21000.048828125
21000.0,20979.508,0.999,STAY_ACTIVE,20979.5078125
3000.0,3000.4214,0.9999,SCALE_DOWN,3000.0
3000.0,3000.4214,0.9999,SCALE_DOWN,3000.0
3000.0,3000.4214,0.9999,SCALE_DOWN,3000.0
3000.0,3000.4214,0.9999,SCALE_DOWN,3000.0
3000.0,3000.4214,0.9999,SCALE_DOWN,3000.0
3000.0,3000.4214,0.9999,SCALE_DOWN,3000.0
3000.0,3000.4214,0.9999,SCALE_DOWN,3000.0
6792.9,6821.5884,0.9958,SCALE_DOWN,3000.0
18255.0,18258.686,0.9998,STAY_ACTIVE,18258.685546875
21000.0,21000.078,1.0,STAY_ACTIVE,21000.078125
3000.0,3000.4214,0.9999,SCALE_DOWN,3000.0
9573.3,9596.356,0.9976,STAY_ACTIVE,9596.3564453125
16238.7,16308.959,0.9957,STAY_ACTIVE,16308.958984375
12988.5,12971.728,0.9987,STAY_ACTIVE,12971.7275390625
21000.0,20999.426,1.0,STAY_ACTIVE,20999.42578125
3872.7,3862.6045,0.9974,SCALE_DOWN,3000.0
4926.9,4942.4785,0.9968,SCALE_DOWN,3000.0
5534.099999999999,5551.7393,0.9968,SCALE_DOWN,3000.0
3000.0,3000.4214,0.9999,SCALE_DOWN,3000.0
3000.0,3000.4214,0.9999,SCALE_DOWN,3000.0
6964.8,6956.3403,0.9988,SCALE_DOWN,3000.0
16147.2,16076.973,0.9957,STAY_ACTIVE,16076.97265625
10480.2,10496.014,0.9985,STAY_ACTIVE,10496.013671875
3000.0,3000.4214,0.9999,SCALE_DOWN,3000.0
7649.4,7647.65,0.9998,SCALE_DOWN,3000.0
13011.9,13062.269,0.9961,STAY_ACTIVE,13062.2685546875
6998.700000000001,6993.139,0.9992,SCALE_DOWN,3000.0
3527.3999999999996,3520.7244,0.9981,SCALE_DOWN,3000.0
21000.0,20999.328,1.0,STAY_ACTIVE,20999.328125
3000.0,3000.4214,0.9999,SCALE_DOWN,3000.0
16701.300000000003,16676.432,0.9985,STAY_ACTIVE,16676.431640625
3000.0,3000.4214,0.9999,SCALE_DOWN,3000.0
7469.4,7458.931,0.9986,SCALE_DOWN,3000.0
21000.0,21000.291,1.0,STAY_ACTIVE,21000.291015625
13146.0,13132.404,0.999,STAY_ACTIVE,13132.404296875
3000.0,3000.4214,0.9999,SCALE_DOWN,3000.0
3000.0,3000.4214,0.9999,SCALE_DOWN,3000.0
5333.4,5320.398,0.9976,SCALE_DOWN,3000.0
4443.299999999999,4461.322,0.9959,SCALE_DOWN,3000.0
6330.0,6343.183,0.9979,SCALE_DOWN,3000.0
21000.0,21000.049,1.0,STAY_ACTIVE,21000.048828125
21000.0,21000.047,1.0,STAY_ACTIVE,21000.046875
3000.0,3000.4214,0.9999,SCALE_DOWN,3000.0
11850.9,11918.262,0.9943,STAY_ACTIVE,11918.26171875
3000.0,3000.4214,0.9999,SCALE_DOWN,3000.0
5649.9,5651.703,0.9997,SCALE_DOWN,3000.0
5907.0,5886.449,0.9965,SCALE_DOWN,3000.0
3000.0,3000.4214,0.9999,SCALE_DOWN,3000.0
21000.0,21000.078,1.0,STAY_ACTIVE,21000.078125
3000.0,3000.4214,0.9999,SCALE_DOWN,3000.0
3000.0,3000.4214,0.9999,SCALE_DOWN,3000.0
10269.3,10295.423,0.9975,STAY_ACTIVE,10295.4228515625
3000.0,3000.4214,0.9999,SCALE_DOWN,3000.0
3164.4,3178.7786,0.9955,SCALE_DOWN,3000.0
4841.1,4829.2686,0.9976,SCALE_DOWN,3000.0
12344.4,12361.505,0.9986,STAY_ACTIVE,12361.5048828125
3000.0,3000.4214,0.9999,SCALE_DOWN,3000.0
7929.0,7919.7783,0.9988,SCALE_DOWN,3000.0
5061.6,5067.735,0.9988,SCALE_DOWN,3000.0
21000.0,21000.863,1.0,STAY_ACTIVE,21000.86328125
16210.2,16271.817,0.9962,STAY_ACTIVE,16271.8173828125
7389.6,7401.312,0.9984,SCALE_DOWN,3000.0
3000.0,3000.4214,0.9999,SCALE_DOWN,3000.0
6226.5,6287.214,0.9902,SCALE_DOWN,3000.0
16056.3,16034.283,0.9986,STAY_ACTIVE,16034.283203125
3000.0,3000.4214,0.9999,SCALE_DOWN,3000.0
21000.0,21000.078,1.0,STAY_ACTIVE,21000.078125
3000.0,3000.4214,0.9999,SCALE_DOWN,3000.0
4432.8,4424.272,0.9981,SCALE_DOWN,3000.0
13062.9,13044.072,0.9986,STAY_ACTIVE,13044.072265625
21000.0,20998.062,0.9999,STAY_ACTIVE,20998.0625
5738.1,5781.151,0.9925,SCALE_DOWN,3000.0
17990.7,17969.305,0.9988,STAY_ACTIVE,17969.3046875
21000.0,21000.047,1.0,STAY_ACTIVE,21000.046875
21000.0,21000.047,1.0,STAY_ACTIVE,21000.046875
13195.5,13180.899,0.9989,STAY_ACTIVE,13180.8994140625
8231.7,8216.845,0.9982,SCALE_DOWN,3000.0
3000.0,3000.4214,0.9999,SCALE_DOWN,3000.0
21000.0,21000.049,1.0,STAY_ACTIVE,21000.048828125
21000.0,20997.979,0.9999,STAY_ACTIVE,20997.978515625
21000.0,20999.328,1.0,STAY_ACTIVE,20999.328125
4743.9,4753.7114,0.9979,SCALE_DOWN,3000.0
15560.400000000003,15657.881,0.9937,STAY_ACTIVE,15657.880859375
3000.0,3000.4214,0.9999,SCALE_DOWN,3000.0
4052.1,4027.6482,0.994,SCALE_DOWN,3000.0
3000.0,3000.4214,0.9999,SCALE_DOWN,3000.0
21000.0,21000.047,1.0,STAY_ACTIVE,21000.046875
10140.3,10149.998,0.999,STAY_ACTIVE,10149.998046875
3000.0,3000.4214,0.9999,SCALE_DOWN,3000.0
21000.0,21011.178,0.9995,STAY_ACTIVE,21011.177734375
3000.0,3000.4214,0.9999,SCALE_DOWN,3000.0
12420.0,12469.066,0.996,STAY_ACTIVE,12469.06640625
14513.1,14459.391,0.9963,STAY_ACTIVE,14459.390625
3000.0,3000.4214,0.9999,SCALE_DOWN,3000.0
3000.0,3000.4214,0.9999,SCALE_DOWN,3000.0
3000.0,3000.4214,0.9999,SCALE_DOWN,3000.0
21000.0,20999.852,1.0,STAY_ACTIVE,20999.8515625
3000.0,3000.4214,0.9999,SCALE_DOWN,3000.0
3000.0,3000.4214,0.9999,SCALE_DOWN,3000.0
3000.0,3000.4214,0.9999,SCALE_DOWN,3000.0
21000.0,20998.477,0.9999,STAY_ACTIVE,20998.4765625
3000.0,3000.4214,0.9999,SCALE_DOWN,3000.0
11968.2,11861.168,0.9911,STAY_ACTIVE,11861.16796875
21000.0,21000.047,1.0,STAY_ACTIVE,21000.046875
5451.9,5445.1167,0.9988,SCALE_DOWN,3000.0
9125.4,9091.151,0.9962,STAY_ACTIVE,9091.1513671875
10394.4,10371.17,0.9978,STAY_ACTIVE,10371.169921875
5784.300000000001,5798.9062,0.9975,SCALE_DOWN,3000.0
9909.9,9870.632,0.996,STAY_ACTIVE,9870.6318359375
3000.0,3000.4214,0.9999,SCALE_DOWN,3000.0
21000.0,21000.047,1.0,STAY_ACTIVE,21000.046875
21000.0,21000.047,1.0,STAY_ACTIVE,21000.046875
3000.0,3000.4214,0.9999,SCALE_DOWN,3000.0
8948.099999999999,8923.039,0.9972,SCALE_DOWN,3000.0
13218.3,13209.058,0.9993,STAY_ACTIVE,13209.0576171875
8712.0,8713.466,0.9998,SCALE_DOWN,3000.0
21000.0,21000.047,1.0,STAY_ACTIVE,21000.046875
21000.0,21000.047,1.0,STAY_ACTIVE,21000.046875
9145.5,9175.03,0.9968,STAY_ACTIVE,9175.0302734375
3000.0,3000.4214,0.9999,SCALE_DOWN,3000.0
21000.0,20980.137,0.9991,STAY_ACTIVE,20980.13671875
17192.4,17081.6,0.9936,STAY_ACTIVE,17081.599609375
21000.0,21001.082,0.9999,STAY_ACTIVE,21001.08203125
3000.0,3000.4214,0.9999,SCALE_DOWN,3000.0
3000.0,3000.4214,0.9999,SCALE_DOWN,3000.0
7042.199999999999,7095.265,0.9925,SCALE_DOWN,3000.0
6610.200000000001,6624.9746,0.9978,SCALE_DOWN,3000.0
4703.7,4697.356,0.9987,SCALE_DOWN,3000.0
3000.0,3000.4214,0.9999,SCALE_DOWN,3000.0
12218.4,12216.709,0.9999,STAY_ACTIVE,12216.708984375
4185.0,4153.798,0.9925,SCALE_DOWN,3000.0
3000.0,3000.4214,0.9999,SCALE_DOWN,3000.0
21000.0,20998.604,0.9999,STAY_ACTIVE,20998.603515625
3000.0,3000.4214,0.9999,SCALE_DOWN,3000.0
19685.7,19591.543,0.9952,STAY_ACTIVE,19591.54296875
21000.0,21000.047,1.0,STAY_ACTIVE,21000.046875
7741.200000000001,7767.21,0.9966,SCALE_DOWN,3000.0
3000.0,3000.4214,0.9999,SCALE_DOWN,3000.0
9201.6,9199.046,0.9997,STAY_ACTIVE,9199.0458984375
7175.700000000001,7170.2773,0.9992,SCALE_DOWN,3000.0
21000.0,21000.078,1.0,STAY_ACTIVE,21000.078125
3000.0,3000.4214,0.9999,SCALE_DOWN,3000.0
3000.0,3000.4214,0.9999,SCALE_DOWN,3000.0
3000.0,3000.4214,0.9999,SCALE_DOWN,3000.0
3000.0,3000.4214,0.9999,SCALE_DOWN,3000.0
3000.0,3000.4214,0.9999,SCALE_DOWN,3000.0
11551.8,11565.744,0.9988,STAY_ACTIVE,11565.744140625
9956.4,9967.848,0.9989,STAY_ACTIVE,9967.84765625
3000.0,3000.4214,0.9999,SCALE_DOWN,3000.0
3000.0,3000.4214,0.9999,SCALE_DOWN,3000.0
13745.4,13664.004,0.9941,STAY_ACTIVE,13664.00390625
3000.0,3000.4214,0.9999,SCALE_DOWN,3000.0
21000.0,20998.27,0.9999,STAY_ACTIVE,20998.26953125
21000.0,20998.35,0.9999,STAY_ACTIVE,20998.349609375
4842.0,4832.281,0.998,SCALE_DOWN,3000.0
12710.1,12694.839,0.9988,STAY_ACTIVE,12694.8388671875
21000.0,20996.475,0.9998,STAY_ACTIVE,20996.474609375
9892.5,9850.114,0.9957,STAY_ACTIVE,9850.1142578125
3000.0,3000.4214,0.9999,SCALE_DOWN,3000.0
3257.1,3260.1313,0.9991,SCALE_DOWN,3000.0
9270.6,9434.921,0.9823,STAY_ACTIVE,9434.9208984375
3000.0,3000.4214,0.9999,SCALE_DOWN,3000.0
21000.0,21000.67,1.0,STAY_ACTIVE,21000.669921875
9716.4,9758.166,0.9957,STAY_ACTIVE,9758.166015625
3000.0,3000.4214,0.9999,SCALE_DOWN,3000.0
19083.000000000004,19095.037,0.9994,STAY_ACTIVE,19095.037109375
8419.2,8364.299,0.9935,SCALE_DOWN,3000.0
9533.4,9367.144,0.9826,STAY_ACTIVE,9367.1435546875
8854.8,8832.85,0.9975,SCALE_DOWN,3000.0
3000.0,3000.4214,0.9999,SCALE_DOWN,3000.0
17656.5,17627.916,0.9984,STAY_ACTIVE,17627.916015625
3692.1,3732.9583,0.9889,SCALE_DOWN,3000.0
3000.0,3000.4214,0.9999,SCALE_DOWN,3000.0
5590.5,5550.8115,0.9929,SCALE_DOWN,3000.0
21000.0,20999.562,1.0,STAY_ACTIVE,20999.5625
21000.0,21000.049,1.0,STAY_ACTIVE,21000.048828125
4302.9,4337.403,0.992,SCALE_DOWN,3000.0
4674.0,4694.2607,0.9957,SCALE_DOWN,3000.0
3000.0,3000.4214,0.9999,SCALE_DOWN,3000.0
3000.0,3000.4214,0.9999,SCALE_DOWN,3000.0
21000.0,20999.852,1.0,STAY_ACTIVE,20999.8515625
3000.0,3000.4214,0.9999,SCALE_DOWN,3000.0
21000.0,20983.314,0.9992,STAY_ACTIVE,20983.314453125
5946.0,5953.9277,0.9987,SCALE_DOWN,3000.0
4590.900000000001,4584.9395,0.9987,SCALE_DOWN,3000.0
19468.2,19725.271,0.9868,STAY_ACTIVE,19725.271484375
15997.500000000002,15962.543,0.9978,STAY_ACTIVE,15962.54296875
3000.0,3000.4214,0.9999,SCALE_DOWN,3000.0
3218.4,3218.6555,0.9999,SCALE_DOWN,3000.0
3000.0,3000.4214,0.9999,SCALE_DOWN,3000.0
21000.0,21000.078,1.0,STAY_ACTIVE,21000.078125
4157.1,4120.0273,0.9911,SCALE_DOWN,3000.0
21000.0,21000.096,1.0,STAY_ACTIVE,21000.095703125
6357.3,6347.891,0.9985,SCALE_DOWN,3000.0
3000.0,3000.4214,0.9999,SCALE_DOWN,3000.0
7266.6,7273.157,0.9991,SCALE_DOWN,3000.0
11675.1,11652.408,0.9981,STAY_ACTIVE,11652.408203125
21000.0,20999.074,1.0,STAY_ACTIVE,20999.07421875
3000.0,3000.4214,0.9999,SCALE_DOWN,3000.0
21000.0,20979.164,0.999,STAY_ACTIVE,20979.1640625
21000.0,21000.047,1.0,STAY_ACTIVE,21000.046875
21000.0,21000.047,1.0,STAY_ACTIVE,21000.046875
4592.1,4631.301,0.9915,SCALE_DOWN,3000.0
14840.4,14807.28,0.9978,STAY_ACTIVE,14807.2802734375
21000.0,20999.553,1.0,STAY_ACTIVE,20999.552734375
3000.0,3000.4214,0.9999,SCALE_DOWN,3000.0
21000.0,20999.562,1.0,STAY_ACTIVE,20999.5625
21000.0,21000.047,1.0,STAY_ACTIVE,21000.046875
3000.0,3000.4214,0.9999,SCALE_DOWN,3000.0
7830.599999999999,7870.072,0.995,SCALE_DOWN,3000.0
6721.2,6724.1714,0.9996,SCALE_DOWN,3000.0
3000.0,3000.4214,0.9999,SCALE_DOWN,3000.0
21000.0,21000.047,1.0,STAY_ACTIVE,21000.046875
3000.0,3000.4214,0.9999,SCALE_DOWN,3000.0
21000.0,21000.049,1.0,STAY_ACTIVE,21000.048828125
3000.0,3000.4214,0.9999,SCALE_DOWN,3000.0
3000.0,3000.4214,0.9999,SCALE_DOWN,3000.0
16448.7,16459.113,0.9994,STAY_ACTIVE,16459.11328125
21000.0,20999.297,1.0,STAY_ACTIVE,20999.296875
3000.0,3000.4214,0.9999,SCALE_DOWN,3000.0
6238.200000000001,6232.25,0.999,SCALE_DOWN,3000.0
21000.0,20997.902,0.9999,STAY_ACTIVE,20997.90234375
3000.0,3000.4214,0.9999,SCALE_DOWN,3000.0
9115.5,9088.736,0.9971,STAY_ACTIVE,9088.736328125
21000.0,21000.049,1.0,STAY_ACTIVE,21000.048828125
3000.0,3000.4214,0.9999,SCALE_DOWN,3000.0
6152.4,6149.8965,0.9996,SCALE_DOWN,3000.0
21000.0,21000.047,1.0,STAY_ACTIVE,21000.046875
10527.6,10503.073,0.9977,STAY_ACTIVE,10503.0732421875
21000.0,21000.047,1.0,STAY_ACTIVE,21000.046875
6169.5,6171.5977,0.9997,SCALE_DOWN,3000.0
21000.0,20998.174,0.9999,STAY_ACTIVE,20998.173828125
5321.1,5309.1914,0.9978,SCALE_DOWN,3000.0
21000.0,21000.078,1.0,STAY_ACTIVE,21000.078125
21000.0,20972.648,0.9987,STAY_ACTIVE,20972.6484375
3000.0,3000.4214,0.9999,SCALE_DOWN,3000.0
4257.0,4216.748,0.9905,SCALE_DOWN,3000.0
3000.0,3000.4214,0.9999,SCALE_DOWN,3000.0
21000.0,20999.326,1.0,STAY_ACTIVE,20999.326171875
11069.1,11047.584,0.9981,STAY_ACTIVE,11047.583984375
21000.0,20999.01,1.0,STAY_ACTIVE,20999.009765625
15784.2,15919.564,0.9914,STAY_ACTIVE,15919.564453125
3000.0,3000.4214,0.9999,SCALE_DOWN,3000.0
20535.6,20534.822,1.0,STAY_ACTIVE,20534.822265625
6820.199999999999,6797.0107,0.9966,SCALE_DOWN,3000.0
21000.0,21000.078,1.0,STAY_ACTIVE,21000.078125
3000.0,3000.4214,0.9999,SCALE_DOWN,3000.0
3000.0,3000.4214,0.9999,SCALE_DOWN,3000.0
9325.8,9347.839,0.9976,STAY_ACTIVE,9347.8388671875
6093.299999999999,6069.881,0.9962,SCALE_DOWN,3000.0
16699.8,16783.17,0.995,STAY_ACTIVE,16783.169921875
6986.400000000001,6956.3403,0.9957,SCALE_DOWN,3000.0
3000.0,3000.4214,0.9999,SCALE_DOWN,3000.0
6621.9,6842.9785,0.9666,SCALE_DOWN,3000.0
7698.900000000001,7690.511,0.9989,SCALE_DOWN,3000.0
3000.0,3000.4214,0.9999,SCALE_DOWN,3000.0
4992.3,4965.9385,0.9947,SCALE_DOWN,3000.0
3000.0,3000.4214,0.9999,SCALE_DOWN,3000.0
6366.299999999999,6318.8604,0.9925,SCALE_DOWN,3000.0
3000.0,3000.4214,0.9999,SCALE_DOWN,3000.0
3381.6,3410.6995,0.9914,SCALE_DOWN,3000.0
3000.0,3000.4214,0.9999,SCALE_DOWN,3000.0
21000.0,21000.078,1.0,STAY_ACTIVE,21000.078125
3000.0,3000.4214,0.9999,SCALE_DOWN,3000.0
3000.0,3000.4214,0.9999,SCALE_DOWN,3000.0
21000.0,21000.049,1.0,STAY_ACTIVE,21000.048828125
3000.0,3000.4214,0.9999,SCALE_DOWN,3000.0
21000.0,21000.047,1.0,STAY_ACTIVE,21000.046875
18194.7,18342.484,0.9919,STAY_ACTIVE,18342.484375
17025.0,17083.373,0.9966,STAY_ACTIVE,17083.373046875
14663.7,14681.781,0.9988,STAY_ACTIVE,14681.78125
3000.0,3000.4214,0.9999,SCALE_DOWN,3000.0
21000.0,21000.047,1.0,STAY_ACTIVE,21000.046875
21000.0,21000.047,1.0,STAY_ACTIVE,21000.046875
21000.0,21000.092,1.0,STAY_ACTIVE,21000.091796875
12935.1,12953.691,0.9986,STAY_ACTIVE,12953.69140625
12360.000000000002,12383.753,0.9981,STAY_ACTIVE,12383.7529296875
20004.300000000003,19970.803,0.9983,STAY_ACTIVE,19970.802734375
17902.800000000003,17861.299,0.9977,STAY_ACTIVE,17861.298828125
3000.0,3000.4214,0.9999,SCALE_DOWN,3000.0
3000.0,3000.4214,0.9999,SCALE_DOWN,3000.0
3000.0,3000.4214,0.9999,SCALE_DOWN,3000.0
21000.0,21000.047,1.0,STAY_ACTIVE,21000.046875
21000.0,21000.049,1.0,STAY_ACTIVE,21000.048828125
21000.0,20999.133,1.0,STAY_ACTIVE,20999.1328125
21000.0,21000.078,1.0,STAY_ACTIVE,21000.078125
3000.0,3000.4214,0.9999,SCALE_DOWN,3000.0
3000.0,3000.4214,0.9999,SCALE_DOWN,3000.0
4858.5,4869.2837,0.9978,SCALE_DOWN,3000.0
3000.0,3000.4214,0.9999,SCALE_DOWN,3000.0
21000.0,21000.049,1.0,STAY_ACTIVE,21000.048828125
15069.3,15093.838,0.9984,STAY_ACTIVE,15093.837890625
3000.0,3000.4214,0.9999,SCALE_DOWN,3000.0
21000.0,20995.775,0.9998,STAY_ACTIVE,20995.775390625
3000.0,3000.4214,0.9999,SCALE_DOWN,3000.0
3000.0,3000.4214,0.9999,SCALE_DOWN,3000.0
3000.0,3000.4214,0.9999,SCALE_DOWN,3000.0
9274.2,9226.42,0.9948,STAY_ACTIVE,9226.419921875
21000.0,21000.078,1.0,STAY_ACTIVE,21000.078125
4449.9,4461.322,0.9974,SCALE_DOWN,3000.0
8380.8,8448.778,0.9919,SCALE_DOWN,3000.0
12145.800000000005,12169.138,0.9981,STAY_ACTIVE,12169.1376953125
21000.0,20999.107,1.0,STAY_ACTIVE,20999.107421875
21000.0,20999.318,1.0,STAY_ACTIVE,20999.318359375
3000.0,3000.4214,0.9999,SCALE_DOWN,3000.0
3447.8999999999996,3438.4116,0.9972,SCALE_DOWN,3000.0
8997.3,9001.947,0.9995,STAY_ACTIVE,9001.947265625
21000.0,21000.047,1.0,STAY_ACTIVE,21000.046875
21000.0,21000.121,1.0,STAY_ACTIVE,21000.12109375
3000.0,3000.4214,0.9999,SCALE_DOWN,3000.0
5590.8,5578.4683,0.9978,SCALE_DOWN,3000.0
21000.0,21000.047,1.0,STAY_ACTIVE,21000.046875
3982.2,3980.2048,0.9995,SCALE_DOWN,3000.0
7159.799999999999,7188.112,0.996,SCALE_DOWN,3000.0
3000.0,3000.4214,0.9999,SCALE_DOWN,3000.0
11125.5,11003.186,0.989,STAY_ACTIVE,11003.185546875
3000.0,3000.4214,0.9999,SCALE_DOWN,3000.0
4952.4,4972.4697,0.9959,SCALE_DOWN,3000.0
3699.0,3709.8987,0.9971,SCALE_DOWN,3000.0
3213.0,3179.9663,0.9897,SCALE_DOWN,3000.0
15489.600000000002,15463.976,0.9983,STAY_ACTIVE,15463.9755859375
11943.9,11976.964,0.9972,STAY_ACTIVE,11976.9638671875
17694.9,17504.041,0.9892,STAY_ACTIVE,17504.041015625
8092.500000000001,8072.2397,0.9975,SCALE_DOWN,3000.0
3000.0,3000.4214,0.9999,SCALE_DOWN,3000.0
6229.8,6218.286,0.9982,SCALE_DOWN,3000.0
8217.3,8213.25,0.9995,SCALE_DOWN,3000.0
3000.0,3000.4214,0.9999,SCALE_DOWN,3000.0
21000.0,20998.23,0.9999,STAY_ACTIVE,20998.23046875
6258.6,6243.0215,0.9975,SCALE_DOWN,3000.0
3000.0,3000.4214,0.9999,SCALE_DOWN,3000.0
21000.0,21000.047,1.0,STAY_ACTIVE,21000.046875
8543.7,8509.094,0.9959,SCALE_DOWN,3000.0
8916.6,8918.627,0.9998,SCALE_DOWN,3000.0
20745.3,20821.059,0.9963,STAY_ACTIVE,20821.05859375
21000.0,21000.047,1.0,STAY_ACTIVE,21000.046875
3000.0,3000.4214,0.9999,SCALE_DOWN,3000.0
5954.7,5969.5864,0.9975,SCALE_DOWN,3000.0
21000.0,20999.734,1.0,STAY_ACTIVE,20999.734375
3000.0,3000.4214,0.9999,SCALE_DOWN,3000.0
3000.0,3000.4214,0.9999,SCALE_DOWN,3000.0
3000.0,3000.4214,0.9999,SCALE_DOWN,3000.0
7680.3,7710.292,0.9961,SCALE_DOWN,3000.0
8568.3,8538.549,0.9965,SCALE_DOWN,3000.0
3000.0,3000.4214,0.9999,SCALE_DOWN,3000.0
3000.0,3000.4214,0.9999,SCALE_DOWN,3000.0
5256.299999999999,5239.8945,0.9969,SCALE_DOWN,3000.0
3000.0,3000.4214,0.9999,SCALE_DOWN,3000.0
3000.0,3000.4214,0.9999,SCALE_DOWN,3000.0
16511.4,16550.977,0.9976,STAY_ACTIVE,16550.9765625
3000.0,3000.4214,0.9999,SCALE_DOWN,3000.0
5023.5,5006.202,0.9966,SCALE_DOWN,3000.0
3326.4,3351.8264,0.9924,SCALE_DOWN,3000.0
5668.200000000001,5678.228,0.9982,SCALE_DOWN,3000.0
3000.0,3000.4214,0.9999,SCALE_DOWN,3000.0
3000.0,3000.4214,0.9999,SCALE_DOWN,3000.0
21000.0,20999.852,1.0,STAY_ACTIVE,20999.8515625
3000.0,3000.4214,0.9999,SCALE_DOWN,3000.0
5509.2,5500.557,0.9984,SCALE_DOWN,3000.0
21000.0,20999.957,1.0,STAY_ACTIVE,20999.95703125
21000.0,21000.047,1.0,STAY_ACTIVE,21000.046875
6036.0,6019.7925,0.9973,SCALE_DOWN,3000.0
7444.2,7452.324,0.9989,SCALE_DOWN,3000.0
7306.8,7296.304,0.9986,SCALE_DOWN,3000.0
12969.9,12990.339,0.9984,STAY_ACTIVE,12990.3388671875
5673.6,5648.409,0.9956,SCALE_DOWN,3000.0
7171.800000000001,7164.2124,0.9989,SCALE_DOWN,3000.0
3000.0,3000.4214,0.9999,SCALE_DOWN,3000.0
19263.9,19163.104,0.9948,STAY_ACTIVE,19163.103515625
3000.0,3000.4214,0.9999,SCALE_DOWN,3000.0
6162.9,6184.289,0.9965,SCALE_DOWN,3000.0
8106.0,8092.172,0.9983,SCALE_DOWN,3000.0
3543.9,3515.3845,0.992,SCALE_DOWN,3000.0
3000.0,3000.4214,0.9999,SCALE_DOWN,3000.0
3000.0,3000.4214,0.9999,SCALE_DOWN,3000.0
3000.0,3000.4214,0.9999,SCALE_DOWN,3000.0
7477.5,7490.9644,0.9982,SCALE_DOWN,3000.0
9715.8,9696.001,0.998,STAY_ACTIVE,9696.0009765625
11806.500000000002,11807.412,0.9999,STAY_ACTIVE,11807.412109375
5649.9,5657.2964,0.9987,SCALE_DOWN,3000.0
11306.1,11286.75,0.9983,STAY_ACTIVE,11286.75
8201.099999999999,8219.084,0.9978,SCALE_DOWN,3000.0
3000.0,3000.4214,0.9999,SCALE_DOWN,3000.0
3000.0,3000.4214,0.9999,SCALE_DOWN,3000.0
21000.0,20998.582,0.9999,STAY_ACTIVE,20998.58203125
21000.0,21000.047,1.0,STAY_ACTIVE,21000.046875
21000.0,20980.166,0.9991,STAY_ACTIVE,20980.166015625
8644.2,8584.78,0.9931,SCALE_DOWN,3000.0
21000.0,20998.176,0.9999,STAY_ACTIVE,20998.17578125
3000.0,3000.4214,0.9999,SCALE_DOWN,3000.0
6531.3,6531.266,1.0,SCALE_DOWN,3000.0
21000.0,21000.047,1.0,STAY_ACTIVE,21000.046875
11973.6,12000.667,0.9977,STAY_ACTIVE,12000.6669921875
21000.0,20999.297,1.0,STAY_ACTIVE,20999.296875
21000.0,21000.047,1.0,STAY_ACTIVE,21000.046875
21000.0,20952.34,0.9977,STAY_ACTIVE,20952.33984375
3000.0,3000.4214,0.9999,SCALE_DOWN,3000.0
21000.0,21000.078,1.0,STAY_ACTIVE,21000.078125
3000.0,3000.4214,0.9999,SCALE_DOWN,3000.0
6492.300000000001,6449.907,0.9935,SCALE_DOWN,3000.0
7886.400000000001,7881.777,0.9994,SCALE_DOWN,3000.0
5235.0,5242.2285,0.9986,SCALE_DOWN,3000.0
21000.0,20998.826,0.9999,STAY_ACTIVE,20998.826171875
8491.2,8505.203,0.9984,SCALE_DOWN,3000.0
21000.0,21000.047,1.0,STAY_ACTIVE,21000.046875
9168.6,9134.148,0.9962,STAY_ACTIVE,9134.1484375
7396.5,7383.118,0.9982,SCALE_DOWN,3000.0
21000.0,21000.049,1.0,STAY_ACTIVE,21000.048828125
21000.0,20987.559,0.9994,STAY_ACTIVE,20987.55859375
6158.1,6192.2354,0.9945,SCALE_DOWN,3000.0
4531.5,4516.0645,0.9966,SCALE_DOWN,3000.0
21000.0,21018.281,0.9991,STAY_ACTIVE,21018.28125
6960.3,6937.9834,0.9968,SCALE_DOWN,3000.0
3245.7,3266.0366,0.9937,SCALE_DOWN,3000.0
11856.6,11882.568,0.9978,STAY_ACTIVE,11882.568359375
3000.0,3000.4214,0.9999,SCALE_DOWN,3000.0
3000.0,3000.4214,0.9999,SCALE_DOWN,3000.0
21000.0,21000.047,1.0,STAY_ACTIVE,21000.046875
6798.3,6823.27,0.9963,SCALE_DOWN,3000.0
3000.0,3000.4214,0.9999,SCALE_DOWN,3000.0
10266.9,10268.06,0.9999,STAY_ACTIVE,10268.0595703125
13152.9,13103.918,0.9963,STAY_ACTIVE,13103.91796875
6490.200000000001,6441.2847,0.9925,SCALE_DOWN,3000.0
9711.0,9694.645,0.9983,STAY_ACTIVE,9694.64453125
14821.2,14779.669,0.9972,STAY_ACTIVE,14779.6689453125
11816.4,11973.42,0.9867,STAY_ACTIVE,11973.419921875
3000.0,3000.4214,0.9999,SCALE_DOWN,3000.0
3000.0,3000.4214,0.9999,SCALE_DOWN,3000.0
5304.9,5291.849,0.9975,SCALE_DOWN,3000.0
3000.0,3000.4214,0.9999,SCALE_DOWN,3000.0
3000.0,3000.4214,0.9999,SCALE_DOWN,3000.0
3000.0,3000.4214,0.9999,SCALE_DOWN,3000.0
21000.0,21000.047,1.0,STAY_ACTIVE,21000.046875
16033.5,16147.281,0.9929,STAY_ACTIVE,16147.28125
16405.5,16451.477,0.9972,STAY_ACTIVE,16451.4765625
21000.0,21000.049,1.0,STAY_ACTIVE,21000.048828125
12964.2,12933.667,0.9976,STAY_ACTIVE,12933.6669921875
7123.8,7096.243,0.9961,SCALE_DOWN,3000.0
21000.0,20998.826,0.9999,STAY_ACTIVE,20998.826171875
3000.0,3000.4214,0.9999,SCALE_DOWN,3000.0
6317.700000000001,6423.6875,0.9832,SCALE_DOWN,3000.0
3000.0,3000.4214,0.9999,SCALE_DOWN,3000.0
8242.5,8259.839,0.9979,SCALE_DOWN,3000.0
3000.0,3000.4214,0.9999,SCALE_DOWN,3000.0
3000.0,3000.4214,0.9999,SCALE_DOWN,3000.0
4902.299999999999,4925.048,0.9954,SCALE_DOWN,3000.0
8038.799999999999,8031.962,0.9991,SCALE_DOWN,3000.0
3000.0,3000.4214,0.9999,SCALE_DOWN,3000.0
4887.6,4868.941,0.9962,SCALE_DOWN,3000.0
3000.0,3000.4214,0.9999,SCALE_DOWN,3000.0
12458.1,12454.82,0.9997,STAY_ACTIVE,12454.8203125
14520.900000000003,14487.603,0.9977,STAY_ACTIVE,14487.6025390625
8283.0,8274.656,0.999,SCALE_DOWN,3000.0
21000.0,20998.205,0.9999,STAY_ACTIVE,20998.205078125
6741.6,6704.648,0.9945,SCALE_DOWN,3000.0
5862.6,5858.888,0.9994,SCALE_DOWN,3000.0
5252.1,5272.723,0.9961,SCALE_DOWN,3000.0
3000.0,3000.4214,0.9999,SCALE_DOWN,3000.0
3000.0,3000.4214,0.9999,SCALE_DOWN,3000.0
8830.800000000001,8804.68,0.997,SCALE_DOWN,3000.0
3000.0,3000.4214,0.9999,SCALE_DOWN,3000.0
21000.0,21000.047,1.0,STAY_ACTIVE,21000.046875
4306.799999999999,4291.7305,0.9965,SCALE_DOWN,3000.0
9843.9,9907.902,0.9935,STAY_ACTIVE,9907.90234375
4294.5,4286.3022,0.9981,SCALE_DOWN,3000.0
5159.099999999999,5628.869,0.9089,SCALE_DOWN,3000.0
4069.2,4073.2769,0.999,SCALE_DOWN,3000.0
7321.200000000001,7340.292,0.9974,SCALE_DOWN,3000.0
11944.8,11957.997,0.9989,STAY_ACTIVE,11957.9970703125
3000.0,3000.4214,0.9999,SCALE_DOWN,3000.0
7272.000000000001,7374.1104,0.986,SCALE_DOWN,3000.0
16636.2,16635.24,0.9999,STAY_ACTIVE,16635.240234375
21000.0,21000.078,1.0,STAY_ACTIVE,21000.078125
21000.0,21000.047,1.0,STAY_ACTIVE,21000.046875
3000.0,3000.4214,0.9999,SCALE_DOWN,3000.0
21000.0,21000.049,1.0,STAY_ACTIVE,21000.048828125
5323.8,5325.8105,0.9996,SCALE_DOWN,3000.0
3915.900000000001,3960.218,0.9887,SCALE_DOWN,3000.0
21000.0,21000.047,1.0,STAY_ACTIVE,21000.046875
10446.9,10428.012,0.9982,STAY_ACTIVE,10428.01171875
6489.9,6501.697,0.9982,SCALE_DOWN,3000.0
13259.7,13220.891,0.9971,STAY_ACTIVE,13220.890625
15092.1,14998.506,0.9938,STAY_ACTIVE,14998.505859375
14373.9,14404.996,0.9978,STAY_ACTIVE,14404.99609375
3000.0,3000.4214,0.9999,SCALE_DOWN,3000.0
6228.3,6198.5815,0.9952,SCALE_DOWN,3000.0
3000.0,3000.4214,0.9999,SCALE_DOWN,3000.0
21000.0,21000.047,1.0,STAY_ACTIVE,21000.046875
8279.1,8284.607,0.9993,SCALE_DOWN,3000.0
8038.500000000001,8027.622,0.9986,SCALE_DOWN,3000.0
4031.7,4040.3132,0.9979,SCALE_DOWN,3000.0
14277.6,14300.892,0.9984,STAY_ACTIVE,14300.8916015625
21000.0,21000.047,1.0,STAY_ACTIVE,21000.046875
3000.0,3000.4214,0.9999,SCALE_DOWN,3000.0
3000.0,3000.4214,0.9999,SCALE_DOWN,3000.0
5860.5,5848.3525,0.9979,SCALE_DOWN,3000.0
3000.0,3000.4214,0.9999,SCALE_DOWN,3000.0
3000.0,3000.4214,0.9999,SCALE_DOWN,3000.0
12149.4,12124.782,0.998,STAY_ACTIVE,12124.7822265625
3000.0,3000.4214,0.9999,SCALE_DOWN,3000.0
3000.0,3000.4214,0.9999,SCALE_DOWN,3000.0
3000.0,3000.4214,0.9999,SCALE_DOWN,3000.0
7857.9,7879.582,0.9972,SCALE_DOWN,3000.0
21000.0,21000.047,1.0,STAY_ACTIVE,21000.046875
6274.200000000001,6288.8965,0.9977,SCALE_DOWN,3000.0
3000.0,3000.4214,0.9999,SCALE_DOWN,3000.0
8594.400000000001,8600.616,0.9993,SCALE_DOWN,3000.0
3000.0,3000.4214,0.9999,SCALE_DOWN,3000.0
21000.0,21000.121,1.0,STAY_ACTIVE,21000.12109375
21000.0,21000.047,1.0,STAY_ACTIVE,21000.046875
21000.0,21008.1,0.9996,STAY_ACTIVE,21008.099609375
11199.3,11233.689,0.9969,STAY_ACTIVE,11233.689453125
3728.400000000001,3724.2368,0.9989,SCALE_DOWN,3000.0
6648.6,6675.6953,0.9959,SCALE_DOWN,3000.0
5937.6,5918.9614,0.9969,SCALE_DOWN,3000.0
3000.0,3000.4214,0.9999,SCALE_DOWN,3000.0
20595.000000000004,20638.984,0.9979,STAY_ACTIVE,20638.984375
11900.7,11868.36,0.9973,STAY_ACTIVE,11868.3603515625
5040.299999999999,5056.5005,0.9968,SCALE_DOWN,3000.0
3000.0,3000.4214,0.9999,SCALE_DOWN,3000.0
3000.0,3000.4214,0.9999,SCALE_DOWN,3000.0
6281.4,6263.526,0.9972,SCALE_DOWN,3000.0
21000.0,21000.121,1.0,STAY_ACTIVE,21000.12109375
14763.9,14785.973,0.9985,STAY_ACTIVE,14785.97265625
20946.9,20908.049,0.9981,STAY_ACTIVE,20908.048828125
9249.0,9269.28,0.9978,STAY_ACTIVE,9269.2802734375
21000.0,21000.047,1.0,STAY_ACTIVE,21000.046875
17229.899999999998,17106.256,0.9928,STAY_ACTIVE,17106.255859375
3000.0,3000.4214,0.9999,SCALE_DOWN,3000.0
14388.0,14350.815,0.9974,STAY_ACTIVE,14350.8154296875
3000.0,3000.4214,0.9999,SCALE_DOWN,3000.0
21000.0,21000.047,1.0,STAY_ACTIVE,21000.046875
12753.9,12733.255,0.9984,STAY_ACTIVE,12733.2548828125
6574.200000000001,6583.3,0.9986,SCALE_DOWN,3000.0
3000.0,3000.4214,0.9999,SCALE_DOWN,3000.0
3000.0,3000.4214,0.9999,SCALE_DOWN,3000.0
7261.8,7247.904,0.9981,SCALE_DOWN,3000.0
3000.0,3000.4214,0.9999,SCALE_DOWN,3000.0
6558.3,6527.983,0.9954,SCALE_DOWN,3000.0
3000.0,3000.4214,0.9999,SCALE_DOWN,3000.0
3985.8,4003.2131,0.9956,SCALE_DOWN,3000.0
21000.0,20997.662,0.9999,STAY_ACTIVE,20997.662109375
21000.0,21000.047,1.0,STAY_ACTIVE,21000.046875
10064.4,10121.711,0.9943,STAY_ACTIVE,10121.7109375
21000.0,21000.049,1.0,STAY_ACTIVE,21000.048828125
6009.6,5991.8516,0.997,SCALE_DOWN,3000.0
21000.0,21018.45,0.9991,STAY_ACTIVE,21018.44921875
8648.7,8646.449,0.9997,SCALE_DOWN,3000.0
3000.0,3000.4214,0.9999,SCALE_DOWN,3000.0
3000.0,3000.4214,0.9999,SCALE_DOWN,3000.0
4261.8,4233.7446,0.9934,SCALE_DOWN,3000.0
11639.4,11571.793,0.9942,STAY_ACTIVE,11571.79296875
3000.0,3000.4214,0.9999,SCALE_DOWN,3000.0
5502.0,5482.5996,0.9965,SCALE_DOWN,3000.0
21000.0,21000.775,1.0,STAY_ACTIVE,21000.775390625
6797.1,6811.794,0.9978,SCALE_DOWN,3000.0
21000.0,21000.047,1.0,STAY_ACTIVE,21000.046875
21000.0,20999.426,1.0,STAY_ACTIVE,20999.42578125
21000.0,20999.95,1.0,STAY_ACTIVE,20999.94921875
9636.9,9596.096,0.9958,STAY_ACTIVE,9596.095703125
16383.300000000005,16361.408,0.9987,STAY_ACTIVE,16361.408203125
14415.9,14417.749,0.9999,STAY_ACTIVE,14417.7490234375
21000.0,21000.078,1.0,STAY_ACTIVE,21000.078125
21000.0,21000.047,1.0,STAY_ACTIVE,21000.046875
11584.8,11586.8955,0.9998,STAY_ACTIVE,11586.8955078125
7379.699999999999,7383.1094,0.9995,SCALE_DOWN,3000.0
5441.1,5422.7476,0.9966,SCALE_DOWN,3000.0
7322.4,7313.806,0.9988,SCALE_DOWN,3000.0
6376.799999999999,6404.442,0.9957,SCALE_DOWN,3000.0
13672.500000000002,13729.834,0.9958,STAY_ACTIVE,13729.833984375
3000.0,3000.4214,0.9999,SCALE_DOWN,3000.0
5411.400000000001,5383.2305,0.9948,SCALE_DOWN,3000.0
20544.6,20510.38,0.9983,STAY_ACTIVE,20510.380859375
5727.3,5723.1807,0.9993,SCALE_DOWN,3000.0
21000.0,21001.434,0.9999,STAY_ACTIVE,21001.43359375
21000.0,21000.078,1.0,STAY_ACTIVE,21000.078125
21000.0,21000.047,1.0,STAY_ACTIVE,21000.046875
3000.0,3000.4214,0.9999,SCALE_DOWN,3000.0
12132.3,12046.497,0.9929,STAY_ACTIVE,12046.4970703125
3000.0,3000.4214,0.9999,SCALE_DOWN,3000.0
21000.0,21000.047,1.0,STAY_ACTIVE,21000.046875
3571.8,3559.6077,0.9966,SCALE_DOWN,3000.0
21000.0,21018.281,0.9991,STAY_ACTIVE,21018.28125
21000.0,21000.047,1.0,STAY_ACTIVE,21000.046875
21000.0,21000.068,1.0,STAY_ACTIVE,21000.068359375
3000.0,3000.4214,0.9999,SCALE_DOWN,3000.0
12131.7,12112.855,0.9984,STAY_ACTIVE,12112.85546875
15014.4,14939.151,0.995,STAY_ACTIVE,14939.1513671875
8811.3,8780.86,0.9965,SCALE_DOWN,3000.0
17394.0,17296.375,0.9944,STAY_ACTIVE,17296.375
21000.0,20980.135,0.9991,STAY_ACTIVE,20980.134765625
18517.5,18523.623,0.9997,STAY_ACTIVE,18523.623046875
16752.0,16743.236,0.9995,STAY_ACTIVE,16743.236328125
17583.899999999998,17611.959,0.9984,STAY_ACTIVE,17611.958984375
3000.0,3000.4214,0.9999,SCALE_DOWN,3000.0
3000.0,3000.4214,0.9999,SCALE_DOWN,3000.0
9393.9,9382.841,0.9988,STAY_ACTIVE,9382.8408203125
3000.0,3000.4214,0.9999,SCALE_DOWN,3000.0
21000.0,21000.049,1.0,STAY_ACTIVE,21000.048828125
3000.0,3000.4214,0.9999,SCALE_DOWN,3000.0
3000.0,3000.4214,0.9999,SCALE_DOWN,3000.0
3887.1,3901.57,0.9963,SCALE_DOWN,3000.0
21000.0,20995.219,0.9998,STAY_ACTIVE,20995.21875
11591.4,11638.236,0.996,STAY_ACTIVE,11638.236328125
8738.4,8728.214,0.9988,SCALE_DOWN,3000.0
21000.0,21000.047,1.0,STAY_ACTIVE,21000.046875
3000.0,3000.4214,0.9999,SCALE_DOWN,3000.0
5960.1,5965.727,0.9991,SCALE_DOWN,3000.0
3000.0,3000.4214,0.9999,SCALE_DOWN,3000.0
21000.0,20999.852,1.0,STAY_ACTIVE,20999.8515625
6349.8,6351.2607,0.9998,SCALE_DOWN,3000.0
11980.8,12072.823,0.9923,STAY_ACTIVE,12072.8232421875
12561.0,12521.431,0.9968,STAY_ACTIVE,12521.4306640625
13789.2,13651.974,0.99,STAY_ACTIVE,13651.9736328125
3000.0,3000.4214,0.9999,SCALE_DOWN,3000.0
21000.0,21000.166,1.0,STAY_ACTIVE,21000.166015625
21000.0,21000.078,1.0,STAY_ACTIVE,21000.078125
3000.0,3000.4214,0.9999,SCALE_DOWN,3000.0
3159.9,3153.412,0.9979,SCALE_DOWN,3000.0
3000.0,3000.4214,0.9999,SCALE_DOWN,3000.0
3000.0,3000.4214,0.9999,SCALE_DOWN,3000.0
4053.6,4030.1577,0.9942,SCALE_DOWN,3000.0
21000.0,21000.078,1.0,STAY_ACTIVE,21000.078125
21000.0,20998.734,0.9999,STAY_ACTIVE,20998.734375
21000.0,20999.734,1.0,STAY_ACTIVE,20999.734375
3000.0,3000.4214,0.9999,SCALE_DOWN,3000.0
10782.6,10790.714,0.9992,STAY_ACTIVE,10790.7138671875
21000.0,20980.135,0.9991,STAY_ACTIVE,20980.134765625
9142.2,9149.611,0.9992,STAY_ACTIVE,9149.611328125
7559.1,7560.142,0.9999,SCALE_DOWN,3000.0
3000.0,3000.4214,0.9999,SCALE_DOWN,3000.0
19660.800000000003,19719.898,0.997,STAY_ACTIVE,19719.8984375
21000.0,21000.047,1.0,STAY_ACTIVE,21000.046875
21000.0,21000.047,1.0,STAY_ACTIVE,21000.046875
11137.8,11091.658,0.9959,STAY_ACTIVE,11091.658203125
3000.0,3000.4214,0.9999,SCALE_DOWN,3000.0
6630.3,6626.3325,0.9994,SCALE_DOWN,3000.0
3000.0,3000.4214,0.9999,SCALE_DOWN,3000.0
16638.600000000002,16638.094,1.0,STAY_ACTIVE,16638.09375
21000.0,20998.543,0.9999,STAY_ACTIVE,20998.54296875
3000.0,3000.4214,0.9999,SCALE_DOWN,3000.0
4513.2,4479.2637,0.9925,SCALE_DOWN,3000.0
3000.0,3000.4214,0.9999,SCALE_DOWN,3000.0
9174.9,9133.529,0.9955,STAY_ACTIVE,9133.529296875
3000.0,3000.4214,0.9999,SCALE_DOWN,3000.0
3000.0,3000.4214,0.9999,SCALE_DOWN,3000.0
8077.2,8068.997,0.999,SCALE_DOWN,3000.0
10571.1,10583.818,0.9988,STAY_ACTIVE,10583.818359375
11556.9,11630.392,0.9936,STAY_ACTIVE,11630.3916015625
19872.9,20060.703,0.9905,STAY_ACTIVE,20060.703125
3000.0,3000.4214,0.9999,SCALE_DOWN,3000.0
21000.0,21000.078,1.0,STAY_ACTIVE,21000.078125
4017.599999999999,4043.0754,0.9937,SCALE_DOWN,3000.0
5803.799999999999,5821.7812,0.9969,SCALE_DOWN,3000.0
16453.2,16344.277,0.9934,STAY_ACTIVE,16344.27734375
4528.5,4515.7954,0.9972,SCALE_DOWN,3000.0
11753.1,11739.437,0.9988,STAY_ACTIVE,11739.4365234375
3000.0,3000.4214,0.9999,SCALE_DOWN,3000.0
8210.1,8106.987,0.9874,SCALE_DOWN,3000.0
3000.0,3000.4214,0.9999,SCALE_DOWN,3000.0
21000.0,21000.291,1.0,STAY_ACTIVE,21000.291015625
3000.0,3000.4214,0.9999,SCALE_DOWN,3000.0
15576.9,15648.428,0.9954,STAY_ACTIVE,15648.427734375
16051.8,16068.398,0.999,STAY_ACTIVE,16068.3984375
20425.500000000004,20625.271,0.9902,STAY_ACTIVE,20625.271484375
3000.0,3000.4214,0.9999,SCALE_DOWN,3000.0
12618.3,12662.772,0.9965,STAY_ACTIVE,12662.7724609375
3000.0,3000.4214,0.9999,SCALE_DOWN,3000.0
21000.0,21000.078,1.0,STAY_ACTIVE,21000.078125
3000.0,3000.4214,0.9999,SCALE_DOWN,3000.0
6280.799999999999,6263.766,0.9973,SCALE_DOWN,3000.0
21000.0,20999.562,1.0,STAY_ACTIVE,20999.5625
12915.6,12921.43,0.9995,STAY_ACTIVE,12921.4296875
5171.4,5189.2485,0.9965,SCALE_DOWN,3000.0
13598.4,13530.53,0.995,STAY_ACTIVE,13530.5302734375
21000.0,21000.047,1.0,STAY_ACTIVE,21000.046875
3000.0,3000.4214,0.9999,SCALE_DOWN,3000.0
10571.7,10578.918,0.9993,STAY_ACTIVE,10578.91796875
15141.0,15099.391,0.9973,STAY_ACTIVE,15099.390625
21000.0,20958.281,0.998,STAY_ACTIVE,20958.28125
3000.0,3000.4214,0.9999,SCALE_DOWN,3000.0
7630.2,7600.218,0.9961,SCALE_DOWN,3000.0
3322.5,3339.2903,0.9949,SCALE_DOWN,3000.0
11721.0,11730.407,0.9992,STAY_ACTIVE,11730.4072265625
7680.599999999999,7697.4907,0.9978,SCALE_DOWN,3000.0
3000.0,3000.4214,0.9999,SCALE_DOWN,3000.0
12112.8,12084.455,0.9977,STAY_ACTIVE,12084.455078125
8724.3,8775.293,0.9942,SCALE_DOWN,3000.0
21000.0,21000.078,1.0,STAY_ACTIVE,21000.078125
3135.2999999999997,3153.412,0.9942,SCALE_DOWN,3000.0
3000.0,3000.4214,0.9999,SCALE_DOWN,3000.0
21000.0,21000.078,1.0,STAY_ACTIVE,21000.078125
21000.0,20999.479,1.0,STAY_ACTIVE,20999.478515625
3000.0,3000.4214,0.9999,SCALE_DOWN,3000.0
6219.6,6242.853,0.9963,SCALE_DOWN,3000.0
3000.0,3000.4214,0.9999,SCALE_DOWN,3000.0
19532.4,19458.064,0.9962,STAY_ACTIVE,19458.064453125
14096.1,14061.37,0.9975,STAY_ACTIVE,14061.3701171875
3000.0,3000.4214,0.9999,SCALE_DOWN,3000.0
3000.0,3000.4214,0.9999,SCALE_DOWN,3000.0
21000.0,21000.047,1.0,STAY_ACTIVE,21000.046875
3000.0,3000.4214,0.9999,SCALE_DOWN,3000.0
21000.0,21000.078,1.0,STAY_ACTIVE,21000.078125
3000.0,3000.4214,0.9999,SCALE_DOWN,3000.0
6835.5,6858.1016,0.9967,SCALE_DOWN,3000.0
21000.0,20893.49,0.9949,STAY_ACTIVE,20893.490234375
21000.0,21000.047,1.0,STAY_ACTIVE,21000.046875
21000.0,21000.047,1.0,STAY_ACTIVE,21000.046875
21000.0,21000.078,1.0,STAY_ACTIVE,21000.078125
7903.8,7924.23,0.9974,SCALE_DOWN,3000.0
3000.0,3000.4214,0.9999,SCALE_DOWN,3000.0
5931.0,5907.693,0.9961,SCALE_DOWN,3000.0
6352.799999999999,6346.9575,0.9991,SCALE_DOWN,3000.0
21000.0,21000.047,1.0,STAY_ACTIVE,21000.046875
3000.0,3000.4214,0.9999,SCALE_DOWN,3000.0
21000.0,21000.049,1.0,STAY_ACTIVE,21000.048828125
5100.9,5090.124,0.9979,SCALE_DOWN,3000.0
21000.0,20997.377,0.9999,STAY_ACTIVE,20997.376953125
8742.3,8497.558,0.972,SCALE_DOWN,3000.0
21000.0,21000.047,1.0,STAY_ACTIVE,21000.046875
15938.400000000003,16001.093,0.9961,STAY_ACTIVE,16001.0927734375
21000.0,21000.047,1.0,STAY_ACTIVE,21000.046875
8339.7,8205.383,0.9839,SCALE_DOWN,3000.0
3000.0,3000.4214,0.9999,SCALE_DOWN,3000.0
3000.0,3000.4214,0.9999,SCALE_DOWN,3000.0
3000.0,3000.4214,0.9999,SCALE_DOWN,3000.0
3000.0,3000.4214,0.9999,SCALE_DOWN,3000.0
7200.9,7191.761,0.9987,SCALE_DOWN,3000.0
3000.0,3000.4214,0.9999,SCALE_DOWN,3000.0
7215.0,7204.6113,0.9986,SCALE_DOWN,3000.0
4630.8,4667.904,0.992,SCALE_DOWN,3000.0
6681.3,6717.547,0.9946,SCALE_DOWN,3000.0
21000.0,21000.047,1.0,STAY_ACTIVE,21000.046875
3000.0,3000.4214,0.9999,SCALE_DOWN,3000.0
10786.8,10744.671,0.9961,STAY_ACTIVE,10744.6708984375
8116.199999999999,8092.6646,0.9971,SCALE_DOWN,3000.0
9714.3,9724.609,0.9989,STAY_ACTIVE,9724.609375
3000.0,3000.4214,0.9999,SCALE_DOWN,3000.0
3000.0,3000.4214,0.9999,SCALE_DOWN,3000.0
21000.0,21000.047,1.0,STAY_ACTIVE,21000.046875
14876.1,14884.933,0.9994,STAY_ACTIVE,14884.9326171875
4961.400000000001,5008.0396,0.9906,SCALE_DOWN,3000.0
7277.1,7304.21,0.9963,SCALE_DOWN,3000.0
21000.0,21000.25,1.0,STAY_ACTIVE,21000.25
7050.000000000001,7065.698,0.9978,SCALE_DOWN,3000.0
21000.0,20982.014,0.9991,STAY_ACTIVE,20982.013671875
15488.7,15529.38,0.9974,STAY_ACTIVE,15529.3798828125
21000.0,20999.852,1.0,STAY_ACTIVE,20999.8515625
8569.8,8568.208,0.9998,SCALE_DOWN,3000.0
3000.0,3000.4214,0.9999,SCALE_DOWN,3000.0
3000.0,3000.4214,0.9999,SCALE_DOWN,3000.0
21000.0,21000.047,1.0,STAY_ACTIVE,21000.046875
15837.9,15906.112,0.9957,STAY_ACTIVE,15906.1123046875
3000.0,3000.4214,0.9999,SCALE_DOWN,3000.0
6660.0,6662.074,0.9997,SCALE_DOWN,3000.0
9819.6,9775.29,0.9955,STAY_ACTIVE,9775.2900390625
5397.299999999999,5353.626,0.9919,SCALE_DOWN,3000.0
20552.1,20473.506,0.9962,STAY_ACTIVE,20473.505859375
21000.0,20984.44,0.9993,STAY_ACTIVE,20984.439453125
3000.0,3000.4214,0.9999,SCALE_DOWN,3000.0
3000.0,3000.4214,0.9999,SCALE_DOWN,3000.0
3000.0,3000.4214,0.9999,SCALE_DOWN,3000.0
20251.5,20251.832,1.0,STAY_ACTIVE,20251.83203125
11915.1,11870.007,0.9962,STAY_ACTIVE,11870.0068359375
15613.8,15572.299,0.9973,STAY_ACTIVE,15572.298828125
3000.0,3000.4214,0.9999,SCALE_DOWN,3000.0
4991.7,4989.963,0.9997,SCALE_DOWN,3000.0
3000.0,3000.4214,0.9999,SCALE_DOWN,3000.0
7009.500000000001,7021.9233,0.9982,SCALE_DOWN,3000.0
21000.0,20996.7,0.9998,STAY_ACTIVE,20996.69921875
17103.600000000006,17164.664,0.9964,STAY_ACTIVE,17164.6640625
12560.1,12646.228,0.9931,STAY_ACTIVE,12646.2275390625
4955.1,4941.7407,0.9973,SCALE_DOWN,3000.0
21000.0,21000.047,1.0,STAY_ACTIVE,21000.046875
21000.0,21000.049,1.0,STAY_ACTIVE,21000.048828125
3000.0,3000.4214,0.9999,SCALE_DOWN,3000.0
18058.2,18071.621,0.9993,STAY_ACTIVE,18071.62109375
3000.0,3000.4214,0.9999,SCALE_DOWN,3000.0
3000.0,3000.4214,0.9999,SCALE_DOWN,3000.0
3517.7999999999997,3516.7666,0.9997,SCALE_DOWN,3000.0
3000.0,3000.4214,0.9999,SCALE_DOWN,3000.0
3000.0,3000.4214,0.9999,SCALE_DOWN,3000.0
4286.7,4324.4746,0.9912,SCALE_DOWN,3000.0
6963.300000000001,6948.3506,0.9979,SCALE_DOWN,3000.0
21000.0,20999.367,1.0,STAY_ACTIVE,20999.3671875
5177.4,5173.1763,0.9992,SCALE_DOWN,3000.0
3000.0,3000.4214,0.9999,SCALE_DOWN,3000.0
6331.799999999999,6312.142,0.9969,SCALE_DOWN,3000.0
4305.299999999999,4329.9,0.9943,SCALE_DOWN,3000.0
21000.0,20999.852,1.0,STAY_ACTIVE,20999.8515625
4665.0,4649.37,0.9966,SCALE_DOWN,3000.0
21000.0,21000.049,1.0,STAY_ACTIVE,21000.048828125
3000.0,3000.4214,0.9999,SCALE_DOWN,3000.0
21000.0,20980.197,0.9991,STAY_ACTIVE,20980.197265625
13366.2,13330.433,0.9973,STAY_ACTIVE,13330.4326171875
3000.0,3000.4214,0.9999,SCALE_DOWN,3000.0
3000.0,3000.4214,0.9999,SCALE_DOWN,3000.0
7746.300000000001,7726.386,0.9974,SCALE_DOWN,3000.0
21000.0,21000.291,1.0,STAY_ACTIVE,21000.291015625
21000.0,20999.562,1.0,STAY_ACTIVE,20999.5625
5720.1,5679.233,0.9929,SCALE_DOWN,3000.0
15478.5,15442.094,0.9976,STAY_ACTIVE,15442.09375
10716.9,10748.724,0.997,STAY_ACTIVE,10748.7236328125
21000.0,20972.186,0.9987,STAY_ACTIVE,20972.185546875
5886.0,5907.8887,0.9963,SCALE_DOWN,3000.0
14391.0,14359.331,0.9978,STAY_ACTIVE,14359.3310546875
21000.0,21000.047,1.0,STAY_ACTIVE,21000.046875
3000.0,3000.4214,0.9999,SCALE_DOWN,3000.0
5829.0,5840.464,0.998,SCALE_DOWN,3000.0
14079.9,14220.102,0.99,STAY_ACTIVE,14220.1015625
16631.4,16684.945,0.9968,STAY_ACTIVE,16684.9453125
5247.299999999999,5217.7188,0.9944,SCALE_DOWN,3000.0
10164.9,10132.767,0.9968,STAY_ACTIVE,10132.7666015625
3000.0,3000.4214,0.9999,SCALE_DOWN,3000.0
7314.0,7344.9956,0.9958,SCALE_DOWN,3000.0
9303.3,9266.028,0.996,STAY_ACTIVE,9266.0283203125
20044.5,20070.008,0.9987,STAY_ACTIVE,20070.0078125
8306.4,8289.386,0.998,SCALE_DOWN,3000.0
3000.0,3000.4214,0.9999,SCALE_DOWN,3000.0
21000.0,20999.703,1.0,STAY_ACTIVE,20999.703125
21000.0,21000.047,1.0,STAY_ACTIVE,21000.046875
5880.6,5864.1714,0.9972,SCALE_DOWN,3000.0
12528.0,12509.631,0.9985,STAY_ACTIVE,12509.630859375
21000.0,21000.049,1.0,STAY_ACTIVE,21000.048828125
3000.0,3000.4214,0.9999,SCALE_DOWN,3000.0
19029.9,19193.178,0.9914,STAY_ACTIVE,19193.177734375
13357.2,13361.53,0.9997,STAY_ACTIVE,13361.5302734375
5150.4,5163.6616,0.9974,SCALE_DOWN,3000.0
10498.5,10446.532,0.995,STAY_ACTIVE,10446.5322265625
14237.7,14208.007,0.9979,STAY_ACTIVE,14208.0068359375
19736.7,19849.25,0.9943,STAY_ACTIVE,19849.25
8790.0,8818.174,0.9968,SCALE_DOWN,3000.0
21000.0,21000.166,1.0,STAY_ACTIVE,21000.166015625
9811.5,9816.636,0.9995,STAY_ACTIVE,9816.6357421875
18566.4,18542.414,0.9987,STAY_ACTIVE,18542.4140625
21000.0,21000.078,1.0,STAY_ACTIVE,21000.078125
20243.4,20468.154,0.9889,STAY_ACTIVE,20468.154296875
3000.0,3000.4214,0.9999,SCALE_DOWN,3000.0
3000.0,3000.4214,0.9999,SCALE_DOWN,3000.0
9524.1,9533.799,0.999,STAY_ACTIVE,9533.798828125
3000.0,3000.4214,0.9999,SCALE_DOWN,3000.0
8566.5,8527.673,0.9955,SCALE_DOWN,3000.0
9329.1,9358.302,0.9969,STAY_ACTIVE,9358.3017578125
3000.0,3000.4214,0.9999,SCALE_DOWN,3000.0
14374.500000000002,14383.786,0.9994,STAY_ACTIVE,14383.7861328125
5196.0,5200.4336,0.9991,SCALE_DOWN,3000.0
3555.6,3579.284,0.9933,SCALE_DOWN,3000.0
3000.0,3000.4214,0.9999,SCALE_DOWN,3000.0
3959.7,3927.6694,0.9919,SCALE_DOWN,3000.0
3000.0,3000.4214,0.9999,SCALE_DOWN,3000.0
5347.8,5353.626,0.9989,SCALE_DOWN,3000.0
3000.0,3000.4214,0.9999,SCALE_DOWN,3000.0
21000.0,20999.484,1.0,STAY_ACTIVE,20999.484375
6072.0,6093.4893,0.9965,SCALE_DOWN,3000.0
6159.6,6161.178,0.9997,SCALE_DOWN,3000.0
6605.4,6604.005,0.9998,SCALE_DOWN,3000.0
3000.0,3000.4214,0.9999,SCALE_DOWN,3000.0
8385.0,8430.196,0.9946,SCALE_DOWN,3000.0
4120.8,4083.0918,0.9908,SCALE_DOWN,3000.0
8388.9,8368.931,0.9976,SCALE_DOWN,3000.0
10437.3,10574.76,0.9868,STAY_ACTIVE,10574.759765625
15291.900000000003,15305.531,0.9991,STAY_ACTIVE,15305.53125
21000.0,21000.049,1.0,STAY_ACTIVE,21000.048828125
3000.0,3000.4214,0.9999,SCALE_DOWN,3000.0
5846.1,5872.9136,0.9954,SCALE_DOWN,3000.0
3000.0,3000.4214,0.9999,SCALE_DOWN,3000.0
19434.6,19456.898,0.9989,STAY_ACTIVE,19456.8984375
3400.5,3381.238,0.9943,SCALE_DOWN,3000.0
3379.2,3381.238,0.9994,SCALE_DOWN,3000.0
21000.0,21000.047,1.0,STAY_ACTIVE,21000.046875
3000.0,3000.4214,0.9999,SCALE_DOWN,3000.0
14709.3,14750.042,0.9972,STAY_ACTIVE,14750.0419921875
9275.4,9317.95,0.9954,STAY_ACTIVE,9317.9501953125
21000.0,21000.047,1.0,STAY_ACTIVE,21000.046875
5275.8,5279.1973,0.9994,SCALE_DOWN,3000.0
21000.0,20975.174,0.9988,STAY_ACTIVE,20975.173828125
21000.0,20970.79,0.9986,STAY_ACTIVE,20970.7890625
7706.700000000001,7665.0195,0.9946,SCALE_DOWN,3000.0
3179.1,3179.2915,0.9999,SCALE_DOWN,3000.0
3000.0,3000.4214,0.9999,SCALE_DOWN,3000.0
3417.3,3419.0027,0.9995,SCALE_DOWN,3000.0
5109.6,5109.817,1.0,SCALE_DOWN,3000.0
3000.0,3000.4214,0.9999,SCALE_DOWN,3000.0
10956.9,10990.282,0.997,STAY_ACTIVE,10990.2822265625
3846.3,3824.4353,0.9943,SCALE_DOWN,3000.0
3000.0,3000.4214,0.9999,SCALE_DOWN,3000.0
16833.0,16737.719,0.9943,STAY_ACTIVE,16737.71875
21000.0,21000.078,1.0,STAY_ACTIVE,21000.078125
3000.0,3000.4214,0.9999,SCALE_DOWN,3000.0
21000.0,21000.639,1.0,STAY_ACTIVE,21000.638671875
3532.8,3529.9841,0.9992,SCALE_DOWN,3000.0
3000.0,3000.4214,0.9999,SCALE_DOWN,3000.0
21000.0,21000.047,1.0,STAY_ACTIVE,21000.046875
3000.0,3000.4214,0.9999,SCALE_DOWN,3000.0
3000.0,3000.4214,0.9999,SCALE_DOWN,3000.0
3000.0,3000.4214,0.9999,SCALE_DOWN,3000.0
3185.7000000000003,3156.1255,0.9907,SCALE_DOWN,3000.0
5236.5,5236.4004,1.0,SCALE_DOWN,3000.0
15970.5,15939.603,0.9981,STAY_ACTIVE,15939.6025390625
4423.200000000001,4415.662,0.9983,SCALE_DOWN,3000.0
14688.9,14672.965,0.9989,STAY_ACTIVE,14672.96484375
7381.5,7374.691,0.9991,SCALE_DOWN,3000.0
9359.4,9378.925,0.9979,STAY_ACTIVE,9378.9248046875
5801.099999999999,5808.491,0.9987,SCALE_DOWN,3000.0
19135.800000000003,19230.572,0.995,STAY_ACTIVE,19230.572265625
3000.0,3000.4214,0.9999,SCALE_DOWN,3000.0
21000.0,21000.047,1.0,STAY_ACTIVE,21000.046875
3000.0,3000.4214,0.9999,SCALE_DOWN,3000.0
3000.0,3000.4214,0.9999,SCALE_DOWN,3000.0
3000.0,3000.4214,0.9999,SCALE_DOWN,3000.0
3168.2999999999997,3179.9663,0.9963,SCALE_DOWN,3000.0
3000.0,3000.4214,0.9999,SCALE_DOWN,3000.0
3000.0,3000.4214,0.9999,SCALE_DOWN,3000.0
3000.0,3000.4214,0.9999,SCALE_DOWN,3000.0
3000.0,3000.4214,0.9999,SCALE_DOWN,3000.0
3000.0,3000.4214,0.9999,SCALE_DOWN,3000.0
4168.5,4189.0674,0.9951,SCALE_DOWN,3000.0
21000.0,20999.562,1.0,STAY_ACTIVE,20999.5625
21000.0,21035.582,0.9983,STAY_ACTIVE,21035.58203125
3000.0,3000.4214,0.9999,SCALE_DOWN,3000.0
21000.0,21000.291,1.0,STAY_ACTIVE,21000.291015625
3000.0,3000.4214,0.9999,SCALE_DOWN,3000.0
4865.4,4892.395,0.9945,SCALE_DOWN,3000.0
21000.0,20999.95,1.0,STAY_ACTIVE,20999.94921875
10592.1,10622.298,0.9971,STAY_ACTIVE,10622.2978515625
3000.0,3000.4214,0.9999,SCALE_DOWN,3000.0
5058.3,4903.8877,0.9695,SCALE_DOWN,3000.0
3000.0,3000.4214,0.9999,SCALE_DOWN,3000.0
6268.8,6250.5127,0.9971,SCALE_DOWN,3000.0
15730.5,15748.306,0.9989,STAY_ACTIVE,15748.3056640625
3927.3,3935.246,0.998,SCALE_DOWN,3000.0
15143.7,15177.015,0.9978,STAY_ACTIVE,15177.0146484375
3000.0,3000.4214,0.9999,SCALE_DOWN,3000.0
3000.0,3000.4214,0.9999,SCALE_DOWN,3000.0
21000.0,20998.174,0.9999,STAY_ACTIVE,20998.173828125
3000.0,3000.4214,0.9999,SCALE_DOWN,3000.0
11372.7,11549.011,0.9845,STAY_ACTIVE,11549.0107421875
3114.0,3119.9475,0.9981,SCALE_DOWN,3000.0
21000.0,21000.078,1.0,STAY_ACTIVE,21000.078125
5938.8,5955.5234,0.9972,SCALE_DOWN,3000.0
3000.0,3000.4214,0.9999,SCALE_DOWN,3000.0
7616.700000000001,7609.4155,0.999,SCALE_DOWN,3000.0
3000.0,3000.4214,0.9999,SCALE_DOWN,3000.0
7843.8,7806.6406,0.9953,SCALE_DOWN,3000.0
21000.0,20999.562,1.0,STAY_ACTIVE,20999.5625
16046.7,16103.683,0.9964,STAY_ACTIVE,16103.6826171875
8308.8,8231.172,0.9907,SCALE_DOWN,3000.0
13329.300000000005,13409.805,0.994,STAY_ACTIVE,13409.8046875
7048.2,7040.996,0.999,SCALE_DOWN,3000.0
3000.0,3000.4214,0.9999,SCALE_DOWN,3000.0
3000.0,3000.4214,0.9999,SCALE_DOWN,3000.0
21000.0,21000.049,1.0,STAY_ACTIVE,21000.048828125
6338.700000000001,6353.311,0.9977,SCALE_DOWN,3000.0
14747.1,14823.449,0.9948,STAY_ACTIVE,14823.44921875
11868.3,11805.805,0.9947,STAY_ACTIVE,11805.8046875
3000.0,3000.4214,0.9999,SCALE_DOWN,3000.0
21000.0,21000.047,1.0,STAY_ACTIVE,21000.046875
21000.0,21000.078,1.0,STAY_ACTIVE,21000.078125
21000.0,20996.066,0.9998,STAY_ACTIVE,20996.06640625
3000.0,3000.4214,0.9999,SCALE_DOWN,3000.0
5203.5,5186.9175,0.9968,SCALE_DOWN,3000.0
21000.0,21000.047,1.0,STAY_ACTIVE,21000.046875
16407.0,16485.312,0.9952,STAY_ACTIVE,16485.3125
21000.0,21000.096,1.0,STAY_ACTIVE,21000.095703125
3000.0,3000.4214,0.9999,SCALE_DOWN,3000.0
4823.1,4856.5103,0.9931,SCALE_DOWN,3000.0
21000.0,21000.047,1.0,STAY_ACTIVE,21000.046875
21000.0,20999.11,1.0,STAY_ACTIVE,20999.109375
3000.0,3000.4214,0.9999,SCALE_DOWN,3000.0
12343.2,12315.228,0.9977,STAY_ACTIVE,12315.2275390625
3192.9,3202.6338,0.997,SCALE_DOWN,3000.0
16878.600000000002,16879.773,0.9999,STAY_ACTIVE,16879.7734375
3000.0,3000.4214,0.9999,SCALE_DOWN,3000.0
13517.400000000003,13466.201,0.9962,STAY_ACTIVE,13466.201171875
21000.0,20983.346,0.9992,STAY_ACTIVE,20983.345703125
4343.099999999999,4337.6265,0.9987,SCALE_DOWN,3000.0
3000.0,3000.4214,0.9999,SCALE_DOWN,3000.0
15359.1,15303.041,0.9964,STAY_ACTIVE,15303.041015625
3000.0,3000.4214,0.9999,SCALE_DOWN,3000.0
5127.3,5126.3374,0.9998,SCALE_DOWN,3000.0
11764.5,11802.488,0.9968,STAY_ACTIVE,11802.48828125
8276.099999999999,8095.654,0.9782,SCALE_DOWN,3000.0
21000.0,20999.229,1.0,STAY_ACTIVE,20999.228515625
7409.4,7393.422,0.9978,SCALE_DOWN,3000.0
11632.2,11689.86,0.995,STAY_ACTIVE,11689.8603515625
16935.0,16859.725,0.9956,STAY_ACTIVE,16859.724609375
3963.3,3972.0579,0.9978,SCALE_DOWN,3000.0
21000.0,21000.047,1.0,STAY_ACTIVE,21000.046875
10476.3,10489.975,0.9987,STAY_ACTIVE,10489.974609375
21000.0,20997.994,0.9999,STAY_ACTIVE,20997.994140625
6185.4,6178.302,0.9989,SCALE_DOWN,3000.0
3000.0,3000.4214,0.9999,SCALE_DOWN,3000.0
3000.0,3000.4214,0.9999,SCALE_DOWN,3000.0
21000.0,21000.049,1.0,STAY_ACTIVE,21000.048828125
3000.0,3000.4214,0.9999,SCALE_DOWN,3000.0
17066.7,17215.2,0.9913,STAY_ACTIVE,17215.19921875
11300.1,11276.097,0.9979,STAY_ACTIVE,11276.0966796875
3000.0,3000.4214,0.9999,SCALE_DOWN,3000.0
3000.0,3000.4214,0.9999,SCALE_DOWN,3000.0
3000.0,3000.4214,0.9999,SCALE_DOWN,3000.0
21000.0,21000.047,1.0,STAY_ACTIVE,21000.046875
15805.8,15891.027,0.9946,STAY_ACTIVE,15891.02734375
3274.8,3291.3198,0.995,SCALE_DOWN,3000.0
21000.0,21000.047,1.0,STAY_ACTIVE,21000.046875
15133.8,15075.05,0.9961,STAY_ACTIVE,15075.0498046875
21000.0,21015.006,0.9993,STAY_ACTIVE,21015.005859375
21000.0,20999.48,1.0,STAY_ACTIVE,20999.48046875
21000.0,21000.549,1.0,STAY_ACTIVE,21000.548828125
8110.5,8086.6655,0.9971,SCALE_DOWN,3000.0
4928.400000000001,4900.232,0.9943,SCALE_DOWN,3000.0
3000.0,3000.4214,0.9999,SCALE_DOWN,3000.0
21000.0,20981.08,0.9991,STAY_ACTIVE,20981.080078125
9178.5,9154.453,0.9974,STAY_ACTIVE,9154.453125
10407.9,10382.165,0.9975,STAY_ACTIVE,10382.1650390625
3814.2,3801.2273,0.9966,SCALE_DOWN,3000.0
5554.5,5565.286,0.9981,SCALE_DOWN,3000.0
3000.0,3000.4214,0.9999,SCALE_DOWN,3000.0
6168.6,6192.2354,0.9962,SCALE_DOWN,3000.0
15561.6,15617.074,0.9964,STAY_ACTIVE,15617.07421875
7204.800000000001,7191.761,0.9982,SCALE_DOWN,3000.0
3000.0,3000.4214,0.9999,SCALE_DOWN,3000.0
11687.1,11658.139,0.9975,STAY_ACTIVE,11658.138671875
3000.0,3000.4214,0.9999,SCALE_DOWN,3000.0
6129.6,6125.248,0.9993,SCALE_DOWN,3000.0
3000.0,3000.4214,0.9999,SCALE_DOWN,3000.0
9772.5,9763.052,0.999,STAY_ACTIVE,9763.0517578125
3000.0,3000.4214,0.9999,SCALE_DOWN,3000.0
3000.0,3000.4214,0.9999,SCALE_DOWN,3000.0
21000.0,21000.047,1.0,STAY_ACTIVE,21000.046875
3000.0,3000.4214,0.9999,SCALE_DOWN,3000.0
7737.300000000001,7709.0903,0.9964,SCALE_DOWN,3000.0
14690.7,14635.135,0.9962,STAY_ACTIVE,14635.134765625
13207.8,13220.397,0.999,STAY_ACTIVE,13220.3974609375
17762.4,17848.965,0.9951,STAY_ACTIVE,17848.96484375
12287.7,12342.313,0.9956,STAY_ACTIVE,12342.3134765625
3000.0,3000.4214,0.9999,SCALE_DOWN,3000.0
21000.0,20999.852,1.0,STAY_ACTIVE,20999.8515625
5696.1,5692.9316,0.9994,SCALE_DOWN,3000.0
21000.0,21018.418,0.9991,STAY_ACTIVE,21018.41796875
3000.0,3000.4214,0.9999,SCALE_DOWN,3000.0
9942.3,9918.861,0.9976,STAY_ACTIVE,9918.861328125
4474.8,4503.631,0.9936,SCALE_DOWN,3000.0
21000.0,21000.832,1.0,STAY_ACTIVE,21000.83203125
21000.0,20980.137,0.9991,STAY_ACTIVE,20980.13671875
12276.6,12253.437,0.9981,STAY_ACTIVE,12253.4365234375
3720.0,3718.603,0.9996,SCALE_DOWN,3000.0
13760.7,13794.027,0.9976,STAY_ACTIVE,13794.02734375
3000.0,3000.4214,0.9999,SCALE_DOWN,3000.0
16719.6,16716.258,0.9998,STAY_ACTIVE,16716.2578125
21000.0,21000.047,1.0,STAY_ACTIVE,21000.046875
8656.2,8608.853,0.9945,SCALE_DOWN,3000.0
14252.4,14467.537,0.9849,STAY_ACTIVE,14467.537109375
21000.0,21000.047,1.0,STAY_ACTIVE,21000.046875
5533.2,5521.5835,0.9979,SCALE_DOWN,3000.0
17032.5,17133.791,0.9941,STAY_ACTIVE,17133.791015625
3000.0,3000.4214,0.9999,SCALE_DOWN,3000.0
12434.1,12433.742,1.0,STAY_ACTIVE,12433.7421875
9261.3,9219.936,0.9955,STAY_ACTIVE,9219.935546875
3000.0,3000.4214,0.9999,SCALE_DOWN,3000.0
8998.5,9016.633,0.998,STAY_ACTIVE,9016.6328125
6736.5,6754.2725,0.9974,SCALE_DOWN,3000.0
3000.0,3000.4214,0.9999,SCALE_DOWN,3000.0
21000.0,21000.164,1.0,STAY_ACTIVE,21000.1640625
6603.9,6615.9043,0.9982,SCALE_DOWN,3000.0
3000.0,3000.4214,0.9999,SCALE_DOWN,3000.0
12062.4,12072.36,0.9992,STAY_ACTIVE,12072.3603515625
13230.6,13258.143,0.9979,STAY_ACTIVE,13258.142578125
3000.0,3000.4214,0.9999,SCALE_DOWN,3000.0
4110.6,4100.0,0.9974,SCALE_DOWN,3000.0
8379.300000000001,8405.137,0.9969,SCALE_DOWN,3000.0
7110.6,7111.6484,0.9999,SCALE_DOWN,3000.0
11172.3,11174.633,0.9998,STAY_ACTIVE,11174.6328125
3000.0,3000.4214,0.9999,SCALE_DOWN,3000.0
3000.0,3000.4214,0.9999,SCALE_DOWN,3000.0
21000.0,21000.047,1.0,STAY_ACTIVE,21000.046875
3000.0,3000.4214,0.9999,SCALE_DOWN,3000.0
14139.0,14238.502,0.993,STAY_ACTIVE,14238.501953125
9539.4,9605.688,0.9931,STAY_ACTIVE,9605.6884765625
3000.0,3000.4214,0.9999,SCALE_DOWN,3000.0
3000.0,3000.4214,0.9999,SCALE_DOWN,3000.0
21000.0,20999.51,1.0,STAY_ACTIVE,20999.509765625
21000.0,21000.047,1.0,STAY_ACTIVE,21000.046875
3000.0,3000.4214,0.9999,SCALE_DOWN,3000.0
3000.0,3000.4214,0.9999,SCALE_DOWN,3000.0
3000.0,3000.4214,0.9999,SCALE_DOWN,3000.0
16600.2,16710.037,0.9934,STAY_ACTIVE,16710.037109375
7307.700000000001,7307.1562,0.9999,SCALE_DOWN,3000.0
9186.9,9137.907,0.9947,STAY_ACTIVE,9137.9072265625
8615.7,8581.0625,0.996,SCALE_DOWN,3000.0
3000.0,3000.4214,0.9999,SCALE_DOWN,3000.0
11302.500000000002,11371.454,0.9939,STAY_ACTIVE,11371.4541015625
3000.0,3000.4214,0.9999,SCALE_DOWN,3000.0
15009.0,14924.997,0.9944,STAY_ACTIVE,14924.9970703125
3000.0,3000.4214,0.9999,SCALE_DOWN,3000.0
3000.0,3000.4214,0.9999,SCALE_DOWN,3000.0
14670.9,14701.862,0.9979,STAY_ACTIVE,14701.8623046875
21000.0,21000.047,1.0,STAY_ACTIVE,21000.046875
21000.0,21000.047,1.0,STAY_ACTIVE,21000.046875
6042.0,6011.2896,0.9949,SCALE_DOWN,3000.0
6505.800000000001,6522.4507,0.9974,SCALE_DOWN,3000.0
16020.000000000002,15989.163,0.9981,STAY_ACTIVE,15989.1630859375
3000.0,3000.4214,0.9999,SCALE_DOWN,3000.0
17247.0,17258.912,0.9993,STAY_ACTIVE,17258.912109375
4065.3,4099.5747,0.9916,SCALE_DOWN,3000.0
3000.0,3000.4214,0.9999,SCALE_DOWN,3000.0
5356.5,5330.5493,0.9952,SCALE_DOWN,3000.0
5041.2,5090.5645,0.9902,SCALE_DOWN,3000.0
10175.7,10199.424,0.9977,STAY_ACTIVE,10199.423828125
8104.8,8121.6816,0.9979,SCALE_DOWN,3000.0
5434.2,5464.375,0.9944,SCALE_DOWN,3000.0
21000.0,21000.047,1.0,STAY_ACTIVE,21000.046875
3000.0,3000.4214,0.9999,SCALE_DOWN,3000.0
3000.0,3000.4214,0.9999,SCALE_DOWN,3000.0
3000.0,3000.4214,0.9999,SCALE_DOWN,3000.0
3000.0,3000.4214,0.9999,SCALE_DOWN,3000.0
5122.200000000001,5134.169,0.9977,SCALE_DOWN,3000.0
14812.2,14870.533,0.9961,STAY_ACTIVE,14870.533203125
3699.6,3679.989,0.9947,SCALE_DOWN,3000.0
13442.4,13331.835,0.9918,STAY_ACTIVE,13331.8349609375
21000.0,21000.078,1.0,STAY_ACTIVE,21000.078125
8019.3,7993.8784,0.9968,SCALE_DOWN,3000.0
3000.0,3000.4214,0.9999,SCALE_DOWN,3000.0
3000.0,3000.4214,0.9999,SCALE_DOWN,3000.0
8417.1,8390.236,0.9968,SCALE_DOWN,3000.0
3000.0,3000.4214,0.9999,SCALE_DOWN,3000.0
3000.0,3000.4214,0.9999,SCALE_DOWN,3000.0
5198.1,5194.477,0.9993,SCALE_DOWN,3000.0
5569.8,5543.0107,0.9952,SCALE_DOWN,3000.0
10355.4,10333.835,0.9979,STAY_ACTIVE,10333.8349609375
3884.7,3892.0627,0.9981,SCALE_DOWN,3000.0
3000.0,3000.4214,0.9999,SCALE_DOWN,3000.0
14371.199999999995,14517.33,0.9898,STAY_ACTIVE,14517.330078125
3000.0,3000.4214,0.9999,SCALE_DOWN,3000.0
3000.0,3000.4214,0.9999,SCALE_DOWN,3000.0
14537.4,14452.433,0.9942,STAY_ACTIVE,14452.4326171875
3000.0,3000.4214,0.9999,SCALE_DOWN,3000.0
3000.0,3000.4214,0.9999,SCALE_DOWN,3000.0
3000.0,3000.4214,0.9999,SCALE_DOWN,3000.0
13811.100000000002,13855.364,0.9968,STAY_ACTIVE,13855.3642578125
3000.0,3000.4214,0.9999,SCALE_DOWN,3000.0
3000.0,3000.4214,0.9999,SCALE_DOWN,3000.0
3000.0,3000.4214,0.9999,SCALE_DOWN,3000.0
3000.0,3000.4214,0.9999,SCALE_DOWN,3000.0
3820.8,3849.1792,0.9926,SCALE_DOWN,3000.0
9567.0,9637.225,0.9927,STAY_ACTIVE,9637.224609375
21000.0,20999.479,1.0,STAY_ACTIVE,20999.478515625
3000.0,3000.4214,0.9999,SCALE_DOWN,3000.0
8809.2,8859.402,0.9943,SCALE_DOWN,3000.0
3000.0,3000.4214,0.9999,SCALE_DOWN,3000.0
5061.3,5028.688,0.9936,SCALE_DOWN,3000.0
13271.4,13303.443,0.9976,STAY_ACTIVE,13303.443359375
3000.0,3000.4214,0.9999,SCALE_DOWN,3000.0
16325.1,16304.658,0.9987,STAY_ACTIVE,16304.658203125
6836.700000000001,6779.734,0.9917,SCALE_DOWN,3000.0
3000.0,3000.4214,0.9999,SCALE_DOWN,3000.0
3000.0,3000.4214,0.9999,SCALE_DOWN,3000.0
3000.0,3000.4214,0.9999,SCALE_DOWN,3000.0
3000.0,3000.4214,0.9999,SCALE_DOWN,3000.0
10277.7,10220.599,0.9944,STAY_ACTIVE,10220.5986328125
21000.0,21011.963,0.9994,STAY_ACTIVE,21011.962890625
3131.7000000000003,3127.5364,0.9987,SCALE_DOWN,3000.0
3000.0,3000.4214,0.9999,SCALE_DOWN,3000.0
13456.2,13479.197,0.9983,STAY_ACTIVE,13479.197265625
21000.0,21000.047,1.0,STAY_ACTIVE,21000.046875
3000.0,3000.4214,0.9999,SCALE_DOWN,3000.0
3000.0,3000.4214,0.9999,SCALE_DOWN,3000.0
21000.0,21000.049,1.0,STAY_ACTIVE,21000.048828125
6674.700000000001,6664.138,0.9984,SCALE_DOWN,3000.0
21000.0,21000.049,1.0,STAY_ACTIVE,21000.048828125
21000.0,20843.336,0.9925,STAY_ACTIVE,20843.3359375
14578.800000000005,14637.247,0.996,STAY_ACTIVE,14637.2470703125
19363.5,19557.771,0.99,STAY_ACTIVE,19557.771484375
17704.5,17572.127,0.9925,STAY_ACTIVE,17572.126953125
3000.0,3000.4214,0.9999,SCALE_DOWN,3000.0
6061.200000000001,6033.5933,0.9954,SCALE_DOWN,3000.0
3000.0,3000.4214,0.9999,SCALE_DOWN,3000.0
21000.0,21000.047,1.0,STAY_ACTIVE,21000.046875
21000.0,21000.078,1.0,STAY_ACTIVE,21000.078125
21000.0,21000.078,1.0,STAY_ACTIVE,21000.078125
13098.600000000002,13096.608,0.9998,STAY_ACTIVE,13096.6083984375
3000.0,3000.4214,0.9999,SCALE_DOWN,3000.0
14802.000000000002,14753.727,0.9967,STAY_ACTIVE,14753.7265625
9646.8,9655.716,0.9991,STAY_ACTIVE,9655.7158203125
6565.8,6575.834,0.9985,SCALE_DOWN,3000.0
21000.0,21000.092,1.0,STAY_ACTIVE,21000.091796875
16379.1,16385.795,0.9996,STAY_ACTIVE,16385.794921875
21000.0,20999.297,1.0,STAY_ACTIVE,20999.296875
3000.0,3000.4214,0.9999,SCALE_DOWN,3000.0
3000.0,3000.4214,0.9999,SCALE_DOWN,3000.0
14817.300000000005,14628.438,0.9873,STAY_ACTIVE,14628.4384765625
7786.200000000001,7815.041,0.9963,SCALE_DOWN,3000.0
16949.100000000002,16874.203,0.9956,STAY_ACTIVE,16874.203125
8370.6,8425.914,0.9934,SCALE_DOWN,3000.0
3000.0,3000.4214,0.9999,SCALE_DOWN,3000.0
3116.4,3118.5444,0.9993,SCALE_DOWN,3000.0
5732.7,5727.8228,0.9991,SCALE_DOWN,3000.0
3000.0,3000.4214,0.9999,SCALE_DOWN,3000.0
7076.700000000001,7064.3467,0.9983,SCALE_DOWN,3000.0
3000.0,3000.4214,0.9999,SCALE_DOWN,3000.0
3000.0,3000.4214,0.9999,SCALE_DOWN,3000.0
7300.5,7303.1133,0.9996,SCALE_DOWN,3000.0
3000.0,3000.4214,0.9999,SCALE_DOWN,3000.0
15373.2,15383.078,0.9994,STAY_ACTIVE,15383.078125
8078.400000000001,8090.0977,0.9986,SCALE_DOWN,3000.0
21000.0,20996.07,0.9998,STAY_ACTIVE,20996.0703125
3000.0,3000.4214,0.9999,SCALE_DOWN,3000.0
3915.3,3938.2063,0.9941,SCALE_DOWN,3000.0
20091.0,20141.676,0.9975,STAY_ACTIVE,20141.67578125
3000.0,3000.4214,0.9999,SCALE_DOWN,3000.0
3000.0,3000.4214,0.9999,SCALE_DOWN,3000.0
10906.2,10908.624,0.9998,STAY_ACTIVE,10908.6240234375
9406.2,9363.3545,0.9954,STAY_ACTIVE,9363.3544921875
21000.0,21000.078,1.0,STAY_ACTIVE,21000.078125
7656.3,7648.116,0.9989,SCALE_DOWN,3000.0
15351.9,15371.579,0.9987,STAY_ACTIVE,15371.5791015625
3000.0,3000.4214,0.9999,SCALE_DOWN,3000.0
3000.0,3000.4214,0.9999,SCALE_DOWN,3000.0
6716.4,6707.303,0.9986,SCALE_DOWN,3000.0
3000.0,3000.4214,0.9999,SCALE_DOWN,3000.0
3000.0,3000.4214,0.9999,SCALE_DOWN,3000.0
7824.9000000000015,7806.6406,0.9977,SCALE_DOWN,3000.0
21000.0,20999.852,1.0,STAY_ACTIVE,20999.8515625
8798.1,8770.31,0.9968,SCALE_DOWN,3000.0
5913.9,5933.891,0.9966,SCALE_DOWN,3000.0
3000.0,3000.4214,0.9999,SCALE_DOWN,3000.0
14261.4,14260.899,1.0,STAY_ACTIVE,14260.8994140625
3000.0,3000.4214,0.9999,SCALE_DOWN,3000.0
3483.0,3470.0876,0.9963,SCALE_DOWN,3000.0
21000.0,21000.047,1.0,STAY_ACTIVE,21000.046875
3000.0,3000.4214,0.9999,SCALE_DOWN,3000.0
3000.0,3000.4214,0.9999,SCALE_DOWN,3000.0
12864.600000000002,12805.2705,0.9954,STAY_ACTIVE,12805.2705078125
21000.0,21000.047,1.0,STAY_ACTIVE,21000.046875
21000.0,20999.367,1.0,STAY_ACTIVE,20999.3671875
3000.0,3000.4214,0.9999,SCALE_DOWN,3000.0
12382.5,12394.927,0.999,STAY_ACTIVE,12394.9267578125
10316.1,10281.38,0.9966,STAY_ACTIVE,10281.3798828125
3000.0,3000.4214,0.9999,SCALE_DOWN,3000.0
8205.300000000001,8234.187,0.9965,SCALE_DOWN,3000.0
16185.3,16224.113,0.9976,STAY_ACTIVE,16224.11328125
21000.0,21000.047,1.0,STAY_ACTIVE,21000.046875
15664.2,15561.214,0.9934,STAY_ACTIVE,15561.2138671875
4898.1,4932.514,0.993,SCALE_DOWN,3000.0
21000.0,20999.852,1.0,STAY_ACTIVE,20999.8515625
21000.0,20998.176,0.9999,STAY_ACTIVE,20998.17578125
21000.0,20998.14,0.9999,STAY_ACTIVE,20998.140625
3726.9,3725.6497,0.9997,SCALE_DOWN,3000.0
3000.0,3000.4214,0.9999,SCALE_DOWN,3000.0
3000.0,3000.4214,0.9999,SCALE_DOWN,3000.0
11092.8,11060.738,0.9971,STAY_ACTIVE,11060.73828125
9022.5,9044.137,0.9976,STAY_ACTIVE,9044.13671875
21000.0,21000.047,1.0,STAY_ACTIVE,21000.046875
3000.0,3000.4214,0.9999,SCALE_DOWN,3000.0
10445.4,10373.1875,0.9931,STAY_ACTIVE,10373.1875
3000.0,3000.4214,0.9999,SCALE_DOWN,3000.0
13303.5,13245.688,0.9957,STAY_ACTIVE,13245.6884765625
13579.2,13589.144,0.9993,STAY_ACTIVE,13589.1435546875
21000.0,20995.92,0.9998,STAY_ACTIVE,20995.919921875
3000.0,3000.4214,0.9999,SCALE_DOWN,3000.0
9836.4,9824.892,0.9988,STAY_ACTIVE,9824.8916015625
5338.8,5305.449,0.9938,SCALE_DOWN,3000.0
8498.1,8510.656,0.9985,SCALE_DOWN,3000.0
19017.300000000003,18824.852,0.9899,STAY_ACTIVE,18824.8515625
12626.4,12653.501,0.9979,STAY_ACTIVE,12653.5009765625
7479.6,7487.277,0.999,SCALE_DOWN,3000.0
3000.0,3000.4214,0.9999,SCALE_DOWN,3000.0
3000.0,3000.4214,0.9999,SCALE_DOWN,3000.0
6067.2,6069.963,0.9995,SCALE_DOWN,3000.0
3000.0,3000.4214,0.9999,SCALE_DOWN,3000.0
21000.0,20999.297,1.0,STAY_ACTIVE,20999.296875
7183.5,7186.669,0.9996,SCALE_DOWN,3000.0
3000.0,3000.4214,0.9999,SCALE_DOWN,3000.0
21000.0,21000.049,1.0,STAY_ACTIVE,21000.048828125
21000.0,21000.047,1.0,STAY_ACTIVE,21000.046875
7912.2,7682.2866,0.9709,SCALE_DOWN,3000.0
5879.4,5897.745,0.9969,SCALE_DOWN,3000.0
5391.299999999999,5385.0063,0.9988,SCALE_DOWN,3000.0
21000.0,21000.049,1.0,STAY_ACTIVE,21000.048828125
3000.0,3000.4214,0.9999,SCALE_DOWN,3000.0
7296.9,7330.8125,0.9954,SCALE_DOWN,3000.0
8187.900000000001,8210.925,0.9972,SCALE_DOWN,3000.0
7203.6,7177.9116,0.9964,SCALE_DOWN,3000.0
10624.2,10630.644,0.9994,STAY_ACTIVE,10630.6435546875
3832.5,3824.4355,0.9979,SCALE_DOWN,3000.0
8806.500000000002,8779.267,0.9969,SCALE_DOWN,3000.0
5990.1,5975.314,0.9975,SCALE_DOWN,3000.0
3000.0,3000.4214,0.9999,SCALE_DOWN,3000.0
7114.8,7095.2666,0.9973,SCALE_DOWN,3000.0
13494.3,13536.518,0.9969,STAY_ACTIVE,13536.517578125
3000.0,3000.4214,0.9999,SCALE_DOWN,3000.0
3000.0,3000.4214,0.9999,SCALE_DOWN,3000.0
21000.0,21037.158,0.9982,STAY_ACTIVE,21037.158203125
8621.1,8570.412,0.9941,SCALE_DOWN,3000.0
3000.0,3000.4214,0.9999,SCALE_DOWN,3000.0
3000.0,3000.4214,0.9999,SCALE_DOWN,3000.0
16502.100000000002,16378.472,0.9925,STAY_ACTIVE,16378.4716796875
13659.6,13634.617,0.9982,STAY_ACTIVE,13634.6171875
3000.0,3000.4214,0.9999,SCALE_DOWN,3000.0
3000.0,3000.4214,0.9999,SCALE_DOWN,3000.0
3000.0,3000.4214,0.9999,SCALE_DOWN,3000.0
15069.3,15132.0,0.9958,STAY_ACTIVE,15132.0
21000.0,21000.047,1.0,STAY_ACTIVE,21000.046875
3000.0,3000.4214,0.9999,SCALE_DOWN,3000.0
3000.0,3000.4214,0.9999,SCALE_DOWN,3000.0
21000.0,21000.049,1.0,STAY_ACTIVE,21000.048828125
21000.0,21000.047,1.0,STAY_ACTIVE,21000.046875
3639.9,3633.93,0.9984,SCALE_DOWN,3000.0
6773.700000000001,6780.8984,0.9989,SCALE_DOWN,3000.0
4147.5,4146.13,0.9997,SCALE_DOWN,3000.0
9258.6,9313.785,0.994,STAY_ACTIVE,9313.78515625
3000.0,3000.4214,0.9999,SCALE_DOWN,3000.0
5745.9,5743.0957,0.9995,SCALE_DOWN,3000.0
5499.0,5495.018,0.9993,SCALE_DOWN,3000.0
4847.1,4837.597,0.998,SCALE_DOWN,3000.0
19779.300000000003,19591.426,0.9905,STAY_ACTIVE,19591.42578125
11558.1,11536.961,0.9982,STAY_ACTIVE,11536.9609375
3000.0,3000.4214,0.9999,SCALE_DOWN,3000.0
3519.2999999999997,3525.7336,0.9982,SCALE_DOWN,3000.0
3000.0,3000.4214,0.9999,SCALE_DOWN,3000.0
5731.5,5757.77,0.9954,SCALE_DOWN,3000.0
18713.1,18523.074,0.9898,STAY_ACTIVE,18523.07421875
3000.0,3000.4214,0.9999,SCALE_DOWN,3000.0
7626.0,7633.61,0.999,SCALE_DOWN,3000.0
3000.0,3000.4214,0.9999,SCALE_DOWN,3000.0
5852.700000000001,5836.3857,0.9972,SCALE_DOWN,3000.0
7425.0,7432.0444,0.9991,SCALE_DOWN,3000.0
8687.1,8660.72,0.997,SCALE_DOWN,3000.0
8534.099999999999,8538.549,0.9995,SCALE_DOWN,3000.0
8152.799999999999,8151.541,0.9998,SCALE_DOWN,3000.0
21000.0,21000.049,1.0,STAY_ACTIVE,21000.048828125
21000.0,21000.293,1.0,STAY_ACTIVE,21000.29296875
3000.0,3000.4214,0.9999,SCALE_DOWN,3000.0
7654.5,7647.65,0.9991,SCALE_DOWN,3000.0
8583.0,8610.628,0.9968,SCALE_DOWN,3000.0
21000.0,20997.377,0.9999,STAY_ACTIVE,20997.376953125
4439.700000000001,4446.0547,0.9986,SCALE_DOWN,3000.0
3000.0,3000.4214,0.9999,SCALE_DOWN,3000.0
12631.2,12583.831,0.9962,STAY_ACTIVE,12583.8310546875
15545.7,15462.437,0.9946,STAY_ACTIVE,15462.4365234375
3000.0,3000.4214,0.9999,SCALE_DOWN,3000.0
9259.8,9261.428,0.9998,STAY_ACTIVE,9261.427734375
3000.0,3000.4214,0.9999,SCALE_DOWN,3000.0
14352.9,14388.187,0.9975,STAY_ACTIVE,14388.1865234375
3000.0,3000.4214,0.9999,SCALE_DOWN,3000.0
21000.0,21000.078,1.0,STAY_ACTIVE,21000.078125
14476.5,14416.95,0.9959,STAY_ACTIVE,14416.9501953125
21000.0,21000.047,1.0,STAY_ACTIVE,21000.046875
3000.0,3000.4214,0.9999,SCALE_DOWN,3000.0
11006.1,11061.988,0.9949,STAY_ACTIVE,11061.98828125
21000.0,20998.19,0.9999,STAY_ACTIVE,20998.189453125
3000.0,3000.4214,0.9999,SCALE_DOWN,3000.0
4849.8,4845.3286,0.9991,SCALE_DOWN,3000.0
17399.100000000002,17328.646,0.996,STAY_ACTIVE,17328.646484375
21000.0,21000.047,1.0,STAY_ACTIVE,21000.046875
4701.6,4704.7354,0.9993,SCALE_DOWN,3000.0
9803.1,9851.316,0.9951,STAY_ACTIVE,9851.31640625
3000.0,3000.4214,0.9999,SCALE_DOWN,3000.0
14882.7,14895.22,0.9992,STAY_ACTIVE,14895.2197265625
19724.7,19735.77,0.9994,STAY_ACTIVE,19735.76953125
5178.0,5179.7256,0.9997,SCALE_DOWN,3000.0
4401.0,4415.662,0.9967,SCALE_DOWN,3000.0
21000.0,20999.479,1.0,STAY_ACTIVE,20999.478515625
11082.3,11064.473,0.9984,STAY_ACTIVE,11064.47265625
7001.099999999999,6974.0303,0.9961,SCALE_DOWN,3000.0
12700.2,12708.744,0.9993,STAY_ACTIVE,12708.744140625
8381.400000000001,8384.304,0.9997,SCALE_DOWN,3000.0
3000.0,3000.4214,0.9999,SCALE_DOWN,3000.0
3000.0,3000.4214,0.9999,SCALE_DOWN,3000.0
15788.999999999998,15840.638,0.9967,STAY_ACTIVE,15840.6376953125
21000.0,20926.219,0.9965,STAY_ACTIVE,20926.21875
10674.9,10706.417,0.997,STAY_ACTIVE,10706.4169921875
3000.0,3000.4214,0.9999,SCALE_DOWN,3000.0
3000.0,3000.4214,0.9999,SCALE_DOWN,3000.0
3000.0,3000.4214,0.9999,SCALE_DOWN,3000.0
21000.0,21000.049,1.0,STAY_ACTIVE,21000.048828125
21000.0,20999.562,1.0,STAY_ACTIVE,20999.5625
21000.0,21000.25,1.0,STAY_ACTIVE,21000.25
3000.0,3000.4214,0.9999,SCALE_DOWN,3000.0
14871.3,14858.756,0.9992,STAY_ACTIVE,14858.755859375
21000.0,21000.047,1.0,STAY_ACTIVE,21000.046875
17043.0,17017.758,0.9985,STAY_ACTIVE,17017.7578125
3000.0,3000.4214,0.9999,SCALE_DOWN,3000.0
11692.8,11676.413,0.9986,STAY_ACTIVE,11676.4130859375
5277.6,5281.1885,0.9993,SCALE_DOWN,3000.0
21000.0,21000.078,1.0,STAY_ACTIVE,21000.078125
21000.0,21000.078,1.0,STAY_ACTIVE,21000.078125
11231.4,11248.458,0.9985,STAY_ACTIVE,11248.4580078125
3421.2000000000003,3419.9036,0.9996,SCALE_DOWN,3000.0
7492.199999999999,7484.1504,0.9989,SCALE_DOWN,3000.0
21000.0,21000.025,1.0,STAY_ACTIVE,21000.025390625
21000.0,21000.047,1.0,STAY_ACTIVE,21000.046875
3000.0,3000.4214,0.9999,SCALE_DOWN,3000.0
5287.5,5274.315,0.9975,SCALE_DOWN,3000.0
10138.2,10061.485,0.9924,STAY_ACTIVE,10061.4853515625
11412.6,11455.831,0.9962,STAY_ACTIVE,11455.8310546875
13900.5,13872.288,0.998,STAY_ACTIVE,13872.2880859375
9303.0,9265.0625,0.9959,STAY_ACTIVE,9265.0625
3000.0,3000.4214,0.9999,SCALE_DOWN,3000.0
3000.0,3000.4214,0.9999,SCALE_DOWN,3000.0
7691.700000000001,7668.739,0.997,SCALE_DOWN,3000.0
5576.700000000001,5591.024,0.9974,SCALE_DOWN,3000.0
21000.0,21000.047,1.0,STAY_ACTIVE,21000.046875
13583.1,13548.255,0.9974,STAY_ACTIVE,13548.2548828125
8813.1,8844.433,0.9964,SCALE_DOWN,3000.0
3000.0,3000.4214,0.9999,SCALE_DOWN,3000.0
3826.2,3801.2942,0.9935,SCALE_DOWN,3000.0
3000.0,3000.4214,0.9999,SCALE_DOWN,3000.0
15584.1,15676.639,0.9941,STAY_ACTIVE,15676.638671875
6263.4,6270.0044,0.9989,SCALE_DOWN,3000.0
5369.4,5359.9844,0.9982,SCALE_DOWN,3000.0
17679.600000000002,17711.94,0.9982,STAY_ACTIVE,17711.939453125
6672.000000000001,6654.6387,0.9974,SCALE_DOWN,3000.0
21000.0,21000.121,1.0,STAY_ACTIVE,21000.12109375
15337.2,15430.202,0.9939,STAY_ACTIVE,15430.2021484375
21000.0,21000.242,1.0,STAY_ACTIVE,21000.2421875
8701.2,8724.6045,0.9973,SCALE_DOWN,3000.0
3000.0,3000.4214,0.9999,SCALE_DOWN,3000.0
13106.7,13135.289,0.9978,STAY_ACTIVE,13135.2890625
6846.0,6850.4526,0.9993,SCALE_DOWN,3000.0
4333.2,4330.0273,0.9993,SCALE_DOWN,3000.0
5879.4,5849.641,0.9949,SCALE_DOWN,3000.0
5464.8,5481.033,0.997,SCALE_DOWN,3000.0
3000.0,3000.4214,0.9999,SCALE_DOWN,3000.0
14866.8,14840.696,0.9982,STAY_ACTIVE,14840.6962890625
21000.0,21041.021,0.998,STAY_ACTIVE,21041.021484375
16881.3,16826.535,0.9968,STAY_ACTIVE,16826.53515625
16536.600000000002,16461.707,0.9955,STAY_ACTIVE,16461.70703125
3238.2000000000003,3258.5095,0.9937,SCALE_DOWN,3000.0
8026.500000000001,8001.318,0.9969,SCALE_DOWN,3000.0
21000.0,20999.467,1.0,STAY_ACTIVE,20999.466796875
21000.0,21018.281,0.9991,STAY_ACTIVE,21018.28125
21000.0,21000.047,1.0,STAY_ACTIVE,21000.046875
3771.599999999999,3756.549,0.996,SCALE_DOWN,3000.0
3000.0,3000.4214,0.9999,SCALE_DOWN,3000.0
21000.0,21000.049,1.0,STAY_ACTIVE,21000.048828125
6149.4,6158.517,0.9985,SCALE_DOWN,3000.0
3000.0,3000.4214,0.9999,SCALE_DOWN,3000.0
3000.0,3000.4214,0.9999,SCALE_DOWN,3000.0
21000.0,20999.852,1.0,STAY_ACTIVE,20999.8515625
3000.0,3000.4214,0.9999,SCALE_DOWN,3000.0
7308.3,7290.961,0.9976,SCALE_DOWN,3000.0
7981.5,7969.576,0.9985,SCALE_DOWN,3000.0
4255.799999999999,4232.1616,0.9944,SCALE_DOWN,3000.0
21000.0,21000.078,1.0,STAY_ACTIVE,21000.078125
3000.0,3000.4214,0.9999,SCALE_DOWN,3000.0
8957.4,8931.963,0.9972,SCALE_DOWN,3000.0
21000.0,20994.682,0.9997,STAY_ACTIVE,20994.681640625
14259.0,14138.592,0.9916,STAY_ACTIVE,14138.591796875
3000.0,3000.4214,0.9999,SCALE_DOWN,3000.0
21000.0,21000.078,1.0,STAY_ACTIVE,21000.078125
21000.0,21000.047,1.0,STAY_ACTIVE,21000.046875
3000.0,3000.4214,0.9999,SCALE_DOWN,3000.0
3000.0,3000.4214,0.9999,SCALE_DOWN,3000.0
3000.0,3000.4214,0.9999,SCALE_DOWN,3000.0
8913.300000000001,8923.982,0.9988,SCALE_DOWN,3000.0
10198.5,10267.178,0.9933,STAY_ACTIVE,10267.177734375
6684.9,6697.0854,0.9982,SCALE_DOWN,3000.0
14139.0,14096.729,0.997,STAY_ACTIVE,14096.728515625
16481.7,16405.457,0.9954,STAY_ACTIVE,16405.45703125
3128.7,3164.9578,0.9884,SCALE_DOWN,3000.0
4616.7,4640.77,0.9948,SCALE_DOWN,3000.0
3000.0,3000.4214,0.9999,SCALE_DOWN,3000.0
21000.0,21000.078,1.0,STAY_ACTIVE,21000.078125
4464.3,4446.459,0.996,SCALE_DOWN,3000.0
12849.3,12896.745,0.9963,STAY_ACTIVE,12896.7451171875
21000.0,21000.047,1.0,STAY_ACTIVE,21000.046875
21000.0,21000.047,1.0,STAY_ACTIVE,21000.046875
11266.8,11273.538,0.9994,STAY_ACTIVE,11273.5380859375
3000.0,3000.4214,0.9999,SCALE_DOWN,3000.0
21000.0,21000.047,1.0,STAY_ACTIVE,21000.046875
3000.0,3000.4214,0.9999,SCALE_DOWN,3000.0
21000.0,20999.895,1.0,STAY_ACTIVE,20999.89453125
6431.700000000001,6444.2817,0.998,SCALE_DOWN,3000.0
5575.5,5591.024,0.9972,SCALE_DOWN,3000.0
3000.0,3000.4214,0.9999,SCALE_DOWN,3000.0
3774.6,3790.1965,0.9959,SCALE_DOWN,3000.0
3000.0,3000.4214,0.9999,SCALE_DOWN,3000.0
8845.8,8877.258,0.9964,SCALE_DOWN,3000.0
21000.0,20998.28,0.9999,STAY_ACTIVE,20998.279296875
3000.0,3000.4214,0.9999,SCALE_DOWN,3000.0
8088.6,8067.08,0.9973,SCALE_DOWN,3000.0
21000.0,21008.086,0.9996,STAY_ACTIVE,21008.0859375
3000.0,3000.4214,0.9999,SCALE_DOWN,3000.0
21000.0,21000.047,1.0,STAY_ACTIVE,21000.046875
12300.9,12350.507,0.996,STAY_ACTIVE,12350.5068359375
5248.8,5266.093,0.9967,SCALE_DOWN,3000.0
6130.5,6128.959,0.9997,SCALE_DOWN,3000.0
5424.0,5413.8916,0.9981,SCALE_DOWN,3000.0
3000.0,3000.4214,0.9999,SCALE_DOWN,3000.0
10103.4,10087.017,0.9984,STAY_ACTIVE,10087.0166015625
3000.0,3000.4214,0.9999,SCALE_DOWN,3000.0
3000.0,3000.4214,0.9999,SCALE_DOWN,3000.0
3000.0,3000.4214,0.9999,SCALE_DOWN,3000.0
17579.399999999998,17468.994,0.9937,STAY_ACTIVE,17468.994140625
3000.0,3000.4214,0.9999,SCALE_DOWN,3000.0
21000.0,20997.902,0.9999,STAY_ACTIVE,20997.90234375
3000.0,3000.4214,0.9999,SCALE_DOWN,3000.0
3000.0,3000.4214,0.9999,SCALE_DOWN,3000.0
21000.0,21000.047,1.0,STAY_ACTIVE,21000.046875
15075.0,15198.104,0.9918,STAY_ACTIVE,15198.103515625
21000.0,21000.67,1.0,STAY_ACTIVE,21000.669921875
7054.200000000001,7067.7393,0.9981,SCALE_DOWN,3000.0
12015.9,12059.359,0.9964,STAY_ACTIVE,12059.359375
21000.0,21000.047,1.0,STAY_ACTIVE,21000.046875
7319.700000000001,7331.4185,0.9984,SCALE_DOWN,3000.0
14704.800000000005,14778.716,0.995,STAY_ACTIVE,14778.7158203125
17492.100000000002,17524.422,0.9982,STAY_ACTIVE,17524.421875
4958.7,4942.4785,0.9967,SCALE_DOWN,3000.0
3000.0,3000.4214,0.9999,SCALE_DOWN,3000.0
7059.9,7029.419,0.9957,SCALE_DOWN,3000.0
3000.0,3000.4214,0.9999,SCALE_DOWN,3000.0
7975.800000000001,7937.2476,0.9952,SCALE_DOWN,3000.0
3000.0,3000.4214,0.9999,SCALE_DOWN,3000.0
7473.900000000001,7475.4507,0.9998,SCALE_DOWN,3000.0
21000.0,21000.047,1.0,STAY_ACTIVE,21000.046875
3000.0,3000.4214,0.9999,SCALE_DOWN,3000.0
21000.0,21000.047,1.0,STAY_ACTIVE,21000.046875
7344.9,7310.413,0.9953,SCALE_DOWN,3000.0
16315.8,16388.012,0.9956,STAY_ACTIVE,16388.01171875
6942.3,6932.4697,0.9986,SCALE_DOWN,3000.0
3000.0,3000.4214,0.9999,SCALE_DOWN,3000.0
9317.7,9399.446,0.9912,STAY_ACTIVE,9399.4462890625
3000.0,3000.4214,0.9999,SCALE_DOWN,3000.0
11526.9,11569.93,0.9963,STAY_ACTIVE,11569.9296875
4411.8,4409.6885,0.9995,SCALE_DOWN,3000.0
3000.0,3000.4214,0.9999,SCALE_DOWN,3000.0
9667.8,9672.279,0.9995,STAY_ACTIVE,9672.279296875
21000.0,21000.047,1.0,STAY_ACTIVE,21000.046875
20354.4,20322.617,0.9984,STAY_ACTIVE,20322.6171875
4086.6,4099.6567,0.9968,SCALE_DOWN,3000.0
9000.3,9010.763,0.9988,STAY_ACTIVE,9010.7626953125
3000.0,3000.4214,0.9999,SCALE_DOWN,3000.0
7105.8,7122.1104,0.9977,SCALE_DOWN,3000.0
13365.3,13369.944,0.9997,STAY_ACTIVE,13369.9443359375
3000.0,3000.4214,0.9999,SCALE_DOWN,3000.0
12366.3,12368.403,0.9998,STAY_ACTIVE,12368.4033203125
3000.0,3000.4214,0.9999,SCALE_DOWN,3000.0
21000.0,21000.639,1.0,STAY_ACTIVE,21000.638671875
13877.100000000002,13838.607,0.9972,STAY_ACTIVE,13838.607421875
21000.0,21000.047,1.0,STAY_ACTIVE,21000.046875
12395.4,12352.611,0.9965,STAY_ACTIVE,12352.611328125
8948.7,9005.708,0.9936,STAY_ACTIVE,9005.7080078125
3000.0,3000.4214,0.9999,SCALE_DOWN,3000.0
3000.0,3000.4214,0.9999,SCALE_DOWN,3000.0
21000.0,21000.047,1.0,STAY_ACTIVE,21000.046875
21000.0,21000.047,1.0,STAY_ACTIVE,21000.046875
3000.0,3000.4214,0.9999,SCALE_DOWN,3000.0
21000.0,21000.047,1.0,STAY_ACTIVE,21000.046875
3400.8,3381.238,0.9942,SCALE_DOWN,3000.0
9393.3,9360.028,0.9965,STAY_ACTIVE,9360.0283203125
3000.0,3000.4214,0.9999,SCALE_DOWN,3000.0
4685.1,4694.808,0.9979,SCALE_DOWN,3000.0
3000.0,3000.4214,0.9999,SCALE_DOWN,3000.0
3478.7999999999997,3485.102,0.9982,SCALE_DOWN,3000.0
16293.3,16349.063,0.9966,STAY_ACTIVE,16349.0634765625
10810.2,10857.241,0.9956,STAY_ACTIVE,10857.2412109375
3000.0,3000.4214,0.9999,SCALE_DOWN,3000.0
3000.0,3000.4214,0.9999,SCALE_DOWN,3000.0
3000.0,3000.4214,0.9999,SCALE_DOWN,3000.0
3000.0,3000.4214,0.9999,SCALE_DOWN,3000.0
21000.0,21000.047,1.0,STAY_ACTIVE,21000.046875
21000.0,21000.047,1.0,STAY_ACTIVE,21000.046875
3000.0,3000.4214,0.9999,SCALE_DOWN,3000.0
21000.0,21000.775,1.0,STAY_ACTIVE,21000.775390625
21000.0,21000.078,1.0,STAY_ACTIVE,21000.078125
14545.2,14551.53,0.9996,STAY_ACTIVE,14551.5302734375
3000.0,3000.4214,0.9999,SCALE_DOWN,3000.0
21000.0,21000.047,1.0,STAY_ACTIVE,21000.046875
3000.0,3000.4214,0.9999,SCALE_DOWN,3000.0
3000.0,3000.4214,0.9999,SCALE_DOWN,3000.0
3000.0,3000.4214,0.9999,SCALE_DOWN,3000.0
21000.0,20999.164,1.0,STAY_ACTIVE,20999.1640625
15438.0,15393.704,0.9971,STAY_ACTIVE,15393.7041015625
3000.0,3000.4214,0.9999,SCALE_DOWN,3000.0
3000.0,3000.4214,0.9999,SCALE_DOWN,3000.0
3000.0,3000.4214,0.9999,SCALE_DOWN,3000.0
3000.0,3000.4214,0.9999,SCALE_DOWN,3000.0
3000.0,3000.4214,0.9999,SCALE_DOWN,3000.0
21000.0,20997.89,0.9999,STAY_ACTIVE,20997.890625
8716.5,8700.412,0.9982,SCALE_DOWN,3000.0
13727.4,13769.992,0.9969,STAY_ACTIVE,13769.9921875
5624.1,5635.8,0.9979,SCALE_DOWN,3000.0
21000.0,21000.078,1.0,STAY_ACTIVE,21000.078125
9979.500000000002,10002.749,0.9977,STAY_ACTIVE,10002.7490234375
3000.0,3000.4214,0.9999,SCALE_DOWN,3000.0
9021.9,9000.553,0.9976,STAY_ACTIVE,9000.552734375
3000.0,3000.4214,0.9999,SCALE_DOWN,3000.0
13719.3,13851.908,0.9903,STAY_ACTIVE,13851.908203125
3000.0,3000.4214,0.9999,SCALE_DOWN,3000.0
21000.0,21000.047,1.0,STAY_ACTIVE,21000.046875
5718.0,5706.555,0.998,SCALE_DOWN,3000.0
3000.0,3000.4214,0.9999,SCALE_DOWN,3000.0
3000.0,3000.4214,0.9999,SCALE_DOWN,3000.0
13767.0,13789.781,0.9983,STAY_ACTIVE,13789.78125
3000.0,3000.4214,0.9999,SCALE_DOWN,3000.0
3000.0,3000.4214,0.9999,SCALE_DOWN,3000.0
3000.0,3000.4214,0.9999,SCALE_DOWN,3000.0
6012.9,6027.284,0.9976,SCALE_DOWN,3000.0
6193.8,6193.775,1.0,SCALE_DOWN,3000.0
3000.0,3000.4214,0.9999,SCALE_DOWN,3000.0
3000.0,3000.4214,0.9999,SCALE_DOWN,3000.0
3000.0,3000.4214,0.9999,SCALE_DOWN,3000.0
5936.400000000001,5945.364,0.9985,SCALE_DOWN,3000.0
21000.0,20990.25,0.9995,STAY_ACTIVE,20990.25
3000.0,3000.4214,0.9999,SCALE_DOWN,3000.0
16903.800000000003,16960.871,0.9966,STAY_ACTIVE,16960.87109375
21000.0,21000.078,1.0,STAY_ACTIVE,21000.078125
3000.0,3000.4214,0.9999,SCALE_DOWN,3000.0
5616.6,5593.8784,0.996,SCALE_DOWN,3000.0
8934.3,8960.871,0.997,SCALE_DOWN,3000.0
3000.0,3000.4214,0.9999,SCALE_DOWN,3000.0
6486.9,6500.491,0.9979,SCALE_DOWN,3000.0
5871.9,5879.4727,0.9987,SCALE_DOWN,3000.0
3000.0,3000.4214,0.9999,SCALE_DOWN,3000.0
3000.0,3000.4214,0.9999,SCALE_DOWN,3000.0
11488.2,11452.9795,0.9969,STAY_ACTIVE,11452.9794921875
12488.7,12454.511,0.9973,STAY_ACTIVE,12454.5107421875
21000.0,21000.67,1.0,STAY_ACTIVE,21000.669921875
7522.5,7556.0024,0.9955,SCALE_DOWN,3000.0
3000.0,3000.4214,0.9999,SCALE_DOWN,3000.0
3675.0,3665.8535,0.9975,SCALE_DOWN,3000.0
5865.6,5880.3643,0.9975,SCALE_DOWN,3000.0
3938.7,3901.57,0.9906,SCALE_DOWN,3000.0
21000.0,21000.047,1.0,STAY_ACTIVE,21000.046875
21000.0,21000.09,1.0,STAY_ACTIVE,21000.08984375
4353.3,4315.109,0.9912,SCALE_DOWN,3000.0
14626.5,14582.745,0.997,STAY_ACTIVE,14582.7451171875
3000.0,3000.4214,0.9999,SCALE_DOWN,3000.0
13812.3,13868.577,0.9959,STAY_ACTIVE,13868.5771484375
3000.0,3000.4214,0.9999,SCALE_DOWN,3000.0
4750.8,4728.845,0.9954,SCALE_DOWN,3000.0
9891.0,9832.805,0.9941,STAY_ACTIVE,9832.8046875
14679.300000000005,14591.502,0.994,STAY_ACTIVE,14591.501953125
3474.2999999999997,3469.8303,0.9987,SCALE_DOWN,3000.0
3000.0,3000.4214,0.9999,SCALE_DOWN,3000.0
4251.299999999999,4252.086,0.9998,SCALE_DOWN,3000.0
3000.0,3000.4214,0.9999,SCALE_DOWN,3000.0
17343.0,17290.658,0.997,STAY_ACTIVE,17290.658203125
7773.0,7772.296,0.9999,SCALE_DOWN,3000.0
9114.6,9082.826,0.9965,STAY_ACTIVE,9082.826171875
13901.7,13983.204,0.9941,STAY_ACTIVE,13983.2041015625
3000.0,3000.4214,0.9999,SCALE_DOWN,3000.0
3000.0,3000.4214,0.9999,SCALE_DOWN,3000.0
21000.0,21000.047,1.0,STAY_ACTIVE,21000.046875
21000.0,21000.049,1.0,STAY_ACTIVE,21000.048828125
3000.0,3000.4214,0.9999,SCALE_DOWN,3000.0
3000.0,3000.4214,0.9999,SCALE_DOWN,3000.0
9174.9,9193.046,0.998,STAY_ACTIVE,9193.0458984375
20325.0,20273.844,0.9975,STAY_ACTIVE,20273.84375
12612.900000000003,12588.351,0.9981,STAY_ACTIVE,12588.3505859375
21000.0,21000.078,1.0,STAY_ACTIVE,21000.078125
7615.8,7619.2783,0.9995,SCALE_DOWN,3000.0
3000.0,3000.4214,0.9999,SCALE_DOWN,3000.0
21000.0,21032.828,0.9984,STAY_ACTIVE,21032.828125
4748.4,4741.7373,0.9986,SCALE_DOWN,3000.0
13722.3,13659.019,0.9954,STAY_ACTIVE,13659.0185546875
21000.0,21000.049,1.0,STAY_ACTIVE,21000.048828125
11566.8,11613.036,0.996,STAY_ACTIVE,11613.0361328125
6835.8,6838.2876,0.9996,SCALE_DOWN,3000.0
21000.0,20999.467,1.0,STAY_ACTIVE,20999.466796875
21000.0,20996.611,0.9998,STAY_ACTIVE,20996.611328125
3000.0,3000.4214,0.9999,SCALE_DOWN,3000.0
3000.0,3000.4214,0.9999,SCALE_DOWN,3000.0
9597.0,9660.779,0.9934,STAY_ACTIVE,9660.779296875
6139.799999999999,6111.756,0.9954,SCALE_DOWN,3000.0
9585.9,9606.223,0.9979,STAY_ACTIVE,9606.22265625
21000.0,21000.078,1.0,STAY_ACTIVE,21000.078125
5546.4,5619.994,0.9867,SCALE_DOWN,3000.0
19826.699999999997,19878.037,0.9974,STAY_ACTIVE,19878.037109375
3000.0,3000.4214,0.9999,SCALE_DOWN,3000.0
13104.3,13105.354,0.9999,STAY_ACTIVE,13105.353515625
3000.0,3000.4214,0.9999,SCALE_DOWN,3000.0
13222.500000000002,13253.319,0.9977,STAY_ACTIVE,13253.3193359375
3000.0,3000.4214,0.9999,SCALE_DOWN,3000.0
12319.8,12285.421,0.9972,STAY_ACTIVE,12285.4208984375
10987.500000000002,10982.226,0.9995,STAY_ACTIVE,10982.2255859375
16263.3,16192.178,0.9956,STAY_ACTIVE,16192.177734375
3000.0,3000.4214,0.9999,SCALE_DOWN,3000.0
8896.2,8863.756,0.9964,SCALE_DOWN,3000.0
8333.1,8355.198,0.9973,SCALE_DOWN,3000.0
18764.1,18626.088,0.9926,STAY_ACTIVE,18626.087890625
21000.0,21001.541,0.9999,STAY_ACTIVE,21001.541015625
3000.0,3000.4214,0.9999,SCALE_DOWN,3000.0
7213.5,7190.283,0.9968,SCALE_DOWN,3000.0
3000.0,3000.4214,0.9999,SCALE_DOWN,3000.0
21000.0,20999.283,1.0,STAY_ACTIVE,20999.283203125
3454.2,3455.647,0.9996,SCALE_DOWN,3000.0
6163.5,6155.094,0.9986,SCALE_DOWN,3000.0
11464.500000000002,11428.21,0.9968,STAY_ACTIVE,11428.2099609375
7532.1,7533.63,0.9998,SCALE_DOWN,3000.0
8197.2,8213.25,0.998,SCALE_DOWN,3000.0
3000.0,3000.4214,0.9999,SCALE_DOWN,3000.0
3000.0,3000.4214,0.9999,SCALE_DOWN,3000.0
20326.8,20486.482,0.9921,STAY_ACTIVE,20486.482421875
21000.0,21000.045,1.0,STAY_ACTIVE,21000.044921875
3000.0,3000.4214,0.9999,SCALE_DOWN,3000.0
6467.1,6452.1665,0.9977,SCALE_DOWN,3000.0
6012.3,5993.5493,0.9969,SCALE_DOWN,3000.0
21000.0,20998.27,0.9999,STAY_ACTIVE,20998.26953125
3605.4,3603.874,0.9996,SCALE_DOWN,3000.0
3000.0,3000.4214,0.9999,SCALE_DOWN,3000.0
21000.0,21000.047,1.0,STAY_ACTIVE,21000.046875
21000.0,21000.049,1.0,STAY_ACTIVE,21000.048828125
14258.1,14249.419,0.9994,STAY_ACTIVE,14249.4189453125
14838.0,14842.226,0.9997,STAY_ACTIVE,14842.2255859375
3000.0,3000.4214,0.9999,SCALE_DOWN,3000.0
12144.3,12153.039,0.9993,STAY_ACTIVE,12153.0390625
20126.4,20195.105,0.9966,STAY_ACTIVE,20195.10546875
10302.3,10352.141,0.9952,STAY_ACTIVE,10352.140625
3000.0,3000.4214,0.9999,SCALE_DOWN,3000.0
12306.6,12347.154,0.9967,STAY_ACTIVE,12347.154296875
3000.0,3000.4214,0.9999,SCALE_DOWN,3000.0
11207.7,11239.239,0.9972,STAY_ACTIVE,11239.2392578125
6955.5,6971.9277,0.9976,SCALE_DOWN,3000.0
5496.9,5498.1626,0.9998,SCALE_DOWN,3000.0
3000.0,3000.4214,0.9999,SCALE_DOWN,3000.0
9393.9,9464.979,0.9924,STAY_ACTIVE,9464.978515625
3000.0,3000.4214,0.9999,SCALE_DOWN,3000.0
17219.4,17201.379,0.999,STAY_ACTIVE,17201.37890625
3000.0,3000.4214,0.9999,SCALE_DOWN,3000.0
12844.2,12850.297,0.9995,STAY_ACTIVE,12850.296875
3000.0,3000.4214,0.9999,SCALE_DOWN,3000.0
3000.0,3000.4214,0.9999,SCALE_DOWN,3000.0
11555.7,11574.148,0.9984,STAY_ACTIVE,11574.1484375
4703.400000000001,4706.7715,0.9993,SCALE_DOWN,3000.0
3706.5,3707.4688,0.9997,SCALE_DOWN,3000.0
9093.9,9111.792,0.998,STAY_ACTIVE,9111.7919921875
3000.0,3000.4214,0.9999,SCALE_DOWN,3000.0
3000.0,3000.4214,0.9999,SCALE_DOWN,3000.0
9227.1,9192.196,0.9962,STAY_ACTIVE,9192.1962890625
10290.3,10288.458,0.9998,STAY_ACTIVE,10288.4580078125
18207.9,18288.826,0.9956,STAY_ACTIVE,18288.826171875
3105.0,3118.3608,0.9957,SCALE_DOWN,3000.0
8523.6,8643.039,0.986,SCALE_DOWN,3000.0
21000.0,20882.727,0.9944,STAY_ACTIVE,20882.7265625
3000.0,3000.4214,0.9999,SCALE_DOWN,3000.0
21000.0,21025.53,0.9988,STAY_ACTIVE,21025.529296875
3229.8,3218.6555,0.9965,SCALE_DOWN,3000.0
3000.0,3000.4214,0.9999,SCALE_DOWN,3000.0
11741.1,11703.491,0.9968,STAY_ACTIVE,11703.4912109375
21000.0,21000.047,1.0,STAY_ACTIVE,21000.046875
8435.1,8427.024,0.999,SCALE_DOWN,3000.0
3000.0,3000.4214,0.9999,SCALE_DOWN,3000.0
21000.0,21000.047,1.0,STAY_ACTIVE,21000.046875
3000.0,3000.4214,0.9999,SCALE_DOWN,3000.0
3000.0,3000.4214,0.9999,SCALE_DOWN,3000.0
11514.3,11566.183,0.9955,STAY_ACTIVE,11566.1826171875
3000.0,3000.4214,0.9999,SCALE_DOWN,3000.0
7008.6,7030.1353,0.9969,SCALE_DOWN,3000.0
5336.400000000001,5339.45,0.9994,SCALE_DOWN,3000.0
5870.4,5887.9062,0.997,SCALE_DOWN,3000.0
14500.500000000004,14458.619,0.9971,STAY_ACTIVE,14458.619140625
6552.3,6508.509,0.9933,SCALE_DOWN,3000.0
3535.2000000000003,3516.2866,0.9946,SCALE_DOWN,3000.0
21000.0,20999.133,1.0,STAY_ACTIVE,20999.1328125
7583.1,7605.884,0.997,SCALE_DOWN,3000.0
3000.0,3000.4214,0.9999,SCALE_DOWN,3000.0
3000.0,3000.4214,0.9999,SCALE_DOWN,3000.0
3000.0,3000.4214,0.9999,SCALE_DOWN,3000.0
5790.6,5765.2812,0.9956,SCALE_DOWN,3000.0
21000.0,20998.719,0.9999,STAY_ACTIVE,20998.71875
3000.0,3000.4214,0.9999,SCALE_DOWN,3000.0
8216.1,8185.521,0.9963,SCALE_DOWN,3000.0
21000.0,20996.117,0.9998,STAY_ACTIVE,20996.1171875
15912.9,15907.903,0.9997,STAY_ACTIVE,15907.9033203125
3000.0,3000.4214,0.9999,SCALE_DOWN,3000.0
16201.5,16245.356,0.9973,STAY_ACTIVE,16245.3564453125
21000.0,20999.562,1.0,STAY_ACTIVE,20999.5625
21000.0,21000.271,1.0,STAY_ACTIVE,21000.271484375
8371.800000000001,8398.752,0.9968,SCALE_DOWN,3000.0
3000.0,3000.4214,0.9999,SCALE_DOWN,3000.0
21000.0,21000.047,1.0,STAY_ACTIVE,21000.046875
14440.200000000004,14404.454,0.9975,STAY_ACTIVE,14404.4541015625
4016.7,3983.3706,0.9917,SCALE_DOWN,3000.0
21000.0,21000.291,1.0,STAY_ACTIVE,21000.291015625
6903.0,6932.4697,0.9957,SCALE_DOWN,3000.0
21000.0,21000.291,1.0,STAY_ACTIVE,21000.291015625
3000.0,3000.4214,0.9999,SCALE_DOWN,3000.0
15334.5,15224.498,0.9928,STAY_ACTIVE,15224.498046875
21000.0,21000.078,1.0,STAY_ACTIVE,21000.078125
3108.3,3123.7593,0.995,SCALE_DOWN,3000.0
15090.3,15116.736,0.9982,STAY_ACTIVE,15116.736328125
21000.0,20997.8,0.9999,STAY_ACTIVE,20997.80078125
10089.9,10121.855,0.9968,STAY_ACTIVE,10121.85546875
3000.0,3000.4214,0.9999,SCALE_DOWN,3000.0
3397.2000000000003,3387.509,0.9971,SCALE_DOWN,3000.0
3000.0,3000.4214,0.9999,SCALE_DOWN,3000.0
9622.5,9639.731,0.9982,STAY_ACTIVE,9639.7314453125
21000.0,20968.723,0.9985,STAY_ACTIVE,20968.72265625
10767.9,10744.671,0.9978,STAY_ACTIVE,10744.6708984375
3000.0,3000.4214,0.9999,SCALE_DOWN,3000.0
9180.6,9172.562,0.9991,STAY_ACTIVE,9172.5615234375
3000.0,3000.4214,0.9999,SCALE_DOWN,3000.0
6795.6,6822.082,0.9961,SCALE_DOWN,3000.0
10079.7,10009.404,0.993,STAY_ACTIVE,10009.404296875
19294.5,19236.94,0.997,STAY_ACTIVE,19236.939453125
13383.9,13440.352,0.9958,STAY_ACTIVE,13440.3515625
19961.1,20003.78,0.9979,STAY_ACTIVE,20003.779296875
3000.0,3000.4214,0.9999,SCALE_DOWN,3000.0
20641.500000000004,20453.137,0.9909,STAY_ACTIVE,20453.13671875
21000.0,21000.281,1.0,STAY_ACTIVE,21000.28125
3000.0,3000.4214,0.9999,SCALE_DOWN,3000.0
3000.0,3000.4214,0.9999,SCALE_DOWN,3000.0
3000.0,3000.4214,0.9999,SCALE_DOWN,3000.0
3000.0,3000.4214,0.9999,SCALE_DOWN,3000.0
4795.2,4813.795,0.9961,SCALE_DOWN,3000.0
21000.0,20999.734,1.0,STAY_ACTIVE,20999.734375
6239.700000000001,6240.198,0.9999,SCALE_DOWN,3000.0
3000.0,3000.4214,0.9999,SCALE_DOWN,3000.0
3000.0,3000.4214,0.9999,SCALE_DOWN,3000.0
10528.5,10510.859,0.9983,STAY_ACTIVE,10510.859375
21000.0,21000.047,1.0,STAY_ACTIVE,21000.046875
21000.0,20999.26,1.0,STAY_ACTIVE,20999.259765625
7628.1,7618.0547,0.9987,SCALE_DOWN,3000.0
21000.0,21000.049,1.0,STAY_ACTIVE,21000.048828125
3000.0,3000.4214,0.9999,SCALE_DOWN,3000.0
6079.200000000001,6077.34,0.9997,SCALE_DOWN,3000.0
3000.0,3000.4214,0.9999,SCALE_DOWN,3000.0
18541.800000000003,18452.295,0.9952,STAY_ACTIVE,18452.294921875
18185.7,18213.15,0.9985,STAY_ACTIVE,18213.150390625
5112.0,5157.146,0.9912,SCALE_DOWN,3000.0
8371.5,8382.412,0.9987,SCALE_DOWN,3000.0
3000.0,3000.4214,0.9999,SCALE_DOWN,3000.0
3959.4,3935.246,0.9939,SCALE_DOWN,3000.0
21000.0,21000.049,1.0,STAY_ACTIVE,21000.048828125
7011.0,6998.511,0.9982,SCALE_DOWN,3000.0
3000.0,3000.4214,0.9999,SCALE_DOWN,3000.0
6218.4,6195.249,0.9963,SCALE_DOWN,3000.0
5525.1,5546.88,0.9961,SCALE_DOWN,3000.0
12728.1,12771.313,0.9966,STAY_ACTIVE,12771.3134765625
3104.7000000000003,3088.7908,0.9949,SCALE_DOWN,3000.0
4604.7,4567.416,0.9919,SCALE_DOWN,3000.0
14305.8,14271.041,0.9976,STAY_ACTIVE,14271.041015625
21000.0,21000.09,1.0,STAY_ACTIVE,21000.08984375
12190.2,12158.767,0.9974,STAY_ACTIVE,12158.7666015625
3000.0,3000.4214,0.9999,SCALE_DOWN,3000.0
3000.0,3000.4214,0.9999,SCALE_DOWN,3000.0
3000.0,3000.4214,0.9999,SCALE_DOWN,3000.0
3000.0,3000.4214,0.9999,SCALE_DOWN,3000.0
4794.9,4793.784,0.9998,SCALE_DOWN,3000.0
3000.0,3000.4214,0.9999,SCALE_DOWN,3000.0
15893.7,15935.702,0.9974,STAY_ACTIVE,15935.7021484375
21000.0,21000.047,1.0,STAY_ACTIVE,21000.046875
5223.900000000001,5216.9565,0.9987,SCALE_DOWN,3000.0
5714.7,5732.398,0.9969,SCALE_DOWN,3000.0
12773.1,12793.909,0.9984,STAY_ACTIVE,12793.9091796875
3994.5,3979.0742,0.9961,SCALE_DOWN,3000.0
8545.5,8554.524,0.9989,SCALE_DOWN,3000.0
21000.0,21000.195,1.0,STAY_ACTIVE,21000.1953125
3000.0,3000.4214,0.9999,SCALE_DOWN,3000.0
21000.0,21000.049,1.0,STAY_ACTIVE,21000.048828125
21000.0,21000.078,1.0,STAY_ACTIVE,21000.078125
21000.0,21000.049,1.0,STAY_ACTIVE,21000.048828125
8004.9,8010.703,0.9993,SCALE_DOWN,3000.0
16175.1,16103.509,0.9956,STAY_ACTIVE,16103.5087890625
3344.1,3340.9617,0.9991,SCALE_DOWN,3000.0
14511.6,14633.481,0.9916,STAY_ACTIVE,14633.4814453125
3000.0,3000.4214,0.9999,SCALE_DOWN,3000.0
3000.0,3000.4214,0.9999,SCALE_DOWN,3000.0
7070.1,7083.273,0.9981,SCALE_DOWN,3000.0
21000.0,20995.838,0.9998,STAY_ACTIVE,20995.837890625
3000.0,3000.4214,0.9999,SCALE_DOWN,3000.0
3622.2,3652.277,0.9917,SCALE_DOWN,3000.0
21000.0,20998.338,0.9999,STAY_ACTIVE,20998.337890625
7990.200000000001,7968.7896,0.9973,SCALE_DOWN,3000.0
7748.1,7770.796,0.9971,SCALE_DOWN,3000.0
18081.0,18005.29,0.9958,STAY_ACTIVE,18005.2890625
5743.8,5742.5044,0.9998,SCALE_DOWN,3000.0
7880.700000000001,7891.146,0.9987,SCALE_DOWN,3000.0
3000.0,3000.4214,0.9999,SCALE_DOWN,3000.0
21000.0,21000.047,1.0,STAY_ACTIVE,21000.046875
21000.0,21039.27,0.9981,STAY_ACTIVE,21039.26953125
3933.6,3960.218,0.9932,SCALE_DOWN,3000.0
21000.0,21001.082,0.9999,STAY_ACTIVE,21001.08203125
21000.0,21015.006,0.9993,STAY_ACTIVE,21015.005859375
21000.0,21018.45,0.9991,STAY_ACTIVE,21018.44921875
21000.0,21000.049,1.0,STAY_ACTIVE,21000.048828125
6365.1,6360.2334,0.9992,SCALE_DOWN,3000.0
10040.4,10085.694,0.9955,STAY_ACTIVE,10085.6943359375
3000.0,3000.4214,0.9999,SCALE_DOWN,3000.0
9857.7,9899.736,0.9957,STAY_ACTIVE,9899.736328125
3000.0,3000.4214,0.9999,SCALE_DOWN,3000.0
3000.0,3000.4214,0.9999,SCALE_DOWN,3000.0
8395.5,8352.39,0.9949,SCALE_DOWN,3000.0
3000.0,3000.4214,0.9999,SCALE_DOWN,3000.0
21000.0,21000.078,1.0,STAY_ACTIVE,21000.078125
7552.8,7576.928,0.9968,SCALE_DOWN,3000.0
3000.0,3000.4214,0.9999,SCALE_DOWN,3000.0
21000.0,21000.049,1.0,STAY_ACTIVE,21000.048828125
6879.9,6896.831,0.9975,SCALE_DOWN,3000.0
21000.0,21000.078,1.0,STAY_ACTIVE,21000.078125
3000.0,3000.4214,0.9999,SCALE_DOWN,3000.0
10216.500000000002,10153.8955,0.9939,STAY_ACTIVE,10153.8955078125
3000.0,3000.4214,0.9999,SCALE_DOWN,3000.0
10947.6,10920.435,0.9975,STAY_ACTIVE,10920.4345703125
11945.4,11931.72,0.9989,STAY_ACTIVE,11931.7197265625
21000.0,21000.047,1.0,STAY_ACTIVE,21000.046875
19709.1,19713.312,0.9998,STAY_ACTIVE,19713.3125
5406.9,5375.807,0.9942,SCALE_DOWN,3000.0
3000.0,3000.4214,0.9999,SCALE_DOWN,3000.0
11846.7,11830.118,0.9986,STAY_ACTIVE,11830.1181640625
14364.600000000002,14361.319,0.9998,STAY_ACTIVE,14361.3193359375
20761.5,20697.725,0.9969,STAY_ACTIVE,20697.724609375
21000.0,20999.852,1.0,STAY_ACTIVE,20999.8515625
18348.300000000003,18241.22,0.9942,STAY_ACTIVE,18241.220703125
14839.8,14821.171,0.9987,STAY_ACTIVE,14821.1708984375
3000.0,3000.4214,0.9999,SCALE_DOWN,3000.0
8770.2,8789.665,0.9978,SCALE_DOWN,3000.0
3000.0,3000.4214,0.9999,SCALE_DOWN,3000.0
4969.799999999999,4973.8535,0.9992,SCALE_DOWN,3000.0
11151.6,11275.366,0.9889,STAY_ACTIVE,11275.3662109375
21000.0,20999.852,1.0,STAY_ACTIVE,20999.8515625
14381.100000000002,14405.407,0.9983,STAY_ACTIVE,14405.4072265625
3000.0,3000.4214,0.9999,SCALE_DOWN,3000.0
3000.0,3000.4214,0.9999,SCALE_DOWN,3000.0
5299.8,5313.3813,0.9974,SCALE_DOWN,3000.0
3000.0,3000.4214,0.9999,SCALE_DOWN,3000.0
21000.0,21000.047,1.0,STAY_ACTIVE,21000.046875
6722.4,6717.547,0.9993,SCALE_DOWN,3000.0
21000.0,21000.049,1.0,STAY_ACTIVE,21000.048828125
9214.5,9185.069,0.9968,STAY_ACTIVE,9185.0693359375
21000.0,21000.047,1.0,STAY_ACTIVE,21000.046875
11035.8,11025.346,0.9991,STAY_ACTIVE,11025.345703125
3000.0,3000.4214,0.9999,SCALE_DOWN,3000.0
21000.0,21020.807,0.999,STAY_ACTIVE,21020.806640625
21000.0,20999.328,1.0,STAY_ACTIVE,20999.328125
3559.2000000000003,3540.326,0.9947,SCALE_DOWN,3000.0
7458.9,7452.1045,0.9991,SCALE_DOWN,3000.0
10560.3,10580.026,0.9981,STAY_ACTIVE,10580.0263671875
3000.0,3000.4214,0.9999,SCALE_DOWN,3000.0
21000.0,21017.777,0.9992,STAY_ACTIVE,21017.77734375
7530.9,7532.911,0.9997,SCALE_DOWN,3000.0
3443.7000000000003,3454.9858,0.9967,SCALE_DOWN,3000.0
3000.0,3000.4214,0.9999,SCALE_DOWN,3000.0
3000.0,3000.4214,0.9999,SCALE_DOWN,3000.0
3000.0,3000.4214,0.9999,SCALE_DOWN,3000.0
10281.000000000002,10295.599,0.9986,STAY_ACTIVE,10295.5986328125
8536.2,8527.673,0.999,SCALE_DOWN,3000.0
3000.0,3000.4214,0.9999,SCALE_DOWN,3000.0
7112.1,7100.1235,0.9983,SCALE_DOWN,3000.0
5344.200000000001,5340.5522,0.9993,SCALE_DOWN,3000.0
19085.1,19107.404,0.9988,STAY_ACTIVE,19107.404296875
18054.300000000003,18041.299,0.9993,STAY_ACTIVE,18041.298828125
11895.3,11927.243,0.9973,STAY_ACTIVE,11927.2431640625
3000.0,3000.4214,0.9999,SCALE_DOWN,3000.0
4872.3,4844.92,0.9944,SCALE_DOWN,3000.0
3000.0,3000.4214,0.9999,SCALE_DOWN,3000.0
16825.8,16734.996,0.9946,STAY_ACTIVE,16734.99609375
9606.0,9580.013,0.9973,STAY_ACTIVE,9580.0126953125
3000.0,3000.4214,0.9999,SCALE_DOWN,3000.0
6839.7,6847.9385,0.9988,SCALE_DOWN,3000.0
13145.4,13135.068,0.9992,STAY_ACTIVE,13135.068359375
12711.9,12720.392,0.9993,STAY_ACTIVE,12720.3916015625
21000.0,21001.412,0.9999,STAY_ACTIVE,21001.412109375
3000.0,3000.4214,0.9999,SCALE_DOWN,3000.0
11018.4,11054.318,0.9967,STAY_ACTIVE,11054.318359375
7032.9,7006.8037,0.9963,SCALE_DOWN,3000.0
18434.4,18427.625,0.9996,STAY_ACTIVE,18427.625
3000.0,3000.4214,0.9999,SCALE_DOWN,3000.0
5442.6,5413.8696,0.9947,SCALE_DOWN,3000.0
4460.1,4459.927,1.0,SCALE_DOWN,3000.0
3000.0,3000.4214,0.9999,SCALE_DOWN,3000.0
3000.0,3000.4214,0.9999,SCALE_DOWN,3000.0
3000.0,3000.4214,0.9999,SCALE_DOWN,3000.0
17221.500000000004,17129.75,0.9947,STAY_ACTIVE,17129.75
21000.0,21000.078,1.0,STAY_ACTIVE,21000.078125
6668.1,6662.074,0.9991,SCALE_DOWN,3000.0
8208.900000000001,8191.171,0.9978,SCALE_DOWN,3000.0
21000.0,21013.37,0.9994,STAY_ACTIVE,21013.369140625
3735.3,3757.674,0.994,SCALE_DOWN,3000.0
3000.0,3000.4214,0.9999,SCALE_DOWN,3000.0
7627.2,7626.109,0.9999,SCALE_DOWN,3000.0
19091.1,19063.396,0.9985,STAY_ACTIVE,19063.396484375
3000.0,3000.4214,0.9999,SCALE_DOWN,3000.0
3170.4,3155.0205,0.9951,SCALE_DOWN,3000.0
21000.0,20999.562,1.0,STAY_ACTIVE,20999.5625
21000.0,20962.906,0.9982,STAY_ACTIVE,20962.90625
12603.000000000002,12589.268,0.9989,STAY_ACTIVE,12589.267578125
3000.0,3000.4214,0.9999,SCALE_DOWN,3000.0
3916.5,3919.9592,0.9991,SCALE_DOWN,3000.0
21000.0,20961.418,0.9982,STAY_ACTIVE,20961.41796875
5952.0,5940.9473,0.9981,SCALE_DOWN,3000.0
21000.0,21000.049,1.0,STAY_ACTIVE,21000.048828125
21000.0,20999.164,1.0,STAY_ACTIVE,20999.1640625
3932.400000000001,3944.1729,0.997,SCALE_DOWN,3000.0
3791.1,3819.7905,0.9924,SCALE_DOWN,3000.0
3000.0,3000.4214,0.9999,SCALE_DOWN,3000.0
21000.0,21000.047,1.0,STAY_ACTIVE,21000.046875
8847.6,8840.909,0.9992,SCALE_DOWN,3000.0
18778.500000000004,18741.688,0.998,STAY_ACTIVE,18741.6875
9339.0,9281.947,0.9939,STAY_ACTIVE,9281.947265625
21000.0,21000.049,1.0,STAY_ACTIVE,21000.048828125
3000.0,3000.4214,0.9999,SCALE_DOWN,3000.0
9344.4,9367.713,0.9975,STAY_ACTIVE,9367.712890625
3000.0,3000.4214,0.9999,SCALE_DOWN,3000.0
3000.0,3000.4214,0.9999,SCALE_DOWN,3000.0
14695.2,14634.532,0.9959,STAY_ACTIVE,14634.5322265625
21000.0,20931.273,0.9967,STAY_ACTIVE,20931.2734375
3000.0,3000.4214,0.9999,SCALE_DOWN,3000.0
3000.0,3000.4214,0.9999,SCALE_DOWN,3000.0
11435.7,11402.256,0.9971,STAY_ACTIVE,11402.255859375
10412.4,10441.773,0.9972,STAY_ACTIVE,10441.7734375
3000.0,3000.4214,0.9999,SCALE_DOWN,3000.0
10596.6,10616.206,0.9981,STAY_ACTIVE,10616.2060546875
12485.4,12537.036,0.9959,STAY_ACTIVE,12537.0361328125
21000.0,21000.047,1.0,STAY_ACTIVE,21000.046875
10775.4,10904.832,0.988,STAY_ACTIVE,10904.83203125
3000.0,3000.4214,0.9999,SCALE_DOWN,3000.0
19400.699999999997,19236.611,0.9915,STAY_ACTIVE,19236.611328125
9497.4,9532.39,0.9963,STAY_ACTIVE,9532.3896484375
3000.0,3000.4214,0.9999,SCALE_DOWN,3000.0
3000.0,3000.4214,0.9999,SCALE_DOWN,3000.0
8606.400000000001,8619.068,0.9985,SCALE_DOWN,3000.0
3000.0,3000.4214,0.9999,SCALE_DOWN,3000.0
3000.0,3000.4214,0.9999,SCALE_DOWN,3000.0
21000.0,20999.852,1.0,STAY_ACTIVE,20999.8515625
3000.0,3000.4214,0.9999,SCALE_DOWN,3000.0
3000.0,3000.4214,0.9999,SCALE_DOWN,3000.0
13877.4,13924.925,0.9966,STAY_ACTIVE,13924.9248046875
21000.0,20998.14,0.9999,STAY_ACTIVE,20998.140625
3000.0,3000.4214,0.9999,SCALE_DOWN,3000.0
9409.5,9454.654,0.9952,STAY_ACTIVE,9454.654296875
21000.0,21000.049,1.0,STAY_ACTIVE,21000.048828125
3000.0,3000.4214,0.9999,SCALE_DOWN,3000.0
8524.2,8520.146,0.9995,SCALE_DOWN,3000.0
3000.0,3000.4214,0.9999,SCALE_DOWN,3000.0
10837.2,10809.45,0.9974,STAY_ACTIVE,10809.4501953125
21000.0,20999.033,1.0,STAY_ACTIVE,20999.033203125
7673.700000000001,7644.93,0.9963,SCALE_DOWN,3000.0
21000.0,21000.047,1.0,STAY_ACTIVE,21000.046875
3000.0,3000.4214,0.9999,SCALE_DOWN,3000.0
5854.8,5849.7383,0.9991,SCALE_DOWN,3000.0
3000.0,3000.4214,0.9999,SCALE_DOWN,3000.0
4705.799999999999,4728.0967,0.9953,SCALE_DOWN,3000.0
12687.300000000005,12740.173,0.9958,STAY_ACTIVE,12740.1728515625
3000.0,3000.4214,0.9999,SCALE_DOWN,3000.0
3000.0,3000.4214,0.9999,SCALE_DOWN,3000.0
3000.0,3000.4214,0.9999,SCALE_DOWN,3000.0
3000.0,3000.4214,0.9999,SCALE_DOWN,3000.0
3000.0,3000.4214,0.9999,SCALE_DOWN,3000.0
3000.0,3000.4214,0.9999,SCALE_DOWN,3000.0
15282.3,15161.549,0.9921,STAY_ACTIVE,15161.548828125
3000.0,3000.4214,0.9999,SCALE_DOWN,3000.0
3000.0,3000.4214,0.9999,SCALE_DOWN,3000.0
11572.2,11586.787,0.9987,STAY_ACTIVE,11586.787109375
3000.0,3000.4214,0.9999,SCALE_DOWN,3000.0
16812.600000000002,16826.412,0.9992,STAY_ACTIVE,16826.412109375
7611.9,7612.416,0.9999,SCALE_DOWN,3000.0
3000.0,3000.4214,0.9999,SCALE_DOWN,3000.0
6436.200000000001,6434.992,0.9998,SCALE_DOWN,3000.0
3000.0,3000.4214,0.9999,SCALE_DOWN,3000.0
3000.0,3000.4214,0.9999,SCALE_DOWN,3000.0
21000.0,21000.078,1.0,STAY_ACTIVE,21000.078125
9225.0,9194.107,0.9967,STAY_ACTIVE,9194.107421875
3000.0,3000.4214,0.9999,SCALE_DOWN,3000.0
3000.0,3000.4214,0.9999,SCALE_DOWN,3000.0
5813.700000000001,5790.525,0.996,SCALE_DOWN,3000.0
21000.0,20999.852,1.0,STAY_ACTIVE,20999.8515625
3000.0,3000.4214,0.9999,SCALE_DOWN,3000.0
9874.5,9850.114,0.9975,STAY_ACTIVE,9850.1142578125
9316.8,9302.714,0.9985,STAY_ACTIVE,9302.7138671875
4851.9,4831.0933,0.9957,SCALE_DOWN,3000.0
3000.0,3000.4214,0.9999,SCALE_DOWN,3000.0
3000.0,3000.4214,0.9999,SCALE_DOWN,3000.0
3000.0,3000.4214,0.9999,SCALE_DOWN,3000.0
19971.6,20041.758,0.9965,STAY_ACTIVE,20041.7578125
21000.0,21000.078,1.0,STAY_ACTIVE,21000.078125
3000.0,3000.4214,0.9999,SCALE_DOWN,3000.0
11002.5,11025.921,0.9979,STAY_ACTIVE,11025.9208984375
10919.1,10913.259,0.9995,STAY_ACTIVE,10913.2587890625
4280.700000000001,4271.0796,0.9978,SCALE_DOWN,3000.0
3000.0,3000.4214,0.9999,SCALE_DOWN,3000.0
3000.0,3000.4214,0.9999,SCALE_DOWN,3000.0
21000.0,21000.078,1.0,STAY_ACTIVE,21000.078125
21000.0,20999.852,1.0,STAY_ACTIVE,20999.8515625
3000.0,3000.4214,0.9999,SCALE_DOWN,3000.0
3000.0,3000.4214,0.9999,SCALE_DOWN,3000.0
21000.0,21000.078,1.0,STAY_ACTIVE,21000.078125
8541.0,8490.116,0.994,SCALE_DOWN,3000.0
3000.0,3000.4214,0.9999,SCALE_DOWN,3000.0
3000.0,3000.4214,0.9999,SCALE_DOWN,3000.0
3000.0,3000.4214,0.9999,SCALE_DOWN,3000.0
19970.10000000001,19843.28,0.9936,STAY_ACTIVE,19843.279296875
21000.0,21000.047,1.0,STAY_ACTIVE,21000.046875
3000.0,3000.4214,0.9999,SCALE_DOWN,3000.0
3000.0,3000.4214,0.9999,SCALE_DOWN,3000.0
11325.9,11308.911,0.9985,STAY_ACTIVE,11308.9111328125
17082.600000000002,17026.344,0.9967,STAY_ACTIVE,17026.34375
21000.0,21013.37,0.9994,STAY_ACTIVE,21013.369140625
21000.0,21000.047,1.0,STAY_ACTIVE,21000.046875
11263.8,11273.538,0.9991,STAY_ACTIVE,11273.5380859375
9622.8,9639.526,0.9983,STAY_ACTIVE,9639.5263671875
10964.1,10920.63,0.996,STAY_ACTIVE,10920.6298828125
9738.3,9771.996,0.9965,STAY_ACTIVE,9771.99609375
3000.0,3000.4214,0.9999,SCALE_DOWN,3000.0
8928.9,8889.95,0.9956,SCALE_DOWN,3000.0
3000.0,3000.4214,0.9999,SCALE_DOWN,3000.0
20463.6,20610.236,0.9928,STAY_ACTIVE,20610.236328125
21000.0,21037.28,0.9982,STAY_ACTIVE,21037.279296875
3000.0,3000.4214,0.9999,SCALE_DOWN,3000.0
3000.0,3000.4214,0.9999,SCALE_DOWN,3000.0
4753.2,4742.794,0.9978,SCALE_DOWN,3000.0
3000.0,3000.4214,0.9999,SCALE_DOWN,3000.0
3855.9,3846.193,0.9975,SCALE_DOWN,3000.0
5775.9,5774.1665,0.9997,SCALE_DOWN,3000.0
11857.8,11895.923,0.9968,STAY_ACTIVE,11895.9228515625
3000.0,3000.4214,0.9999,SCALE_DOWN,3000.0
21000.0,20998.113,0.9999,STAY_ACTIVE,20998.11328125
21000.0,21008.14,0.9996,STAY_ACTIVE,21008.140625
18368.4,18367.273,0.9999,STAY_ACTIVE,18367.2734375
13432.5,13394.342,0.9972,STAY_ACTIVE,13394.341796875
5277.6,5268.24,0.9982,SCALE_DOWN,3000.0
21000.0,21000.639,1.0,STAY_ACTIVE,21000.638671875
21000.0,21000.047,1.0,STAY_ACTIVE,21000.046875
5769.9,5758.715,0.9981,SCALE_DOWN,3000.0
7119.0,7123.9795,0.9993,SCALE_DOWN,3000.0
21000.0,21000.049,1.0,STAY_ACTIVE,21000.048828125
5535.900000000001,5553.718,0.9968,SCALE_DOWN,3000.0
20750.7,20699.35,0.9975,STAY_ACTIVE,20699.349609375
13148.7,13135.289,0.999,STAY_ACTIVE,13135.2890625
4831.8,4841.783,0.9979,SCALE_DOWN,3000.0
3198.6,3168.9204,0.9907,SCALE_DOWN,3000.0
21000.0,21000.047,1.0,STAY_ACTIVE,21000.046875
3000.0,3000.4214,0.9999,SCALE_DOWN,3000.0
6132.9,6111.756,0.9966,SCALE_DOWN,3000.0
21000.0,21000.047,1.0,STAY_ACTIVE,21000.046875
12074.1,12087.444,0.9989,STAY_ACTIVE,12087.4443359375
3000.0,3000.4214,0.9999,SCALE_DOWN,3000.0
3000.0,3000.4214,0.9999,SCALE_DOWN,3000.0
12955.8,12984.807,0.9978,STAY_ACTIVE,12984.806640625
14406.3,14437.875,0.9978,STAY_ACTIVE,14437.875
4468.5,4461.322,0.9984,SCALE_DOWN,3000.0
3000.0,3000.4214,0.9999,SCALE_DOWN,3000.0
15559.8,15521.719,0.9976,STAY_ACTIVE,15521.71875
3000.0,3000.4214,0.9999,SCALE_DOWN,3000.0
12010.2,11961.559,0.9959,STAY_ACTIVE,11961.55859375
3000.0,3000.4214,0.9999,SCALE_DOWN,3000.0
17382.300000000003,17322.865,0.9966,STAY_ACTIVE,17322.865234375
3000.0,3000.4214,0.9999,SCALE_DOWN,3000.0
17060.100000000002,17036.852,0.9986,STAY_ACTIVE,17036.8515625
3000.0,3000.4214,0.9999,SCALE_DOWN,3000.0
4878.9,4890.047,0.9977,SCALE_DOWN,3000.0
3000.0,3000.4214,0.9999,SCALE_DOWN,3000.0
21000.0,20994.63,0.9997,STAY_ACTIVE,20994.630859375
10898.4,10869.518,0.9973,STAY_ACTIVE,10869.517578125
3300.3,3306.3325,0.9982,SCALE_DOWN,3000.0
6636.3,6662.3955,0.9961,SCALE_DOWN,3000.0
15510.000000000002,15502.411,0.9995,STAY_ACTIVE,15502.4111328125
3000.0,3000.4214,0.9999,SCALE_DOWN,3000.0
21000.0,21000.049,1.0,STAY_ACTIVE,21000.048828125
21000.0,20997.627,0.9999,STAY_ACTIVE,20997.626953125
17476.5,17327.23,0.9915,STAY_ACTIVE,17327.23046875
3000.0,3000.4214,0.9999,SCALE_DOWN,3000.0
18137.7,18153.633,0.9991,STAY_ACTIVE,18153.6328125
3843.6,3873.0083,0.9923,SCALE_DOWN,3000.0
13127.4,13191.147,0.9951,STAY_ACTIVE,13191.1474609375
21000.0,21000.078,1.0,STAY_ACTIVE,21000.078125
15065.4,15142.999,0.9948,STAY_ACTIVE,15142.9990234375
3000.0,3000.4214,0.9999,SCALE_DOWN,3000.0
3000.0,3000.4214,0.9999,SCALE_DOWN,3000.0
3000.0,3000.4214,0.9999,SCALE_DOWN,3000.0
12259.8,12273.686,0.9989,STAY_ACTIVE,12273.685546875
3000.0,3000.4214,0.9999,SCALE_DOWN,3000.0
21000.0,21000.047,1.0,STAY_ACTIVE,21000.046875
11402.1,11455.592,0.9953,STAY_ACTIVE,11455.591796875
3000.0,3000.4214,0.9999,SCALE_DOWN,3000.0
12864.9,12872.601,0.9994,STAY_ACTIVE,12872.6005859375
15612.000000000002,15607.379,0.9997,STAY_ACTIVE,15607.37890625
9601.8,9627.235,0.9974,STAY_ACTIVE,9627.2353515625
3000.0,3000.4214,0.9999,SCALE_DOWN,3000.0
21000.0,20995.791,0.9998,STAY_ACTIVE,20995.791015625
3000.0,3000.4214,0.9999,SCALE_DOWN,3000.0
3000.0,3000.4214,0.9999,SCALE_DOWN,3000.0
3000.0,3000.4214,0.9999,SCALE_DOWN,3000.0
3000.0,3000.4214,0.9999,SCALE_DOWN,3000.0
5522.700000000001,5542.2886,0.9965,SCALE_DOWN,3000.0
3000.0,3000.4214,0.9999,SCALE_DOWN,3000.0
3054.9,3072.2573,0.9943,SCALE_DOWN,3000.0
3983.4,3962.7795,0.9948,SCALE_DOWN,3000.0
6140.4,6125.044,0.9975,SCALE_DOWN,3000.0
3000.0,3000.4214,0.9999,SCALE_DOWN,3000.0
16700.7,16813.682,0.9932,STAY_ACTIVE,16813.681640625
3000.0,3000.4214,0.9999,SCALE_DOWN,3000.0
3000.0,3000.4214,0.9999,SCALE_DOWN,3000.0
21000.0,20999.498,1.0,STAY_ACTIVE,20999.498046875
21000.0,21000.047,1.0,STAY_ACTIVE,21000.046875
10050.3,10063.932,0.9986,STAY_ACTIVE,10063.931640625
11339.1,11140.797,0.9825,STAY_ACTIVE,11140.796875
11000.4,10998.274,0.9998,STAY_ACTIVE,10998.2744140625
21000.0,21014.521,0.9993,STAY_ACTIVE,21014.521484375
3000.0,3000.4214,0.9999,SCALE_DOWN,3000.0
6480.3,6489.207,0.9986,SCALE_DOWN,3000.0
13607.7,13572.897,0.9974,STAY_ACTIVE,13572.8974609375
21000.0,21000.078,1.0,STAY_ACTIVE,21000.078125
21000.0,21000.078,1.0,STAY_ACTIVE,21000.078125
14376.6,14364.851,0.9992,STAY_ACTIVE,14364.8505859375
5021.7,5022.9995,0.9997,SCALE_DOWN,3000.0
21000.0,21000.047,1.0,STAY_ACTIVE,21000.046875
12258.6,12049.608,0.983,STAY_ACTIVE,12049.6083984375
21000.0,21000.639,1.0,STAY_ACTIVE,21000.638671875
21000.0,20999.564,1.0,STAY_ACTIVE,20999.564453125
8096.700000000001,8113.0947,0.998,SCALE_DOWN,3000.0
12769.2,12754.466,0.9988,STAY_ACTIVE,12754.4658203125
3313.5,3332.4292,0.9943,SCALE_DOWN,3000.0
21000.0,20999.852,1.0,STAY_ACTIVE,20999.8515625
21000.0,21000.24,1.0,STAY_ACTIVE,21000.240234375
21000.0,20997.627,0.9999,STAY_ACTIVE,20997.626953125
7134.0,7118.2896,0.9978,SCALE_DOWN,3000.0
3000.0,3000.4214,0.9999,SCALE_DOWN,3000.0
3000.0,3000.4214,0.9999,SCALE_DOWN,3000.0
3000.0,3000.4214,0.9999,SCALE_DOWN,3000.0
16178.7,16209.418,0.9981,STAY_ACTIVE,16209.41796875
3000.0,3000.4214,0.9999,SCALE_DOWN,3000.0
21000.0,20999.297,1.0,STAY_ACTIVE,20999.296875
13119.3,13163.247,0.9967,STAY_ACTIVE,13163.2470703125
21000.0,20997.8,0.9999,STAY_ACTIVE,20997.80078125
9424.2,9383.611,0.9957,STAY_ACTIVE,9383.611328125
20348.1,20331.22,0.9992,STAY_ACTIVE,20331.220703125
3000.0,3000.4214,0.9999,SCALE_DOWN,3000.0
21000.0,21000.078,1.0,STAY_ACTIVE,21000.078125
5824.8,5835.857,0.9981,SCALE_DOWN,3000.0
3000.0,3000.4214,0.9999,SCALE_DOWN,3000.0
3000.0,3000.4214,0.9999,SCALE_DOWN,3000.0
3000.0,3000.4214,0.9999,SCALE_DOWN,3000.0
3000.0,3000.4214,0.9999,SCALE_DOWN,3000.0
3130.7999999999997,3127.5364,0.999,SCALE_DOWN,3000.0
21000.0,20998.367,0.9999,STAY_ACTIVE,20998.3671875
10795.5,10809.342,0.9987,STAY_ACTIVE,10809.341796875
6340.5,6343.871,0.9995,SCALE_DOWN,3000.0
6515.700000000001,6501.6006,0.9978,SCALE_DOWN,3000.0
21000.0,21013.703,0.9993,STAY_ACTIVE,21013.703125
3000.0,3000.4214,0.9999,SCALE_DOWN,3000.0
12682.8,12673.58,0.9993,STAY_ACTIVE,12673.580078125
20285.7,20211.734,0.9964,STAY_ACTIVE,20211.734375
3000.0,3000.4214,0.9999,SCALE_DOWN,3000.0
5337.9,5314.858,0.9957,SCALE_DOWN,3000.0
3000.0,3000.4214,0.9999,SCALE_DOWN,3000.0
21000.0,21025.56,0.9988,STAY_ACTIVE,21025.560546875
3000.0,3000.4214,0.9999,SCALE_DOWN,3000.0
3000.0,3000.4214,0.9999,SCALE_DOWN,3000.0
3000.0,3000.4214,0.9999,SCALE_DOWN,3000.0
10702.5,10730.267,0.9974,STAY_ACTIVE,10730.2666015625
21000.0,21000.047,1.0,STAY_ACTIVE,21000.046875
3000.0,3000.4214,0.9999,SCALE_DOWN,3000.0
9134.4,9075.266,0.9935,STAY_ACTIVE,9075.265625
5266.2,5262.245,0.9992,SCALE_DOWN,3000.0
3000.0,3000.4214,0.9999,SCALE_DOWN,3000.0
16997.7,16946.617,0.997,STAY_ACTIVE,16946.6171875
5191.5,5157.2505,0.9934,SCALE_DOWN,3000.0
3000.0,3000.4214,0.9999,SCALE_DOWN,3000.0
21000.0,20980.227,0.9991,STAY_ACTIVE,20980.2265625
5380.200000000001,5381.481,0.9998,SCALE_DOWN,3000.0
3000.0,3000.4214,0.9999,SCALE_DOWN,3000.0
21000.0,21000.047,1.0,STAY_ACTIVE,21000.046875
9554.4,9557.877,0.9996,STAY_ACTIVE,9557.876953125
6821.4,6845.364,0.9965,SCALE_DOWN,3000.0
5768.1,5775.5703,0.9987,SCALE_DOWN,3000.0
3000.0,3000.4214,0.9999,SCALE_DOWN,3000.0
9828.6,9820.423,0.9992,STAY_ACTIVE,9820.4228515625
10757.1,10863.912,0.9901,STAY_ACTIVE,10863.912109375
14512.2,14554.884,0.9971,STAY_ACTIVE,14554.8837890625
18591.6,18587.166,0.9998,STAY_ACTIVE,18587.166015625
3000.0,3000.4214,0.9999,SCALE_DOWN,3000.0
14470.8,14458.149,0.9991,STAY_ACTIVE,14458.1494140625
21000.0,21000.078,1.0,STAY_ACTIVE,21000.078125
9306.3,9348.726,0.9954,STAY_ACTIVE,9348.7255859375
3000.0,3000.4214,0.9999,SCALE_DOWN,3000.0
7389.0,7348.9434,0.9946,SCALE_DOWN,3000.0
17922.899999999998,17817.707,0.9941,STAY_ACTIVE,17817.70703125
19507.800000000003,19499.982,0.9996,STAY_ACTIVE,19499.982421875
8796.300000000001,8830.784,0.9961,SCALE_DOWN,3000.0
3390.6,3368.8496,0.9936,SCALE_DOWN,3000.0
3000.0,3000.4214,0.9999,SCALE_DOWN,3000.0
21000.0,20981.234,0.9991,STAY_ACTIVE,20981.234375
21000.0,21000.047,1.0,STAY_ACTIVE,21000.046875
21000.0,20999.297,1.0,STAY_ACTIVE,20999.296875
3935.4,3915.414,0.9949,SCALE_DOWN,3000.0
3000.0,3000.4214,0.9999,SCALE_DOWN,3000.0
3000.0,3000.4214,0.9999,SCALE_DOWN,3000.0
3000.0,3000.4214,0.9999,SCALE_DOWN,3000.0
21000.0,20997.674,0.9999,STAY_ACTIVE,20997.673828125
3000.0,3000.4214,0.9999,SCALE_DOWN,3000.0
3000.0,3000.4214,0.9999,SCALE_DOWN,3000.0
5578.5,5609.7563,0.9944,SCALE_DOWN,3000.0
6609.6,6606.2095,0.9995,SCALE_DOWN,3000.0
6808.200000000001,6826.8457,0.9973,SCALE_DOWN,3000.0
5615.1,5632.2373,0.9969,SCALE_DOWN,3000.0
21000.0,20999.895,1.0,STAY_ACTIVE,20999.89453125
3000.0,3000.4214,0.9999,SCALE_DOWN,3000.0
20582.4,20534.447,0.9977,STAY_ACTIVE,20534.447265625
21000.0,20999.467,1.0,STAY_ACTIVE,20999.466796875
21000.0,21000.078,1.0,STAY_ACTIVE,21000.078125
10051.2,10033.516,0.9982,STAY_ACTIVE,10033.515625
15528.3,15530.748,0.9998,STAY_ACTIVE,15530.748046875
3000.0,3000.4214,0.9999,SCALE_DOWN,3000.0
4220.4,4229.1025,0.9979,SCALE_DOWN,3000.0
3000.0,3000.4214,0.9999,SCALE_DOWN,3000.0
5976.0,5980.1353,0.9993,SCALE_DOWN,3000.0
4579.8,4617.9043,0.9917,SCALE_DOWN,3000.0
11647.800000000005,11705.581,0.995,STAY_ACTIVE,11705.5810546875
3000.0,3000.4214,0.9999,SCALE_DOWN,3000.0
3000.0,3000.4214,0.9999,SCALE_DOWN,3000.0
21000.0,20999.428,1.0,STAY_ACTIVE,20999.427734375
3165.0,3172.8652,0.9975,SCALE_DOWN,3000.0
10049.4,10066.548,0.9983,STAY_ACTIVE,10066.5478515625
10171.8,10112.356,0.9942,STAY_ACTIVE,10112.3564453125
3000.0,3000.4214,0.9999,SCALE_DOWN,3000.0
12574.2,12566.832,0.9994,STAY_ACTIVE,12566.83203125
21000.0,21000.078,1.0,STAY_ACTIVE,21000.078125
3000.0,3000.4214,0.9999,SCALE_DOWN,3000.0
7415.1,7395.474,0.9974,SCALE_DOWN,3000.0
6351.6,6366.405,0.9977,SCALE_DOWN,3000.0
7703.1,7692.7573,0.9987,SCALE_DOWN,3000.0
21000.0,20928.727,0.9966,STAY_ACTIVE,20928.7265625
21000.0,20986.137,0.9993,STAY_ACTIVE,20986.13671875
10174.2,10135.896,0.9962,STAY_ACTIVE,10135.896484375
21000.0,20999.469,1.0,STAY_ACTIVE,20999.46875
3000.0,3000.4214,0.9999,SCALE_DOWN,3000.0
8001.6,7995.737,0.9993,SCALE_DOWN,3000.0
16976.7,17030.941,0.9968,STAY_ACTIVE,17030.94140625
13493.999999999998,13453.077,0.997,STAY_ACTIVE,13453.0771484375
3000.0,3000.4214,0.9999,SCALE_DOWN,3000.0
20051.1,19995.21,0.9972,STAY_ACTIVE,19995.2109375
21000.0,20980.135,0.9991,STAY_ACTIVE,20980.134765625
7306.8,7299.3774,0.999,SCALE_DOWN,3000.0
21000.0,20995.498,0.9998,STAY_ACTIVE,20995.498046875
3000.0,3000.4214,0.9999,SCALE_DOWN,3000.0
3000.0,3000.4214,0.9999,SCALE_DOWN,3000.0
21000.0,21000.24,1.0,STAY_ACTIVE,21000.240234375
21000.0,20999.852,1.0,STAY_ACTIVE,20999.8515625
3000.0,3000.4214,0.9999,SCALE_DOWN,3000.0
6270.0,6261.0757,0.9986,SCALE_DOWN,3000.0
21000.0,21000.049,1.0,STAY_ACTIVE,21000.048828125
3000.0,3000.4214,0.9999,SCALE_DOWN,3000.0
3000.0,3000.4214,0.9999,SCALE_DOWN,3000.0
21000.0,21000.049,1.0,STAY_ACTIVE,21000.048828125
3000.0,3000.4214,0.9999,SCALE_DOWN,3000.0
21000.0,21000.047,1.0,STAY_ACTIVE,21000.046875
21000.0,20999.703,1.0,STAY_ACTIVE,20999.703125
7419.9,7418.112,0.9998,SCALE_DOWN,3000.0
15486.0,15454.35,0.998,STAY_ACTIVE,15454.349609375
21000.0,21000.443,1.0,STAY_ACTIVE,21000.443359375
21000.0,21000.639,1.0,STAY_ACTIVE,21000.638671875
3000.0,3000.4214,0.9999,SCALE_DOWN,3000.0
3000.0,3000.4214,0.9999,SCALE_DOWN,3000.0
6579.6,6594.598,0.9977,SCALE_DOWN,3000.0
3000.0,3000.4214,0.9999,SCALE_DOWN,3000.0
3000.0,3000.4214,0.9999,SCALE_DOWN,3000.0
3000.0,3000.4214,0.9999,SCALE_DOWN,3000.0
3000.0,3000.4214,0.9999,SCALE_DOWN,3000.0
19116.6,19025.436,0.9952,STAY_ACTIVE,19025.435546875
7309.500000000001,7277.969,0.9957,SCALE_DOWN,3000.0
21000.0,21000.049,1.0,STAY_ACTIVE,21000.048828125
10108.8,10130.129,0.9979,STAY_ACTIVE,10130.12890625
21000.0,21000.049,1.0,STAY_ACTIVE,21000.048828125
12109.8,12132.86,0.9981,STAY_ACTIVE,12132.8603515625
6494.1,6499.187,0.9992,SCALE_DOWN,3000.0
21000.0,21000.078,1.0,STAY_ACTIVE,21000.078125
21000.0,20995.107,0.9998,STAY_ACTIVE,20995.107421875
6986.400000000001,6997.995,0.9983,SCALE_DOWN,3000.0
14518.2,14484.142,0.9977,STAY_ACTIVE,14484.1416015625
5363.4,5357.8223,0.999,SCALE_DOWN,3000.0
16236.9,16240.5205,0.9998,STAY_ACTIVE,16240.5205078125
10222.2,10216.372,0.9994,STAY_ACTIVE,10216.3720703125
21000.0,21000.078,1.0,STAY_ACTIVE,21000.078125
4893.9,4903.486,0.998,SCALE_DOWN,3000.0
4873.200000000001,4869.2837,0.9992,SCALE_DOWN,3000.0
3000.0,3000.4214,0.9999,SCALE_DOWN,3000.0
21000.0,21000.047,1.0,STAY_ACTIVE,21000.046875
21000.0,21000.078,1.0,STAY_ACTIVE,21000.078125
8371.5,8369.235,0.9997,SCALE_DOWN,3000.0
3000.0,3000.4214,0.9999,SCALE_DOWN,3000.0
21000.0,21000.047,1.0,STAY_ACTIVE,21000.046875
3423.9000000000005,3399.4995,0.9929,SCALE_DOWN,3000.0
5835.9,5872.9136,0.9937,SCALE_DOWN,3000.0
8284.5,8299.681,0.9982,SCALE_DOWN,3000.0
21000.0,21000.047,1.0,STAY_ACTIVE,21000.046875
3000.0,3000.4214,0.9999,SCALE_DOWN,3000.0
21000.0,21000.047,1.0,STAY_ACTIVE,21000.046875
3000.0,3000.4214,0.9999,SCALE_DOWN,3000.0
21000.0,21000.047,1.0,STAY_ACTIVE,21000.046875
18753.9,18706.426,0.9975,STAY_ACTIVE,18706.42578125
3000.0,3000.4214,0.9999,SCALE_DOWN,3000.0
6058.2,6083.221,0.9959,SCALE_DOWN,3000.0
6975.6,7025.1704,0.9929,SCALE_DOWN,3000.0
21000.0,21000.049,1.0,STAY_ACTIVE,21000.048828125
21000.0,20999.564,1.0,STAY_ACTIVE,20999.564453125
21000.0,21000.047,1.0,STAY_ACTIVE,21000.046875
21000.0,21000.047,1.0,STAY_ACTIVE,21000.046875
12513.0,12557.912,0.9964,STAY_ACTIVE,12557.912109375
21000.0,20999.852,1.0,STAY_ACTIVE,20999.8515625
3000.0,3000.4214,0.9999,SCALE_DOWN,3000.0
9966.6,9923.499,0.9957,STAY_ACTIVE,9923.4990234375
21000.0,21000.047,1.0,STAY_ACTIVE,21000.046875
21000.0,20999.139,1.0,STAY_ACTIVE,20999.138671875
9972.0,9923.168,0.9951,STAY_ACTIVE,9923.16796875
21000.0,21000.047,1.0,STAY_ACTIVE,21000.046875
3000.0,3000.4214,0.9999,SCALE_DOWN,3000.0
21000.0,20999.852,1.0,STAY_ACTIVE,20999.8515625
3000.0,3000.4214,0.9999,SCALE_DOWN,3000.0
21000.0,21000.078,1.0,STAY_ACTIVE,21000.078125
21000.0,21000.078,1.0,STAY_ACTIVE,21000.078125
3000.0,3000.4214,0.9999,SCALE_DOWN,3000.0
7962.300000000001,7951.1797,0.9986,SCALE_DOWN,3000.0
3000.0,3000.4214,0.9999,SCALE_DOWN,3000.0
4841.1,4847.0464,0.9988,SCALE_DOWN,3000.0
3808.2,3799.9685,0.9978,SCALE_DOWN,3000.0
9281.4,9301.778,0.9978,STAY_ACTIVE,9301.7783203125
3000.0,3000.4214,0.9999,SCALE_DOWN,3000.0
3000.0,3000.4214,0.9999,SCALE_DOWN,3000.0
12145.500000000002,12115.557,0.9975,STAY_ACTIVE,12115.556640625
18627.9,18616.826,0.9994,STAY_ACTIVE,18616.826171875
3000.0,3000.4214,0.9999,SCALE_DOWN,3000.0
12378.000000000002,12433.644,0.9955,STAY_ACTIVE,12433.6435546875
13386.000000000002,13438.752,0.9961,STAY_ACTIVE,13438.751953125
5498.1,5519.5312,0.9961,SCALE_DOWN,3000.0
3000.0,3000.4214,0.9999,SCALE_DOWN,3000.0
12115.2,12155.378,0.9967,STAY_ACTIVE,12155.3779296875
3000.0,3000.4214,0.9999,SCALE_DOWN,3000.0
3000.0,3000.4214,0.9999,SCALE_DOWN,3000.0
10006.500000000002,10029.621,0.9977,STAY_ACTIVE,10029.62109375
5841.9,5844.5493,0.9995,SCALE_DOWN,3000.0
3000.0,3000.4214,0.9999,SCALE_DOWN,3000.0
3000.0,3000.4214,0.9999,SCALE_DOWN,3000.0
3000.0,3000.4214,0.9999,SCALE_DOWN,3000.0
3000.0,3000.4214,0.9999,SCALE_DOWN,3000.0
6090.299999999999,6077.12,0.9978,SCALE_DOWN,3000.0
3000.0,3000.4214,0.9999,SCALE_DOWN,3000.0
3000.0,3000.4214,0.9999,SCALE_DOWN,3000.0
4734.3,4722.4395,0.9975,SCALE_DOWN,3000.0
7469.700000000001,7495.32,0.9966,SCALE_DOWN,3000.0
3000.0,3000.4214,0.9999,SCALE_DOWN,3000.0
5485.8,5474.8384,0.998,SCALE_DOWN,3000.0
3000.0,3000.4214,0.9999,SCALE_DOWN,3000.0
21000.0,21000.047,1.0,STAY_ACTIVE,21000.046875
3000.0,3000.4214,0.9999,SCALE_DOWN,3000.0
8301.6,8271.49,0.9964,SCALE_DOWN,3000.0
8148.3,8183.557,0.9957,SCALE_DOWN,3000.0
3459.6000000000004,3443.0657,0.9952,SCALE_DOWN,3000.0
15933.000000000002,15865.348,0.9958,STAY_ACTIVE,15865.34765625
21000.0,21000.049,1.0,STAY_ACTIVE,21000.048828125
21000.0,21000.09,1.0,STAY_ACTIVE,21000.08984375
3000.0,3000.4214,0.9999,SCALE_DOWN,3000.0
6540.3,6532.224,0.9988,SCALE_DOWN,3000.0
3000.0,3000.4214,0.9999,SCALE_DOWN,3000.0
7399.200000000001,7281.967,0.9842,SCALE_DOWN,3000.0
19327.5,19233.172,0.9951,STAY_ACTIVE,19233.171875
14397.6,14435.162,0.9974,STAY_ACTIVE,14435.162109375
3000.0,3000.4214,0.9999,SCALE_DOWN,3000.0
21000.0,21000.078,1.0,STAY_ACTIVE,21000.078125
8636.400000000001,8669.575,0.9962,SCALE_DOWN,3000.0
3000.0,3000.4214,0.9999,SCALE_DOWN,3000.0
3000.0,3000.4214,0.9999,SCALE_DOWN,3000.0
15112.5,15052.161,0.996,STAY_ACTIVE,15052.1611328125
6185.1,6169.8867,0.9975,SCALE_DOWN,3000.0
13818.3,13852.695,0.9975,STAY_ACTIVE,13852.6953125
21000.0,21000.047,1.0,STAY_ACTIVE,21000.046875
13730.7,13787.289,0.9959,STAY_ACTIVE,13787.2890625
5317.5,5309.284,0.9985,SCALE_DOWN,3000.0
8644.5,8649.928,0.9994,SCALE_DOWN,3000.0
16043.4,16009.531,0.9979,STAY_ACTIVE,16009.53125
3000.0,3000.4214,0.9999,SCALE_DOWN,3000.0
3000.0,3000.4214,0.9999,SCALE_DOWN,3000.0
3000.0,3000.4214,0.9999,SCALE_DOWN,3000.0
3392.7000000000003,3381.238,0.9966,SCALE_DOWN,3000.0
4036.2,4033.8547,0.9994,SCALE_DOWN,3000.0
20060.4,20006.291,0.9973,STAY_ACTIVE,20006.291015625
10660.5,10622.298,0.9964,STAY_ACTIVE,10622.2978515625
21000.0,21000.047,1.0,STAY_ACTIVE,21000.046875
21000.0,20998.982,1.0,STAY_ACTIVE,20998.982421875
5790.0,5795.9985,0.999,SCALE_DOWN,3000.0
3000.0,3000.4214,0.9999,SCALE_DOWN,3000.0
3000.0,3000.4214,0.9999,SCALE_DOWN,3000.0
7710.9,7709.0903,0.9998,SCALE_DOWN,3000.0
21000.0,21000.047,1.0,STAY_ACTIVE,21000.046875
3000.0,3000.4214,0.9999,SCALE_DOWN,3000.0
3000.0,3000.4214,0.9999,SCALE_DOWN,3000.0
3000.0,3000.4214,0.9999,SCALE_DOWN,3000.0
21000.0,21000.049,1.0,STAY_ACTIVE,21000.048828125
12046.2,12065.377,0.9984,STAY_ACTIVE,12065.376953125
3000.0,3000.4214,0.9999,SCALE_DOWN,3000.0
6945.0,6971.3994,0.9962,SCALE_DOWN,3000.0
4274.7,4312.379,0.9912,SCALE_DOWN,3000.0
21000.0,21000.078,1.0,STAY_ACTIVE,21000.078125
20942.4,20938.695,0.9998,STAY_ACTIVE,20938.6953125
7389.9,7388.757,0.9998,SCALE_DOWN,3000.0
4178.7,4167.0283,0.9972,SCALE_DOWN,3000.0
7872.6,7877.008,0.9994,SCALE_DOWN,3000.0
3000.0,3000.4214,0.9999,SCALE_DOWN,3000.0
8922.900000000001,8875.659,0.9947,SCALE_DOWN,3000.0
3000.0,3000.4214,0.9999,SCALE_DOWN,3000.0
16027.500000000002,16104.547,0.9952,STAY_ACTIVE,16104.546875
3000.0,3000.4214,0.9999,SCALE_DOWN,3000.0
10726.5,10694.327,0.997,STAY_ACTIVE,10694.3271484375
21000.0,21000.047,1.0,STAY_ACTIVE,21000.046875
21000.0,20999.326,1.0,STAY_ACTIVE,20999.326171875
10435.5,10466.851,0.997,STAY_ACTIVE,10466.8505859375
21000.0,20919.432,0.9962,STAY_ACTIVE,20919.431640625
21000.0,20980.135,0.9991,STAY_ACTIVE,20980.134765625
7054.5,7083.273,0.9959,SCALE_DOWN,3000.0
12781.500000000002,12804.539,0.9982,STAY_ACTIVE,12804.5390625
3000.0,3000.4214,0.9999,SCALE_DOWN,3000.0
3450.6000000000004,3428.7239,0.9937,SCALE_DOWN,3000.0
7355.1,7376.111,0.9971,SCALE_DOWN,3000.0
3000.0,3000.4214,0.9999,SCALE_DOWN,3000.0
5475.0,5447.225,0.9949,SCALE_DOWN,3000.0
3000.0,3000.4214,0.9999,SCALE_DOWN,3000.0
21000.0,20998.912,0.9999,STAY_ACTIVE,20998.912109375
8827.5,8803.325,0.9973,SCALE_DOWN,3000.0
3000.0,3000.4214,0.9999,SCALE_DOWN,3000.0
11342.4,11312.548,0.9974,STAY_ACTIVE,11312.5478515625
3000.0,3000.4214,0.9999,SCALE_DOWN,3000.0
3000.0,3000.4214,0.9999,SCALE_DOWN,3000.0
11907.3,11957.997,0.9957,STAY_ACTIVE,11957.9970703125
6848.4,6862.8613,0.9979,SCALE_DOWN,3000.0
4909.5,4903.486,0.9988,SCALE_DOWN,3000.0
3000.0,3000.4214,0.9999,SCALE_DOWN,3000.0
3000.0,3000.4214,0.9999,SCALE_DOWN,3000.0
3718.5,3756.549,0.9898,SCALE_DOWN,3000.0
15286.5,15318.624,0.9979,STAY_ACTIVE,15318.6240234375
5461.5,5497.1777,0.9935,SCALE_DOWN,3000.0
21000.0,20998.205,0.9999,STAY_ACTIVE,20998.205078125
21000.0,21000.049,1.0,STAY_ACTIVE,21000.048828125
10986.6,10982.226,0.9996,STAY_ACTIVE,10982.2255859375
14440.2,14386.49,0.9963,STAY_ACTIVE,14386.490234375
3000.0,3000.4214,0.9999,SCALE_DOWN,3000.0
3000.0,3000.4214,0.9999,SCALE_DOWN,3000.0
3000.0,3000.4214,0.9999,SCALE_DOWN,3000.0
3000.0,3000.4214,0.9999,SCALE_DOWN,3000.0
11094.0,11103.869,0.9991,STAY_ACTIVE,11103.869140625
3000.0,3000.4214,0.9999,SCALE_DOWN,3000.0
6141.0,6122.1836,0.9969,SCALE_DOWN,3000.0
3000.0,3000.4214,0.9999,SCALE_DOWN,3000.0
3000.0,3000.4214,0.9999,SCALE_DOWN,3000.0
6991.500000000001,7027.9673,0.9948,SCALE_DOWN,3000.0
4704.3,4731.127,0.9943,SCALE_DOWN,3000.0
3102.6,3085.0073,0.9943,SCALE_DOWN,3000.0
15288.0,15275.426,0.9992,STAY_ACTIVE,15275.42578125
10944.6,10934.185,0.999,STAY_ACTIVE,10934.1845703125
21000.0,20999.467,1.0,STAY_ACTIVE,20999.466796875
3000.0,3000.4214,0.9999,SCALE_DOWN,3000.0
3000.0,3000.4214,0.9999,SCALE_DOWN,3000.0
21000.0,21000.047,1.0,STAY_ACTIVE,21000.046875
8162.1,8192.475,0.9963,SCALE_DOWN,3000.0
3000.0,3000.4214,0.9999,SCALE_DOWN,3000.0
3000.0,3000.4214,0.9999,SCALE_DOWN,3000.0
9078.3,9082.826,0.9995,STAY_ACTIVE,9082.826171875
3000.0,3000.4214,0.9999,SCALE_DOWN,3000.0
5988.9,5996.5474,0.9987,SCALE_DOWN,3000.0
21000.0,21000.047,1.0,STAY_ACTIVE,21000.046875
3000.0,3000.4214,0.9999,SCALE_DOWN,3000.0
3000.0,3000.4214,0.9999,SCALE_DOWN,3000.0
21000.0,21000.049,1.0,STAY_ACTIVE,21000.048828125
21000.0,21000.639,1.0,STAY_ACTIVE,21000.638671875
9570.6,9589.425,0.998,STAY_ACTIVE,9589.4248046875
3000.0,3000.4214,0.9999,SCALE_DOWN,3000.0
12337.5,12391.812,0.9956,STAY_ACTIVE,12391.8115234375
3000.0,3000.4214,0.9999,SCALE_DOWN,3000.0
21000.0,20973.02,0.9987,STAY_ACTIVE,20973.01953125
3000.0,3000.4214,0.9999,SCALE_DOWN,3000.0
10265.4,10228.904,0.9964,STAY_ACTIVE,10228.904296875
3000.0,3000.4214,0.9999,SCALE_DOWN,3000.0
7059.6,7050.1196,0.9987,SCALE_DOWN,3000.0
14287.5,14301.568,0.999,STAY_ACTIVE,14301.568359375
21000.0,21000.078,1.0,STAY_ACTIVE,21000.078125
3000.0,3000.4214,0.9999,SCALE_DOWN,3000.0
19977.300000000003,19880.553,0.9952,STAY_ACTIVE,19880.552734375
3000.0,3000.4214,0.9999,SCALE_DOWN,3000.0
3000.0,3000.4214,0.9999,SCALE_DOWN,3000.0
3000.0,3000.4214,0.9999,SCALE_DOWN,3000.0
3000.0,3000.4214,0.9999,SCALE_DOWN,3000.0
5943.0,5932.5166,0.9982,SCALE_DOWN,3000.0
3000.0,3000.4214,0.9999,SCALE_DOWN,3000.0
10440.6,10444.571,0.9996,STAY_ACTIVE,10444.5712890625
3470.4,3443.522,0.9923,SCALE_DOWN,3000.0
3000.0,3000.4214,0.9999,SCALE_DOWN,3000.0
21000.0,21000.078,1.0,STAY_ACTIVE,21000.078125
3000.0,3000.4214,0.9999,SCALE_DOWN,3000.0
21000.0,21000.047,1.0,STAY_ACTIVE,21000.046875
3972.0,3987.8606,0.996,SCALE_DOWN,3000.0
10426.8,10340.723,0.9917,STAY_ACTIVE,10340.72265625
15187.5,15244.77,0.9962,STAY_ACTIVE,15244.76953125
21000.0,20999.957,1.0,STAY_ACTIVE,20999.95703125
3000.0,3000.4214,0.9999,SCALE_DOWN,3000.0
8885.400000000001,8822.802,0.993,SCALE_DOWN,3000.0
6413.7,6444.452,0.9952,SCALE_DOWN,3000.0
3000.0,3000.4214,0.9999,SCALE_DOWN,3000.0
17547.9,17540.037,0.9996,STAY_ACTIVE,17540.037109375
21000.0,20983.316,0.9992,STAY_ACTIVE,20983.31640625
3000.0,3000.4214,0.9999,SCALE_DOWN,3000.0
3000.0,3000.4214,0.9999,SCALE_DOWN,3000.0
3000.0,3000.4214,0.9999,SCALE_DOWN,3000.0
20206.2,20264.924,0.9971,STAY_ACTIVE,20264.923828125
3000.0,3000.4214,0.9999,SCALE_DOWN,3000.0
8907.9,8946.702,0.9956,SCALE_DOWN,3000.0
5034.9,5045.197,0.998,SCALE_DOWN,3000.0
3000.0,3000.4214,0.9999,SCALE_DOWN,3000.0
5094.299999999999,5109.6494,0.997,SCALE_DOWN,3000.0
10933.2,11054.337,0.9889,STAY_ACTIVE,11054.3369140625
3000.0,3000.4214,0.9999,SCALE_DOWN,3000.0
21000.0,21018.656,0.9991,STAY_ACTIVE,21018.65625
3000.0,3000.4214,0.9999,SCALE_DOWN,3000.0
14801.7,14708.515,0.9937,STAY_ACTIVE,14708.5146484375
21000.0,20999.852,1.0,STAY_ACTIVE,20999.8515625
3000.0,3000.4214,0.9999,SCALE_DOWN,3000.0
21000.0,21000.047,1.0,STAY_ACTIVE,21000.046875
10055.4,10113.249,0.9942,STAY_ACTIVE,10113.2490234375
3000.0,3000.4214,0.9999,SCALE_DOWN,3000.0
18518.4,18430.842,0.9953,STAY_ACTIVE,18430.841796875
15666.9,15588.977,0.995,STAY_ACTIVE,15588.9765625
21000.0,20999.11,1.0,STAY_ACTIVE,20999.109375
7516.200000000001,7514.0205,0.9997,SCALE_DOWN,3000.0
3774.0,3796.1428,0.9941,SCALE_DOWN,3000.0
3177.0,3179.9663,0.9991,SCALE_DOWN,3000.0
3000.0,3000.4214,0.9999,SCALE_DOWN,3000.0
6479.1,6489.207,0.9984,SCALE_DOWN,3000.0
10026.3,10079.882,0.9947,STAY_ACTIVE,10079.8818359375
8518.2,8525.894,0.9991,SCALE_DOWN,3000.0
21000.0,20999.95,1.0,STAY_ACTIVE,20999.94921875
3000.0,3000.4214,0.9999,SCALE_DOWN,3000.0
21000.0,20998.28,0.9999,STAY_ACTIVE,20998.279296875
6697.200000000001,6689.462,0.9988,SCALE_DOWN,3000.0
3000.0,3000.4214,0.9999,SCALE_DOWN,3000.0
3000.0,3000.4214,0.9999,SCALE_DOWN,3000.0
11654.7,11666.242,0.999,STAY_ACTIVE,11666.2421875
12177.000000000002,12080.2295,0.9921,STAY_ACTIVE,12080.2294921875
3000.0,3000.4214,0.9999,SCALE_DOWN,3000.0
20888.1,20939.607,0.9975,STAY_ACTIVE,20939.607421875
21000.0,21000.844,1.0,STAY_ACTIVE,21000.84375
18024.6,17958.332,0.9963,STAY_ACTIVE,17958.33203125
21000.0,20996.678,0.9998,STAY_ACTIVE,20996.677734375
21000.0,21000.049,1.0,STAY_ACTIVE,21000.048828125
5705.4,5698.256,0.9987,SCALE_DOWN,3000.0
21000.0,20995.775,0.9998,STAY_ACTIVE,20995.775390625
4785.6,4782.865,0.9994,SCALE_DOWN,3000.0
3000.0,3000.4214,0.9999,SCALE_DOWN,3000.0
5859.0,5883.455,0.9958,SCALE_DOWN,3000.0
21000.0,20998.16,0.9999,STAY_ACTIVE,20998.16015625
3000.0,3000.4214,0.9999,SCALE_DOWN,3000.0
3000.0,3000.4214,0.9999,SCALE_DOWN,3000.0
21000.0,21000.078,1.0,STAY_ACTIVE,21000.078125
3843.0,3846.193,0.9992,SCALE_DOWN,3000.0
21000.0,21002.473,0.9999,STAY_ACTIVE,21002.47265625
3000.0,3000.4214,0.9999,SCALE_DOWN,3000.0
8811.3,8828.8545,0.998,SCALE_DOWN,3000.0
12555.3,12562.206,0.9994,STAY_ACTIVE,12562.2060546875
12030.3,12089.289,0.9951,STAY_ACTIVE,12089.2890625
3000.0,3000.4214,0.9999,SCALE_DOWN,3000.0
3000.0,3000.4214,0.9999,SCALE_DOWN,3000.0
17581.5,17672.326,0.9948,STAY_ACTIVE,17672.326171875
21000.0,20998.154,0.9999,STAY_ACTIVE,20998.154296875
8859.0,8712.472,0.9835,SCALE_DOWN,3000.0
11316.9,11305.661,0.999,STAY_ACTIVE,11305.6611328125
6506.1,6499.108,0.9989,SCALE_DOWN,3000.0
3000.0,3000.4214,0.9999,SCALE_DOWN,3000.0
3000.0,3000.4214,0.9999,SCALE_DOWN,3000.0
3000.0,3000.4214,0.9999,SCALE_DOWN,3000.0
21000.0,21000.047,1.0,STAY_ACTIVE,21000.046875
3000.0,3000.4214,0.9999,SCALE_DOWN,3000.0
8565.0,8509.094,0.9935,SCALE_DOWN,3000.0
5630.1,5612.4214,0.9969,SCALE_DOWN,3000.0
18748.2,18672.734,0.996,STAY_ACTIVE,18672.734375
18878.7,18837.277,0.9978,STAY_ACTIVE,18837.27734375
10196.7,10262.546,0.9935,STAY_ACTIVE,10262.5458984375
3000.0,3000.4214,0.9999,SCALE_DOWN,3000.0
3000.0,3000.4214,0.9999,SCALE_DOWN,3000.0
3000.0,3000.4214,0.9999,SCALE_DOWN,3000.0
3000.0,3000.4214,0.9999,SCALE_DOWN,3000.0
3000.0,3000.4214,0.9999,SCALE_DOWN,3000.0
3000.0,3000.4214,0.9999,SCALE_DOWN,3000.0
3000.0,3000.4214,0.9999,SCALE_DOWN,3000.0
21000.0,20999.283,1.0,STAY_ACTIVE,20999.283203125
7898.700000000001,7902.459,0.9995,SCALE_DOWN,3000.0
11954.4,11941.01,0.9989,STAY_ACTIVE,11941.009765625
3000.0,3000.4214,0.9999,SCALE_DOWN,3000.0
21000.0,21000.047,1.0,STAY_ACTIVE,21000.046875
3000.0,3000.4214,0.9999,SCALE_DOWN,3000.0
8309.4,8354.077,0.9946,SCALE_DOWN,3000.0
3000.0,3000.4214,0.9999,SCALE_DOWN,3000.0
18152.7,18180.621,0.9985,STAY_ACTIVE,18180.62109375
3000.0,3000.4214,0.9999,SCALE_DOWN,3000.0
3000.0,3000.4214,0.9999,SCALE_DOWN,3000.0
21000.0,21000.049,1.0,STAY_ACTIVE,21000.048828125
3000.0,3000.4214,0.9999,SCALE_DOWN,3000.0
16825.500000000004,16863.834,0.9977,STAY_ACTIVE,16863.833984375
9939.6,9990.646,0.9949,STAY_ACTIVE,9990.646484375
17919.600000000002,17900.094,0.9989,STAY_ACTIVE,17900.09375
3000.0,3000.4214,0.9999,SCALE_DOWN,3000.0
21000.0,21000.047,1.0,STAY_ACTIVE,21000.046875
17214.9,17132.445,0.9952,STAY_ACTIVE,17132.4453125
3000.0,3000.4214,0.9999,SCALE_DOWN,3000.0
3000.0,3000.4214,0.9999,SCALE_DOWN,3000.0
21000.0,20998.104,0.9999,STAY_ACTIVE,20998.103515625
19913.1,19937.393,0.9988,STAY_ACTIVE,19937.392578125
21000.0,20999.852,1.0,STAY_ACTIVE,20999.8515625
3000.0,3000.4214,0.9999,SCALE_DOWN,3000.0
3000.0,3000.4214,0.9999,SCALE_DOWN,3000.0
3000.0,3000.4214,0.9999,SCALE_DOWN,3000.0
3000.0,3000.4214,0.9999,SCALE_DOWN,3000.0
21000.0,21000.049,1.0,STAY_ACTIVE,21000.048828125
3000.0,3000.4214,0.9999,SCALE_DOWN,3000.0
3000.0,3000.4214,0.9999,SCALE_DOWN,3000.0
3109.7999999999997,3118.8425,0.9971,SCALE_DOWN,3000.0
3000.0,3000.4214,0.9999,SCALE_DOWN,3000.0
4364.700000000001,4383.0034,0.9958,SCALE_DOWN,3000.0
4788.3,4799.0454,0.9978,SCALE_DOWN,3000.0
3456.9,3486.564,0.9914,SCALE_DOWN,3000.0
3000.0,3000.4214,0.9999,SCALE_DOWN,3000.0
3000.0,3000.4214,0.9999,SCALE_DOWN,3000.0
3000.0,3000.4214,0.9999,SCALE_DOWN,3000.0
4390.8,4351.1475,0.991,SCALE_DOWN,3000.0
21000.0,21000.047,1.0,STAY_ACTIVE,21000.046875
3696.9,3689.254,0.9979,SCALE_DOWN,3000.0
3000.0,3000.4214,0.9999,SCALE_DOWN,3000.0
21000.0,20999.852,1.0,STAY_ACTIVE,20999.8515625
3000.0,3000.4214,0.9999,SCALE_DOWN,3000.0
3000.0,3000.4214,0.9999,SCALE_DOWN,3000.0
12977.4,12956.268,0.9984,STAY_ACTIVE,12956.267578125
14941.800000000005,14842.361,0.9933,STAY_ACTIVE,14842.361328125
21000.0,20930.217,0.9967,STAY_ACTIVE,20930.216796875
9624.3,9646.861,0.9977,STAY_ACTIVE,9646.861328125
21000.0,21000.047,1.0,STAY_ACTIVE,21000.046875
3000.0,3000.4214,0.9999,SCALE_DOWN,3000.0
9915.9,9877.775,0.9962,STAY_ACTIVE,9877.775390625
21000.0,21000.049,1.0,STAY_ACTIVE,21000.048828125
3000.0,3000.4214,0.9999,SCALE_DOWN,3000.0
21000.0,20997.12,0.9999,STAY_ACTIVE,20997.119140625
18048.6,18083.143,0.9981,STAY_ACTIVE,18083.142578125
4446.0,4455.72,0.9978,SCALE_DOWN,3000.0
3000.0,3000.4214,0.9999,SCALE_DOWN,3000.0
3000.0,3000.4214,0.9999,SCALE_DOWN,3000.0
21000.0,21000.047,1.0,STAY_ACTIVE,21000.046875
5235.9,5251.7256,0.997,SCALE_DOWN,3000.0
18273.9,18195.424,0.9957,STAY_ACTIVE,18195.423828125
14246.1,14224.095,0.9985,STAY_ACTIVE,14224.0947265625
3000.0,3000.4214,0.9999,SCALE_DOWN,3000.0
3420.9,3443.0784,0.9935,SCALE_DOWN,3000.0
9617.4,9562.727,0.9943,STAY_ACTIVE,9562.7265625
3000.0,3000.4214,0.9999,SCALE_DOWN,3000.0
19927.800000000003,20122.625,0.9902,STAY_ACTIVE,20122.625
8863.8,8873.6455,0.9989,SCALE_DOWN,3000.0
11627.4,11634.226,0.9994,STAY_ACTIVE,11634.2255859375
3481.5,3497.0981,0.9955,SCALE_DOWN,3000.0
3973.8,3968.37,0.9986,SCALE_DOWN,3000.0
3000.0,3000.4214,0.9999,SCALE_DOWN,3000.0
3000.0,3000.4214,0.9999,SCALE_DOWN,3000.0
3000.0,3000.4214,0.9999,SCALE_DOWN,3000.0
9394.5,9359.756,0.9963,STAY_ACTIVE,9359.755859375
6537.0,6540.8447,0.9994,SCALE_DOWN,3000.0
21000.0,21015.006,0.9993,STAY_ACTIVE,21015.005859375
4300.8,4288.0474,0.997,SCALE_DOWN,3000.0
3000.0,3000.4214,0.9999,SCALE_DOWN,3000.0
3938.1,3964.2192,0.9934,SCALE_DOWN,3000.0
21000.0,20997.12,0.9999,STAY_ACTIVE,20997.119140625
3896.7,3914.6006,0.9954,SCALE_DOWN,3000.0
3000.0,3000.4214,0.9999,SCALE_DOWN,3000.0
10482.9,10527.848,0.9957,STAY_ACTIVE,10527.84765625
7782.9,7791.444,0.9989,SCALE_DOWN,3000.0
4248.3,4268.6504,0.9952,SCALE_DOWN,3000.0
10178.4,10199.424,0.9979,STAY_ACTIVE,10199.423828125
21000.0,21000.047,1.0,STAY_ACTIVE,21000.046875
12011.7,11815.629,0.9837,STAY_ACTIVE,11815.62890625
3000.0,3000.4214,0.9999,SCALE_DOWN,3000.0
7357.5,7337.941,0.9973,SCALE_DOWN,3000.0
3000.0,3000.4214,0.9999,SCALE_DOWN,3000.0
5929.8,5953.289,0.996,SCALE_DOWN,3000.0
3000.0,3000.4214,0.9999,SCALE_DOWN,3000.0
3000.0,3000.4214,0.9999,SCALE_DOWN,3000.0
5691.9,5701.839,0.9983,SCALE_DOWN,3000.0
21000.0,20999.562,1.0,STAY_ACTIVE,20999.5625
3000.0,3000.4214,0.9999,SCALE_DOWN,3000.0
3506.7000000000003,3523.359,0.9952,SCALE_DOWN,3000.0
10413.3,10553.56,0.9865,STAY_ACTIVE,10553.5595703125
15192.9,15117.328,0.995,STAY_ACTIVE,15117.328125
5999.4,5991.15,0.9986,SCALE_DOWN,3000.0
3000.0,3000.4214,0.9999,SCALE_DOWN,3000.0
14113.8,13997.313,0.9917,STAY_ACTIVE,13997.3134765625
3000.0,3000.4214,0.9999,SCALE_DOWN,3000.0
18215.4,18202.63,0.9993,STAY_ACTIVE,18202.630859375
21000.0,21000.322,1.0,STAY_ACTIVE,21000.322265625
3000.0,3000.4214,0.9999,SCALE_DOWN,3000.0
13395.6,13369.944,0.9981,STAY_ACTIVE,13369.9443359375
3000.0,3000.4214,0.9999,SCALE_DOWN,3000.0
13172.1,13224.26,0.996,STAY_ACTIVE,13224.259765625
3000.0,3000.4214,0.9999,SCALE_DOWN,3000.0
3000.0,3000.4214,0.9999,SCALE_DOWN,3000.0
3000.0,3000.4214,0.9999,SCALE_DOWN,3000.0
4713.3,4693.4565,0.9958,SCALE_DOWN,3000.0
11542.5,11549.588,0.9994,STAY_ACTIVE,11549.587890625
21000.0,21000.047,1.0,STAY_ACTIVE,21000.046875
15991.2,16042.21,0.9968,STAY_ACTIVE,16042.2099609375
21000.0,20999.299,1.0,STAY_ACTIVE,20999.298828125
5650.5,5657.2964,0.9988,SCALE_DOWN,3000.0
21000.0,21000.049,1.0,STAY_ACTIVE,21000.048828125
3000.0,3000.4214,0.9999,SCALE_DOWN,3000.0
3000.0,3000.4214,0.9999,SCALE_DOWN,3000.0
9990.3,9930.0625,0.994,STAY_ACTIVE,9930.0625
21000.0,21000.049,1.0,STAY_ACTIVE,21000.048828125
3000.0,3000.4214,0.9999,SCALE_DOWN,3000.0
8078.700000000001,8086.6655,0.999,SCALE_DOWN,3000.0
3000.0,3000.4214,0.9999,SCALE_DOWN,3000.0
3000.0,3000.4214,0.9999,SCALE_DOWN,3000.0
3000.0,3000.4214,0.9999,SCALE_DOWN,3000.0
13519.500000000002,13549.078,0.9978,STAY_ACTIVE,13549.078125
4217.4,4192.1157,0.994,SCALE_DOWN,3000.0
13480.2,13457.463,0.9983,STAY_ACTIVE,13457.462890625
6298.5,6299.9795,0.9998,SCALE_DOWN,3000.0
3000.0,3000.4214,0.9999,SCALE_DOWN,3000.0
15924.9,15989.719,0.9959,STAY_ACTIVE,15989.71875
21000.0,21000.293,1.0,STAY_ACTIVE,21000.29296875
3000.0,3000.4214,0.9999,SCALE_DOWN,3000.0
3000.0,3000.4214,0.9999,SCALE_DOWN,3000.0
4458.6,4455.2173,0.9992,SCALE_DOWN,3000.0
6387.9,6406.4478,0.9971,SCALE_DOWN,3000.0
13098.9,13092.807,0.9995,STAY_ACTIVE,13092.806640625
3000.0,3000.4214,0.9999,SCALE_DOWN,3000.0
3000.0,3000.4214,0.9999,SCALE_DOWN,3000.0
3797.4,3786.2031,0.9971,SCALE_DOWN,3000.0
3000.0,3000.4214,0.9999,SCALE_DOWN,3000.0
3000.0,3000.4214,0.9999,SCALE_DOWN,3000.0
3000.0,3000.4214,0.9999,SCALE_DOWN,3000.0
20323.5,20331.133,0.9996,STAY_ACTIVE,20331.1328125
21000.0,20999.498,1.0,STAY_ACTIVE,20999.498046875
5955.299999999999,5970.6235,0.9974,SCALE_DOWN,3000.0
3000.0,3000.4214,0.9999,SCALE_DOWN,3000.0
3000.0,3000.4214,0.9999,SCALE_DOWN,3000.0
3000.0,3000.4214,0.9999,SCALE_DOWN,3000.0
21000.0,21000.049,1.0,STAY_ACTIVE,21000.048828125
9396.9,9368.858,0.997,STAY_ACTIVE,9368.8583984375
5949.0,5978.214,0.9951,SCALE_DOWN,3000.0
3000.0,3000.4214,0.9999,SCALE_DOWN,3000.0
3000.0,3000.4214,0.9999,SCALE_DOWN,3000.0
3000.0,3000.4214,0.9999,SCALE_DOWN,3000.0
21000.0,21016.535,0.9992,STAY_ACTIVE,21016.53515625
7413.300000000001,7423.3716,0.9986,SCALE_DOWN,3000.0
21000.0,21000.047,1.0,STAY_ACTIVE,21000.046875
10051.8,10085.346,0.9967,STAY_ACTIVE,10085.345703125
21000.0,21000.047,1.0,STAY_ACTIVE,21000.046875
11652.000000000002,11626.183,0.9978,STAY_ACTIVE,11626.1826171875
3000.0,3000.4214,0.9999,SCALE_DOWN,3000.0
3000.0,3000.4214,0.9999,SCALE_DOWN,3000.0
8935.2,8960.578,0.9972,SCALE_DOWN,3000.0
17657.7,17743.182,0.9952,STAY_ACTIVE,17743.181640625
9696.6,9657.053,0.9959,STAY_ACTIVE,9657.052734375
15885.600000000002,15926.404,0.9974,STAY_ACTIVE,15926.404296875
21000.0,21000.047,1.0,STAY_ACTIVE,21000.046875
7939.8,7927.283,0.9984,SCALE_DOWN,3000.0
3678.9,3699.5618,0.9944,SCALE_DOWN,3000.0
4166.4,4183.9355,0.9958,SCALE_DOWN,3000.0
8247.9,8286.5,0.9953,SCALE_DOWN,3000.0
3000.0,3000.4214,0.9999,SCALE_DOWN,3000.0
14445.0,14450.912,0.9996,STAY_ACTIVE,14450.912109375
21000.0,20999.852,1.0,STAY_ACTIVE,20999.8515625
3083.1,3088.7908,0.9982,SCALE_DOWN,3000.0
7849.200000000001,7848.078,0.9999,SCALE_DOWN,3000.0
3000.0,3000.4214,0.9999,SCALE_DOWN,3000.0
13310.1,13345.0,0.9974,STAY_ACTIVE,13345.0
4320.6,4312.599,0.9981,SCALE_DOWN,3000.0
3000.0,3000.4214,0.9999,SCALE_DOWN,3000.0
4988.4,5006.3643,0.9964,SCALE_DOWN,3000.0
19024.500000000004,18973.713,0.9973,STAY_ACTIVE,18973.712890625
11766.9,11723.414,0.9963,STAY_ACTIVE,11723.4140625
10183.2,10231.615,0.9952,STAY_ACTIVE,10231.615234375
3000.0,3000.4214,0.9999,SCALE_DOWN,3000.0
3000.0,3000.4214,0.9999,SCALE_DOWN,3000.0
5591.1,5581.0293,0.9982,SCALE_DOWN,3000.0
12402.0,12507.875,0.9915,STAY_ACTIVE,12507.875
3000.0,3000.4214,0.9999,SCALE_DOWN,3000.0
10566.9,10590.716,0.9977,STAY_ACTIVE,10590.7158203125
3000.0,3000.4214,0.9999,SCALE_DOWN,3000.0
18189.0,18233.11,0.9976,STAY_ACTIVE,18233.109375
5095.8,5092.0923,0.9993,SCALE_DOWN,3000.0
3000.0,3000.4214,0.9999,SCALE_DOWN,3000.0
3000.0,3000.4214,0.9999,SCALE_DOWN,3000.0
3000.0,3000.4214,0.9999,SCALE_DOWN,3000.0
3000.0,3000.4214,0.9999,SCALE_DOWN,3000.0
3000.0,3000.4214,0.9999,SCALE_DOWN,3000.0
3000.0,3000.4214,0.9999,SCALE_DOWN,3000.0
12745.5,12688.677,0.9955,STAY_ACTIVE,12688.6767578125
3000.0,3000.4214,0.9999,SCALE_DOWN,3000.0
21000.0,21000.047,1.0,STAY_ACTIVE,21000.046875
3000.0,3000.4214,0.9999,SCALE_DOWN,3000.0
3000.0,3000.4214,0.9999,SCALE_DOWN,3000.0
11112.9,11096.988,0.9986,STAY_ACTIVE,11096.98828125
8392.199999999999,8405.834,0.9984,SCALE_DOWN,3000.0
3000.0,3000.4214,0.9999,SCALE_DOWN,3000.0
21000.0,21000.078,1.0,STAY_ACTIVE,21000.078125
3000.0,3000.4214,0.9999,SCALE_DOWN,3000.0
15157.8,15098.38,0.9961,STAY_ACTIVE,15098.3798828125
4469.1,4473.0874,0.9991,SCALE_DOWN,3000.0
7515.900000000001,7479.3833,0.9951,SCALE_DOWN,3000.0
5734.799999999999,5729.0625,0.999,SCALE_DOWN,3000.0
21000.0,21000.25,1.0,STAY_ACTIVE,21000.25
21000.0,21000.047,1.0,STAY_ACTIVE,21000.046875
3000.0,3000.4214,0.9999,SCALE_DOWN,3000.0
7890.900000000001,7941.605,0.9936,SCALE_DOWN,3000.0
10020.6,9985.715,0.9965,STAY_ACTIVE,9985.71484375
3000.0,3000.4214,0.9999,SCALE_DOWN,3000.0
3000.0,3000.4214,0.9999,SCALE_DOWN,3000.0
3000.0,3000.4214,0.9999,SCALE_DOWN,3000.0
6415.5,6429.992,0.9977,SCALE_DOWN,3000.0
3000.0,3000.4214,0.9999,SCALE_DOWN,3000.0
21000.0,20996.926,0.9999,STAY_ACTIVE,20996.92578125
21000.0,21000.078,1.0,STAY_ACTIVE,21000.078125
6507.900000000001,6501.6006,0.999,SCALE_DOWN,3000.0
3000.0,3000.4214,0.9999,SCALE_DOWN,3000.0
18918.6,18942.895,0.9987,STAY_ACTIVE,18942.89453125
11897.7,12052.836,0.987,STAY_ACTIVE,12052.8359375
5707.8,5718.434,0.9981,SCALE_DOWN,3000.0
3000.0,3000.4214,0.9999,SCALE_DOWN,3000.0
21000.0,21000.078,1.0,STAY_ACTIVE,21000.078125
7725.6,7703.847,0.9972,SCALE_DOWN,3000.0
21000.0,21037.379,0.9982,STAY_ACTIVE,21037.37890625
21000.0,21000.047,1.0,STAY_ACTIVE,21000.046875
3000.0,3000.4214,0.9999,SCALE_DOWN,3000.0
3000.0,3000.4214,0.9999,SCALE_DOWN,3000.0
5837.7,5817.1455,0.9965,SCALE_DOWN,3000.0
5370.6,5357.8223,0.9976,SCALE_DOWN,3000.0
6816.3,6826.666,0.9985,SCALE_DOWN,3000.0
21000.0,21000.639,1.0,STAY_ACTIVE,21000.638671875
13048.8,13026.981,0.9983,STAY_ACTIVE,13026.9814453125
3000.0,3000.4214,0.9999,SCALE_DOWN,3000.0
13021.5,13106.903,0.9934,STAY_ACTIVE,13106.9033203125
18783.300000000003,18701.518,0.9956,STAY_ACTIVE,18701.517578125
7649.700000000001,7623.8,0.9966,SCALE_DOWN,3000.0
3000.0,3000.4214,0.9999,SCALE_DOWN,3000.0
21000.0,21000.047,1.0,STAY_ACTIVE,21000.046875
21000.0,21005.38,0.9997,STAY_ACTIVE,21005.380859375
3000.0,3000.4214,0.9999,SCALE_DOWN,3000.0
9713.1,9761.704,0.995,STAY_ACTIVE,9761.7041015625
3000.0,3000.4214,0.9999,SCALE_DOWN,3000.0
9267.6,9303.113,0.9962,STAY_ACTIVE,9303.11328125
7453.500000000001,7459.0645,0.9993,SCALE_DOWN,3000.0
21000.0,21000.047,1.0,STAY_ACTIVE,21000.046875
21000.0,20756.02,0.9884,STAY_ACTIVE,20756.01953125
3192.3,3213.469,0.9934,SCALE_DOWN,3000.0
21000.0,20999.852,1.0,STAY_ACTIVE,20999.8515625
21000.0,21000.049,1.0,STAY_ACTIVE,21000.048828125
21000.0,21000.078,1.0,STAY_ACTIVE,21000.078125
3000.0,3000.4214,0.9999,SCALE_DOWN,3000.0
3000.0,3000.4214,0.9999,SCALE_DOWN,3000.0
3000.0,3000.4214,0.9999,SCALE_DOWN,3000.0
9721.2,9714.243,0.9993,STAY_ACTIVE,9714.2431640625
7079.1,7111.2305,0.9955,SCALE_DOWN,3000.0
20417.4,20418.475,0.9999,STAY_ACTIVE,20418.474609375
3000.0,3000.4214,0.9999,SCALE_DOWN,3000.0
3000.0,3000.4214,0.9999,SCALE_DOWN,3000.0
7226.700000000001,7214.6143,0.9983,SCALE_DOWN,3000.0
21000.0,21000.078,1.0,STAY_ACTIVE,21000.078125
21000.0,20940.531,0.9972,STAY_ACTIVE,20940.53125
10933.2,10885.067,0.9956,STAY_ACTIVE,10885.0673828125
4684.8,4704.394,0.9958,SCALE_DOWN,3000.0
7687.200000000001,7705.951,0.9976,SCALE_DOWN,3000.0
21000.0,20999.562,1.0,STAY_ACTIVE,20999.5625
21000.0,20999.852,1.0,STAY_ACTIVE,20999.8515625
10225.2,10214.962,0.999,STAY_ACTIVE,10214.9619140625
7621.800000000001,7617.332,0.9994,SCALE_DOWN,3000.0
9125.7,9093.87,0.9965,STAY_ACTIVE,9093.8701171875
3000.0,3000.4214,0.9999,SCALE_DOWN,3000.0
21000.0,21000.047,1.0,STAY_ACTIVE,21000.046875
3000.0,3000.4214,0.9999,SCALE_DOWN,3000.0
3000.0,3000.4214,0.9999,SCALE_DOWN,3000.0
3000.0,3000.4214,0.9999,SCALE_DOWN,3000.0
3000.0,3000.4214,0.9999,SCALE_DOWN,3000.0
6377.4,6337.2974,0.9937,SCALE_DOWN,3000.0
21000.0,21000.164,1.0,STAY_ACTIVE,21000.1640625
8827.5,8732.373,0.9892,SCALE_DOWN,3000.0
3000.0,3000.4214,0.9999,SCALE_DOWN,3000.0
3000.0,3000.4214,0.9999,SCALE_DOWN,3000.0
21000.0,20997.38,0.9999,STAY_ACTIVE,20997.380859375
21000.0,21000.049,1.0,STAY_ACTIVE,21000.048828125
5212.5,5248.1113,0.9932,SCALE_DOWN,3000.0
8996.4,9000.553,0.9995,STAY_ACTIVE,9000.552734375
8286.3,8299.681,0.9984,SCALE_DOWN,3000.0
3000.0,3000.4214,0.9999,SCALE_DOWN,3000.0
21000.0,21000.047,1.0,STAY_ACTIVE,21000.046875
21000.0,21000.047,1.0,STAY_ACTIVE,21000.046875
12664.8,12692.177,0.9978,STAY_ACTIVE,12692.1767578125
21000.0,21000.047,1.0,STAY_ACTIVE,21000.046875
3000.0,3000.4214,0.9999,SCALE_DOWN,3000.0
21000.0,21000.047,1.0,STAY_ACTIVE,21000.046875
4633.2,4641.5503,0.9982,SCALE_DOWN,3000.0
3051.0,3052.9617,0.9994,SCALE_DOWN,3000.0
3283.5,3291.3198,0.9976,SCALE_DOWN,3000.0
21000.0,21000.639,1.0,STAY_ACTIVE,21000.638671875
21000.0,21000.078,1.0,STAY_ACTIVE,21000.078125
11845.5,11764.38,0.9932,STAY_ACTIVE,11764.3798828125
7879.200000000001,7891.074,0.9985,SCALE_DOWN,3000.0
3000.0,3000.4214,0.9999,SCALE_DOWN,3000.0
21000.0,21000.047,1.0,STAY_ACTIVE,21000.046875
20977.5,20873.35,0.995,STAY_ACTIVE,20873.349609375
21000.0,21000.047,1.0,STAY_ACTIVE,21000.046875
3000.0,3000.4214,0.9999,SCALE_DOWN,3000.0
3000.0,3000.4214,0.9999,SCALE_DOWN,3000.0
6598.8,6628.2383,0.9955,SCALE_DOWN,3000.0
6950.1,6893.2754,0.9918,SCALE_DOWN,3000.0
3000.0,3000.4214,0.9999,SCALE_DOWN,3000.0
3000.0,3000.4214,0.9999,SCALE_DOWN,3000.0
21000.0,20998.377,0.9999,STAY_ACTIVE,20998.376953125
21000.0,21000.322,1.0,STAY_ACTIVE,21000.322265625
3000.0,3000.4214,0.9999,SCALE_DOWN,3000.0
21000.0,21000.078,1.0,STAY_ACTIVE,21000.078125
3000.0,3000.4214,0.9999,SCALE_DOWN,3000.0
3000.0,3000.4214,0.9999,SCALE_DOWN,3000.0
21000.0,21000.078,1.0,STAY_ACTIVE,21000.078125
19605.300000000003,19620.746,0.9992,STAY_ACTIVE,19620.74609375
12181.5,12165.001,0.9986,STAY_ACTIVE,12165.0009765625
6664.5,6685.902,0.9968,SCALE_DOWN,3000.0
21000.0,21000.25,1.0,STAY_ACTIVE,21000.25
14994.9,14995.555,1.0,STAY_ACTIVE,14995.5546875
21000.0,21000.047,1.0,STAY_ACTIVE,21000.046875
3000.0,3000.4214,0.9999,SCALE_DOWN,3000.0
7860.3,7812.929,0.994,SCALE_DOWN,3000.0
5968.5,5942.2563,0.9956,SCALE_DOWN,3000.0
3000.0,3000.4214,0.9999,SCALE_DOWN,3000.0
13083.300000000005,13079.234,0.9997,STAY_ACTIVE,13079.234375
3000.0,3000.4214,0.9999,SCALE_DOWN,3000.0
21000.0,21000.049,1.0,STAY_ACTIVE,21000.048828125
6369.9,6380.3237,0.9984,SCALE_DOWN,3000.0
3000.0,3000.4214,0.9999,SCALE_DOWN,3000.0
17982.0,18028.592,0.9974,STAY_ACTIVE,18028.591796875
16107.0,16117.783,0.9993,STAY_ACTIVE,16117.783203125
3000.0,3000.4214,0.9999,SCALE_DOWN,3000.0
11284.2,11284.404,1.0,STAY_ACTIVE,11284.404296875
3000.0,3000.4214,0.9999,SCALE_DOWN,3000.0
3000.0,3000.4214,0.9999,SCALE_DOWN,3000.0
3000.0,3000.4214,0.9999,SCALE_DOWN,3000.0
3000.0,3000.4214,0.9999,SCALE_DOWN,3000.0
3000.0,3000.4214,0.9999,SCALE_DOWN,3000.0
3000.0,3000.4214,0.9999,SCALE_DOWN,3000.0
21000.0,21000.047,1.0,STAY_ACTIVE,21000.046875
21000.0,21000.047,1.0,STAY_ACTIVE,21000.046875
11855.7,11973.378,0.9901,STAY_ACTIVE,11973.3779296875
21000.0,20999.852,1.0,STAY_ACTIVE,20999.8515625
20247.3,20295.357,0.9976,STAY_ACTIVE,20295.357421875
3000.0,3000.4214,0.9999,SCALE_DOWN,3000.0
3693.9,3699.5618,0.9985,SCALE_DOWN,3000.0
3000.0,3000.4214,0.9999,SCALE_DOWN,3000.0
12168.0,12160.603,0.9994,STAY_ACTIVE,12160.6025390625
6164.7,6169.8867,0.9992,SCALE_DOWN,3000.0
3000.0,3000.4214,0.9999,SCALE_DOWN,3000.0
3000.0,3000.4214,0.9999,SCALE_DOWN,3000.0
17867.100000000002,17995.559,0.9928,STAY_ACTIVE,17995.55859375
13703.7,13749.057,0.9967,STAY_ACTIVE,13749.056640625
4289.1,4258.1426,0.9928,SCALE_DOWN,3000.0
5521.800000000001,5536.0703,0.9974,SCALE_DOWN,3000.0
3000.0,3000.4214,0.9999,SCALE_DOWN,3000.0
3000.0,3000.4214,0.9999,SCALE_DOWN,3000.0
21000.0,21000.047,1.0,STAY_ACTIVE,21000.046875
3000.0,3000.4214,0.9999,SCALE_DOWN,3000.0
3000.0,3000.4214,0.9999,SCALE_DOWN,3000.0
6648.299999999999,6599.2734,0.9926,SCALE_DOWN,3000.0
8471.7,8493.552,0.9974,SCALE_DOWN,3000.0
3000.0,3000.4214,0.9999,SCALE_DOWN,3000.0
21000.0,21000.049,1.0,STAY_ACTIVE,21000.048828125
16880.4,16833.156,0.9972,STAY_ACTIVE,16833.15625
7803.0,7811.592,0.9989,SCALE_DOWN,3000.0
19401.0,19364.094,0.9981,STAY_ACTIVE,19364.09375
3000.0,3000.4214,0.9999,SCALE_DOWN,3000.0
8848.5,8894.785,0.9948,SCALE_DOWN,3000.0
3000.0,3000.4214,0.9999,SCALE_DOWN,3000.0
9303.3,9266.028,0.996,STAY_ACTIVE,9266.0283203125
3000.0,3000.4214,0.9999,SCALE_DOWN,3000.0
7301.700000000001,7263.6973,0.9948,SCALE_DOWN,3000.0
16523.4,16553.295,0.9982,STAY_ACTIVE,16553.294921875
21000.0,21011.078,0.9995,STAY_ACTIVE,21011.078125
3000.0,3000.4214,0.9999,SCALE_DOWN,3000.0
7009.500000000001,7006.8037,0.9996,SCALE_DOWN,3000.0
3000.0,3000.4214,0.9999,SCALE_DOWN,3000.0
9925.5,9993.629,0.9931,STAY_ACTIVE,9993.62890625
8327.1,8332.569,0.9993,SCALE_DOWN,3000.0
12858.0,12842.391,0.9988,STAY_ACTIVE,12842.390625
21000.0,21005.525,0.9997,STAY_ACTIVE,21005.525390625
4053.6,4038.446,0.9963,SCALE_DOWN,3000.0
3000.0,3000.4214,0.9999,SCALE_DOWN,3000.0
16203.0,16256.782,0.9967,STAY_ACTIVE,16256.7822265625
8931.300000000001,8923.039,0.9991,SCALE_DOWN,3000.0
3000.0,3000.4214,0.9999,SCALE_DOWN,3000.0
3000.0,3000.4214,0.9999,SCALE_DOWN,3000.0
8463.0,8479.605,0.998,SCALE_DOWN,3000.0
8757.6,8716.228,0.9953,SCALE_DOWN,3000.0
21000.0,20999.426,1.0,STAY_ACTIVE,20999.42578125
5131.8,5151.984,0.9961,SCALE_DOWN,3000.0
16959.3,17006.152,0.9972,STAY_ACTIVE,17006.15234375
21000.0,21011.078,0.9995,STAY_ACTIVE,21011.078125
6122.700000000001,6129.943,0.9988,SCALE_DOWN,3000.0
3000.0,3000.4214,0.9999,SCALE_DOWN,3000.0
3000.0,3000.4214,0.9999,SCALE_DOWN,3000.0
3000.0,3000.4214,0.9999,SCALE_DOWN,3000.0
3000.0,3000.4214,0.9999,SCALE_DOWN,3000.0
3000.0,3000.4214,0.9999,SCALE_DOWN,3000.0
3000.0,3000.4214,0.9999,SCALE_DOWN,3000.0
21000.0,21000.047,1.0,STAY_ACTIVE,21000.046875
21000.0,21015.006,0.9993,STAY_ACTIVE,21015.005859375
14668.2,14596.437,0.9951,STAY_ACTIVE,14596.4365234375
7845.9,7847.07,0.9999,SCALE_DOWN,3000.0
3000.0,3000.4214,0.9999,SCALE_DOWN,3000.0
21000.0,21000.047,1.0,STAY_ACTIVE,21000.046875
16482.600000000002,16671.062,0.9886,STAY_ACTIVE,16671.0625
21000.0,21000.078,1.0,STAY_ACTIVE,21000.078125
3000.0,3000.4214,0.9999,SCALE_DOWN,3000.0
10686.0,10748.473,0.9942,STAY_ACTIVE,10748.47265625
3442.2,3447.5276,0.9985,SCALE_DOWN,3000.0
7357.800000000001,7354.9604,0.9996,SCALE_DOWN,3000.0
7251.6,7278.3423,0.9963,SCALE_DOWN,3000.0
17415.0,17496.775,0.9953,STAY_ACTIVE,17496.775390625
15394.2,15480.801,0.9944,STAY_ACTIVE,15480.80078125
21000.0,21000.047,1.0,STAY_ACTIVE,21000.046875
3000.0,3000.4214,0.9999,SCALE_DOWN,3000.0
7970.700000000001,7975.8604,0.9994,SCALE_DOWN,3000.0
21000.0,21000.078,1.0,STAY_ACTIVE,21000.078125
3000.0,3000.4214,0.9999,SCALE_DOWN,3000.0
3000.0,3000.4214,0.9999,SCALE_DOWN,3000.0
3000.0,3000.4214,0.9999,SCALE_DOWN,3000.0
11392.2,11435.606,0.9962,STAY_ACTIVE,11435.6064453125
11226.0,11252.367,0.9977,STAY_ACTIVE,11252.3671875
7053.9,7097.688,0.9938,SCALE_DOWN,3000.0
14675.1,14645.468,0.998,STAY_ACTIVE,14645.4677734375
21000.0,21000.078,1.0,STAY_ACTIVE,21000.078125
14407.2,14301.169,0.9926,STAY_ACTIVE,14301.1689453125
21000.0,21000.078,1.0,STAY_ACTIVE,21000.078125
14376.6,14349.158,0.9981,STAY_ACTIVE,14349.158203125
3597.2999999999997,3590.0776,0.998,SCALE_DOWN,3000.0
11325.6,11328.012,0.9998,STAY_ACTIVE,11328.01171875
3000.0,3000.4214,0.9999,SCALE_DOWN,3000.0
19014.3,18887.531,0.9933,STAY_ACTIVE,18887.53125
21000.0,20999.283,1.0,STAY_ACTIVE,20999.283203125
10388.4,10414.476,0.9975,STAY_ACTIVE,10414.4755859375
11039.1,11082.989,0.996,STAY_ACTIVE,11082.9892578125
16041.000000000002,16151.722,0.9931,STAY_ACTIVE,16151.7216796875
3000.0,3000.4214,0.9999,SCALE_DOWN,3000.0
3000.0,3000.4214,0.9999,SCALE_DOWN,3000.0
3000.0,3000.4214,0.9999,SCALE_DOWN,3000.0
21000.0,21000.047,1.0,STAY_ACTIVE,21000.046875
3000.0,3000.4214,0.9999,SCALE_DOWN,3000.0
8137.8,8087.5034,0.9938,SCALE_DOWN,3000.0
3000.0,3000.4214,0.9999,SCALE_DOWN,3000.0
3345.0,3380.9211,0.9893,SCALE_DOWN,3000.0
3382.7999999999997,3355.9893,0.9921,SCALE_DOWN,3000.0
21000.0,21000.281,1.0,STAY_ACTIVE,21000.28125
3000.0,3000.4214,0.9999,SCALE_DOWN,3000.0
3000.0,3000.4214,0.9999,SCALE_DOWN,3000.0
18360.0,18338.594,0.9988,STAY_ACTIVE,18338.59375
21000.0,21043.463,0.9979,STAY_ACTIVE,21043.462890625
6549.299999999999,6559.526,0.9984,SCALE_DOWN,3000.0
4161.0,4150.0625,0.9974,SCALE_DOWN,3000.0
20312.1,20447.434,0.9933,STAY_ACTIVE,20447.43359375
7438.5,7409.5425,0.9961,SCALE_DOWN,3000.0
7843.5,7798.1797,0.9942,SCALE_DOWN,3000.0
5348.1,5331.2754,0.9969,SCALE_DOWN,3000.0
3000.0,3000.4214,0.9999,SCALE_DOWN,3000.0
