Timestamp,ArrivalRate,TotalInputTokens,TotalOutputTokens,Hour,Minute,ActiveSeconds,Energy_Joules,Energy_kWh
2024-05-01 00:00:00,2,278,154,0,0,4.128,4238.4,0.0011773333333333332
2024-05-01 00:01:00,2,239,124,0,1,3.339,4001.7000000000003,0.0011115833333333333
2024-05-01 00:02:00,7,304,109,0,2,3.029,3908.7,0.00108575
2024-05-01 00:03:00,7,280,137,0,3,3.705,4111.5,0.0011420833333333333
2024-05-01 00:04:00,6,275,151,0,4,4.050000000000001,4215.0,0.0011708333333333334
2024-05-01 00:05:00,7,268,93,0,5,2.593,3777.8999999999996,0.0010494166666666666
2024-05-01 00:06:00,4,128,86,0,6,2.278,3683.3999999999996,0.0010231666666666666
2024-05-01 00:07:00,7,181,123,0,7,3.2560000000000002,3976.8,0.0011046666666666668
2024-05-01 00:08:00,6,299,69,0,8,2.024,3607.2000000000003,0.001002
2024-05-01 00:09:00,4,160,127,0,9,3.3350000000000004,4000.5,0.00111125
2024-05-01 00:10:00,4,123,159,0,10,4.098,4229.4,0.0011748333333333333
2024-05-01 00:11:00,4,282,84,0,11,2.382,3714.6000000000004,0.0010318333333333334
2024-05-01 00:12:00,6,244,129,0,12,3.4690000000000003,4040.7,0.0011224166666666665
2024-05-01 00:13:00,3,130,137,0,13,3.555,4066.5,0.0011295833333333334
2024-05-01 00:14:00,4,229,120,0,14,3.229,3968.7000000000003,0.0011024166666666667
2024-05-01 00:15:00,7,163,154,0,15,4.013,4203.9,0.00116775
2024-05-01 00:16:00,2,235,148,0,16,3.935,4180.5,0.00116125
2024-05-01 00:17:00,7,170,75,0,17,2.045,3613.5,0.00100375
2024-05-01 00:18:00,2,299,63,0,18,1.874,3562.2,0.0009895
2024-05-01 00:19:00,3,259,134,0,19,3.609,4082.7,0.0011340833333333333
2024-05-01 00:20:00,8,154,159,0,20,4.1290000000000004,4238.700000000001,0.0011774166666666669
2024-05-01 00:21:00,7,296,139,0,21,3.771,4131.299999999999,0.0011475833333333331
2024-05-01 00:22:00,6,182,119,0,22,3.157,3947.1000000000004,0.0010964166666666668
2024-05-01 00:23:00,6,114,88,0,23,2.314,3694.2000000000003,0.0010261666666666668
2024-05-01 00:24:00,4,150,160,0,24,4.15,4245.0,0.0011791666666666667
2024-05-01 00:25:00,3,229,101,0,25,2.7540000000000004,3826.2000000000003,0.0010628333333333334
2024-05-01 00:26:00,3,246,73,0,26,2.071,3621.3,0.0010059166666666667
2024-05-01 00:27:00,2,186,161,0,27,4.211,4263.3,0.00118425
2024-05-01 00:28:00,6,282,96,0,28,2.6820000000000004,3804.6000000000004,0.0010568333333333335
2024-05-01 00:29:00,3,192,74,0,29,2.0420000000000003,3612.6000000000004,0.0010035
2024-05-01 00:30:00,5,222,103,0,30,2.797,3839.1000000000004,0.0010664166666666667
2024-05-01 00:31:00,8,266,116,0,31,3.1660000000000004,3949.8,0.0010971666666666666
2024-05-01 00:32:00,7,141,145,0,32,3.766,4129.8,0.0011471666666666668
2024-05-01 00:33:00,5,264,135,0,33,3.6390000000000002,4091.7,0.0011365833333333332
2024-05-01 00:34:00,7,221,103,0,34,2.7960000000000003,3838.8,0.0010663333333333334
2024-05-01 00:35:00,4,265,113,0,35,3.0900000000000003,3927.0,0.0010908333333333334
2024-05-01 00:36:00,6,202,150,0,36,3.952,4185.6,0.0011626666666666667
2024-05-01 00:37:00,8,316,130,0,37,3.566,4069.7999999999997,0.0011305
2024-05-01 00:38:00,3,246,126,0,38,3.3960000000000004,4018.8,0.0011163333333333333
2024-05-01 00:39:00,4,298,76,0,39,2.198,3659.3999999999996,0.0010164999999999998
2024-05-01 00:40:00,4,216,87,0,40,2.3910000000000005,3717.3,0.0010325833333333335
2024-05-01 00:41:00,6,115,91,0,41,2.39,3717.0,0.0010325
2024-05-01 00:42:00,3,248,70,0,42,1.998,3599.3999999999996,0.0009998333333333333
2024-05-01 00:43:00,7,139,122,0,43,3.189,3956.7000000000003,0.0010990833333333334
2024-05-01 00:44:00,8,324,57,0,44,1.749,3524.7,0.0009790833333333333
2024-05-01 00:45:00,9,175,145,0,45,3.8,4140.0,0.00115
2024-05-01 00:46:00,2,210,132,0,46,3.5100000000000002,4053.0,0.0011258333333333333
2024-05-01 00:47:00,5,164,108,0,47,2.8640000000000003,3859.2000000000003,0.001072
2024-05-01 00:48:00,6,114,121,0,48,3.1390000000000002,3941.7,0.0010949166666666666
2024-05-01 00:49:00,2,152,100,0,49,2.652,3795.6000000000004,0.0010543333333333333
2024-05-01 00:50:00,7,240,87,0,50,2.415,3724.5,0.0010345833333333333
2024-05-01 00:51:00,2,206,167,0,51,4.381,4314.3,0.0011984166666666666
2024-05-01 00:52:00,3,261,66,0,52,1.911,3573.2999999999997,0.0009925833333333332
2024-05-01 00:53:00,3,128,128,0,53,3.3280000000000003,3998.4,0.0011106666666666667
2024-05-01 00:54:00,8,271,100,0,54,2.771,3831.2999999999997,0.0010642499999999999
2024-05-01 00:55:00,7,197,72,0,55,1.997,3599.1000000000004,0.0009997500000000002
2024-05-01 00:56:00,3,242,148,0,56,3.942,4182.6,0.0011618333333333335
2024-05-01 00:57:00,4,119,134,0,57,3.4690000000000003,4040.7,0.0011224166666666665
2024-05-01 00:58:00,6,147,166,0,58,4.297000000000001,4289.1,0.0011914166666666668
2024-05-01 00:59:00,3,298,142,0,59,3.8480000000000003,4154.4,0.0011539999999999999
2024-05-01 01:00:00,8,285,172,1,0,4.585,4375.5,0.0012154166666666667
2024-05-01 01:01:00,6,285,89,1,1,2.5100000000000002,3753.0,0.0010425
2024-05-01 01:02:00,8,208,137,1,2,3.6330000000000005,4089.9,0.0011360833333333333
2024-05-01 01:03:00,3,304,113,1,3,3.129,3938.7000000000003,0.0010940833333333334
2024-05-01 01:04:00,1,232,130,1,4,3.482,4044.6000000000004,0.0011235000000000001
2024-05-01 01:05:00,3,181,89,1,5,2.406,3721.8,0.0010338333333333334
2024-05-01 01:06:00,5,237,98,1,6,2.6870000000000003,3806.1000000000004,0.00105725
2024-05-01 01:07:00,4,141,141,1,7,3.6660000000000004,4099.8,0.0011388333333333333
2024-05-01 01:08:00,7,148,92,1,8,2.4480000000000004,3734.4,0.0010373333333333335
2024-05-01 01:09:00,7,283,170,1,9,4.533,4359.9,0.0012110833333333333
2024-05-01 01:10:00,3,160,171,1,10,4.4350000000000005,4330.5,0.0012029166666666666
2024-05-01 01:11:00,5,253,136,1,11,3.6530000000000005,4095.9,0.00113775
2024-05-01 01:12:00,5,336,168,1,12,4.5360000000000005,4360.8,0.0012113333333333334
2024-05-01 01:13:00,2,192,94,1,13,2.5420000000000003,3762.6000000000004,0.0010451666666666667
2024-05-01 01:14:00,4,333,103,1,14,2.9080000000000004,3872.4,0.0010756666666666666
2024-05-01 01:15:00,7,289,83,1,15,2.3640000000000003,3709.2000000000003,0.0010303333333333334
2024-05-01 01:16:00,2,165,100,1,16,2.665,3799.5,0.0010554166666666667
2024-05-01 01:17:00,9,238,105,1,17,2.863,3858.8999999999996,0.0010719166666666665
2024-05-01 01:18:00,4,173,133,1,18,3.498,4049.4,0.0011248333333333334
2024-05-01 01:19:00,8,266,105,1,19,2.891,3867.3,0.0010742500000000001
2024-05-01 01:20:00,5,301,146,1,20,3.9510000000000005,4185.3,0.0011625833333333334
2024-05-01 01:21:00,7,252,72,1,21,2.052,3615.6000000000004,0.0010043333333333334
2024-05-01 01:22:00,4,152,169,1,22,4.377000000000001,4313.1,0.0011980833333333333
2024-05-01 01:23:00,8,248,145,1,23,3.873,4161.9,0.0011560833333333332
2024-05-01 01:24:00,4,147,160,1,24,4.147,4244.1,0.0011789166666666669
2024-05-01 01:25:00,7,181,99,1,25,2.656,3796.8,0.0010546666666666666
2024-05-01 01:26:00,4,201,172,1,26,4.5009999999999994,4350.3,0.0012084166666666667
2024-05-01 01:27:00,9,302,175,1,27,4.677,4403.1,0.0012230833333333334
2024-05-01 01:28:00,6,323,98,1,28,2.773,3831.9,0.0010644166666666666
2024-05-01 01:29:00,2,117,79,1,29,2.092,3627.6000000000004,0.0010076666666666667
2024-05-01 01:30:00,8,126,146,1,30,3.7760000000000002,4132.8,0.0011480000000000001
2024-05-01 01:31:00,4,207,92,1,31,2.507,3752.1000000000004,0.0010422500000000002
2024-05-01 01:32:00,4,319,153,1,32,4.144,4243.200000000001,0.0011786666666666668
2024-05-01 01:33:00,2,230,146,1,33,3.8800000000000003,4164.0,0.0011566666666666667
2024-05-01 01:34:00,8,308,173,1,34,4.633,4389.9,0.0012194166666666666
2024-05-01 01:35:00,6,322,145,1,35,3.947,4184.099999999999,0.0011622499999999999
2024-05-01 01:36:00,4,221,61,1,36,1.7460000000000002,3523.7999999999997,0.0009788333333333333
2024-05-01 01:37:00,3,185,99,1,37,2.66,3798.0,0.001055
2024-05-01 01:38:00,5,190,172,1,38,4.49,4347.0,0.0012075
2024-05-01 01:39:00,9,167,132,1,39,3.467,4040.1000000000004,0.0011222500000000002
2024-05-01 01:40:00,3,183,84,1,40,2.283,3684.8999999999996,0.0010235833333333332
2024-05-01 01:41:00,4,157,62,1,41,1.707,3512.1000000000004,0.0009755833333333334
2024-05-01 01:42:00,4,299,122,1,42,3.349,4004.7,0.0011124166666666667
2024-05-01 01:43:00,4,123,113,1,43,2.9480000000000004,3884.4,0.001079
2024-05-01 01:44:00,7,306,87,1,44,2.4810000000000003,3744.3,0.0010400833333333334
2024-05-01 01:45:00,4,140,68,1,45,1.8400000000000003,3552.0,0.0009866666666666667
2024-05-01 01:46:00,4,152,80,1,46,2.152,3645.6000000000004,0.0010126666666666667
2024-05-01 01:47:00,10,257,140,1,47,3.757,4127.1,0.0011464166666666667
2024-05-01 01:48:00,8,285,70,1,48,2.035,3610.5,0.0010029166666666667
2024-05-01 01:49:00,5,308,142,1,49,3.858,4157.400000000001,0.0011548333333333334
2024-05-01 01:50:00,10,312,102,1,50,2.862,3858.6000000000004,0.0010718333333333335
2024-05-01 01:51:00,9,208,147,1,51,3.8830000000000005,4164.9,0.0011569166666666666
2024-05-01 01:52:00,8,191,98,1,52,2.641,3792.3,0.0010534166666666667
2024-05-01 01:53:00,7,264,145,1,53,3.8890000000000002,4166.7,0.0011574166666666666
2024-05-01 01:54:00,2,134,156,1,54,4.034000000000001,4210.200000000001,0.0011695000000000002
2024-05-01 01:55:00,3,242,149,1,55,3.967,4190.1,0.0011639166666666668
2024-05-01 01:56:00,5,250,73,1,56,2.075,3622.5,0.00100625
2024-05-01 01:57:00,2,294,154,1,57,4.144,4243.200000000001,0.0011786666666666668
2024-05-01 01:58:00,7,230,60,1,58,1.73,3519.0,0.0009775
2024-05-01 01:59:00,7,236,106,1,59,2.8860000000000006,3865.8,0.0010738333333333333
2024-05-01 02:00:00,3,307,180,2,0,4.807,4442.1,0.0012339166666666668
2024-05-01 02:01:00,9,347,141,2,1,3.8720000000000003,4161.6,0.0011560000000000001
2024-05-01 02:02:00,5,210,94,2,2,2.56,3768.0,0.0010466666666666667
2024-05-01 02:03:00,8,260,79,2,3,2.2350000000000003,3670.5,0.0010195833333333333
2024-05-01 02:04:00,3,191,63,2,4,1.7660000000000002,3529.8,0.0009805
2024-05-01 02:05:00,9,280,151,2,5,4.055000000000001,4216.5,0.00117125
2024-05-01 02:06:00,5,266,153,2,6,4.091,4227.3,0.00117425
2024-05-01 02:07:00,3,191,160,2,7,4.191,4257.299999999999,0.0011825833333333332
2024-05-01 02:08:00,3,156,70,2,8,1.906,3571.8,0.0009921666666666668
2024-05-01 02:09:00,6,312,101,2,9,2.837,3851.0999999999995,0.00106975
2024-05-01 02:10:00,7,285,172,2,10,4.585,4375.5,0.0012154166666666667
2024-05-01 02:11:00,9,280,65,2,11,1.905,3571.5,0.0009920833333333333
2024-05-01 02:12:00,2,257,144,2,12,3.857,4157.1,0.0011547500000000002
2024-05-01 02:13:00,5,357,169,2,13,4.582000000000001,4374.6,0.0012151666666666667
2024-05-01 02:14:00,7,224,154,2,14,4.074,4222.2,0.0011728333333333332
2024-05-01 02:15:00,9,311,171,2,15,4.586,4375.8,0.0012155
2024-05-01 02:16:00,2,136,63,2,16,1.7110000000000003,3513.3,0.0009759166666666667
2024-05-01 02:17:00,9,210,167,2,17,4.385,4315.5,0.00119875
2024-05-01 02:18:00,10,161,64,2,18,1.7610000000000001,3528.2999999999997,0.0009800833333333332
2024-05-01 02:19:00,6,261,61,2,19,1.786,3535.7999999999997,0.0009821666666666666
2024-05-01 02:20:00,4,346,119,2,20,3.321,3996.3,0.0011100833333333334
2024-05-01 02:21:00,4,221,174,2,21,4.571000000000001,4371.3,0.00121425
2024-05-01 02:22:00,7,321,59,2,22,1.796,3538.7999999999997,0.000983
2024-05-01 02:23:00,7,219,142,2,23,3.769,4130.700000000001,0.0011474166666666668
2024-05-01 02:24:00,2,346,85,2,24,2.471,3741.2999999999997,0.00103925
2024-05-01 02:25:00,5,362,96,2,25,2.7620000000000005,3828.6000000000004,0.0010635000000000002
2024-05-01 02:26:00,4,332,84,2,26,2.432,3729.6,0.001036
2024-05-01 02:27:00,9,230,75,2,27,2.105,3631.5,0.00100875
2024-05-01 02:28:00,4,250,151,2,28,4.025,4207.5,0.00116875
2024-05-01 02:29:00,9,226,121,2,29,3.2510000000000003,3975.3,0.00110425
2024-05-01 02:30:00,10,315,94,2,30,2.665,3799.5,0.0010554166666666667
2024-05-01 02:31:00,7,244,159,2,31,4.219,4265.7,0.0011849166666666666
2024-05-01 02:32:00,4,273,183,2,32,4.848,4454.4,0.0012373333333333333
2024-05-01 02:33:00,8,323,93,2,33,2.648,3794.4,0.001054
2024-05-01 02:34:00,3,364,63,2,34,1.939,3581.7000000000003,0.0009949166666666667
2024-05-01 02:35:00,7,155,79,2,35,2.13,3639.0,0.0010108333333333334
2024-05-01 02:36:00,7,363,172,2,36,4.663,4398.900000000001,0.0012219166666666667
2024-05-01 02:37:00,4,243,146,2,37,3.8930000000000002,4167.9,0.00115775
2024-05-01 02:38:00,10,242,68,2,38,1.9420000000000002,3582.6000000000004,0.0009951666666666668
2024-05-01 02:39:00,4,310,163,2,39,4.385,4315.5,0.00119875
2024-05-01 02:40:00,9,372,88,2,40,2.572,3771.5999999999995,0.0010476666666666666
2024-05-01 02:41:00,2,259,126,2,41,3.4090000000000003,4022.7000000000003,0.0011174166666666667
2024-05-01 02:42:00,3,247,129,2,42,3.472,4041.6000000000004,0.0011226666666666668
2024-05-01 02:43:00,10,182,74,2,43,2.032,3609.6000000000004,0.0010026666666666667
2024-05-01 02:44:00,3,367,174,2,44,4.7170000000000005,4415.1,0.0012264166666666667
2024-05-01 02:45:00,3,369,186,2,45,5.019,4505.700000000001,0.0012515833333333335
2024-05-01 02:46:00,2,255,123,2,46,3.33,3999.0,0.0011108333333333332
2024-05-01 02:47:00,3,251,76,2,47,2.1510000000000002,3645.3,0.0010125833333333334
2024-05-01 02:48:00,4,370,169,2,48,4.595000000000001,4378.5,0.00121625
2024-05-01 02:49:00,3,346,199,2,49,5.321000000000001,4596.3,0.00127675
2024-05-01 02:50:00,8,208,68,2,50,1.9080000000000001,3572.4,0.0009923333333333333
2024-05-01 02:51:00,7,232,78,2,51,2.1820000000000004,3654.6000000000004,0.0010151666666666668
2024-05-01 02:52:00,10,378,199,2,52,5.353000000000001,4605.9,0.0012794166666666665
2024-05-01 02:53:00,10,348,161,2,53,4.373,4311.9,0.0011977499999999998
2024-05-01 02:54:00,3,311,166,2,54,4.461,4338.3,0.0012050833333333334
2024-05-01 02:55:00,8,342,113,2,55,3.1670000000000003,3950.1000000000004,0.0010972500000000001
2024-05-01 02:56:00,10,260,186,2,56,4.91,4473.0,0.0012425
2024-05-01 02:57:00,10,143,118,2,57,3.093,3927.8999999999996,0.0010910833333333332
2024-05-01 02:58:00,8,120,153,2,58,3.9450000000000003,4183.5,0.0011620833333333333
2024-05-01 02:59:00,5,250,173,2,59,4.575,4372.5,0.0012145833333333334
2024-05-01 03:00:00,5,164,79,3,0,2.1390000000000002,3641.7,0.0010115833333333333
2024-05-01 03:01:00,2,293,79,3,1,2.2680000000000002,3680.4,0.0010223333333333334
2024-05-01 03:02:00,8,374,126,3,2,3.5240000000000005,4057.2000000000003,0.0011270000000000002
2024-05-01 03:03:00,4,198,75,3,3,2.073,3621.8999999999996,0.0010060833333333332
2024-05-01 03:04:00,7,355,128,3,4,3.555,4066.5,0.0011295833333333334
2024-05-01 03:05:00,10,340,73,3,5,2.165,3649.5,0.00101375
2024-05-01 03:06:00,5,269,75,3,6,2.144,3643.2000000000003,0.001012
2024-05-01 03:07:00,4,171,102,3,7,2.721,3816.2999999999997,0.0010600833333333332
2024-05-01 03:08:00,6,292,105,3,8,2.917,3875.1,0.0010764166666666667
2024-05-01 03:09:00,4,162,114,3,9,3.012,3903.6000000000004,0.0010843333333333334
2024-05-01 03:10:00,3,369,144,3,10,3.9690000000000003,4190.7,0.0011640833333333334
2024-05-01 03:11:00,7,146,128,3,11,3.346,4003.8,0.0011121666666666667
2024-05-01 03:12:00,7,203,131,3,12,3.478,4043.4,0.0011231666666666666
2024-05-01 03:13:00,7,279,75,3,13,2.154,3646.2000000000003,0.0010128333333333335
2024-05-01 03:14:00,3,181,192,3,14,4.981000000000001,4494.3,0.0012484166666666668
2024-05-01 03:15:00,4,179,205,3,15,5.304,4591.2,0.0012753333333333332
2024-05-01 03:16:00,4,304,112,3,16,3.104,3931.2000000000003,0.001092
2024-05-01 03:17:00,10,162,129,3,17,3.387,4016.1000000000004,0.0011155833333333334
2024-05-01 03:18:00,7,325,143,3,18,3.9000000000000004,4170.0,0.0011583333333333333
2024-05-01 03:19:00,3,277,132,3,19,3.5770000000000004,4073.1000000000004,0.0011314166666666669
2024-05-01 03:20:00,4,151,182,3,20,4.701,4410.299999999999,0.0012250833333333332
2024-05-01 03:21:00,7,248,199,3,21,5.223000000000001,4566.9,0.0012685833333333332
2024-05-01 03:22:00,9,377,155,3,22,4.252,4275.6,0.0011876666666666667
2024-05-01 03:23:00,10,361,84,3,23,2.4610000000000003,3738.3,0.0010384166666666667
2024-05-01 03:24:00,4,160,126,3,24,3.3100000000000005,3993.0,0.0011091666666666667
2024-05-01 03:25:00,10,218,108,3,25,2.918,3875.4,0.0010765
2024-05-01 03:26:00,3,260,112,3,26,3.0600000000000005,3918.0,0.0010883333333333333
2024-05-01 03:27:00,2,282,171,3,27,4.557,4367.1,0.0012130833333333334
2024-05-01 03:28:00,5,323,172,3,28,4.623,4386.9,0.0012185833333333332
2024-05-01 03:29:00,9,206,150,3,29,3.956,4186.799999999999,0.0011629999999999998
2024-05-01 03:30:00,5,152,69,3,30,1.877,3563.1000000000004,0.0009897500000000002
2024-05-01 03:31:00,9,369,159,3,31,4.344,4303.2,0.0011953333333333332
2024-05-01 03:32:00,7,305,192,3,32,5.105,4531.5,0.00125875
2024-05-01 03:33:00,5,225,119,3,33,3.2,3960.0,0.0011
2024-05-01 03:34:00,6,319,64,3,34,1.919,3575.7000000000003,0.00099325
2024-05-01 03:35:00,6,239,74,3,35,2.089,3626.7000000000003,0.0010074166666666667
2024-05-01 03:36:00,3,194,96,3,36,2.5940000000000003,3778.2,0.0010494999999999999
2024-05-01 03:37:00,3,308,185,3,37,4.933,4479.9,0.0012444166666666665
2024-05-01 03:38:00,11,259,147,3,38,3.934,4180.200000000001,0.001161166666666667
2024-05-01 03:39:00,4,223,148,3,39,3.923,4176.9,0.0011602499999999998
2024-05-01 03:40:00,6,154,85,3,40,2.279,3683.7000000000003,0.00102325
2024-05-01 03:41:00,10,178,119,3,41,3.153,3945.8999999999996,0.0010960833333333332
2024-05-01 03:42:00,4,153,148,3,42,3.853,4155.9,0.0011544166666666667
2024-05-01 03:43:00,2,197,141,3,43,3.7220000000000004,4116.6,0.0011435000000000002
2024-05-01 03:44:00,6,256,189,3,44,4.981000000000001,4494.3,0.0012484166666666668
2024-05-01 03:45:00,9,341,201,3,45,5.3660000000000005,4609.8,0.0012805
2024-05-01 03:46:00,3,312,69,3,46,2.037,3611.1,0.0010030833333333333
2024-05-01 03:47:00,3,123,83,3,47,2.1980000000000004,3659.4,0.0010165
2024-05-01 03:48:00,3,316,131,3,48,3.591,4077.3,0.0011325833333333333
2024-05-01 03:49:00,6,177,150,3,49,3.927,4178.1,0.0011605833333333333
2024-05-01 03:50:00,4,221,154,3,50,4.071,4221.3,0.0011725833333333334
2024-05-01 03:51:00,10,353,199,3,51,5.328,4598.4,0.0012773333333333332
2024-05-01 03:52:00,6,380,74,3,52,2.23,3669.0,0.0010191666666666667
2024-05-01 03:53:00,8,343,194,3,53,5.1930000000000005,4557.9,0.0012660833333333333
2024-05-01 03:54:00,7,125,128,3,54,3.325,3997.5,0.0011104166666666667
2024-05-01 03:55:00,9,397,138,3,55,3.8470000000000004,4154.1,0.0011539166666666668
2024-05-01 03:56:00,2,368,147,3,56,4.043,4212.9,0.0011702499999999998
2024-05-01 03:57:00,8,301,106,3,57,2.9510000000000005,3885.3,0.0010792500000000001
2024-05-01 03:58:00,4,168,118,3,58,3.1180000000000003,3935.4,0.0010931666666666668
2024-05-01 03:59:00,4,376,168,3,59,4.5760000000000005,4372.8,0.0012146666666666666
2024-05-01 04:00:00,7,212,175,4,0,4.587,4376.099999999999,0.0012155833333333333
2024-05-01 04:01:00,2,156,159,4,1,4.131,4239.3,0.0011775833333333334
2024-05-01 04:02:00,5,135,101,4,2,2.66,3798.0,0.001055
2024-05-01 04:03:00,10,375,136,4,3,3.7750000000000004,4132.5,0.0011479166666666667
2024-05-01 04:04:00,3,262,91,4,4,2.537,3761.1,0.0010447499999999999
2024-05-01 04:05:00,4,253,159,4,5,4.228,4268.4,0.0011856666666666665
2024-05-01 04:06:00,9,146,117,4,6,3.071,3921.3,0.0010892500000000002
2024-05-01 04:07:00,6,179,120,4,7,3.179,3953.7,0.00109825
2024-05-01 04:08:00,5,401,82,4,8,2.4510000000000005,3735.3,0.0010375833333333333
2024-05-01 04:09:00,9,375,208,4,9,5.575,4672.5,0.0012979166666666666
2024-05-01 04:10:00,4,237,153,4,10,4.062,4218.6,0.0011718333333333335
2024-05-01 04:11:00,2,146,92,4,11,2.446,3733.8,0.0010371666666666667
2024-05-01 04:12:00,4,158,108,4,12,2.858,3857.4000000000005,0.0010715000000000002
2024-05-01 04:13:00,11,327,203,4,13,5.402,4620.6,0.0012835000000000001
2024-05-01 04:14:00,8,320,189,4,14,5.045000000000001,4513.5,0.00125375
2024-05-01 04:15:00,5,199,130,4,15,3.449,4034.7,0.00112075
2024-05-01 04:16:00,2,308,121,4,16,3.333,3999.8999999999996,0.0011110833333333333
2024-05-01 04:17:00,8,389,206,4,17,5.539000000000001,4661.7,0.0012949166666666667
2024-05-01 04:18:00,3,338,133,4,18,3.6630000000000003,4098.900000000001,0.0011385833333333335
2024-05-01 04:19:00,11,160,87,4,19,2.3350000000000004,3700.5,0.0010279166666666666
2024-05-01 04:20:00,4,304,147,4,20,3.979,4193.700000000001,0.001164916666666667
2024-05-01 04:21:00,3,214,164,4,21,4.314000000000001,4294.200000000001,0.0011928333333333335
2024-05-01 04:22:00,3,308,105,4,22,2.933,3879.8999999999996,0.00107775
2024-05-01 04:23:00,9,385,161,4,23,4.41,4323.0,0.0012008333333333333
2024-05-01 04:24:00,3,399,104,4,24,2.999,3899.7,0.00108325
2024-05-01 04:25:00,8,215,145,4,25,3.84,4152.0,0.0011533333333333333
2024-05-01 04:26:00,4,269,82,4,26,2.3190000000000004,3695.7,0.0010265833333333333
2024-05-01 04:27:00,3,364,104,4,27,2.964,3889.2000000000003,0.0010803333333333333
2024-05-01 04:28:00,2,280,92,4,28,2.58,3774.0,0.0010483333333333334
2024-05-01 04:29:00,7,229,206,4,29,5.3790000000000004,4613.700000000001,0.0012815833333333336
2024-05-01 04:30:00,7,341,189,4,30,5.066000000000001,4519.8,0.0012555
2024-05-01 04:31:00,8,232,148,4,31,3.9320000000000004,4179.6,0.0011610000000000001
2024-05-01 04:32:00,5,363,219,4,32,5.838000000000001,4751.400000000001,0.0013198333333333334
2024-05-01 04:33:00,10,296,220,4,33,5.796,4738.8,0.0013163333333333334
2024-05-01 04:34:00,9,134,85,4,34,2.259,3677.7000000000003,0.0010215833333333333
2024-05-01 04:35:00,7,177,70,4,35,1.927,3578.1000000000004,0.0009939166666666668
2024-05-01 04:36:00,11,254,195,4,36,5.129,4538.7,0.00126075
2024-05-01 04:37:00,10,225,101,4,37,2.7500000000000004,3825.0,0.0010625
2024-05-01 04:38:00,2,131,146,4,38,3.7810000000000006,4134.3,0.0011484166666666667
2024-05-01 04:39:00,10,177,76,4,39,2.077,3623.1,0.0010064166666666667
2024-05-01 04:40:00,5,308,104,4,40,2.908,3872.3999999999996,0.0010756666666666666
2024-05-01 04:41:00,10,191,67,4,41,1.866,3559.7999999999997,0.0009888333333333333
2024-05-01 04:42:00,7,328,114,4,42,3.178,3953.4000000000005,0.0010981666666666668
2024-05-01 04:43:00,2,347,171,4,43,4.622000000000001,4386.6,0.0012185000000000002
2024-05-01 04:44:00,4,230,84,4,44,2.33,3699.0,0.0010275
2024-05-01 04:45:00,4,361,131,4,45,3.636,4090.8,0.0011363333333333334
2024-05-01 04:46:00,6,314,199,4,46,5.289000000000001,4586.7,0.0012740833333333332
2024-05-01 04:47:00,4,278,103,4,47,2.853,3855.9,0.0010710833333333334
2024-05-01 04:48:00,8,252,114,4,48,3.1020000000000003,3930.5999999999995,0.0010918333333333331
2024-05-01 04:49:00,5,408,205,4,49,5.533,4659.9,0.0012944166666666666
2024-05-01 04:50:00,8,375,75,4,50,2.25,3675.0,0.0010208333333333332
2024-05-01 04:51:00,6,130,224,4,51,5.73,4719.0,0.0013108333333333333
2024-05-01 04:52:00,11,404,156,4,52,4.304,4291.2,0.001192
2024-05-01 04:53:00,11,416,136,4,53,3.8160000000000003,4144.8,0.0011513333333333334
2024-05-01 04:54:00,3,163,144,4,54,3.763,4128.9,0.0011469166666666665
2024-05-01 04:55:00,9,237,166,4,55,4.3870000000000005,4316.1,0.0011989166666666667
2024-05-01 04:56:00,10,376,198,4,56,5.3260000000000005,4597.8,0.0012771666666666667
2024-05-01 04:57:00,11,247,189,4,57,4.972,4491.6,0.0012476666666666667
2024-05-01 04:58:00,7,149,129,4,58,3.374,4012.2,0.0011145
2024-05-01 04:59:00,5,375,147,4,59,4.050000000000001,4215.0,0.0011708333333333334
2024-05-01 05:00:00,7,192,211,5,0,5.4670000000000005,4640.1,0.0012889166666666667
2024-05-01 05:01:00,10,243,214,5,1,5.593000000000001,4677.900000000001,0.0012994166666666668
2024-05-01 05:02:00,10,197,214,5,2,5.547000000000001,4664.1,0.0012955833333333335
2024-05-01 05:03:00,7,169,64,5,3,1.7690000000000001,3530.7000000000003,0.00098075
2024-05-01 05:04:00,10,269,196,5,4,5.1690000000000005,4550.700000000001,0.0012640833333333336
2024-05-01 05:05:00,10,391,178,5,5,4.841,4452.3,0.00123675
2024-05-01 05:06:00,6,292,143,5,6,3.867,4160.1,0.0011555833333333333
2024-05-01 05:07:00,4,361,174,5,7,4.711,4413.3,0.0012259166666666668
2024-05-01 05:08:00,7,396,226,5,8,6.046,4813.799999999999,0.0013371666666666664
2024-05-01 05:09:00,12,172,228,5,9,5.872,4761.6,0.0013226666666666669
2024-05-01 05:10:00,2,187,122,5,10,3.237,3971.1000000000004,0.0011030833333333335
2024-05-01 05:11:00,10,359,119,5,11,3.334,4000.2,0.0011111666666666666
2024-05-01 05:12:00,5,347,83,5,12,2.422,3726.6000000000004,0.0010351666666666669
2024-05-01 05:13:00,12,409,85,5,13,2.534,3760.2000000000003,0.0010445
2024-05-01 05:14:00,11,431,157,5,14,4.356,4306.799999999999,0.001196333333333333
2024-05-01 05:15:00,2,157,127,5,15,3.3320000000000003,3999.6000000000004,0.001111
2024-05-01 05:16:00,6,131,163,5,16,4.206,4261.8,0.0011838333333333334
2024-05-01 05:17:00,5,262,214,5,17,5.612,4683.6,0.001301
2024-05-01 05:18:00,12,263,202,5,18,5.313000000000001,4593.9,0.0012760833333333333
2024-05-01 05:19:00,12,291,190,5,19,5.041,4512.3,0.0012534166666666668
2024-05-01 05:20:00,8,277,124,5,20,3.3770000000000002,4013.1000000000004,0.00111475
2024-05-01 05:21:00,2,332,92,5,21,2.632,3789.6000000000004,0.0010526666666666668
2024-05-01 05:22:00,2,358,66,5,22,2.008,3602.3999999999996,0.0010006666666666666
2024-05-01 05:23:00,8,164,139,5,23,3.6390000000000002,4091.7,0.0011365833333333332
2024-05-01 05:24:00,2,245,129,5,24,3.47,4041.0,0.0011225
2024-05-01 05:25:00,9,316,137,5,25,3.741,4122.3,0.0011450833333333335
2024-05-01 05:26:00,4,399,114,5,26,3.249,3974.7,0.0011040833333333332
2024-05-01 05:27:00,6,187,175,5,27,4.562,4368.6,0.0012135000000000002
2024-05-01 05:28:00,12,417,164,5,28,4.517,4355.099999999999,0.0012097499999999999
2024-05-01 05:29:00,6,384,115,5,29,3.259,3977.7,0.0011049166666666666
2024-05-01 05:30:00,5,311,83,5,30,2.386,3715.7999999999997,0.0010321666666666667
2024-05-01 05:31:00,4,258,180,5,31,4.758,4427.4,0.0012298333333333332
2024-05-01 05:32:00,9,351,196,5,32,5.251,4575.3,0.0012709166666666667
2024-05-01 05:33:00,13,227,68,5,33,1.9270000000000003,3578.1000000000004,0.0009939166666666668
2024-05-01 05:34:00,8,255,103,5,34,2.83,3849.0,0.0010691666666666666
2024-05-01 05:35:00,11,329,191,5,35,5.104,4531.200000000001,0.0012586666666666668
2024-05-01 05:36:00,7,348,113,5,36,3.173,3951.8999999999996,0.00109775
2024-05-01 05:37:00,11,137,148,5,37,3.837,4151.099999999999,0.0011530833333333332
2024-05-01 05:38:00,12,295,153,5,38,4.12,4236.0,0.0011766666666666666
2024-05-01 05:39:00,9,133,173,5,39,4.458,4337.4,0.0012048333333333331
2024-05-01 05:40:00,3,206,189,5,40,4.931000000000001,4479.300000000001,0.0012442500000000003
2024-05-01 05:41:00,6,253,142,5,41,3.8030000000000004,4140.900000000001,0.0011502500000000002
2024-05-01 05:42:00,13,226,117,5,42,3.1510000000000002,3945.3,0.0010959166666666667
2024-05-01 05:43:00,10,288,72,5,43,2.088,3626.4,0.0010073333333333334
2024-05-01 05:44:00,8,367,129,5,44,3.592,4077.6000000000004,0.0011326666666666668
2024-05-01 05:45:00,3,244,221,5,45,5.769,4730.700000000001,0.0013140833333333336
2024-05-01 05:46:00,4,415,83,5,46,2.49,3747.0,0.0010408333333333333
2024-05-01 05:47:00,4,403,230,5,47,6.1530000000000005,4845.9,0.0013460833333333332
2024-05-01 05:48:00,4,334,166,5,48,4.484,4345.2,0.001207
2024-05-01 05:49:00,9,308,126,5,49,3.458,4037.3999999999996,0.0011214999999999999
2024-05-01 05:50:00,10,339,67,5,50,2.0140000000000002,3604.2,0.0010011666666666667
2024-05-01 05:51:00,4,141,163,5,51,4.216,4264.8,0.0011846666666666668
2024-05-01 05:52:00,10,271,133,5,52,3.596,4078.8,0.0011330000000000001
2024-05-01 05:53:00,10,429,91,5,53,2.7039999999999997,3811.2,0.0010586666666666665
2024-05-01 05:54:00,11,413,157,5,54,4.338,4301.4,0.0011948333333333333
2024-05-01 05:55:00,7,166,130,5,55,3.416,4024.8,0.001118
2024-05-01 05:56:00,5,207,138,5,56,3.657,4097.1,0.0011380833333333334
2024-05-01 05:57:00,4,270,143,5,57,3.845,4153.5,0.00115375
2024-05-01 05:58:00,13,205,206,5,58,5.355,4606.5,0.0012795833333333333
2024-05-01 05:59:00,7,299,190,5,59,5.049,4514.700000000001,0.0012540833333333336
2024-05-01 06:00:00,41,1490,902,6,0,24.04,10212.0,0.0028366666666666666
2024-05-01 06:01:00,53,1790,677,6,1,18.715,8614.5,0.0023929166666666665
2024-05-01 06:02:00,62,1698,904,6,2,24.298000000000002,10289.400000000001,0.0028581666666666673
2024-05-01 06:03:00,11,1001,560,6,3,15.001,7500.299999999999,0.0020834166666666666
2024-05-01 06:04:00,53,1214,815,6,4,21.589,9476.7,0.002632416666666667
2024-05-01 06:05:00,31,1689,895,6,5,24.064,10219.199999999999,0.0028386666666666664
2024-05-01 06:06:00,53,779,515,6,6,13.654,7096.2,0.0019711666666666666
2024-05-01 06:07:00,25,1797,296,6,7,9.197000000000001,5759.1,0.00159975
2024-05-01 06:08:00,46,1707,538,6,8,15.157000000000002,7547.1,0.0020964166666666666
2024-05-01 06:09:00,41,455,331,6,9,8.73,5619.0,0.0015608333333333333
2024-05-01 06:10:00,52,1865,713,6,10,19.689999999999998,8907.0,0.0024741666666666666
2024-05-01 06:11:00,62,1982,449,6,11,13.207,6962.1,0.0019339166666666667
2024-05-01 06:12:00,55,1422,410,6,12,11.672,6501.6,0.001806
2024-05-01 06:13:00,31,1554,958,6,13,25.504,10651.199999999999,0.0029586666666666663
2024-05-01 06:14:00,59,1700,376,6,14,11.1,6330.0,0.0017583333333333333
2024-05-01 06:15:00,8,1565,986,6,15,26.215000000000003,10864.500000000002,0.003017916666666667
2024-05-01 06:16:00,35,510,547,6,16,14.185,7255.5,0.0020154166666666667
2024-05-01 06:17:00,41,1545,614,6,17,16.895000000000003,8068.500000000001,0.00224125
2024-05-01 06:18:00,11,1491,299,6,18,8.966000000000001,5689.8,0.0015805
2024-05-01 06:19:00,58,1635,311,6,19,9.41,5823.0,0.0016175
2024-05-01 06:20:00,29,1283,790,6,20,21.033,9309.9,0.002586083333333333
2024-05-01 06:21:00,56,792,716,6,21,18.692000000000004,8607.600000000002,0.0023910000000000008
2024-05-01 06:22:00,38,921,334,6,22,9.270999999999999,5781.299999999999,0.0016059166666666665
2024-05-01 06:23:00,29,1259,514,6,23,14.109000000000002,7232.700000000001,0.0020090833333333336
2024-05-01 06:24:00,14,1889,979,6,24,26.364,10909.199999999999,0.0030303333333333332
2024-05-01 06:25:00,31,1287,1021,6,25,26.812,11043.6,0.003067666666666667
2024-05-01 06:26:00,22,605,460,6,26,12.105,6631.5,0.0018420833333333334
2024-05-01 06:27:00,38,1511,635,6,27,17.386,8215.8,0.0022821666666666663
2024-05-01 06:28:00,52,1833,631,6,28,17.608,8282.4,0.0023006666666666666
2024-05-01 06:29:00,8,1398,947,6,29,25.073,10521.9,0.00292275
2024-05-01 06:30:00,13,603,736,6,30,19.003000000000004,8700.900000000001,0.002416916666666667
2024-05-01 06:31:00,8,1464,601,6,31,16.489,7946.700000000001,0.002207416666666667
2024-05-01 06:32:00,17,1926,601,6,32,16.951,8085.3,0.002245916666666667
2024-05-01 06:33:00,56,1751,847,6,33,22.926000000000002,9877.8,0.002743833333333333
2024-05-01 06:34:00,62,1841,799,6,34,21.816000000000003,9544.800000000001,0.0026513333333333337
2024-05-01 06:35:00,29,1268,1114,6,35,29.118000000000002,11735.400000000001,0.0032598333333333338
2024-05-01 06:36:00,19,1113,755,6,36,19.988,8996.4,0.002499
2024-05-01 06:37:00,13,1485,878,6,37,23.435000000000002,10030.5,0.00278625
2024-05-01 06:38:00,11,1895,541,6,38,15.42,7626.0,0.002118333333333333
2024-05-01 06:39:00,64,1925,767,6,39,21.1,9330.0,0.0025916666666666666
2024-05-01 06:40:00,44,1176,425,6,40,11.801,6540.3,0.00181675
2024-05-01 06:41:00,8,1085,773,6,41,20.410000000000004,9123.0,0.0025341666666666668
2024-05-01 06:42:00,46,2082,578,6,42,16.532,7959.6,0.0022110000000000003
2024-05-01 06:43:00,65,1614,1063,6,43,28.189000000000004,11456.7,0.0031824166666666667
2024-05-01 06:44:00,8,2130,899,6,44,24.605,10381.5,0.00288375
2024-05-01 06:45:00,11,2025,392,6,45,11.825000000000001,6547.5,0.00181875
2024-05-01 06:46:00,35,1368,710,6,46,19.118,8735.4,0.0024265
2024-05-01 06:47:00,17,1209,962,6,47,25.259,10577.699999999999,0.00293825
2024-05-01 06:48:00,31,1481,1054,6,48,27.831000000000003,11349.3,0.003152583333333333
2024-05-01 06:49:00,40,1574,434,6,49,12.424000000000001,6727.200000000001,0.001868666666666667
2024-05-01 06:50:00,32,779,968,6,50,24.979000000000003,10493.7,0.002914916666666667
2024-05-01 06:51:00,47,1887,968,6,51,26.087000000000003,10826.1,0.00300725
2024-05-01 06:52:00,46,659,1076,6,52,27.559,11267.7,0.0031299166666666667
2024-05-01 06:53:00,28,1755,457,6,53,13.180000000000001,6954.000000000001,0.0019316666666666668
2024-05-01 06:54:00,10,1904,1036,6,54,27.804000000000002,11341.2,0.0031503333333333335
2024-05-01 06:55:00,29,1367,503,6,55,13.942,7182.6,0.001995166666666667
2024-05-01 06:56:00,20,2081,811,6,56,22.356,9706.8,0.002696333333333333
2024-05-01 06:57:00,16,1886,994,6,57,26.736,11020.8,0.003061333333333333
2024-05-01 06:58:00,62,1859,446,6,58,13.009,6902.700000000001,0.0019174166666666669
2024-05-01 06:59:00,19,1778,830,6,59,22.528,9758.4,0.0027106666666666668
2024-05-01 07:00:00,29,582,695,7,0,17.957,8387.1,0.0023297500000000002
2024-05-01 07:01:00,19,1715,626,7,1,17.365000000000002,8209.5,0.0022804166666666667
2024-05-01 07:02:00,19,1785,535,7,2,15.16,7548.0,0.002096666666666667
2024-05-01 07:03:00,55,1055,658,7,3,17.505,8251.5,0.0022920833333333335
2024-05-01 07:04:00,38,2072,467,7,4,13.747,7124.1,0.0019789166666666666
2024-05-01 07:05:00,58,1658,1061,7,5,28.183000000000003,11454.900000000001,0.003181916666666667
2024-05-01 07:06:00,22,747,668,7,6,17.447,8234.099999999999,0.00228725
2024-05-01 07:07:00,17,1085,268,7,7,7.785,5335.5,0.0014820833333333333
2024-05-01 07:08:00,40,1029,352,7,8,9.829,5948.700000000001,0.0016524166666666668
2024-05-01 07:09:00,10,911,1136,7,9,29.311000000000003,11793.3,0.0032759166666666666
2024-05-01 07:10:00,20,1188,665,7,10,17.813,8343.9,0.00231775
2024-05-01 07:11:00,38,2148,472,7,11,13.948,7184.4,0.0019956666666666664
2024-05-01 07:12:00,28,933,355,7,12,9.808,5942.4,0.0016506666666666666
2024-05-01 07:13:00,32,492,1087,7,13,27.667,11300.1,0.0031389166666666666
2024-05-01 07:14:00,47,1152,697,7,14,18.577,8573.1,0.0023814166666666667
2024-05-01 07:15:00,22,1950,581,7,15,16.475,7942.500000000001,0.0022062500000000003
2024-05-01 07:16:00,14,1524,1087,7,16,28.699,11609.7,0.0032249166666666667
2024-05-01 07:17:00,14,2058,1100,7,17,29.558,11867.4,0.0032965
2024-05-01 07:18:00,49,2117,256,7,18,8.517,5555.1,0.0015430833333333334
2024-05-01 07:19:00,59,1475,1088,7,19,28.675000000000004,11602.500000000002,0.0032229166666666673
2024-05-01 07:20:00,25,1050,1061,7,20,27.575000000000003,11272.500000000002,0.0031312500000000004
2024-05-01 07:21:00,11,1485,893,7,21,23.810000000000002,10143.0,0.0028175
2024-05-01 07:22:00,61,1815,416,7,22,12.215,6664.5,0.00185125
2024-05-01 07:23:00,53,1151,1079,7,23,28.126,11437.800000000001,0.003177166666666667
2024-05-01 07:24:00,58,1850,994,7,24,26.700000000000003,11010.000000000002,0.003058333333333334
2024-05-01 07:25:00,29,1520,931,7,25,24.795,10438.5,0.0028995833333333334
2024-05-01 07:26:00,11,912,571,7,26,15.187000000000001,7556.1,0.002098916666666667
2024-05-01 07:27:00,52,809,344,7,27,9.408999999999999,5822.7,0.0016174166666666665
2024-05-01 07:28:00,23,1128,842,7,28,22.178,9653.4,0.0026815
2024-05-01 07:29:00,38,1662,943,7,29,25.237000000000002,10571.1,0.0029364166666666666
2024-05-01 07:30:00,14,680,983,7,30,25.255000000000003,10576.5,0.002937916666666667
2024-05-01 07:31:00,64,1605,1136,7,31,30.005000000000003,12001.5,0.00333375
2024-05-01 07:32:00,22,1389,355,7,32,10.264,6079.2,0.0016886666666666667
2024-05-01 07:33:00,43,975,1036,7,33,26.875000000000004,11062.500000000002,0.0030729166666666674
2024-05-01 07:34:00,40,1749,325,7,34,9.874,5962.2,0.0016561666666666667
2024-05-01 07:35:00,31,1394,281,7,35,8.419,5525.700000000001,0.0015349166666666669
2024-05-01 07:36:00,43,2201,419,7,36,12.676000000000002,6802.8,0.0018896666666666667
2024-05-01 07:37:00,62,2069,1145,7,37,30.694,12208.199999999999,0.0033911666666666665
2024-05-01 07:38:00,35,1902,994,7,38,26.752000000000002,11025.6,0.0030626666666666667
2024-05-01 07:39:00,53,851,472,7,39,12.651,6795.300000000001,0.0018875833333333336
2024-05-01 07:40:00,52,1002,1064,7,40,27.602,11280.6,0.0031335
2024-05-01 07:41:00,31,483,418,7,41,10.933000000000002,6279.900000000001,0.001744416666666667
2024-05-01 07:42:00,11,2189,488,7,42,14.389000000000001,7316.700000000001,0.0020324166666666667
2024-05-01 07:43:00,40,1140,1096,7,43,28.540000000000003,11562.000000000002,0.0032116666666666674
2024-05-01 07:44:00,8,1485,694,7,44,18.835,8650.5,0.0024029166666666665
2024-05-01 07:45:00,16,515,988,7,45,25.215000000000003,10564.500000000002,0.0029345833333333337
2024-05-01 07:46:00,32,1451,239,7,46,7.426,5227.799999999999,0.0014521666666666665
2024-05-01 07:47:00,37,1617,581,7,47,16.142,7842.6,0.0021785000000000003
2024-05-01 07:48:00,65,590,1129,7,48,28.815,11644.5,0.0032345833333333332
2024-05-01 07:49:00,17,1520,562,7,49,15.57,7671.0,0.0021308333333333335
2024-05-01 07:50:00,14,1289,796,7,50,21.189000000000004,9356.7,0.0025990833333333335
2024-05-01 07:51:00,19,1785,1084,7,51,28.885,11665.5,0.0032404166666666666
2024-05-01 07:52:00,35,1856,698,7,52,19.306,8791.800000000001,0.002442166666666667
2024-05-01 07:53:00,44,1037,1160,7,53,30.037,12011.099999999999,0.0033364166666666664
2024-05-01 07:54:00,13,626,749,7,54,19.351000000000003,8805.300000000001,0.002445916666666667
2024-05-01 07:55:00,40,1308,1042,7,55,27.358,11207.400000000001,0.003113166666666667
2024-05-01 07:56:00,17,2130,1141,7,56,30.655,12196.5,0.0033879166666666667
2024-05-01 07:57:00,31,1595,1123,7,57,29.67,11901.0,0.0033058333333333334
2024-05-01 07:58:00,53,1968,433,7,58,12.793000000000001,6837.9,0.0018994166666666667
2024-05-01 07:59:00,34,1034,674,7,59,17.884,8365.2,0.002323666666666667
2024-05-01 08:00:00,29,1466,401,8,0,11.491,6447.299999999999,0.0017909166666666666
2024-05-01 08:01:00,20,1865,578,8,1,16.315,7894.5,0.002192916666666667
2024-05-01 08:02:00,53,1511,659,8,2,17.986,8395.8,0.0023321666666666664
2024-05-01 08:03:00,65,1395,1055,8,3,27.77,11331.0,0.0031475
2024-05-01 08:04:00,20,1097,884,8,4,23.197000000000003,9959.1,0.0027664166666666666
2024-05-01 08:05:00,49,1731,1015,8,5,27.106,11131.8,0.0030921666666666667
2024-05-01 08:06:00,49,734,908,8,6,23.434000000000005,10030.2,0.002786166666666667
2024-05-01 08:07:00,41,1484,1022,8,7,27.034,11110.199999999999,0.0030861666666666663
2024-05-01 08:08:00,65,2012,710,8,8,19.762,8928.6,0.002480166666666667
2024-05-01 08:09:00,64,1814,904,8,9,24.414,10324.199999999999,0.002867833333333333
2024-05-01 08:10:00,17,1857,884,8,10,23.957,10187.1,0.0028297500000000002
2024-05-01 08:11:00,34,605,760,8,11,19.605,8881.5,0.0024670833333333333
2024-05-01 08:12:00,31,1383,620,8,12,16.883,8064.9,0.00224025
2024-05-01 08:13:00,11,2142,334,8,13,10.491999999999999,6147.6,0.0017076666666666668
2024-05-01 08:14:00,62,524,952,8,14,24.324,10297.2,0.0028603333333333337
2024-05-01 08:15:00,56,857,739,8,15,19.332,8799.6,0.0024443333333333335
2024-05-01 08:16:00,43,773,365,8,16,9.898,5969.4,0.0016581666666666665
2024-05-01 08:17:00,20,1668,749,8,17,20.393,9117.9,0.00253275
2024-05-01 08:18:00,53,1677,703,8,18,19.252,8775.6,0.002437666666666667
2024-05-01 08:19:00,26,2264,839,8,19,23.239,9971.7,0.002769916666666667
2024-05-01 08:20:00,19,560,700,8,20,18.06,8418.0,0.0023383333333333333
2024-05-01 08:21:00,44,1298,1153,8,21,30.123000000000005,12036.900000000001,0.003343583333333334
2024-05-01 08:22:00,20,1482,916,8,22,24.382,10314.6,0.002865166666666667
2024-05-01 08:23:00,28,1023,292,8,23,8.323,5496.9,0.0015269166666666667
2024-05-01 08:24:00,58,1442,733,8,24,19.767,8930.1,0.0024805833333333333
2024-05-01 08:25:00,38,1919,1031,8,25,27.694000000000003,11308.2,0.0031411666666666667
2024-05-01 08:26:00,70,720,589,8,26,15.445000000000002,7633.500000000001,0.0021204166666666667
2024-05-01 08:27:00,50,1025,1042,8,27,27.075,11122.5,0.0030895833333333335
2024-05-01 08:28:00,10,1092,788,8,28,20.792,9237.6,0.002566
2024-05-01 08:29:00,70,2220,472,8,29,14.020000000000001,7206.000000000001,0.002001666666666667
2024-05-01 08:30:00,50,581,1195,8,30,30.456,12136.800000000001,0.003371333333333334
2024-05-01 08:31:00,26,843,947,8,31,24.518,10355.400000000001,0.0028765000000000006
2024-05-01 08:32:00,20,1109,598,8,32,16.059,7817.700000000001,0.0021715833333333335
2024-05-01 08:33:00,49,1475,1049,8,33,27.700000000000003,11310.000000000002,0.003141666666666667
2024-05-01 08:34:00,58,1499,875,8,34,23.374,10012.2,0.002781166666666667
2024-05-01 08:35:00,62,1662,974,8,35,26.012,10803.6,0.003001
2024-05-01 08:36:00,28,677,712,8,36,18.477,8543.099999999999,0.002373083333333333
2024-05-01 08:37:00,26,1710,317,8,37,9.635000000000002,5890.5,0.00163625
2024-05-01 08:38:00,50,2001,541,8,38,15.526,7657.800000000001,0.002127166666666667
2024-05-01 08:39:00,47,2045,1102,8,39,29.595,11878.5,0.003299583333333333
2024-05-01 08:40:00,44,1031,1195,8,40,30.906,12271.800000000001,0.0034088333333333336
2024-05-01 08:41:00,37,1943,886,8,41,24.093000000000004,10227.900000000001,0.002841083333333334
2024-05-01 08:42:00,20,1803,583,8,42,16.378,7913.4,0.0021981666666666664
2024-05-01 08:43:00,35,1724,760,8,43,20.724,9217.199999999999,0.002560333333333333
2024-05-01 08:44:00,56,2123,821,8,44,22.648000000000003,9794.400000000001,0.0027206666666666672
2024-05-01 08:45:00,28,2114,281,8,45,9.139,5741.7,0.0015949166666666666
2024-05-01 08:46:00,41,1275,754,8,46,20.125,9037.5,0.002510416666666667
2024-05-01 08:47:00,29,1968,1022,8,47,27.518,11255.400000000001,0.0031265000000000004
2024-05-01 08:48:00,58,632,1144,8,48,29.232000000000003,11769.6,0.0032693333333333333
2024-05-01 08:49:00,23,1974,389,8,49,11.699000000000002,6509.700000000001,0.0018082500000000002
2024-05-01 08:50:00,19,2178,1058,8,50,28.628000000000004,11588.400000000001,0.0032190000000000005
2024-05-01 08:51:00,11,1793,826,8,51,22.443,9732.9,0.0027035833333333334
2024-05-01 08:52:00,34,1038,1109,8,52,28.763,11628.900000000001,0.0032302500000000005
2024-05-01 08:53:00,65,2232,799,8,53,22.207,9662.1,0.002683916666666667
2024-05-01 08:54:00,11,1371,622,8,54,16.921,8076.299999999999,0.0022434166666666666
2024-05-01 08:55:00,58,2108,1199,8,55,32.083,12624.9,0.0035069166666666664
2024-05-01 08:56:00,43,2151,401,8,56,12.176,6652.8,0.001848
2024-05-01 08:57:00,58,2226,1064,8,57,28.826,11647.800000000001,0.0032355
2024-05-01 08:58:00,23,1514,599,8,58,16.489,7946.700000000001,0.002207416666666667
2024-05-01 08:59:00,29,812,353,8,59,9.637,5891.1,0.0016364166666666667
2024-05-01 09:00:00,61,2768,814,9,0,23.118000000000002,9935.400000000001,0.0027598333333333338
2024-05-01 09:01:00,133,3032,1117,9,1,30.957,12287.1,0.0034130833333333335
2024-05-01 09:02:00,82,2573,2017,9,2,52.998000000000005,18899.4,0.005249833333333334
2024-05-01 09:03:00,61,3833,964,9,3,27.933,11379.9,0.003161083333333333
2024-05-01 09:04:00,70,4016,898,9,4,26.466,10939.800000000001,0.0030388333333333335
2024-05-01 09:05:00,76,3611,1738,9,5,47.061,17118.3,0.004755083333333333
2024-05-01 09:06:00,31,2306,2071,9,6,54.081,19224.300000000003,0.005340083333333334
2024-05-01 09:07:00,34,3497,523,9,7,16.572000000000003,7971.6,0.0022143333333333333
2024-05-01 09:08:00,55,4532,1795,9,8,49.407,17822.1,0.004950583333333333
2024-05-01 09:09:00,46,4469,1588,9,9,44.169000000000004,16250.7,0.0045140833333333335
2024-05-01 09:10:00,49,4313,2134,9,10,57.663000000000004,20298.9,0.005638583333333334
2024-05-01 09:11:00,28,4295,835,9,11,25.17,10551.0,0.0029308333333333335
2024-05-01 09:12:00,28,1397,1651,9,12,42.672000000000004,15801.6,0.004389333333333334
2024-05-01 09:13:00,70,3602,1060,9,13,30.102,12030.6,0.0033418333333333334
2024-05-01 09:14:00,58,3173,1825,9,14,48.798,17639.399999999998,0.004899833333333332
2024-05-01 09:15:00,88,2717,1444,9,15,38.817,14645.1,0.004068083333333333
2024-05-01 09:16:00,109,4379,928,9,16,27.579000000000004,11273.7,0.0031315833333333334
2024-05-01 09:17:00,100,998,1447,9,17,37.173,14151.900000000001,0.003931083333333333
2024-05-01 09:18:00,82,4301,1588,9,18,44.001000000000005,16200.300000000003,0.004500083333333334
2024-05-01 09:19:00,79,1880,2116,9,19,54.78000000000001,19434.000000000004,0.005398333333333334
2024-05-01 09:20:00,40,2342,1696,9,20,44.742000000000004,16422.600000000002,0.0045618333333333335
2024-05-01 09:21:00,22,2372,2101,9,21,54.897000000000006,19469.100000000002,0.005408083333333334
2024-05-01 09:22:00,118,1535,1087,9,22,28.71,11613.0,0.003225833333333333
2024-05-01 09:23:00,34,4217,1336,9,23,37.617,14285.099999999999,0.003968083333333333
2024-05-01 09:24:00,76,4040,2446,9,24,60.0,21000.0,0.005833333333333334
2024-05-01 09:25:00,55,4562,1786,9,25,49.212,17763.600000000002,0.004934333333333334
2024-05-01 09:26:00,97,2189,739,9,26,20.664,9199.2,0.0025553333333333335
2024-05-01 09:27:00,61,3422,1147,9,27,32.097,12629.1,0.0035080833333333335
2024-05-01 09:28:00,112,4367,910,9,28,27.117,11135.1,0.0030930833333333335
2024-05-01 09:29:00,43,1397,2203,9,29,56.472,19941.600000000002,0.005539333333333334
2024-05-01 09:30:00,34,1178,2044,9,30,52.278,18683.399999999998,0.005189833333333333
2024-05-01 09:31:00,85,2963,2323,9,31,60.0,21000.0,0.005833333333333334
2024-05-01 09:32:00,91,1031,1108,9,32,28.731,11619.3,0.003227583333333333
2024-05-01 09:33:00,58,4217,1669,9,33,45.942,16782.600000000002,0.004661833333333334
2024-05-01 09:34:00,106,1415,664,9,34,18.015,8404.5,0.0023345833333333335
2024-05-01 09:35:00,94,2792,1156,9,35,31.692000000000004,12507.6,0.0034743333333333336
2024-05-01 09:36:00,40,3083,1978,9,36,52.533,18759.899999999998,0.005211083333333332
2024-05-01 09:37:00,34,4493,2149,9,37,58.218,20465.4,0.005684833333333333
2024-05-01 09:38:00,61,4028,586,9,38,18.678,8603.400000000001,0.0023898333333333337
2024-05-01 09:39:00,88,2288,1816,9,39,47.688,17306.399999999998,0.004807333333333333
2024-05-01 09:40:00,115,2231,1525,9,40,40.356,15106.800000000001,0.004196333333333334
2024-05-01 09:41:00,64,3305,2335,9,41,60.0,21000.0,0.005833333333333334
2024-05-01 09:42:00,79,3497,2440,9,42,60.0,21000.0,0.005833333333333334
2024-05-01 09:43:00,37,3872,724,9,43,21.972,9591.6,0.0026643333333333332
2024-05-01 09:44:00,19,2036,523,9,44,15.111,7533.3,0.0020925833333333334
2024-05-01 09:45:00,103,1925,955,9,45,25.8,10740.0,0.0029833333333333335
2024-05-01 09:46:00,106,1469,2200,9,46,56.469,19940.7,0.005539083333333333
2024-05-01 09:47:00,97,2378,1012,9,47,27.678,11303.400000000001,0.003139833333333334
2024-05-01 09:48:00,22,4427,682,9,48,21.477,9443.1,0.0026230833333333336
2024-05-01 09:49:00,37,3302,1270,9,49,35.052,13515.6,0.0037543333333333335
2024-05-01 09:50:00,19,3605,1510,9,50,41.355,15406.499999999998,0.004279583333333333
2024-05-01 09:51:00,103,3620,976,9,51,28.020000000000003,11406.000000000002,0.0031683333333333338
2024-05-01 09:52:00,121,4220,1147,9,52,32.895,12868.500000000002,0.0035745833333333337
2024-05-01 09:53:00,73,1310,850,9,53,22.56,9768.0,0.0027133333333333332
2024-05-01 09:54:00,97,1091,1270,9,54,32.841,12852.300000000001,0.0035700833333333335
2024-05-01 09:55:00,64,2906,514,9,55,15.756000000000002,7726.8,0.0021463333333333334
2024-05-01 09:56:00,43,2870,2182,9,56,57.42,20226.0,0.005618333333333334
2024-05-01 09:57:00,133,1424,1534,9,57,39.774,14932.199999999999,0.004147833333333333
2024-05-01 09:58:00,79,3284,784,9,58,22.884,9865.2,0.0027403333333333333
2024-05-01 09:59:00,31,4322,2419,9,59,60.0,21000.0,0.005833333333333334
2024-05-01 10:00:00,139,1157,2431,10,0,60.0,21000.0,0.005833333333333334
2024-05-01 10:01:00,112,3494,1102,10,1,31.044,12313.199999999999,0.003420333333333333
2024-05-01 10:02:00,103,4514,1342,10,2,38.06400000000001,14419.200000000003,0.004005333333333334
2024-05-01 10:03:00,49,1514,1405,10,3,36.639,13991.7,0.0038865833333333335
2024-05-01 10:04:00,49,3143,1729,10,4,46.368,16910.4,0.004697333333333334
2024-05-01 10:05:00,61,4565,1732,10,5,47.865,17359.5,0.004822083333333334
2024-05-01 10:06:00,88,4559,955,10,6,28.434,11530.199999999999,0.003202833333333333
2024-05-01 10:07:00,79,1064,1552,10,7,39.864000000000004,14959.2,0.004155333333333334
2024-05-01 10:08:00,94,4580,2080,10,8,56.58,19974.0,0.005548333333333333
2024-05-01 10:09:00,85,4319,1570,10,9,43.569,16070.7,0.004464083333333334
2024-05-01 10:10:00,49,4658,502,10,10,17.208000000000002,8162.4000000000015,0.002267333333333334
2024-05-01 10:11:00,67,2837,2407,10,11,60.0,21000.0,0.005833333333333334
2024-05-01 10:12:00,145,2300,1918,10,12,50.25,18075.0,0.005020833333333334
2024-05-01 10:13:00,61,3755,2344,10,13,60.0,21000.0,0.005833333333333334
2024-05-01 10:14:00,25,3947,1600,10,14,43.947,16184.1,0.004495583333333333
2024-05-01 10:15:00,49,3074,2062,10,15,54.624,19387.2,0.005385333333333333
2024-05-01 10:16:00,109,3215,2110,10,16,55.965,19789.5,0.005497083333333333
2024-05-01 10:17:00,79,3752,2008,10,17,53.952000000000005,19185.600000000002,0.005329333333333334
2024-05-01 10:18:00,67,1973,1897,10,18,49.398,17819.4,0.004949833333333334
2024-05-01 10:19:00,109,3764,2068,10,19,55.464000000000006,19639.2,0.005455333333333334
2024-05-01 10:20:00,94,2879,2503,10,20,60.0,21000.0,0.005833333333333334
2024-05-01 10:21:00,136,2018,1588,10,21,41.718,15515.400000000001,0.004309833333333334
2024-05-01 10:22:00,70,3944,1036,10,22,29.844,11953.199999999999,0.003320333333333333
2024-05-01 10:23:00,55,4277,1339,10,23,37.752,14325.6,0.003979333333333334
2024-05-01 10:24:00,88,2906,2062,10,24,54.456,19336.800000000003,0.005371333333333334
2024-05-01 10:25:00,115,1193,2224,10,25,56.793,20037.899999999998,0.005566083333333333
2024-05-01 10:26:00,85,2972,1363,10,26,37.047000000000004,14114.1,0.003920583333333333
2024-05-01 10:27:00,124,4448,1201,10,27,34.473,13341.9,0.0037060833333333334
2024-05-01 10:28:00,82,2510,487,10,28,14.685,7405.5,0.0020570833333333335
2024-05-01 10:29:00,28,3074,1072,10,29,29.874000000000002,11962.2,0.0033228333333333335
2024-05-01 10:30:00,142,3476,847,10,30,24.651,10395.300000000001,0.0028875833333333336
2024-05-01 10:31:00,121,1052,2380,10,31,60.0,21000.0,0.005833333333333334
2024-05-01 10:32:00,85,3101,2245,10,32,59.226,20767.8,0.005768833333333333
2024-05-01 10:33:00,121,2402,541,10,33,15.927,7778.1,0.0021605833333333334
2024-05-01 10:34:00,28,3743,2290,10,34,60.0,21000.0,0.005833333333333334
2024-05-01 10:35:00,130,4361,1795,10,35,49.236,17770.8,0.004936333333333333
2024-05-01 10:36:00,31,4526,2326,10,36,60.0,21000.0,0.005833333333333334
2024-05-01 10:37:00,145,3659,1009,10,37,28.884,11665.199999999999,0.003240333333333333
2024-05-01 10:38:00,121,2285,1885,10,38,49.41,17823.0,0.004950833333333333
2024-05-01 10:39:00,145,3083,2461,10,39,60.0,21000.0,0.005833333333333334
2024-05-01 10:40:00,25,3143,613,10,40,18.468,8540.4,0.002372333333333333
2024-05-01 10:41:00,43,3650,478,10,41,15.600000000000001,7680.000000000001,0.0021333333333333334
2024-05-01 10:42:00,16,3605,2194,10,42,58.455,20536.5,0.005704583333333333
2024-05-01 10:43:00,76,4688,934,10,43,28.038,11411.4,0.003169833333333333
2024-05-01 10:44:00,133,2081,1075,10,44,28.956,11686.800000000001,0.0032463333333333337
2024-05-01 10:45:00,130,3530,1222,10,45,34.08,13224.0,0.003673333333333333
2024-05-01 10:46:00,124,1688,1069,10,46,28.413,11523.9,0.003201083333333333
2024-05-01 10:47:00,22,3020,496,10,47,15.42,7626.0,0.002118333333333333
2024-05-01 10:48:00,106,2258,487,10,48,14.433,7329.9,0.0020360833333333333
2024-05-01 10:49:00,94,965,1669,10,49,42.690000000000005,15807.000000000002,0.004390833333333334
2024-05-01 10:50:00,64,3362,559,10,50,17.337000000000003,8201.1,0.0022780833333333333
2024-05-01 10:51:00,82,3287,2056,10,51,54.687000000000005,19406.100000000002,0.005390583333333334
2024-05-01 10:52:00,52,4667,1606,10,52,44.81700000000001,16445.100000000002,0.004568083333333334
2024-05-01 10:53:00,94,4694,1138,10,53,33.144000000000005,12943.2,0.0035953333333333336
2024-05-01 10:54:00,73,3521,2353,10,54,60.0,21000.0,0.005833333333333334
2024-05-01 10:55:00,52,3971,1867,10,55,50.646,18193.8,0.005053833333333333
2024-05-01 10:56:00,145,4307,1075,10,56,31.182000000000002,12354.6,0.0034318333333333336
2024-05-01 10:57:00,85,3935,1405,10,57,39.06,14718.0,0.004088333333333334
2024-05-01 10:58:00,136,2039,2110,10,58,54.789,19436.7,0.005399083333333334
2024-05-01 10:59:00,22,4151,2287,10,59,60.0,21000.0,0.005833333333333334
2024-05-01 11:00:00,142,1367,1495,11,0,38.742,14622.599999999999,0.004061833333333333
2024-05-01 11:01:00,43,1598,1156,11,1,30.498,12149.400000000001,0.003374833333333334
2024-05-01 11:02:00,16,4667,595,11,2,19.542,8862.6,0.0024618333333333332
2024-05-01 11:03:00,52,1460,886,11,3,23.610000000000003,10083.000000000002,0.002800833333333334
2024-05-01 11:04:00,55,3458,2383,11,4,60.0,21000.0,0.005833333333333334
2024-05-01 11:05:00,112,1124,988,11,5,25.824,10747.2,0.0029853333333333333
2024-05-01 11:06:00,19,4607,2401,11,6,60.0,21000.0,0.005833333333333334
2024-05-01 11:07:00,19,3383,1795,11,7,48.258,17477.399999999998,0.0048548333333333325
2024-05-01 11:08:00,130,3290,2218,11,8,58.74,20622.0,0.0057283333333333335
2024-05-01 11:09:00,136,2978,709,11,9,20.703000000000003,9210.900000000001,0.0025585833333333337
2024-05-01 11:10:00,106,1247,865,11,10,22.872,9861.6,0.0027393333333333336
2024-05-01 11:11:00,25,4262,991,11,11,29.037000000000003,11711.1,0.0032530833333333335
2024-05-01 11:12:00,115,2450,1600,11,12,42.45,15735.000000000002,0.004370833333333334
2024-05-01 11:13:00,70,2078,1186,11,13,31.728,12518.400000000001,0.0034773333333333336
2024-05-01 11:14:00,124,2138,2146,11,14,55.788000000000004,19736.4,0.005482333333333334
2024-05-01 11:15:00,40,3377,886,11,15,25.527,10658.1,0.0029605833333333333
2024-05-01 11:16:00,85,2474,1822,11,16,48.024,17407.2,0.004835333333333334
2024-05-01 11:17:00,52,2351,1771,11,17,46.626000000000005,16987.800000000003,0.004718833333333334
2024-05-01 11:18:00,145,3041,634,11,18,18.891000000000002,8667.3,0.002407583333333333
2024-05-01 11:19:00,103,3227,2029,11,19,53.952,19185.600000000002,0.005329333333333334
2024-05-01 11:20:00,70,4046,2536,11,20,60.0,21000.0,0.005833333333333334
2024-05-01 11:21:00,136,3899,1711,11,21,46.67400000000001,17002.2,0.004722833333333333
2024-05-01 11:22:00,43,2948,730,11,22,21.198,9359.4,0.0025998333333333333
2024-05-01 11:23:00,139,3059,2275,11,23,59.934,20980.199999999997,0.0058278333333333324
2024-05-01 11:24:00,145,1187,2416,11,24,60.0,21000.0,0.005833333333333334
2024-05-01 11:25:00,55,4412,490,11,25,16.662,7998.6,0.0022218333333333335
2024-05-01 11:26:00,133,4235,1885,11,26,51.36,18408.0,0.0051133333333333334
2024-05-01 11:27:00,73,4214,1105,11,27,31.839,12551.7,0.0034865833333333337
2024-05-01 11:28:00,25,2297,2503,11,28,60.0,21000.0,0.005833333333333334
2024-05-01 11:29:00,127,944,2107,11,29,53.61900000000001,19085.7,0.0053015833333333335
2024-05-01 11:30:00,145,1091,1945,11,30,49.716,17914.800000000003,0.004976333333333334
2024-05-01 11:31:00,130,2978,2530,11,31,60.0,21000.0,0.005833333333333334
2024-05-01 11:32:00,28,3074,1963,11,32,52.149,18644.7,0.005179083333333333
2024-05-01 11:33:00,139,2276,2548,11,33,60.0,21000.0,0.005833333333333334
2024-05-01 11:34:00,109,3563,1198,11,34,33.513000000000005,13053.900000000001,0.0036260833333333336
2024-05-01 11:35:00,31,2393,1891,11,35,49.668000000000006,17900.4,0.004972333333333334
2024-05-01 11:36:00,55,1043,1387,11,36,35.718,13715.400000000001,0.003809833333333334
2024-05-01 11:37:00,31,1223,1156,11,37,30.123,12036.900000000001,0.003343583333333334
2024-05-01 11:38:00,55,4205,1609,11,38,44.43,16329.0,0.0045358333333333336
2024-05-01 11:39:00,49,1400,931,11,39,24.675,10402.5,0.0028895833333333334
2024-05-01 11:40:00,94,1685,991,11,40,26.46,10938.0,0.0030383333333333334
2024-05-01 11:41:00,91,2948,811,11,41,23.223000000000003,9966.900000000001,0.002768583333333334
2024-05-01 11:42:00,49,2246,1630,11,42,42.996,15898.800000000001,0.004416333333333334
2024-05-01 11:43:00,37,1292,1396,11,43,36.192,13857.6,0.0038493333333333335
2024-05-01 11:44:00,43,3239,1363,11,44,37.314,14194.199999999999,0.003942833333333333
2024-05-01 11:45:00,61,1739,523,11,45,14.814000000000002,7444.200000000001,0.0020678333333333334
2024-05-01 11:46:00,91,4154,505,11,46,16.779,8033.7,0.0022315833333333332
2024-05-01 11:47:00,37,1646,1672,11,47,43.446000000000005,16033.800000000001,0.004453833333333334
2024-05-01 11:48:00,136,2102,1162,11,48,31.152,12345.6,0.0034293333333333333
2024-05-01 11:49:00,148,3896,2272,11,49,60.0,21000.0,0.005833333333333334
2024-05-01 11:50:00,100,3218,1297,11,50,35.643,13692.900000000001,0.0038035833333333337
2024-05-01 11:51:00,73,2138,1522,11,51,40.188,15056.400000000001,0.004182333333333334
2024-05-01 11:52:00,64,2804,1372,11,52,37.104000000000006,14131.2,0.003925333333333334
2024-05-01 11:53:00,70,3230,2083,11,53,55.305,19591.5,0.0054420833333333335
2024-05-01 11:54:00,64,3686,1873,11,54,50.511,18153.300000000003,0.005042583333333334
2024-05-01 11:55:00,130,4616,700,11,55,22.116,9634.8,0.002676333333333333
2024-05-01 11:56:00,16,4685,2026,11,56,55.33500000000001,19600.500000000004,0.005444583333333334
2024-05-01 11:57:00,100,3491,541,11,57,17.016000000000002,8104.8,0.0022513333333333335
2024-05-01 11:58:00,55,2669,514,11,58,15.519000000000002,7655.700000000001,0.0021265833333333336
2024-05-01 11:59:00,64,1166,2488,11,59,60.0,21000.0,0.005833333333333334
2024-05-01 12:00:00,52,2243,2038,12,0,53.193000000000005,18957.9,0.0052660833333333336
2024-05-01 12:01:00,100,1250,1507,12,1,38.925000000000004,14677.500000000002,0.004077083333333334
2024-05-01 12:02:00,115,3227,982,12,2,27.777,11333.1,0.0031480833333333335
2024-05-01 12:03:00,94,3149,1447,12,3,39.324000000000005,14797.2,0.004110333333333334
2024-05-01 12:04:00,112,3353,1918,12,4,51.303000000000004,18390.9,0.005108583333333334
2024-05-01 12:05:00,100,1235,1930,12,5,49.485,17845.5,0.004957083333333333
2024-05-01 12:06:00,124,3329,1852,12,6,49.629000000000005,17888.7,0.004969083333333333
2024-05-01 12:07:00,130,3512,1600,12,7,43.512,16053.6,0.004459333333333333
2024-05-01 12:08:00,70,2243,2227,12,8,57.918000000000006,20375.4,0.0056598333333333336
2024-05-01 12:09:00,85,2279,961,12,9,26.304000000000002,10891.2,0.0030253333333333334
2024-05-01 12:10:00,55,1688,1582,12,10,41.23800000000001,15371.400000000003,0.004269833333333334
2024-05-01 12:11:00,124,1439,2185,12,11,56.064,19819.2,0.005505333333333333
2024-05-01 12:12:00,28,3887,1738,12,12,47.337,17201.100000000002,0.004778083333333334
2024-05-01 12:13:00,85,3995,1897,12,13,51.42,18426.0,0.005118333333333333
2024-05-01 12:14:00,115,2567,1612,12,14,42.867000000000004,15860.1,0.004405583333333333
2024-05-01 12:15:00,106,3215,934,12,15,26.565,10969.5,0.0030470833333333335
2024-05-01 12:16:00,103,4325,1240,12,16,35.325,13597.500000000002,0.0037770833333333337
2024-05-01 12:17:00,40,1187,2488,12,17,60.0,21000.0,0.005833333333333334
2024-05-01 12:18:00,94,1343,673,12,18,18.168,8450.4,0.002347333333333333
2024-05-01 12:19:00,97,3329,1501,12,19,40.854,15256.199999999999,0.004237833333333333
2024-05-01 12:20:00,139,3638,1300,12,20,36.138,13841.4,0.0038448333333333333
2024-05-01 12:21:00,91,1358,2485,12,21,60.0,21000.0,0.005833333333333334
2024-05-01 12:22:00,67,1496,1642,12,22,42.54600000000001,15763.800000000001,0.0043788333333333335
2024-05-01 12:23:00,121,3296,1816,12,23,48.696000000000005,17608.800000000003,0.004891333333333334
2024-05-01 12:24:00,37,3890,1246,12,24,35.04,13512.0,0.0037533333333333333
2024-05-01 12:25:00,67,1151,1390,12,25,35.901,13770.3,0.003825083333333333
2024-05-01 12:26:00,73,2579,754,12,26,21.429000000000002,9428.7,0.0026190833333333335
2024-05-01 12:27:00,109,1103,1861,12,27,47.62800000000001,17288.4,0.004802333333333334
2024-05-01 12:28:00,100,1559,1207,12,28,31.734,12520.2,0.0034778333333333336
2024-05-01 12:29:00,67,1322,2374,12,29,60.0,21000.0,0.005833333333333334
2024-05-01 12:30:00,34,1073,1030,12,30,26.823,11046.9,0.0030685833333333333
2024-05-01 12:31:00,16,1277,1588,12,31,40.977000000000004,15293.1,0.004248083333333334
2024-05-01 12:32:00,97,3224,2185,12,32,57.849000000000004,20354.7,0.005654083333333334
2024-05-01 12:33:00,112,4562,1687,12,33,46.737,17021.100000000002,0.004728083333333334
2024-05-01 12:34:00,25,3485,1693,12,34,45.81,16743.0,0.004650833333333333
2024-05-01 12:35:00,73,1229,844,12,35,22.329,9698.7,0.0026940833333333335
2024-05-01 12:36:00,121,3644,1480,12,36,40.644,15193.199999999999,0.004220333333333333
2024-05-01 12:37:00,106,2024,1492,12,37,39.324000000000005,14797.2,0.004110333333333334
2024-05-01 12:38:00,127,3644,2158,12,38,57.594,20278.2,0.0056328333333333334
2024-05-01 12:39:00,97,1787,1003,12,39,26.862000000000002,11058.6,0.0030718333333333335
2024-05-01 12:40:00,22,4601,2422,12,40,60.0,21000.0,0.005833333333333334
2024-05-01 12:41:00,31,4601,979,12,41,29.076,11722.800000000001,0.0032563333333333337
2024-05-01 12:42:00,148,2945,586,12,42,17.595,8278.5,0.002299583333333333
2024-05-01 12:43:00,82,1223,676,12,43,18.123,8436.9,0.0023435833333333334
2024-05-01 12:44:00,34,2960,1177,12,44,32.385,12715.5,0.0035320833333333333
2024-05-01 12:45:00,121,1127,2149,12,45,54.852000000000004,19455.600000000002,0.005404333333333334
2024-05-01 12:46:00,16,2846,1612,12,46,43.146,15943.800000000001,0.004428833333333333
2024-05-01 12:47:00,31,4169,640,12,47,20.169,9050.7,0.0025140833333333334
2024-05-01 12:48:00,85,4031,1300,12,48,36.531,13959.300000000001,0.0038775833333333336
2024-05-01 12:49:00,124,2756,766,12,49,21.906000000000002,9571.800000000001,0.002658833333333334
2024-05-01 12:50:00,148,2990,2050,12,50,54.24,19272.0,0.005353333333333333
2024-05-01 12:51:00,121,2546,1444,12,51,38.646,14593.800000000001,0.004053833333333334
2024-05-01 12:52:00,85,3458,1852,12,52,49.758,17927.399999999998,0.004979833333333333
2024-05-01 12:53:00,127,2879,1006,12,53,28.029000000000003,11408.7,0.0031690833333333336
2024-05-01 12:54:00,148,1643,2191,12,54,56.418000000000006,19925.4,0.0055348333333333334
2024-05-01 12:55:00,100,2516,826,12,55,23.166000000000004,9949.800000000001,0.002763833333333334
2024-05-01 12:56:00,124,1982,1876,12,56,48.882000000000005,17664.600000000002,0.004906833333333334
2024-05-01 12:57:00,148,4154,2116,12,57,57.054,20116.2,0.0055878333333333335
2024-05-01 12:58:00,109,2582,2407,12,58,60.0,21000.0,0.005833333333333334
2024-05-01 12:59:00,88,4250,1834,12,59,50.1,18030.0,0.005008333333333333
2024-05-01 13:00:00,43,4235,547,13,0,17.91,8373.0,0.0023258333333333334
2024-05-01 13:01:00,118,3326,1939,13,1,51.801,18540.300000000003,0.005150083333333334
2024-05-01 13:02:00,88,1691,493,13,2,14.016000000000002,7204.8,0.0020013333333333333
2024-05-01 13:03:00,94,1085,2017,13,3,51.510000000000005,18453.0,0.005125833333333333
2024-05-01 13:04:00,148,4379,2068,13,4,56.079,19823.7,0.005506583333333334
2024-05-01 13:05:00,109,1586,916,13,5,24.486,10345.8,0.0028738333333333333
2024-05-01 13:06:00,49,1661,1933,13,6,49.986000000000004,17995.800000000003,0.004998833333333334
2024-05-01 13:07:00,25,4184,544,13,7,17.784000000000002,8335.2,0.0023153333333333337
2024-05-01 13:08:00,139,1994,2434,13,8,60.0,21000.0,0.005833333333333334
2024-05-01 13:09:00,91,1265,2134,13,9,54.615,19384.5,0.005384583333333333
2024-05-01 13:10:00,22,3437,1744,13,10,47.037,17111.100000000002,0.004753083333333334
2024-05-01 13:11:00,64,1088,1348,13,11,34.788000000000004,13436.400000000001,0.0037323333333333336
2024-05-01 13:12:00,40,1955,1024,13,12,27.555,11266.5,0.003129583333333333
2024-05-01 13:13:00,100,4094,2131,13,13,57.36900000000001,20210.7,0.005614083333333334
2024-05-01 13:14:00,16,3356,1762,13,14,47.406000000000006,17221.800000000003,0.004783833333333334
2024-05-01 13:15:00,67,4787,2281,13,15,60.0,21000.0,0.005833333333333334
2024-05-01 13:16:00,136,968,1420,13,16,36.468,13940.400000000001,0.0038723333333333335
2024-05-01 13:17:00,73,2819,1663,13,17,44.394000000000005,16318.2,0.004532833333333333
2024-05-01 13:18:00,136,4775,1441,13,18,40.8,15239.999999999998,0.004233333333333333
2024-05-01 13:19:00,115,3101,2164,13,19,57.201,20160.3,0.005600083333333333
2024-05-01 13:20:00,97,1853,2257,13,20,58.278000000000006,20483.4,0.005689833333333334
2024-05-01 13:21:00,118,2861,2107,13,21,55.536,19660.800000000003,0.0054613333333333345
2024-05-01 13:22:00,61,1112,697,13,22,18.537,8561.1,0.0023780833333333336
2024-05-01 13:23:00,76,3122,1927,13,23,51.297000000000004,18389.100000000002,0.005108083333333334
2024-05-01 13:24:00,52,2522,733,13,24,20.847,9254.1,0.0025705833333333336
2024-05-01 13:25:00,118,2366,1165,13,25,31.491,12447.300000000001,0.0034575833333333338
2024-05-01 13:26:00,139,1028,490,13,26,13.278,6983.4,0.0019398333333333333
2024-05-01 13:27:00,109,1178,2119,13,27,54.153,19245.899999999998,0.005346083333333333
2024-05-01 13:28:00,127,4664,625,13,28,20.289,9086.7,0.0025240833333333335
2024-05-01 13:29:00,31,2039,2434,13,29,60.0,21000.0,0.005833333333333334
2024-05-01 13:30:00,127,2942,1657,13,30,44.367000000000004,16310.1,0.0045305833333333335
2024-05-01 13:31:00,127,2522,1132,13,31,30.822000000000003,12246.6,0.0034018333333333335
2024-05-01 13:32:00,52,3041,1753,13,32,46.866,17059.8,0.004738833333333333
2024-05-01 13:33:00,130,3593,898,13,33,26.043000000000003,10812.900000000001,0.003003583333333334
2024-05-01 13:34:00,52,4034,1558,13,34,42.984,15895.2,0.004415333333333334
2024-05-01 13:35:00,49,4022,1615,13,35,44.397,16319.099999999999,0.0045330833333333325
2024-05-01 13:36:00,112,3698,2152,13,36,57.498000000000005,20249.4,0.005624833333333334
2024-05-01 13:37:00,97,3194,1300,13,37,35.694,13708.2,0.0038078333333333336
2024-05-01 13:38:00,22,2033,1282,13,38,34.083000000000006,13224.900000000001,0.003673583333333334
2024-05-01 13:39:00,67,4835,511,13,39,17.61,8283.0,0.0023008333333333335
2024-05-01 13:40:00,91,3359,1363,13,40,37.434000000000005,14230.2,0.003952833333333333
2024-05-01 13:41:00,133,3158,1861,13,41,49.68300000000001,17904.9,0.004973583333333333
2024-05-01 13:42:00,19,4058,2050,13,42,55.308,19592.399999999998,0.005442333333333333
2024-05-01 13:43:00,25,4589,1171,13,43,33.864000000000004,13159.2,0.0036553333333333334
2024-05-01 13:44:00,97,2396,2191,13,44,57.17100000000001,20151.300000000003,0.005597583333333334
2024-05-01 13:45:00,97,1028,550,13,45,14.778,7433.4,0.002064833333333333
2024-05-01 13:46:00,88,3083,1882,13,46,50.133,18039.899999999998,0.005011083333333333
2024-05-01 13:47:00,91,4127,748,13,47,22.826999999999998,9848.099999999999,0.002735583333333333
2024-05-01 13:48:00,148,4829,2317,13,48,60.0,21000.0,0.005833333333333334
2024-05-01 13:49:00,19,4703,1396,13,49,39.603,14880.900000000001,0.004133583333333334
2024-05-01 13:50:00,139,1202,625,13,50,16.826999999999998,8048.0999999999985,0.002235583333333333
2024-05-01 13:51:00,115,1322,1426,13,51,36.972,14091.6,0.003914333333333333
2024-05-01 13:52:00,103,3374,1012,13,52,28.674,11602.199999999999,0.003222833333333333
2024-05-01 13:53:00,76,2552,2173,13,53,56.877,20063.100000000002,0.0055730833333333335
2024-05-01 13:54:00,145,1379,829,13,54,22.104000000000003,9631.2,0.0026753333333333334
2024-05-01 13:55:00,124,4643,598,13,55,19.593,8877.9,0.002466083333333333
2024-05-01 13:56:00,145,1019,2407,13,56,60.0,21000.0,0.005833333333333334
2024-05-01 13:57:00,82,1145,1249,13,57,32.370000000000005,12711.000000000002,0.0035308333333333337
2024-05-01 13:58:00,112,1640,1060,13,58,28.14,11442.0,0.0031783333333333334
2024-05-01 13:59:00,19,1271,2398,13,59,60.0,21000.0,0.005833333333333334
2024-05-01 14:00:00,94,4442,1231,14,0,35.217,13565.099999999999,0.003768083333333333
2024-05-01 14:01:00,79,1277,1474,14,1,38.127,14438.1,0.004010583333333333
2024-05-01 14:02:00,115,1625,2122,14,2,54.675000000000004,19402.5,0.005389583333333333
2024-05-01 14:03:00,61,1274,1972,14,3,50.574000000000005,18172.2,0.005047833333333334
2024-05-01 14:04:00,73,1046,1231,14,4,31.821,12546.3,0.003485083333333333
2024-05-01 14:05:00,91,2807,2005,14,5,52.932,18879.600000000002,0.005244333333333334
2024-05-01 14:06:00,61,3179,1192,14,6,32.979,12893.699999999999,0.003581583333333333
2024-05-01 14:07:00,31,2720,916,14,7,25.62,10686.0,0.0029683333333333332
2024-05-01 14:08:00,148,2213,1363,14,8,36.288000000000004,13886.400000000001,0.0038573333333333337
2024-05-01 14:09:00,145,2774,2323,14,9,60.0,21000.0,0.005833333333333334
2024-05-01 14:10:00,82,3011,1822,14,10,48.56100000000001,17568.300000000003,0.004880083333333334
2024-05-01 14:11:00,139,1883,1642,14,11,42.93300000000001,15879.900000000003,0.0044110833333333346
2024-05-01 14:12:00,124,3563,1102,14,12,31.113,12333.9,0.003426083333333333
2024-05-01 14:13:00,37,2921,2464,14,13,60.0,21000.0,0.005833333333333334
2024-05-01 14:14:00,31,1769,2077,14,14,53.694,19108.2,0.005307833333333334
2024-05-01 14:15:00,124,2807,2242,14,15,58.857000000000006,20657.100000000002,0.005738083333333334
2024-05-01 14:16:00,79,2483,2245,14,16,58.608,20582.399999999998,0.005717333333333333
2024-05-01 14:17:00,31,3458,859,14,17,24.933,10479.9,0.0029110833333333332
2024-05-01 14:18:00,109,1988,1450,14,18,38.238,14471.4,0.004019833333333334
2024-05-01 14:19:00,64,3398,2296,14,19,60.0,21000.0,0.005833333333333334
2024-05-01 14:20:00,127,4406,1234,14,20,35.256,13576.800000000001,0.0037713333333333336
2024-05-01 14:21:00,64,3206,1897,14,21,50.63100000000001,18189.300000000003,0.005052583333333334
2024-05-01 14:22:00,124,3623,2143,14,22,57.198,20159.399999999998,0.0055998333333333325
2024-05-01 14:23:00,82,1667,658,14,23,18.117,8435.1,0.0023430833333333333
2024-05-01 14:24:00,52,2561,1396,14,24,37.461,14238.300000000001,0.003955083333333334
2024-05-01 14:25:00,109,4115,1681,14,25,46.14000000000001,16842.0,0.004678333333333333
2024-05-01 14:26:00,79,1625,781,14,26,21.150000000000002,9345.0,0.0025958333333333332
2024-05-01 14:27:00,34,2576,2308,14,27,60.0,21000.0,0.005833333333333334
2024-05-01 14:28:00,79,3683,514,14,28,16.533,7959.9,0.002211083333333333
2024-05-01 14:29:00,76,4655,2515,14,29,60.0,21000.0,0.005833333333333334
2024-05-01 14:30:00,31,959,1240,14,30,31.959,12587.699999999999,0.003496583333333333
2024-05-01 14:31:00,55,2336,1696,14,31,44.736000000000004,16420.800000000003,0.004561333333333334
2024-05-01 14:32:00,61,1163,1240,14,32,32.163,12648.9,0.0035135833333333334
2024-05-01 14:33:00,22,953,2296,14,33,58.35300000000001,20505.9,0.005696083333333333
2024-05-01 14:34:00,40,2864,1243,14,34,33.939,13181.699999999999,0.003661583333333333
2024-05-01 14:35:00,76,1292,2464,14,35,60.0,21000.0,0.005833333333333334
2024-05-01 14:36:00,103,3563,601,14,36,18.588,8576.4,0.002382333333333333
2024-05-01 14:37:00,103,2441,1453,14,37,38.766000000000005,14629.800000000003,0.004063833333333334
2024-05-01 14:38:00,139,3758,958,14,38,27.708000000000002,11312.400000000001,0.003142333333333334
2024-05-01 14:39:00,139,2648,1042,14,39,28.698,11609.4,0.003224833333333333
2024-05-01 14:40:00,109,1517,2017,14,40,51.94200000000001,18582.600000000006,0.005161833333333335
2024-05-01 14:41:00,82,3458,1660,14,41,44.958,16487.399999999998,0.0045798333333333325
2024-05-01 14:42:00,22,3065,1579,14,42,42.54,15762.0,0.004378333333333333
2024-05-01 14:43:00,16,4061,661,14,43,20.586000000000002,9175.800000000001,0.0025488333333333335
2024-05-01 14:44:00,22,1454,1618,14,44,41.904,15571.2,0.004325333333333334
2024-05-01 14:45:00,124,1907,1939,14,45,50.382000000000005,18114.600000000002,0.005031833333333334
2024-05-01 14:46:00,34,4331,2527,14,46,60.0,21000.0,0.005833333333333334
2024-05-01 14:47:00,22,3422,1699,14,47,45.897,16769.1,0.004658083333333333
2024-05-01 14:48:00,121,3089,556,14,48,16.989,8096.700000000001,0.0022490833333333334
2024-05-01 14:49:00,22,1607,1258,14,49,33.057,12917.1,0.0035880833333333333
2024-05-01 14:50:00,25,2519,1441,14,50,38.544,14563.2,0.004045333333333334
2024-05-01 14:51:00,106,1274,1927,14,51,49.449000000000005,17834.7,0.004954083333333334
2024-05-01 14:52:00,19,1355,1111,14,52,29.130000000000003,11739.0,0.0032608333333333335
2024-05-01 14:53:00,55,2597,1417,14,53,38.022000000000006,14406.600000000002,0.004001833333333334
2024-05-01 14:54:00,124,941,1651,14,54,42.21600000000001,15664.800000000001,0.004351333333333334
2024-05-01 14:55:00,106,1205,778,14,55,20.655,9196.5,0.002554583333333333
2024-05-01 14:56:00,19,2876,2530,14,56,60.0,21000.0,0.005833333333333334
2024-05-01 14:57:00,106,1886,1444,14,57,37.986000000000004,14395.800000000003,0.003998833333333334
2024-05-01 14:58:00,142,1349,2422,14,58,60.0,21000.0,0.005833333333333334
2024-05-01 14:59:00,79,3440,2293,14,59,60.0,21000.0,0.005833333333333334
2024-05-01 15:00:00,43,1706,607,15,0,16.881,8064.3,0.0022400833333333335
2024-05-01 15:01:00,103,3608,2239,15,1,59.583,20874.899999999998,0.005798583333333333
2024-05-01 15:02:00,112,2978,2362,15,2,60.0,21000.0,0.005833333333333334
2024-05-01 15:03:00,70,968,1396,15,3,35.867999999999995,13760.399999999998,0.0038223333333333325
2024-05-01 15:04:00,88,1709,901,15,4,24.234,10270.2,0.0028528333333333335
2024-05-01 15:05:00,16,1445,1834,15,5,47.295,17188.5,0.004774583333333333
2024-05-01 15:06:00,109,3593,2194,15,6,58.443,20532.899999999998,0.005703583333333333
2024-05-01 15:07:00,88,974,1903,15,7,48.549,17564.7,0.004879083333333333
2024-05-01 15:08:00,136,4460,2392,15,8,60.0,21000.0,0.005833333333333334
2024-05-01 15:09:00,64,1886,1678,15,9,43.836000000000006,16150.800000000001,0.0044863333333333335
2024-05-01 15:10:00,55,1907,547,15,10,15.582,7674.6,0.0021318333333333332
2024-05-01 15:11:00,148,3254,550,15,11,17.004,8101.200000000001,0.0022503333333333334
2024-05-01 15:12:00,52,3230,1267,15,12,34.905,13471.5,0.0037420833333333334
2024-05-01 15:13:00,127,3626,2491,15,13,60.0,21000.0,0.005833333333333334
2024-05-01 15:14:00,130,4238,1945,15,14,52.863,18858.899999999998,0.005238583333333333
2024-05-01 15:15:00,19,1874,1213,15,15,32.199000000000005,12659.7,0.0035165833333333334
2024-05-01 15:16:00,109,1631,1600,15,16,41.631,15489.300000000001,0.004302583333333334
2024-05-01 15:17:00,109,1919,643,15,17,17.994,8398.2,0.0023328333333333335
2024-05-01 15:18:00,133,2042,781,15,18,21.567000000000004,9470.100000000002,0.0026305833333333337
2024-05-01 15:19:00,31,4355,1114,15,19,32.205,12661.5,0.0035170833333333334
2024-05-01 15:20:00,88,2666,1765,15,20,46.791,17037.3,0.004732583333333333
2024-05-01 15:21:00,22,2444,2404,15,21,60.0,21000.0,0.005833333333333334
2024-05-01 15:22:00,67,3638,2125,15,22,56.763,20028.899999999998,0.005563583333333333
2024-05-01 15:23:00,127,3503,2149,15,23,57.228,20168.399999999998,0.005602333333333332
2024-05-01 15:24:00,142,4622,2071,15,24,56.397000000000006,19919.100000000002,0.005533083333333334
2024-05-01 15:25:00,22,1727,748,15,25,20.427,9128.1,0.0025355833333333333
2024-05-01 15:26:00,28,3281,727,15,26,21.456,9436.8,0.002621333333333333
2024-05-01 15:27:00,85,3065,1144,15,27,31.665000000000003,12499.500000000002,0.003472083333333334
2024-05-01 15:28:00,115,4427,1273,15,28,36.252,13875.6,0.0038543333333333333
2024-05-01 15:29:00,130,947,1186,15,29,30.597,12179.1,0.0033830833333333334
2024-05-01 15:30:00,85,3434,790,15,30,23.184,9955.2,0.0027653333333333336
2024-05-01 15:31:00,121,1163,1150,15,31,29.913,11973.9,0.0033260833333333332
2024-05-01 15:32:00,97,2618,1279,15,32,34.593,13377.900000000001,0.003716083333333334
2024-05-01 15:33:00,115,1319,1864,15,33,47.919000000000004,17375.7,0.004826583333333334
2024-05-01 15:34:00,61,2696,1687,15,34,44.871,16461.3,0.004572583333333333
2024-05-01 15:35:00,121,4058,2452,15,35,60.0,21000.0,0.005833333333333334
2024-05-01 15:36:00,34,1193,838,15,36,22.143000000000004,9642.900000000001,0.0026785833333333336
2024-05-01 15:37:00,67,2111,1159,15,37,31.086000000000002,12325.8,0.003423833333333333
2024-05-01 15:38:00,31,1799,2278,15,38,58.749,20624.7,0.005729083333333333
2024-05-01 15:39:00,97,2735,838,15,39,23.685000000000002,10105.5,0.0028070833333333333
2024-05-01 15:40:00,127,3275,1618,15,40,43.725,16117.5,0.004477083333333333
2024-05-01 15:41:00,115,2168,1855,15,41,48.543,17562.899999999998,0.004878583333333333
2024-05-01 15:42:00,133,3995,2380,15,42,60.0,21000.0,0.005833333333333334
2024-05-01 15:43:00,100,2612,1618,15,43,43.062000000000005,15918.600000000002,0.004421833333333334
2024-05-01 15:44:00,25,1349,787,15,44,21.024,9307.2,0.0025853333333333336
2024-05-01 15:45:00,55,3833,727,15,45,22.008000000000003,9602.400000000001,0.0026673333333333336
2024-05-01 15:46:00,28,2873,1282,15,46,34.923,13476.900000000001,0.0037435833333333336
2024-05-01 15:47:00,88,1355,1435,15,47,37.23,14168.999999999998,0.003935833333333333
2024-05-01 15:48:00,127,4580,1117,15,48,32.505,12751.5,0.0035420833333333333
2024-05-01 15:49:00,37,3872,757,15,49,22.797,9839.1,0.0027330833333333335
2024-05-01 15:50:00,58,2399,847,15,50,23.574,10072.2,0.0027978333333333336
2024-05-01 15:51:00,70,3326,499,15,51,15.801000000000002,7740.3,0.0021500833333333333
2024-05-01 15:52:00,46,1232,1795,15,52,46.107,16832.1,0.004675583333333333
2024-05-01 15:53:00,73,4028,1747,15,53,47.703,17310.899999999998,0.004808583333333333
2024-05-01 15:54:00,118,1505,748,15,54,20.205,9061.5,0.0025170833333333334
2024-05-01 15:55:00,67,2615,811,15,55,22.89,9867.0,0.0027408333333333334
2024-05-01 15:56:00,55,2066,1315,15,56,34.941,13482.3,0.0037450833333333333
2024-05-01 15:57:00,124,4433,466,15,57,16.083,7824.9,0.0021735833333333334
2024-05-01 15:58:00,88,2540,2128,15,58,55.74,19722.0,0.005478333333333333
2024-05-01 15:59:00,61,3953,1189,15,59,33.678000000000004,13103.400000000001,0.003639833333333334
2024-05-01 16:00:00,67,2318,2359,16,0,60.0,21000.0,0.005833333333333334
2024-05-01 16:01:00,16,4577,895,16,1,26.951999999999998,11085.599999999999,0.003079333333333333
2024-05-01 16:02:00,130,3611,1609,16,2,43.836,16150.800000000001,0.0044863333333333335
2024-05-01 16:03:00,16,2147,589,16,3,16.872,8061.6,0.0022393333333333336
2024-05-01 16:04:00,16,1382,2488,16,4,60.0,21000.0,0.005833333333333334
2024-05-01 16:05:00,76,2525,2263,16,5,59.1,20730.0,0.005758333333333333
2024-05-01 16:06:00,88,4181,589,16,6,18.906000000000002,8671.800000000001,0.0024088333333333336
2024-05-01 16:07:00,91,3890,688,16,7,21.09,9327.0,0.0025908333333333334
2024-05-01 16:08:00,43,3818,1117,16,8,31.743000000000002,12522.900000000001,0.0034785833333333335
2024-05-01 16:09:00,49,3683,931,16,9,26.958000000000002,11087.400000000001,0.0030798333333333337
2024-05-01 16:10:00,94,1763,1195,16,10,31.638,12491.400000000001,0.003469833333333334
2024-05-01 16:11:00,106,4628,844,16,11,25.728,10718.400000000001,0.0029773333333333336
2024-05-01 16:12:00,109,1493,1759,16,12,45.468,16640.4,0.004622333333333333
2024-05-01 16:13:00,37,2657,1834,16,13,48.507000000000005,17552.100000000002,0.004875583333333334
2024-05-01 16:14:00,136,2420,2359,16,14,60.0,21000.0,0.005833333333333334
2024-05-01 16:15:00,88,3428,775,16,15,22.803,9840.9,0.002733583333333333
2024-05-01 16:16:00,136,4226,562,16,16,18.276,8482.800000000001,0.0023563333333333335
2024-05-01 16:17:00,133,3254,1810,16,17,48.504,17551.199999999997,0.004875333333333332
2024-05-01 16:18:00,19,4343,1255,16,18,35.718,13715.400000000001,0.003809833333333334
2024-05-01 16:19:00,115,3278,1000,16,19,28.278,11483.4,0.003189833333333333
2024-05-01 16:20:00,112,1583,1162,16,20,30.633,12189.9,0.0033860833333333334
2024-05-01 16:21:00,31,1547,1222,16,21,32.097,12629.1,0.0035080833333333335
2024-05-01 16:22:00,103,3659,1966,16,22,52.809000000000005,18842.7,0.005234083333333334
2024-05-01 16:23:00,79,965,2416,16,23,60.0,21000.0,0.005833333333333334
2024-05-01 16:24:00,49,4328,2020,16,24,54.828,19448.399999999998,0.005402333333333333
2024-05-01 16:25:00,94,4625,709,16,25,22.35,9705.0,0.0026958333333333335
2024-05-01 16:26:00,58,4325,1999,16,26,54.300000000000004,19290.0,0.005358333333333333
2024-05-01 16:27:00,70,1058,1063,16,27,27.633000000000003,11289.900000000001,0.0031360833333333336
2024-05-01 16:28:00,49,1853,592,16,28,16.653000000000002,7995.9000000000015,0.0022210833333333336
2024-05-01 16:29:00,19,3350,1801,16,29,48.37500000000001,17512.500000000004,0.0048645833333333345
2024-05-01 16:30:00,46,1295,2011,16,30,51.57000000000001,18471.000000000004,0.0051308333333333345
2024-05-01 16:31:00,139,1193,532,16,31,14.493,7347.9,0.002041083333333333
2024-05-01 16:32:00,121,2723,1222,16,32,33.273,12981.900000000001,0.0036060833333333335
2024-05-01 16:33:00,124,3089,961,16,33,27.114,11134.199999999999,0.003092833333333333
2024-05-01 16:34:00,85,3200,1939,16,34,51.675000000000004,18502.5,0.005139583333333334
2024-05-01 16:35:00,136,1118,1351,16,35,34.893,13467.900000000001,0.0037410833333333337
2024-05-01 16:36:00,73,950,1381,16,36,35.475,13642.5,0.003789583333333333
2024-05-01 16:37:00,133,4583,2119,16,37,57.558,20267.399999999998,0.005629833333333333
2024-05-01 16:38:00,118,3419,844,16,38,24.519000000000002,10355.7,0.0028765833333333334
2024-05-01 16:39:00,40,2495,616,16,39,17.895,8368.5,0.0023245833333333334
2024-05-01 16:40:00,49,4235,2011,16,40,54.510000000000005,19353.0,0.005375833333333333
2024-05-01 16:41:00,43,2957,2134,16,41,56.307,19892.100000000002,0.005525583333333334
2024-05-01 16:42:00,28,983,1975,16,42,50.358,18107.399999999998,0.005029833333333332
2024-05-01 16:43:00,109,3248,904,16,43,25.848000000000003,10754.400000000001,0.0029873333333333336
2024-05-01 16:44:00,28,1907,2365,16,44,60.0,21000.0,0.005833333333333334
2024-05-01 16:45:00,61,1781,877,16,45,23.706,10111.8,0.0028088333333333333
2024-05-01 16:46:00,121,1955,1843,16,46,48.03,17409.0,0.0048358333333333335
2024-05-01 16:47:00,121,2048,2167,16,47,56.223000000000006,19866.9,0.005518583333333334
2024-05-01 16:48:00,97,1538,514,16,48,14.388000000000002,7316.4,0.002032333333333333
2024-05-01 16:49:00,64,1319,1222,16,49,31.869,12560.699999999999,0.003489083333333333
2024-05-01 16:50:00,97,3647,1405,16,50,38.772,14631.599999999999,0.004064333333333333
2024-05-01 16:51:00,31,4433,2038,16,51,55.383,19614.899999999998,0.005448583333333333
2024-05-01 16:52:00,64,3722,1597,16,52,43.647000000000006,16094.100000000002,0.004470583333333334
2024-05-01 16:53:00,106,3743,1327,16,53,36.918000000000006,14075.400000000003,0.003909833333333335
2024-05-01 16:54:00,133,3272,535,16,54,16.647,7994.1,0.0022205833333333335
2024-05-01 16:55:00,103,2858,1783,16,55,47.433,17229.899999999998,0.004786083333333332
2024-05-01 16:56:00,46,3770,1195,16,56,33.645,13093.500000000002,0.0036370833333333337
2024-05-01 16:57:00,88,1925,1972,16,57,51.225,18367.5,0.0051020833333333335
2024-05-01 16:58:00,94,3776,742,16,58,22.326,9697.800000000001,0.0026938333333333337
2024-05-01 16:59:00,91,4199,2020,16,59,54.699,19409.699999999997,0.005391583333333332
2024-05-01 17:00:00,67,3434,1456,17,0,39.833999999999996,14950.199999999997,0.004152833333333332
2024-05-01 17:01:00,142,1274,1306,17,1,33.924,13177.199999999999,0.003660333333333333
2024-05-01 17:02:00,91,4115,2389,17,2,60.0,21000.0,0.005833333333333334
2024-05-01 17:03:00,70,3773,1294,17,3,36.123000000000005,13836.900000000001,0.003843583333333334
2024-05-01 17:04:00,22,2624,1453,17,4,38.949000000000005,14684.7,0.004079083333333334
2024-05-01 17:05:00,58,3782,823,17,5,24.357000000000003,10307.1,0.0028630833333333334
2024-05-01 17:06:00,124,1055,895,17,6,23.43,10029.0,0.0027858333333333333
2024-05-01 17:07:00,139,3890,664,17,7,20.490000000000002,9147.0,0.0025408333333333333
2024-05-01 17:08:00,97,3113,1420,17,8,38.613,14583.9,0.004051083333333334
2024-05-01 17:09:00,55,3212,1768,17,9,47.412000000000006,17223.6,0.004784333333333333
2024-05-01 17:10:00,100,2096,706,17,10,19.746000000000002,8923.8,0.0024788333333333333
2024-05-01 17:11:00,127,4313,2086,17,11,56.46300000000001,19938.9,0.005538583333333334
2024-05-01 17:12:00,16,3683,1735,17,12,47.058,17117.399999999998,0.004754833333333333
2024-05-01 17:13:00,97,3236,1390,17,13,37.986,14395.8,0.003998833333333333
2024-05-01 17:14:00,97,3797,1432,17,14,39.597,14879.1,0.004133083333333333
2024-05-01 17:15:00,127,2507,1108,17,15,30.207000000000004,12062.1,0.0033505833333333335
2024-05-01 17:16:00,103,1952,2137,17,16,55.377,19613.100000000002,0.005448083333333334
2024-05-01 17:17:00,43,3542,739,17,17,22.017000000000003,9605.1,0.0026680833333333335
2024-05-01 17:18:00,91,2768,1804,17,18,47.868,17360.399999999998,0.004822333333333333
2024-05-01 17:19:00,37,3632,1054,17,19,29.982000000000003,11994.6,0.0033318333333333333
2024-05-01 17:20:00,115,4169,754,17,20,23.019000000000002,9905.7,0.0027515833333333337
2024-05-01 17:21:00,133,1475,916,17,21,24.375000000000004,10312.500000000002,0.002864583333333334
2024-05-01 17:22:00,112,1787,2143,17,22,55.362,19608.600000000002,0.005446833333333334
2024-05-01 17:23:00,115,1235,1390,17,23,35.985,13795.5,0.003832083333333333
2024-05-01 17:24:00,115,3533,691,17,24,20.808000000000003,9242.400000000001,0.002567333333333334
2024-05-01 17:25:00,85,2516,1639,17,25,43.491,16047.300000000001,0.004457583333333333
2024-05-01 17:26:00,70,1589,2167,17,26,55.764,19729.2,0.005480333333333334
2024-05-01 17:27:00,139,2408,1471,17,27,39.183,14754.9,0.004098583333333333
2024-05-01 17:28:00,61,1115,619,17,28,16.59,7977.0,0.0022158333333333335
2024-05-01 17:29:00,79,1985,1798,17,29,46.935,17080.5,0.004744583333333333
2024-05-01 17:30:00,85,4352,1150,17,30,33.102000000000004,12930.6,0.0035918333333333336
2024-05-01 17:31:00,100,2231,2014,17,31,52.581,18774.300000000003,0.005215083333333334
2024-05-01 17:32:00,31,2072,778,17,32,21.522000000000002,9456.6,0.0026268333333333335
2024-05-01 17:33:00,112,1871,1969,17,33,51.096000000000004,18328.800000000003,0.005091333333333334
2024-05-01 17:34:00,25,2687,571,17,34,16.962,8088.599999999999,0.0022468333333333333
2024-05-01 17:35:00,124,3521,1867,17,35,50.196000000000005,18058.800000000003,0.0050163333333333344
2024-05-01 17:36:00,70,3563,910,17,36,26.313,10893.9,0.0030260833333333333
2024-05-01 17:37:00,127,3341,1474,17,37,40.191,15057.3,0.004182583333333333
2024-05-01 17:38:00,16,3026,1261,17,38,34.551,13365.3,0.003712583333333333
2024-05-01 17:39:00,139,4247,1243,17,39,35.322,13596.6,0.0037768333333333334
2024-05-01 17:40:00,85,4253,1015,17,40,29.628,11888.4,0.0033023333333333333
2024-05-01 17:41:00,109,2747,2350,17,41,60.0,21000.0,0.005833333333333334
2024-05-01 17:42:00,40,971,1903,17,42,48.546,17563.8,0.004878833333333333
2024-05-01 17:43:00,76,4241,784,17,43,23.841,10152.300000000001,0.0028200833333333337
2024-05-01 17:44:00,79,2870,2290,17,44,60.0,21000.0,0.005833333333333334
2024-05-01 17:45:00,49,4184,2287,17,45,60.0,21000.0,0.005833333333333334
2024-05-01 17:46:00,94,1391,967,17,46,25.566000000000003,10669.8,0.002963833333333333
2024-05-01 17:47:00,88,1688,484,17,47,13.788000000000002,7136.4000000000015,0.0019823333333333338
2024-05-01 17:48:00,100,1073,2116,17,48,53.973000000000006,19191.9,0.0053310833333333335
2024-05-01 17:49:00,133,3671,1000,17,49,28.671,11601.300000000001,0.003222583333333334
2024-05-01 17:50:00,40,2729,2065,17,50,54.354,19306.2,0.005362833333333333
2024-05-01 17:51:00,100,2738,1705,17,51,45.363,16608.899999999998,0.004613583333333332
2024-05-01 17:52:00,121,1328,1684,17,52,43.428000000000004,16028.400000000001,0.004452333333333333
2024-05-01 17:53:00,40,3857,643,17,53,19.932,8979.6,0.0024943333333333336
2024-05-01 17:54:00,79,3563,2074,17,54,55.413000000000004,19623.9,0.005451083333333334
2024-05-01 17:55:00,103,3236,805,17,55,23.361,10008.3,0.002780083333333333
2024-05-01 17:56:00,52,3947,565,17,56,18.072,8421.599999999999,0.002339333333333333
2024-05-01 17:57:00,109,2792,1876,17,57,49.69200000000001,17907.600000000006,0.004974333333333335
2024-05-01 17:58:00,136,1304,481,17,58,13.329,6998.700000000001,0.0019440833333333335
2024-05-01 17:59:00,106,1835,2158,17,59,55.785000000000004,19735.5,0.005482083333333334
2024-05-01 18:00:00,61,2204,1915,18,0,50.079,18023.7,0.005006583333333333
2024-05-01 18:01:00,70,3878,1273,18,1,35.703,13710.900000000001,0.0038085833333333335
2024-05-01 18:02:00,100,2435,1891,18,2,49.71000000000001,17913.000000000004,0.004975833333333335
2024-05-01 18:03:00,22,1790,2206,18,3,56.940000000000005,20082.0,0.005578333333333334
2024-05-01 18:04:00,55,4085,2014,18,4,54.435,19330.5,0.005369583333333333
2024-05-01 18:05:00,34,3605,760,18,5,22.605,9781.5,0.0027170833333333335
2024-05-01 18:06:00,100,1481,1702,18,6,44.031000000000006,16209.300000000001,0.004502583333333333
2024-05-01 18:07:00,118,2084,1825,18,7,47.709,17312.7,0.004809083333333334
2024-05-01 18:08:00,85,3494,1285,18,8,35.619,13685.699999999999,0.003801583333333333
2024-05-01 18:09:00,94,2867,1333,18,9,36.192,13857.6,0.0038493333333333335
2024-05-01 18:10:00,37,980,2026,18,10,51.63,18489.0,0.005135833333333333
2024-05-01 18:11:00,100,2720,922,18,11,25.77,10731.0,0.002980833333333333
2024-05-01 18:12:00,43,1667,1846,18,12,47.81700000000001,17345.100000000006,0.004818083333333335
2024-05-01 18:13:00,73,2060,913,18,13,24.885,10465.5,0.002907083333333333
2024-05-01 18:14:00,106,1670,1810,18,14,46.92,17076.0,0.004743333333333333
2024-05-01 18:15:00,124,4070,1351,18,15,37.845,14353.5,0.003987083333333333
2024-05-01 18:16:00,61,3725,1216,18,16,34.125,13237.5,0.0036770833333333334
2024-05-01 18:17:00,64,938,1735,18,17,44.313,16293.900000000001,0.004526083333333333
2024-05-01 18:18:00,61,2978,589,18,18,17.703000000000003,8310.900000000001,0.002308583333333334
2024-05-01 18:19:00,115,2489,1684,18,19,44.589,16376.699999999999,0.004549083333333333
2024-05-01 18:20:00,61,4142,2014,18,20,54.492000000000004,19347.600000000002,0.005374333333333334
2024-05-01 18:21:00,46,3626,1579,18,21,43.101,15930.300000000001,0.004425083333333334
2024-05-01 18:22:00,25,1412,2104,18,22,54.012,19203.600000000002,0.005334333333333334
2024-05-01 18:23:00,130,2246,2152,18,23,56.04600000000001,19813.800000000003,0.0055038333333333345
2024-05-01 18:24:00,85,3560,1549,18,24,42.285000000000004,15685.500000000002,0.0043570833333333335
2024-05-01 18:25:00,28,3962,1264,18,25,35.562000000000005,13668.600000000002,0.003796833333333334
2024-05-01 18:26:00,31,1193,1951,18,26,49.968,17990.4,0.004997333333333334
2024-05-01 18:27:00,49,4250,1039,18,27,30.225,12067.5,0.0033520833333333332
2024-05-01 18:28:00,76,3440,1879,18,28,50.415,18124.5,0.005034583333333334
2024-05-01 18:29:00,127,3125,868,18,29,24.825000000000003,10447.500000000002,0.0029020833333333338
2024-05-01 18:30:00,82,4355,1378,18,30,38.80500000000001,14641.500000000002,0.004067083333333334
2024-05-01 18:31:00,25,3374,868,18,31,25.074,10522.2,0.0029228333333333337
2024-05-01 18:32:00,100,1031,1072,18,32,27.831,11349.3,0.003152583333333333
2024-05-01 18:33:00,133,3035,2221,18,33,58.56,20568.0,0.005713333333333333
2024-05-01 18:34:00,55,2975,1528,18,34,41.175000000000004,15352.500000000002,0.004264583333333334
2024-05-01 18:35:00,82,1319,1129,18,35,29.544,11863.199999999999,0.003295333333333333
2024-05-01 18:36:00,127,1115,2257,18,36,57.540000000000006,20262.000000000004,0.005628333333333334
2024-05-01 18:37:00,43,1031,2020,18,37,51.531,18459.3,0.005127583333333333
2024-05-01 18:38:00,37,4103,2038,18,38,55.053000000000004,19515.9,0.005421083333333333
2024-05-01 18:39:00,43,3647,1933,18,39,51.972,18591.600000000002,0.005164333333333334
2024-05-01 18:40:00,19,3110,565,18,40,17.235,8170.5,0.0022695833333333335
2024-05-01 18:41:00,133,1718,1009,18,41,26.943,11082.900000000001,0.0030785833333333338
2024-05-01 18:42:00,85,2909,1717,18,42,45.834,16750.2,0.0046528333333333335
2024-05-01 18:43:00,82,2063,1738,18,43,45.513000000000005,16653.9,0.004626083333333334
2024-05-01 18:44:00,34,1754,1963,18,44,50.829,18248.7,0.005069083333333333
2024-05-01 18:45:00,70,3755,1948,18,45,52.455000000000005,18736.500000000004,0.0052045833333333345
2024-05-01 18:46:00,70,2906,1348,18,46,36.606,13981.8,0.0038838333333333333
2024-05-01 18:47:00,34,4241,1834,18,47,50.091,18027.300000000003,0.005007583333333334
2024-05-01 18:48:00,16,4214,1777,18,48,48.639,17591.7,0.004886583333333334
2024-05-01 18:49:00,115,2417,454,18,49,13.767000000000001,7130.1,0.0019805833333333333
2024-05-01 18:50:00,49,3734,820,18,50,24.234,10270.2,0.0028528333333333335
2024-05-01 18:51:00,37,3551,1129,18,51,31.776000000000003,12532.8,0.0034813333333333332
2024-05-01 18:52:00,88,4295,1990,18,52,54.045,19213.5,0.0053370833333333334
2024-05-01 18:53:00,28,1130,2254,18,53,57.480000000000004,20244.0,0.0056233333333333335
2024-05-01 18:54:00,73,3824,1051,18,54,30.099000000000004,12029.7,0.0033415833333333336
2024-05-01 18:55:00,109,3794,1150,18,55,32.544,12763.2,0.0035453333333333335
2024-05-01 18:56:00,58,3902,1618,18,56,44.352000000000004,16305.6,0.004529333333333333
2024-05-01 18:57:00,37,3026,1021,18,57,28.551000000000002,11565.3,0.003212583333333333
2024-05-01 18:58:00,46,2171,571,18,58,16.446,7933.800000000001,0.0022038333333333337
2024-05-01 18:59:00,70,2066,742,18,59,20.616,9184.8,0.002551333333333333
2024-05-01 19:00:00,23,680,940,19,0,24.18,10254.0,0.0028483333333333334
2024-05-01 19:01:00,14,701,974,19,1,25.051000000000002,10515.3,0.0029209166666666663
2024-05-01 19:02:00,65,1079,943,19,2,24.654000000000003,10396.2,0.0028878333333333334
2024-05-01 19:03:00,19,1659,254,19,3,8.009,5402.700000000001,0.0015007500000000001
2024-05-01 19:04:00,55,1427,745,19,4,20.052,9015.6,0.0025043333333333332
2024-05-01 19:05:00,11,1542,1055,19,5,27.917,11375.1,0.0031597500000000002
2024-05-01 19:06:00,52,1700,1040,19,6,27.7,11310.0,0.0031416666666666667
2024-05-01 19:07:00,17,470,779,19,7,19.945,8983.5,0.0024954166666666666
2024-05-01 19:08:00,20,893,634,19,8,16.743000000000002,8022.9000000000015,0.0022285833333333337
2024-05-01 19:09:00,61,1475,472,19,9,13.275,6982.5,0.0019395833333333333
2024-05-01 19:10:00,62,657,571,19,10,14.932,7479.6,0.002077666666666667
2024-05-01 19:11:00,62,1910,919,19,11,24.885,10465.5,0.002907083333333333
2024-05-01 19:12:00,19,651,586,19,12,15.301,7590.3,0.002108416666666667
2024-05-01 19:13:00,25,1655,437,19,13,12.58,6774.0,0.0018816666666666667
2024-05-01 19:14:00,55,1373,521,19,14,14.398,7319.400000000001,0.0020331666666666666
2024-05-01 19:15:00,41,566,562,19,15,14.616000000000001,7384.8,0.0020513333333333334
2024-05-01 19:16:00,61,1128,463,19,16,12.703000000000001,6810.9,0.0018919166666666665
2024-05-01 19:17:00,49,1520,254,19,17,7.870000000000001,5361.0,0.0014891666666666666
2024-05-01 19:18:00,11,1380,1040,19,18,27.38,11214.0,0.003115
2024-05-01 19:19:00,10,1428,1049,19,19,27.653000000000002,11295.900000000001,0.0031377500000000003
2024-05-01 19:20:00,50,1787,836,19,20,22.687,9806.1,0.0027239166666666666
2024-05-01 19:21:00,34,1376,1036,19,21,27.276000000000003,11182.8,0.0031063333333333333
2024-05-01 19:22:00,8,1068,500,19,22,13.568,7070.4,0.001964
2024-05-01 19:23:00,64,1938,892,19,23,24.238,10271.4,0.0028531666666666666
2024-05-01 19:24:00,20,969,302,19,24,8.519,5555.700000000001,0.0015432500000000001
2024-05-01 19:25:00,8,794,347,19,25,9.469000000000001,5840.700000000001,0.001622416666666667
2024-05-01 19:26:00,20,1497,512,19,26,14.297,7289.1,0.00202475
2024-05-01 19:27:00,16,1662,527,19,27,14.837000000000002,7451.1,0.00206975
2024-05-01 19:28:00,10,2108,697,19,28,19.533,8859.9,0.0024610833333333334
2024-05-01 19:29:00,26,1623,1019,19,29,27.098000000000003,11129.400000000001,0.0030915000000000005
2024-05-01 19:30:00,17,2067,950,19,30,25.817,10745.1,0.00298475
2024-05-01 19:31:00,40,1842,709,19,31,19.567,8870.1,0.0024639166666666668
2024-05-01 19:32:00,58,1665,1027,19,32,27.34,11202.0,0.0031116666666666667
2024-05-01 19:33:00,61,1553,812,19,33,21.853,9555.9,0.0026544166666666665
2024-05-01 19:34:00,52,1217,340,19,34,9.717,5915.1,0.0016430833333333334
2024-05-01 19:35:00,59,1371,251,19,35,7.646000000000001,5293.8,0.0014705
2024-05-01 19:36:00,59,1970,244,19,36,8.07,5421.0,0.0015058333333333334
2024-05-01 19:37:00,34,1263,397,19,37,11.188,6356.4,0.0017656666666666665
2024-05-01 19:38:00,55,530,269,19,38,7.255000000000001,5176.5,0.0014379166666666668
2024-05-01 19:39:00,17,617,491,19,39,12.892,6867.6,0.0019076666666666667
2024-05-01 19:40:00,62,1394,479,19,40,13.369000000000002,7010.700000000001,0.001947416666666667
2024-05-01 19:41:00,47,1374,982,19,41,25.924,10777.199999999999,0.002993666666666666
2024-05-01 19:42:00,17,1907,970,19,42,26.157,10847.1,0.0030130833333333333
2024-05-01 19:43:00,62,2025,422,19,43,12.575000000000001,6772.5,0.00188125
2024-05-01 19:44:00,19,1122,977,19,44,25.547,10664.1,0.00296225
2024-05-01 19:45:00,35,1116,325,19,45,9.241,5772.299999999999,0.0016034166666666664
2024-05-01 19:46:00,11,1154,443,19,46,12.229000000000001,6668.700000000001,0.001852416666666667
2024-05-01 19:47:00,55,753,592,19,47,15.553,7665.900000000001,0.0021294166666666666
2024-05-01 19:48:00,44,2007,917,19,48,24.932000000000002,10479.6,0.002911
2024-05-01 19:49:00,59,2049,757,19,49,20.974,9292.199999999999,0.0025811666666666665
2024-05-01 19:50:00,35,1077,233,19,50,6.902,5070.6,0.0014085
2024-05-01 19:51:00,13,456,427,19,51,11.131,6339.299999999999,0.0017609166666666665
2024-05-01 19:52:00,34,1293,527,19,52,14.468,7340.4,0.002039
2024-05-01 19:53:00,14,1010,758,19,53,19.96,8988.0,0.0024966666666666666
2024-05-01 19:54:00,28,488,901,19,54,23.013,9903.9,0.0027510833333333332
2024-05-01 19:55:00,38,1880,313,19,55,9.705,5911.5,0.0016420833333333333
2024-05-01 19:56:00,37,1220,496,19,56,13.620000000000001,7086.0,0.0019683333333333332
2024-05-01 19:57:00,34,1464,355,19,57,10.339,6101.700000000001,0.0016949166666666668
2024-05-01 19:58:00,23,543,292,19,58,7.843000000000001,5352.9,0.0014869166666666666
2024-05-01 19:59:00,28,1503,638,19,59,17.453000000000003,8235.900000000001,0.0022877500000000003
2024-05-01 20:00:00,25,1919,478,20,0,13.869000000000002,7160.700000000001,0.0019890833333333336
2024-05-01 20:01:00,49,609,584,20,1,15.209000000000001,7562.700000000001,0.00210075
2024-05-01 20:02:00,40,501,280,20,2,7.501,5250.3,0.0014584166666666667
2024-05-01 20:03:00,31,500,472,20,3,12.3,6690.0,0.0018583333333333334
2024-05-01 20:04:00,40,1617,493,20,4,13.942,7182.6,0.001995166666666667
2024-05-01 20:05:00,10,491,824,20,5,21.091,9327.300000000001,0.002590916666666667
2024-05-01 20:06:00,8,1749,608,20,6,16.949,8084.700000000001,0.0022457500000000004
2024-05-01 20:07:00,41,1917,766,20,7,21.067000000000004,9320.100000000002,0.0025889166666666673
2024-05-01 20:08:00,8,1692,637,20,8,17.617,8285.1,0.002301416666666667
2024-05-01 20:09:00,34,1181,1090,20,9,28.431,11529.300000000001,0.0032025833333333338
2024-05-01 20:10:00,16,873,256,20,10,7.273000000000001,5181.9,0.0014394166666666665
2024-05-01 20:11:00,11,480,428,20,11,11.180000000000001,6354.0,0.001765
2024-05-01 20:12:00,53,1250,617,20,12,16.675,8002.5,0.002222916666666667
2024-05-01 20:13:00,55,1355,562,20,13,15.405000000000001,7621.5,0.0021170833333333332
2024-05-01 20:14:00,31,654,697,20,14,18.079,8423.7,0.002339916666666667
2024-05-01 20:15:00,14,1202,674,20,15,18.052,8415.6,0.0023376666666666667
2024-05-01 20:16:00,17,777,349,20,16,9.501999999999999,5850.6,0.0016251666666666667
2024-05-01 20:17:00,44,1461,844,20,17,22.561,9768.300000000001,0.002713416666666667
2024-05-01 20:18:00,38,1008,683,20,18,18.083,8424.9,0.00234025
2024-05-01 20:19:00,50,1563,982,20,19,26.113,10833.9,0.0030094166666666668
2024-05-01 20:20:00,38,1583,524,20,20,14.683000000000002,7404.9,0.0020569166666666665
2024-05-01 20:21:00,41,1653,430,20,21,12.403,6720.9,0.0018669166666666665
2024-05-01 20:22:00,13,1308,995,20,22,26.183,10854.9,0.0030152499999999997
2024-05-01 20:23:00,19,1224,1024,20,23,26.824,11047.2,0.003068666666666667
2024-05-01 20:24:00,29,603,734,20,24,18.953000000000003,8685.900000000001,0.0024127500000000004
2024-05-01 20:25:00,25,1697,658,20,25,18.147,8444.1,0.0023455833333333336
2024-05-01 20:26:00,47,1448,808,20,26,21.648000000000003,9494.400000000001,0.0026373333333333335
2024-05-01 20:27:00,13,1293,374,20,27,10.642999999999999,6192.9,0.00172025
2024-05-01 20:28:00,52,1415,878,20,28,23.365000000000002,10009.5,0.0027804166666666667
2024-05-01 20:29:00,55,479,970,20,29,24.729,10418.699999999999,0.002894083333333333
2024-05-01 20:30:00,34,624,712,20,30,18.424,8527.2,0.002368666666666667
2024-05-01 20:31:00,34,455,851,20,31,21.73,9519.0,0.0026441666666666666
2024-05-01 20:32:00,34,1266,868,20,32,22.966,9889.800000000001,0.002747166666666667
2024-05-01 20:33:00,25,1827,1051,20,33,28.102000000000004,11430.6,0.003175166666666667
2024-05-01 20:34:00,28,669,529,20,34,13.894000000000002,7168.200000000001,0.0019911666666666667
2024-05-01 20:35:00,61,1422,367,20,35,10.597000000000001,6179.1,0.0017164166666666669
2024-05-01 20:36:00,40,1346,259,20,36,7.821000000000001,5346.300000000001,0.0014850833333333337
2024-05-01 20:37:00,34,1959,1022,20,37,27.509,11252.699999999999,0.0031257499999999996
2024-05-01 20:38:00,32,560,263,20,38,7.135,5140.5,0.0014279166666666667
2024-05-01 20:39:00,58,507,1054,20,39,26.857000000000003,11057.1,0.0030714166666666667
2024-05-01 20:40:00,26,1194,632,20,40,16.994,8098.2,0.0022494999999999998
2024-05-01 20:41:00,13,1242,235,20,41,7.117,5135.1,0.0014264166666666668
2024-05-01 20:42:00,28,1355,440,20,42,12.355,6706.5,0.0018629166666666666
2024-05-01 20:43:00,26,929,1012,20,43,26.229,10868.699999999999,0.003019083333333333
2024-05-01 20:44:00,11,522,538,20,44,13.972000000000001,7191.6,0.0019976666666666667
2024-05-01 20:45:00,14,1344,325,20,45,9.469,5840.699999999999,0.0016224166666666663
2024-05-01 20:46:00,37,1850,775,20,46,21.225,9367.5,0.0026020833333333334
2024-05-01 20:47:00,50,1962,274,20,47,8.812000000000001,5643.6,0.0015676666666666669
2024-05-01 20:48:00,55,1589,689,20,48,18.814,8644.2,0.002401166666666667
2024-05-01 20:49:00,55,876,361,20,49,9.901,5970.3,0.0016584166666666668
2024-05-01 20:50:00,58,1016,854,20,50,22.366,9709.8,0.0026971666666666663
2024-05-01 20:51:00,17,678,752,20,51,19.478,8843.4,0.0024565
2024-05-01 20:52:00,29,621,943,20,52,24.196,10258.800000000001,0.002849666666666667
2024-05-01 20:53:00,17,524,272,20,53,7.324000000000001,5197.200000000001,0.0014436666666666669
2024-05-01 20:54:00,34,1287,824,20,54,21.887,9566.1,0.00265725
2024-05-01 20:55:00,43,789,883,20,55,22.864000000000004,9859.2,0.002738666666666667
2024-05-01 20:56:00,44,1677,844,20,56,22.777,9833.1,0.0027314166666666667
2024-05-01 20:57:00,43,1913,928,20,57,25.113000000000003,10533.900000000001,0.002926083333333334
2024-05-01 20:58:00,26,509,220,20,58,6.009,4802.700000000001,0.0013340833333333336
2024-05-01 20:59:00,53,1551,250,20,59,7.801,5340.299999999999,0.0014834166666666665
2024-05-01 21:00:00,32,485,668,21,0,17.185,8155.5,0.002265416666666667
2024-05-01 21:01:00,47,465,403,21,1,10.540000000000001,6162.0,0.0017116666666666667
2024-05-01 21:02:00,41,1694,821,21,2,22.219,9665.7,0.002684916666666667
2024-05-01 21:03:00,53,590,610,21,3,15.84,7752.0,0.0021533333333333335
2024-05-01 21:04:00,50,1916,1028,21,4,27.616000000000003,11284.800000000001,0.003134666666666667
2024-05-01 21:05:00,37,561,350,21,5,9.311,5793.299999999999,0.0016092499999999998
2024-05-01 21:06:00,13,636,674,21,6,17.486,8245.8,0.0022905
2024-05-01 21:07:00,46,554,790,21,7,20.304,9091.199999999999,0.002525333333333333
2024-05-01 21:08:00,44,1452,509,21,8,14.177000000000001,7253.1,0.00201475
2024-05-01 21:09:00,35,1049,887,21,9,23.224,9967.199999999999,0.0027686666666666662
2024-05-01 21:10:00,22,756,586,21,10,15.406,7621.800000000001,0.002117166666666667
2024-05-01 21:11:00,50,1685,496,21,11,14.085,7225.5,0.0020070833333333334
2024-05-01 21:12:00,50,1389,490,21,12,13.639,7091.7,0.0019699166666666667
2024-05-01 21:13:00,8,1553,569,21,13,15.778000000000002,7733.4000000000015,0.002148166666666667
2024-05-01 21:14:00,13,1649,925,21,14,24.774,10432.199999999999,0.002897833333333333
2024-05-01 21:15:00,19,818,977,21,15,25.243000000000002,10572.900000000001,0.002936916666666667
2024-05-01 21:16:00,19,446,604,21,16,15.546000000000001,7663.8,0.0021288333333333333
2024-05-01 21:17:00,34,683,346,21,17,9.333,5799.9,0.0016110833333333333
2024-05-01 21:18:00,22,825,937,21,18,24.25,10275.0,0.0028541666666666667
2024-05-01 21:19:00,59,1199,635,21,19,17.074,8122.200000000001,0.0022561666666666667
2024-05-01 21:20:00,41,1715,326,21,20,9.865,5959.5,0.0016554166666666666
2024-05-01 21:21:00,53,864,232,21,21,6.664000000000001,4999.2,0.0013886666666666665
2024-05-01 21:22:00,58,1562,859,21,22,23.037000000000003,9911.1,0.0027530833333333335
2024-05-01 21:23:00,47,1251,649,21,23,17.476000000000003,8242.800000000001,0.002289666666666667
2024-05-01 21:24:00,31,1845,665,21,24,18.47,8541.0,0.0023725
2024-05-01 21:25:00,11,968,929,21,25,24.193,10257.900000000001,0.002849416666666667
2024-05-01 21:26:00,50,1713,464,21,26,13.313000000000002,6993.9000000000015,0.0019427500000000005
2024-05-01 21:27:00,8,1919,673,21,27,18.744,8623.2,0.0023953333333333335
2024-05-01 21:28:00,52,992,512,21,28,13.792000000000002,7137.6,0.001982666666666667
2024-05-01 21:29:00,49,482,581,21,29,15.007,7502.1,0.0020839166666666666
2024-05-01 21:30:00,46,1322,439,21,30,12.297,6689.1,0.0018580833333333333
2024-05-01 21:31:00,19,1622,761,21,31,20.647000000000002,9194.1,0.0025539166666666666
2024-05-01 21:32:00,47,1242,692,21,32,18.542,8562.6,0.0023785
2024-05-01 21:33:00,19,887,757,21,33,19.812,8943.6,0.0024843333333333336
2024-05-01 21:34:00,16,1550,907,21,34,24.225,10267.5,0.002852083333333333
2024-05-01 21:35:00,13,1695,862,21,35,23.245,9973.5,0.0027704166666666667
2024-05-01 21:36:00,44,711,833,21,36,21.536,9460.8,0.0026279999999999997
2024-05-01 21:37:00,49,872,475,21,37,12.747,6824.1,0.0018955833333333335
2024-05-01 21:38:00,43,807,805,21,38,20.932,9279.6,0.002577666666666667
2024-05-01 21:39:00,20,1142,439,21,39,12.117,6635.1,0.0018430833333333335
2024-05-01 21:40:00,58,581,976,21,40,24.981,10494.3,0.0029150833333333333
2024-05-01 21:41:00,43,1427,892,21,41,23.727,10118.1,0.0028105833333333333
2024-05-01 21:42:00,25,1205,235,21,42,7.08,5124.0,0.0014233333333333333
2024-05-01 21:43:00,11,1361,563,21,43,15.436000000000002,7630.8,0.002119666666666667
2024-05-01 21:44:00,53,1247,877,21,44,23.172,9951.6,0.0027643333333333335
2024-05-01 21:45:00,43,1095,949,21,45,24.82,10446.0,0.0029016666666666665
2024-05-01 21:46:00,55,1832,931,21,46,25.107000000000003,10532.1,0.0029255833333333334
2024-05-01 21:47:00,55,1539,883,21,47,23.614000000000004,10084.2,0.002801166666666667
2024-05-01 21:48:00,16,842,700,21,48,18.342,8502.6,0.0023618333333333334
2024-05-01 21:49:00,44,1475,628,21,49,17.175,8152.5,0.0022645833333333333
2024-05-01 21:50:00,50,1541,839,21,50,22.516000000000002,9754.8,0.0027096666666666666
2024-05-01 21:51:00,40,873,298,21,51,8.323,5496.9,0.0015269166666666667
2024-05-01 21:52:00,28,1112,818,21,52,21.562000000000005,9468.600000000002,0.0026301666666666674
2024-05-01 21:53:00,50,1874,529,21,53,15.099000000000002,7529.700000000001,0.0020915833333333337
2024-05-01 21:54:00,32,1745,935,21,54,25.12,10536.0,0.002926666666666667
2024-05-01 21:55:00,52,1736,367,21,55,10.911000000000001,6273.3,0.0017425833333333334
2024-05-01 21:56:00,55,1532,827,21,56,22.207,9662.1,0.002683916666666667
2024-05-01 21:57:00,44,1112,524,21,57,14.212000000000002,7263.6,0.0020176666666666667
2024-05-01 21:58:00,32,630,835,21,58,21.505,9451.5,0.0026254166666666665
2024-05-01 21:59:00,49,1668,496,21,59,14.068,7220.4,0.0020056666666666664
2024-05-01 22:00:00,31,566,608,22,0,15.766000000000002,7729.8,0.0021471666666666666
2024-05-01 22:01:00,47,1313,697,22,1,18.738,8621.4,0.002394833333333333
2024-05-01 22:02:00,31,1743,508,22,2,14.443000000000001,7332.9,0.0020369166666666665
2024-05-01 22:03:00,49,1455,356,22,3,10.355,6106.5,0.00169625
2024-05-01 22:04:00,37,1509,916,22,4,24.409000000000002,10322.7,0.002867416666666667
2024-05-01 22:05:00,26,621,323,22,5,8.696000000000002,5608.800000000001,0.0015580000000000004
2024-05-01 22:06:00,38,1502,313,22,6,9.327,5798.1,0.0016105833333333334
2024-05-01 22:07:00,29,819,839,22,7,21.794,9538.2,0.0026495000000000004
2024-05-01 22:08:00,32,461,736,22,8,18.861,8658.3,0.0024050833333333333
2024-05-01 22:09:00,29,963,473,22,9,12.788,6836.400000000001,0.001899
2024-05-01 22:10:00,34,1496,221,22,10,7.021000000000001,5106.3,0.0014184166666666668
2024-05-01 22:11:00,46,1427,368,22,11,10.627,6188.1,0.0017189166666666668
2024-05-01 22:12:00,34,1208,865,22,12,22.833,9849.9,0.0027360833333333334
2024-05-01 22:13:00,41,1712,311,22,13,9.487,5846.1,0.0016239166666666667
2024-05-01 22:14:00,46,434,527,22,14,13.609,7082.699999999999,0.0019674166666666664
2024-05-01 22:15:00,10,954,235,22,15,6.829,5048.700000000001,0.0014024166666666668
2024-05-01 22:16:00,16,1649,503,22,16,14.224,7267.199999999999,0.0020186666666666664
2024-05-01 22:17:00,14,1388,757,22,17,20.313000000000002,9093.900000000001,0.0025260833333333337
2024-05-01 22:18:00,8,753,386,22,18,10.403,6120.9,0.00170025
2024-05-01 22:19:00,37,1217,301,22,19,8.742,5622.6,0.0015618333333333335
2024-05-01 22:20:00,31,1709,916,22,20,24.609,10382.7,0.0028840833333333336
2024-05-01 22:21:00,13,1005,905,22,21,23.63,10089.0,0.0028025
2024-05-01 22:22:00,52,861,896,22,22,23.261000000000003,9978.300000000001,0.0027717500000000003
2024-05-01 22:23:00,44,684,736,22,23,19.084000000000003,8725.2,0.002423666666666667
2024-05-01 22:24:00,28,1232,358,22,24,10.182,6054.6,0.0016818333333333334
2024-05-01 22:25:00,29,1668,317,22,25,9.593,5877.9,0.0016327499999999999
2024-05-01 22:26:00,16,1809,449,22,26,13.034,6910.200000000001,0.0019195000000000002
2024-05-01 22:27:00,43,1556,823,22,27,22.131000000000004,9639.300000000001,0.0026775833333333335
2024-05-01 22:28:00,34,1286,521,22,28,14.311,7293.3,0.0020259166666666668
2024-05-01 22:29:00,7,443,533,22,29,13.768,7130.4,0.0019806666666666666
2024-05-01 22:30:00,44,1437,476,22,30,13.337,7001.099999999999,0.0019447499999999999
2024-05-01 22:31:00,53,921,397,22,31,10.846,6253.799999999999,0.0017371666666666664
2024-05-01 22:32:00,11,752,247,22,32,6.9270000000000005,5078.1,0.0014105833333333334
2024-05-01 22:33:00,49,672,760,22,33,19.672,8901.6,0.002472666666666667
2024-05-01 22:34:00,29,1208,860,22,34,22.708,9812.4,0.0027256666666666666
2024-05-01 22:35:00,10,1152,785,22,35,20.777,9233.1,0.00256475
2024-05-01 22:36:00,8,699,455,22,36,12.074,6622.2,0.0018395
2024-05-01 22:37:00,23,1751,695,22,37,19.126,8737.8,0.0024271666666666664
2024-05-01 22:38:00,23,809,446,22,38,11.959,6587.699999999999,0.0018299166666666663
2024-05-01 22:39:00,29,692,944,22,39,24.292,10287.6,0.0028576666666666668
2024-05-01 22:40:00,52,1388,715,22,40,19.263,8778.9,0.0024385833333333334
2024-05-01 22:41:00,7,1382,658,22,41,17.832,8349.6,0.0023193333333333334
2024-05-01 22:42:00,22,767,227,22,42,6.442000000000001,4932.6,0.0013701666666666667
2024-05-01 22:43:00,31,818,565,22,43,14.943,7482.9,0.0020785833333333333
2024-05-01 22:44:00,10,1014,245,22,44,7.139,5141.7,0.00142825
2024-05-01 22:45:00,25,411,385,22,45,10.036,6010.799999999999,0.0016696666666666665
2024-05-01 22:46:00,23,1631,664,22,46,18.231,8469.3,0.0023525833333333333
2024-05-01 22:47:00,13,801,391,22,47,10.576,6172.8,0.0017146666666666666
2024-05-01 22:48:00,53,746,829,22,48,21.471,9441.3,0.002622583333333333
2024-05-01 22:49:00,16,560,341,22,49,9.085,5725.5,0.0015904166666666666
2024-05-01 22:50:00,7,713,568,22,50,14.913,7473.900000000001,0.0020760833333333334
2024-05-01 22:51:00,8,857,749,22,51,19.582,8874.6,0.0024651666666666667
2024-05-01 22:52:00,29,1140,764,22,52,20.240000000000002,9072.0,0.00252
2024-05-01 22:53:00,38,1392,728,22,53,19.592,8877.6,0.0024660000000000003
2024-05-01 22:54:00,35,1013,289,22,54,8.238000000000001,5471.400000000001,0.0015198333333333335
2024-05-01 22:55:00,41,819,682,22,55,17.869,8360.7,0.002322416666666667
2024-05-01 22:56:00,23,1250,556,22,56,15.15,7545.0,0.0020958333333333332
2024-05-01 22:57:00,19,1401,491,22,57,13.676,7102.8,0.001973
2024-05-01 22:58:00,31,1605,473,22,58,13.430000000000001,7029.000000000001,0.0019525000000000002
2024-05-01 22:59:00,37,597,373,22,59,9.922,5976.6,0.0016601666666666668
2024-05-01 23:00:00,10,133,120,23,0,3.133,3939.8999999999996,0.0010944166666666665
2024-05-01 23:01:00,8,313,164,23,1,4.413,4323.900000000001,0.0012010833333333335
2024-05-01 23:02:00,6,266,179,23,2,4.7410000000000005,4422.3,0.0012284166666666667
2024-05-01 23:03:00,10,286,106,23,3,2.9360000000000004,3880.8,0.001078
2024-05-01 23:04:00,3,122,94,23,4,2.472,3741.6000000000004,0.0010393333333333335
2024-05-01 23:05:00,10,342,182,23,5,4.8919999999999995,4467.6,0.0012410000000000001
2024-05-01 23:06:00,9,166,191,23,6,4.941000000000001,4482.3,0.0012450833333333333
2024-05-01 23:07:00,3,360,151,23,7,4.135000000000001,4240.5,0.0011779166666666667
2024-05-01 23:08:00,8,235,200,23,8,5.235,4570.5,0.0012695833333333333
2024-05-01 23:09:00,4,277,162,23,9,4.327,4298.1,0.0011939166666666667
2024-05-01 23:10:00,8,299,166,23,10,4.449000000000001,4334.700000000001,0.0012040833333333335
2024-05-01 23:11:00,5,377,136,23,11,3.777,4133.1,0.0011480833333333334
2024-05-01 23:12:00,10,349,100,23,12,2.849,3854.7,0.0010707499999999999
2024-05-01 23:13:00,2,165,184,23,13,4.765000000000001,4429.5,0.0012304166666666668
2024-05-01 23:14:00,8,286,110,23,14,3.036,3910.7999999999997,0.0010863333333333332
2024-05-01 23:15:00,4,164,142,23,15,3.7140000000000004,4114.200000000001,0.0011428333333333336
2024-05-01 23:16:00,8,308,180,23,16,4.808,4442.4,0.0012339999999999999
2024-05-01 23:17:00,5,271,85,23,17,2.396,3718.7999999999997,0.0010329999999999998
2024-05-01 23:18:00,9,221,82,23,18,2.2710000000000004,3681.3,0.0010225833333333335
2024-05-01 23:19:00,8,171,87,23,19,2.346,3703.7999999999997,0.0010288333333333332
2024-05-01 23:20:00,6,130,159,23,20,4.105,4231.5,0.0011754166666666666
2024-05-01 23:21:00,5,333,195,23,21,5.208,4562.4,0.0012673333333333332
2024-05-01 23:22:00,3,264,89,23,22,2.489,3746.7000000000003,0.00104075
2024-05-01 23:23:00,7,257,127,23,23,3.4320000000000004,4029.6000000000004,0.0011193333333333335
2024-05-01 23:24:00,8,343,175,23,24,4.718,4415.4,0.0012265
2024-05-01 23:25:00,7,326,123,23,25,3.4010000000000002,4020.3,0.0011167500000000001
2024-05-01 23:26:00,9,202,165,23,26,4.327,4298.1,0.0011939166666666667
2024-05-01 23:27:00,7,256,116,23,27,3.1560000000000006,3946.8,0.0010963333333333335
2024-05-01 23:28:00,8,287,156,23,28,4.187,4256.1,0.0011822500000000001
2024-05-01 23:29:00,8,131,156,23,29,4.031000000000001,4209.3,0.0011692500000000002
2024-05-01 23:30:00,4,350,180,23,30,4.85,4455.0,0.0012375
2024-05-01 23:31:00,10,161,109,23,31,2.886,3865.7999999999997,0.0010738333333333333
2024-05-01 23:32:00,2,119,74,23,32,1.969,3590.7,0.0009974166666666666
2024-05-01 23:33:00,2,150,186,23,33,4.800000000000001,4440.0,0.0012333333333333332
2024-05-01 23:34:00,4,272,136,23,34,3.6720000000000006,4101.6,0.0011393333333333333
2024-05-01 23:35:00,5,343,139,23,35,3.818,4145.4,0.0011515
2024-05-01 23:36:00,7,293,93,23,36,2.6180000000000003,3785.4,0.0010515
2024-05-01 23:37:00,6,336,98,23,37,2.786,3835.7999999999997,0.0010654999999999998
2024-05-01 23:38:00,10,182,101,23,38,2.7070000000000003,3812.1000000000004,0.0010589166666666668
2024-05-01 23:39:00,4,231,132,23,39,3.531,4059.3,0.0011275833333333333
2024-05-01 23:40:00,2,369,173,23,40,4.694,4408.2,0.0012245
2024-05-01 23:41:00,10,303,61,23,41,1.828,3548.4,0.0009856666666666666
2024-05-01 23:42:00,2,241,61,23,42,1.766,3529.8,0.0009805
2024-05-01 23:43:00,2,309,173,23,43,4.634,4390.200000000001,0.0012195
2024-05-01 23:44:00,4,354,143,23,44,3.9290000000000003,4178.7,0.0011607499999999999
2024-05-01 23:45:00,4,296,191,23,45,5.071000000000001,4521.3,0.0012559166666666667
2024-05-01 23:46:00,2,260,176,23,46,4.66,4398.0,0.0012216666666666667
2024-05-01 23:47:00,10,150,130,23,47,3.4,4020.0,0.0011166666666666666
2024-05-01 23:48:00,3,218,111,23,48,2.9930000000000003,3897.9,0.00108275
2024-05-01 23:49:00,3,125,191,23,49,4.9,4470.0,0.0012416666666666667
2024-05-01 23:50:00,7,364,169,23,50,4.589,4376.700000000001,0.0012157500000000003
2024-05-01 23:51:00,3,300,156,23,51,4.2,4260.0,0.0011833333333333333
2024-05-01 23:52:00,4,356,84,23,52,2.456,3736.7999999999997,0.0010379999999999999
2024-05-01 23:53:00,10,305,119,23,53,3.2800000000000002,3984.0,0.0011066666666666666
2024-05-01 23:54:00,7,336,177,23,54,4.761,4428.3,0.0012300833333333335
2024-05-01 23:55:00,6,303,90,23,55,2.553,3765.9000000000005,0.0010460833333333335
2024-05-01 23:56:00,3,125,134,23,56,3.475,4042.5,0.0011229166666666666
2024-05-01 23:57:00,8,179,92,23,57,2.479,3743.7000000000003,0.0010399166666666666
2024-05-01 23:58:00,7,359,69,23,58,2.084,3625.2,0.0010069999999999999
2024-05-01 23:59:00,5,344,149,23,59,4.069,4220.7,0.0011724166666666667
2024-05-02 00:00:00,7,290,170,0,0,4.54,4362.0,0.0012116666666666667
2024-05-02 00:01:00,5,203,145,0,1,3.828,4148.4,0.0011523333333333333
2024-05-02 00:02:00,8,124,70,0,2,1.874,3562.2,0.0009895
2024-05-02 00:03:00,6,300,127,0,3,3.475,4042.5,0.0011229166666666666
2024-05-02 00:04:00,5,266,81,0,4,2.291,3687.3,0.00102425
2024-05-02 00:05:00,6,299,160,0,5,4.299,4289.700000000001,0.0011915833333333336
2024-05-02 00:06:00,9,227,167,0,6,4.402,4320.6,0.0012001666666666669
2024-05-02 00:07:00,4,329,61,0,7,1.854,3556.2000000000003,0.0009878333333333334
2024-05-02 00:08:00,7,315,150,0,8,4.065,4219.5,0.0011720833333333334
2024-05-02 00:09:00,9,158,150,0,9,3.908,4172.4,0.0011589999999999999
2024-05-02 00:10:00,4,176,152,0,10,3.9760000000000004,4192.8,0.0011646666666666667
2024-05-02 00:11:00,5,181,157,0,11,4.106,4231.799999999999,0.0011755
2024-05-02 00:12:00,6,137,116,0,12,3.0370000000000004,3911.1000000000004,0.0010864166666666667
2024-05-02 00:13:00,4,245,70,0,13,1.995,3598.5,0.0009995833333333332
2024-05-02 00:14:00,8,313,88,0,14,2.5130000000000003,3753.9,0.00104275
2024-05-02 00:15:00,6,123,171,0,15,4.398000000000001,4319.4,0.0011998333333333331
2024-05-02 00:16:00,7,353,84,0,16,2.4530000000000003,3735.9,0.00103775
2024-05-02 00:17:00,4,156,162,0,17,4.2059999999999995,4261.799999999999,0.0011838333333333332
2024-05-02 00:18:00,4,331,167,0,18,4.506,4351.8,0.0012088333333333335
2024-05-02 00:19:00,6,177,128,0,19,3.3770000000000002,4013.1000000000004,0.00111475
2024-05-02 00:20:00,4,334,107,0,20,3.0090000000000003,3902.7000000000003,0.0010840833333333334
2024-05-02 00:21:00,4,133,140,0,21,3.633,4089.8999999999996,0.0011360833333333331
2024-05-02 00:22:00,7,180,185,0,22,4.805,4441.5,0.00123375
2024-05-02 00:23:00,8,220,152,0,23,4.0200000000000005,4206.0,0.0011683333333333333
2024-05-02 00:24:00,8,264,121,0,24,3.2890000000000006,3986.7,0.0011074166666666667
2024-05-02 00:25:00,2,257,77,0,25,2.182,3654.6,0.0010151666666666666
2024-05-02 00:26:00,8,181,145,0,26,3.806,4141.8,0.0011505
2024-05-02 00:27:00,6,216,131,0,27,3.4910000000000005,4047.3,0.00112425
2024-05-02 00:28:00,8,331,175,0,28,4.706,4411.8,0.0012255
2024-05-02 00:29:00,7,179,67,0,29,1.854,3556.2000000000003,0.0009878333333333334
2024-05-02 00:30:00,9,150,130,0,30,3.4,4020.0,0.0011166666666666666
2024-05-02 00:31:00,4,191,158,0,31,4.141,4242.3,0.0011784166666666668
2024-05-02 00:32:00,7,241,142,0,32,3.7910000000000004,4137.3,0.00114925
2024-05-02 00:33:00,2,116,73,0,33,1.9410000000000003,3582.3,0.0009950833333333333
2024-05-02 00:34:00,6,139,69,0,34,1.864,3559.2000000000003,0.0009886666666666668
2024-05-02 00:35:00,5,214,163,0,35,4.289000000000001,4286.7,0.00119075
2024-05-02 00:36:00,5,262,64,0,36,1.862,3558.6000000000004,0.0009885
2024-05-02 00:37:00,7,250,67,0,37,1.925,3577.5,0.00099375
2024-05-02 00:38:00,8,302,92,0,38,2.6020000000000003,3780.6,0.0010501666666666667
2024-05-02 00:39:00,3,210,177,0,39,4.635,4390.5,0.0012195833333333334
2024-05-02 00:40:00,2,190,68,0,40,1.8900000000000001,3567.0,0.0009908333333333334
2024-05-02 00:41:00,7,233,103,0,41,2.8080000000000003,3842.4,0.0010673333333333333
2024-05-02 00:42:00,6,179,77,0,42,2.104,3631.2000000000003,0.0010086666666666668
2024-05-02 00:43:00,9,129,88,0,43,2.329,3698.7000000000003,0.0010274166666666667
2024-05-02 00:44:00,1,177,61,0,44,1.7020000000000002,3510.6000000000004,0.0009751666666666667
2024-05-02 00:45:00,9,339,129,0,45,3.564,4069.2000000000003,0.0011303333333333335
2024-05-02 00:46:00,3,218,150,0,46,3.968,4190.4,0.0011639999999999999
2024-05-02 00:47:00,2,166,112,0,47,2.966,3889.8,0.0010805
2024-05-02 00:48:00,4,332,150,0,48,4.082,4224.6,0.0011735
2024-05-02 00:49:00,3,301,75,0,49,2.176,3652.7999999999997,0.0010146666666666665
2024-05-02 00:50:00,9,312,137,0,50,3.737,4121.1,0.0011447500000000002
2024-05-02 00:51:00,6,332,99,0,51,2.807,3842.1,0.00106725
2024-05-02 00:52:00,4,117,71,0,52,1.8920000000000001,3567.5999999999995,0.000991
2024-05-02 00:53:00,6,176,171,0,53,4.4510000000000005,4335.3,0.00120425
2024-05-02 00:54:00,9,329,125,0,54,3.454,4036.2000000000003,0.0011211666666666668
2024-05-02 00:55:00,3,263,147,0,55,3.938,4181.4,0.0011615
2024-05-02 00:56:00,9,234,102,0,56,2.7840000000000003,3835.2000000000003,0.0010653333333333335
2024-05-02 00:57:00,5,191,170,0,57,4.441,4332.299999999999,0.0012034166666666664
2024-05-02 00:58:00,8,261,103,0,58,2.8360000000000003,3850.8,0.0010696666666666667
2024-05-02 00:59:00,5,176,86,0,59,2.326,3697.7999999999997,0.0010271666666666667
2024-05-02 01:00:00,8,229,102,1,0,2.7790000000000004,3833.7,0.0010649166666666667
2024-05-02 01:01:00,8,286,61,1,1,1.8110000000000002,3543.2999999999997,0.0009842499999999999
2024-05-02 01:02:00,5,193,136,1,2,3.5930000000000004,4077.9,0.00113275
2024-05-02 01:03:00,3,184,137,1,3,3.6090000000000004,4082.7,0.0011340833333333333
2024-05-02 01:04:00,3,213,117,1,4,3.1380000000000003,3941.4,0.0010948333333333333
2024-05-02 01:05:00,6,326,61,1,5,1.8510000000000002,3555.2999999999997,0.0009875833333333332
2024-05-02 01:06:00,6,324,62,1,6,1.874,3562.2,0.0009895
2024-05-02 01:07:00,6,281,101,1,7,2.8060000000000005,3841.8,0.0010671666666666668
2024-05-02 01:08:00,4,209,79,1,8,2.184,3655.2000000000003,0.0010153333333333334
2024-05-02 01:09:00,4,169,173,1,9,4.494,4348.2,0.0012078333333333333
2024-05-02 01:10:00,2,323,151,1,10,4.098000000000001,4229.4,0.0011748333333333333
2024-05-02 01:11:00,3,119,133,1,11,3.4440000000000004,4033.2,0.0011203333333333332
2024-05-02 01:12:00,4,278,84,1,12,2.378,3713.4,0.0010315
2024-05-02 01:13:00,7,159,162,1,13,4.209,4262.7,0.0011840833333333332
2024-05-02 01:14:00,3,316,165,1,14,4.441,4332.299999999999,0.0012034166666666664
2024-05-02 01:15:00,8,265,70,1,15,2.015,3604.5,0.00100125
2024-05-02 01:16:00,7,193,124,1,16,3.293,3987.8999999999996,0.0011077499999999998
2024-05-02 01:17:00,2,323,151,1,17,4.098000000000001,4229.4,0.0011748333333333333
2024-05-02 01:18:00,4,234,64,1,18,1.834,3550.2,0.0009861666666666667
2024-05-02 01:19:00,7,144,155,1,19,4.019,4205.700000000001,0.0011682500000000002
2024-05-02 01:20:00,2,284,157,1,20,4.2090000000000005,4262.7,0.0011840833333333332
2024-05-02 01:21:00,4,199,64,1,21,1.7990000000000002,3539.7000000000003,0.0009832500000000002
2024-05-02 01:22:00,8,263,134,1,22,3.613,4083.8999999999996,0.0011344166666666666
2024-05-02 01:23:00,3,178,153,1,23,4.003,4200.9,0.0011669166666666666
2024-05-02 01:24:00,4,257,58,1,24,1.7070000000000003,3512.1000000000004,0.0009755833333333334
2024-05-02 01:25:00,7,227,115,1,25,3.102,3930.6000000000004,0.0010918333333333333
2024-05-02 01:26:00,5,116,135,1,26,3.491,4047.3,0.00112425
2024-05-02 01:27:00,3,189,137,1,27,3.6140000000000003,4084.2000000000003,0.0011345
2024-05-02 01:28:00,6,298,79,1,28,2.273,3681.9,0.00102275
2024-05-02 01:29:00,2,146,156,1,29,4.046,4213.8,0.0011705
2024-05-02 01:30:00,7,161,128,1,30,3.361,4008.3,0.0011134166666666666
2024-05-02 01:31:00,2,321,102,1,31,2.8710000000000004,3861.3,0.0010725833333333334
2024-05-02 01:32:00,8,225,89,1,32,2.45,3735.0,0.0010375
2024-05-02 01:33:00,2,222,132,1,33,3.5220000000000002,4056.6000000000004,0.0011268333333333334
2024-05-02 01:34:00,6,157,122,1,34,3.2070000000000003,3962.1000000000004,0.0011005833333333334
2024-05-02 01:35:00,8,227,164,1,35,4.327000000000001,4298.1,0.0011939166666666667
2024-05-02 01:36:00,4,234,124,1,36,3.334,4000.2,0.0011111666666666666
2024-05-02 01:37:00,7,311,115,1,37,3.186,3955.7999999999997,0.0010988333333333332
2024-05-02 01:38:00,3,263,161,1,38,4.288,4286.400000000001,0.001190666666666667
2024-05-02 01:39:00,3,172,101,1,39,2.6970000000000005,3809.1,0.0010580833333333334
2024-05-02 01:40:00,7,184,124,1,40,3.2840000000000003,3985.2000000000003,0.0011070000000000001
2024-05-02 01:41:00,3,275,98,1,41,2.725,3817.5,0.0010604166666666668
2024-05-02 01:42:00,3,116,79,1,42,2.091,3627.2999999999997,0.0010075833333333332
2024-05-02 01:43:00,4,254,95,1,43,2.629,3788.7000000000003,0.0010524166666666668
2024-05-02 01:44:00,4,278,111,1,44,3.0530000000000004,3915.9000000000005,0.0010877500000000002
2024-05-02 01:45:00,6,249,115,1,45,3.124,3937.2,0.0010936666666666666
2024-05-02 01:46:00,2,123,158,1,46,4.073,4221.9,0.00117275
2024-05-02 01:47:00,8,260,111,1,47,3.035,3910.5,0.00108625
2024-05-02 01:48:00,2,182,150,1,48,3.932,4179.6,0.0011610000000000001
2024-05-02 01:49:00,6,200,113,1,49,3.0250000000000004,3907.5,0.0010854166666666666
2024-05-02 01:50:00,4,226,90,1,50,2.476,3742.7999999999997,0.0010396666666666666
2024-05-02 01:51:00,5,191,102,1,51,2.741,3822.2999999999997,0.00106175
2024-05-02 01:52:00,2,285,115,1,52,3.16,3948.0,0.0010966666666666666
2024-05-02 01:53:00,2,172,113,1,53,2.9970000000000003,3899.1000000000004,0.0010830833333333335
2024-05-02 01:54:00,2,116,73,1,54,1.9410000000000003,3582.3,0.0009950833333333333
2024-05-02 01:55:00,2,311,55,1,55,1.686,3505.7999999999997,0.0009738333333333333
2024-05-02 01:56:00,5,247,123,1,56,3.322,3996.5999999999995,0.0011101666666666664
2024-05-02 01:57:00,8,233,109,1,57,2.958,3887.3999999999996,0.0010798333333333333
2024-05-02 01:58:00,7,134,137,1,58,3.559,4067.7000000000003,0.0011299166666666667
2024-05-02 01:59:00,3,279,157,1,59,4.204000000000001,4261.200000000001,0.0011836666666666669
2024-05-02 02:00:00,6,245,153,2,0,4.07,4221.0,0.0011725
2024-05-02 02:01:00,4,286,73,2,1,2.111,3633.3,0.00100925
2024-05-02 02:02:00,3,258,155,2,2,4.133,4239.9,0.00117775
2024-05-02 02:03:00,5,278,97,2,3,2.7030000000000003,3810.9,0.0010585833333333333
2024-05-02 02:04:00,5,269,114,2,4,3.119,3935.7000000000003,0.00109325
2024-05-02 02:05:00,4,239,155,2,5,4.114,4234.2,0.0011761666666666667
2024-05-02 02:06:00,7,223,109,2,6,2.948,3884.3999999999996,0.0010789999999999999
2024-05-02 02:07:00,3,259,148,2,7,3.959,4187.7,0.00116325
2024-05-02 02:08:00,5,113,125,2,8,3.238,3971.3999999999996,0.0011031666666666666
2024-05-02 02:09:00,4,155,149,2,9,3.88,4164.0,0.0011566666666666667
2024-05-02 02:10:00,3,240,160,2,10,4.24,4272.0,0.0011866666666666666
2024-05-02 02:11:00,7,122,63,2,11,1.697,3509.0999999999995,0.0009747499999999998
2024-05-02 02:12:00,3,301,92,2,12,2.6010000000000004,3780.3,0.0010500833333333334
2024-05-02 02:13:00,5,194,76,2,13,2.0940000000000003,3628.2,0.0010078333333333332
2024-05-02 02:14:00,6,248,121,2,14,3.2730000000000006,3981.9,0.0011060833333333333
2024-05-02 02:15:00,5,285,78,2,15,2.2350000000000003,3670.5,0.0010195833333333333
2024-05-02 02:16:00,4,285,72,2,16,2.085,3625.5,0.0010070833333333334
2024-05-02 02:17:00,7,258,140,2,17,3.758,4127.4,0.0011465
2024-05-02 02:18:00,6,226,106,2,18,2.8760000000000003,3862.8,0.001073
2024-05-02 02:19:00,2,226,69,2,19,1.951,3585.2999999999997,0.0009959166666666667
2024-05-02 02:20:00,4,299,79,2,20,2.274,3682.2000000000003,0.0010228333333333335
2024-05-02 02:21:00,2,181,151,2,21,3.9560000000000004,4186.8,0.001163
2024-05-02 02:22:00,3,139,129,2,22,3.364,4009.2,0.0011136666666666667
2024-05-02 02:23:00,7,267,151,2,23,4.042000000000001,4212.6,0.0011701666666666668
2024-05-02 02:24:00,4,171,112,2,24,2.971,3891.3,0.0010809166666666667
2024-05-02 02:25:00,4,252,107,2,25,2.9270000000000005,3878.1000000000004,0.00107725
2024-05-02 02:26:00,6,184,138,2,26,3.6340000000000003,4090.2000000000003,0.0011361666666666668
2024-05-02 02:27:00,3,194,101,2,27,2.7190000000000003,3815.7,0.0010599166666666667
2024-05-02 02:28:00,7,260,138,2,28,3.71,4113.0,0.0011425
2024-05-02 02:29:00,4,137,145,2,29,3.762,4128.6,0.0011468333333333335
2024-05-02 02:30:00,8,164,143,2,30,3.7390000000000003,4121.700000000001,0.001144916666666667
2024-05-02 02:31:00,2,158,89,2,31,2.383,3714.8999999999996,0.0010319166666666667
2024-05-02 02:32:00,4,246,116,2,32,3.1460000000000004,3943.8,0.0010955000000000001
2024-05-02 02:33:00,6,207,67,2,33,1.8820000000000001,3564.6000000000004,0.0009901666666666668
2024-05-02 02:34:00,4,162,92,2,34,2.462,3738.5999999999995,0.0010385
2024-05-02 02:35:00,3,236,141,2,35,3.7610000000000006,4128.3,0.00114675
2024-05-02 02:36:00,1,238,142,2,36,3.7880000000000003,4136.400000000001,0.001149
2024-05-02 02:37:00,7,182,99,2,37,2.657,3797.1000000000004,0.0010547500000000001
2024-05-02 02:38:00,4,275,62,2,38,1.8250000000000002,3547.5,0.0009854166666666666
2024-05-02 02:39:00,7,212,96,2,39,2.6120000000000005,3783.6000000000004,0.001051
2024-05-02 02:40:00,7,137,110,2,40,2.887,3866.1000000000004,0.0010739166666666668
2024-05-02 02:41:00,6,172,145,2,41,3.797,4139.1,0.0011497500000000002
2024-05-02 02:42:00,6,290,133,2,42,3.615,4084.5,0.0011345833333333334
2024-05-02 02:43:00,4,284,140,2,43,3.784,4135.2,0.0011486666666666665
2024-05-02 02:44:00,6,180,96,2,44,2.5800000000000005,3774.0,0.0010483333333333334
2024-05-02 02:45:00,6,249,88,2,45,2.4490000000000003,3734.7000000000003,0.0010374166666666667
2024-05-02 02:46:00,7,240,120,2,46,3.24,3972.0,0.0011033333333333333
2024-05-02 02:47:00,7,208,105,2,47,2.833,3849.9,0.0010694166666666666
2024-05-02 02:48:00,3,248,148,2,48,3.9480000000000004,4184.4,0.0011623333333333331
2024-05-02 02:49:00,2,176,75,2,49,2.051,3615.2999999999997,0.00100425
2024-05-02 02:50:00,2,123,76,2,50,2.023,3606.9,0.0010019166666666668
2024-05-02 02:51:00,7,160,81,2,51,2.185,3655.5,0.0010154166666666666
2024-05-02 02:52:00,4,187,90,2,52,2.437,3731.1,0.0010364166666666666
2024-05-02 02:53:00,1,161,72,2,53,1.961,3588.3,0.00099675
2024-05-02 02:54:00,3,256,103,2,54,2.8310000000000004,3849.3,0.00106925
2024-05-02 02:55:00,4,205,114,2,55,3.055,3916.5,0.0010879166666666667
2024-05-02 02:56:00,4,116,130,2,56,3.366,4009.8,0.0011138333333333334
2024-05-02 02:57:00,7,144,55,2,57,1.5190000000000001,3455.7000000000003,0.0009599166666666668
2024-05-02 02:58:00,7,152,62,2,58,1.702,3510.6,0.0009751666666666666
2024-05-02 02:59:00,2,189,71,2,59,1.9640000000000002,3589.2000000000003,0.000997
2024-05-02 03:00:00,2,129,148,3,0,3.829,4148.700000000001,0.0011524166666666668
2024-05-02 03:01:00,3,108,111,3,1,2.8830000000000005,3864.9,0.0010735833333333333
2024-05-02 03:02:00,3,204,94,3,2,2.5540000000000003,3766.2,0.0010461666666666666
2024-05-02 03:03:00,7,214,140,3,3,3.714,4114.200000000001,0.0011428333333333336
2024-05-02 03:04:00,3,120,76,3,4,2.02,3606.0,0.0010016666666666668
2024-05-02 03:05:00,2,210,108,3,5,2.91,3873.0,0.0010758333333333334
2024-05-02 03:06:00,3,134,66,3,6,1.7840000000000003,3535.2000000000003,0.000982
2024-05-02 03:07:00,5,254,144,3,7,3.854,4156.200000000001,0.0011545000000000001
2024-05-02 03:08:00,6,159,73,3,8,1.9840000000000002,3595.2,0.0009986666666666666
2024-05-02 03:09:00,6,184,145,3,9,3.809,4142.700000000001,0.0011507500000000003
2024-05-02 03:10:00,7,223,85,3,10,2.348,3704.3999999999996,0.001029
2024-05-02 03:11:00,6,247,93,3,11,2.572,3771.5999999999995,0.0010476666666666666
2024-05-02 03:12:00,3,184,90,3,12,2.434,3730.2000000000003,0.0010361666666666668
2024-05-02 03:13:00,4,251,56,3,13,1.6510000000000002,3495.3,0.0009709166666666667
2024-05-02 03:14:00,7,118,105,3,14,2.743,3822.8999999999996,0.0010619166666666665
2024-05-02 03:15:00,5,194,100,3,15,2.694,3808.2,0.0010578333333333334
2024-05-02 03:16:00,7,199,60,3,16,1.699,3509.7000000000003,0.0009749166666666668
2024-05-02 03:17:00,2,227,79,3,17,2.202,3660.6,0.0010168333333333333
2024-05-02 03:18:00,4,137,128,3,18,3.337,4001.0999999999995,0.0011114166666666666
2024-05-02 03:19:00,4,105,100,3,19,2.605,3781.5,0.0010504166666666667
2024-05-02 03:20:00,3,134,121,3,20,3.1590000000000003,3947.7000000000003,0.0010965833333333333
2024-05-02 03:21:00,6,209,72,3,21,2.009,3602.7000000000003,0.0010007500000000001
2024-05-02 03:22:00,7,181,65,3,22,1.806,3541.8,0.0009838333333333333
2024-05-02 03:23:00,4,120,130,3,23,3.37,4011.0,0.0011141666666666667
2024-05-02 03:24:00,6,223,109,3,24,2.948,3884.3999999999996,0.0010789999999999999
2024-05-02 03:25:00,7,249,81,3,25,2.274,3682.2000000000003,0.0010228333333333335
2024-05-02 03:26:00,5,130,68,3,26,1.83,3549.0,0.0009858333333333334
2024-05-02 03:27:00,4,256,82,3,27,2.306,3691.8,0.0010255000000000002
2024-05-02 03:28:00,5,215,73,3,28,2.04,3612.0,0.0010033333333333333
2024-05-02 03:29:00,7,116,122,3,29,3.1660000000000004,3949.8,0.0010971666666666666
2024-05-02 03:30:00,4,120,97,3,30,2.5450000000000004,3763.5,0.0010454166666666667
2024-05-02 03:31:00,4,122,61,3,31,1.6470000000000002,3494.1000000000004,0.0009705833333333334
2024-05-02 03:32:00,2,230,74,3,32,2.08,3624.0,0.0010066666666666666
2024-05-02 03:33:00,6,118,132,3,33,3.418,4025.3999999999996,0.0011181666666666666
2024-05-02 03:34:00,5,215,137,3,34,3.64,4092.0,0.0011366666666666667
2024-05-02 03:35:00,6,158,121,3,35,3.1830000000000003,3954.9,0.0010985833333333334
2024-05-02 03:36:00,4,144,84,3,36,2.244,3673.2000000000003,0.0010203333333333334
2024-05-02 03:37:00,7,183,79,3,37,2.158,3647.3999999999996,0.0010131666666666666
2024-05-02 03:38:00,6,105,67,3,38,1.78,3534.0,0.0009816666666666667
2024-05-02 03:39:00,2,200,72,3,39,2.0,3600.0,0.001
2024-05-02 03:40:00,2,239,76,3,40,2.1390000000000002,3641.7,0.0010115833333333333
2024-05-02 03:41:00,3,131,107,3,41,2.806,3841.8,0.0010671666666666668
2024-05-02 03:42:00,6,172,101,3,42,2.6970000000000005,3809.1,0.0010580833333333334
2024-05-02 03:43:00,2,191,108,3,43,2.891,3867.3,0.0010742500000000001
2024-05-02 03:44:00,2,261,85,3,44,2.386,3715.7999999999997,0.0010321666666666667
2024-05-02 03:45:00,3,239,76,3,45,2.1390000000000002,3641.7,0.0010115833333333333
2024-05-02 03:46:00,4,117,56,3,46,1.5170000000000001,3455.0999999999995,0.0009597499999999999
2024-05-02 03:47:00,5,134,85,3,47,2.259,3677.7000000000003,0.0010215833333333333
2024-05-02 03:48:00,5,150,136,3,48,3.5500000000000003,4065.0,0.0011291666666666668
2024-05-02 03:49:00,3,104,63,3,49,1.6790000000000003,3503.7,0.0009732499999999999
2024-05-02 03:50:00,3,159,56,3,50,1.5590000000000002,3467.7000000000003,0.00096325
2024-05-02 03:51:00,5,236,107,3,51,2.9110000000000005,3873.3,0.0010759166666666666
2024-05-02 03:52:00,6,128,97,3,52,2.5530000000000004,3765.9000000000005,0.0010460833333333335
2024-05-02 03:53:00,3,211,64,3,53,1.8110000000000002,3543.2999999999997,0.0009842499999999999
2024-05-02 03:54:00,6,106,90,3,54,2.356,3706.7999999999997,0.0010296666666666666
2024-05-02 03:55:00,1,152,59,3,55,1.627,3488.1000000000004,0.0009689166666666668
2024-05-02 03:56:00,4,209,94,3,56,2.559,3767.7000000000003,0.0010465833333333334
2024-05-02 03:57:00,6,164,109,3,57,2.8890000000000002,3866.7,0.0010740833333333334
2024-05-02 03:58:00,6,239,127,3,58,3.414,4024.2,0.0011178333333333333
2024-05-02 03:59:00,4,198,54,3,59,1.548,3464.4,0.0009623333333333334
2024-05-02 04:00:00,1,206,115,4,0,3.081,3924.2999999999997,0.0010900833333333333
2024-05-02 04:01:00,3,104,58,4,1,1.5540000000000003,3466.2,0.0009628333333333333
2024-05-02 04:02:00,1,216,108,4,2,2.9160000000000004,3874.8,0.0010763333333333334
2024-05-02 04:03:00,5,217,83,4,3,2.2920000000000003,3687.6000000000004,0.0010243333333333335
2024-05-02 04:04:00,6,221,78,4,4,2.1710000000000003,3651.3,0.00101425
2024-05-02 04:05:00,5,223,53,4,5,1.5480000000000003,3464.4,0.0009623333333333334
2024-05-02 04:06:00,6,113,51,4,6,1.3880000000000001,3416.4,0.000949
2024-05-02 04:07:00,2,207,100,4,7,2.707,3812.1,0.0010589166666666666
2024-05-02 04:08:00,6,248,86,4,8,2.3979999999999997,3719.4,0.0010331666666666666
2024-05-02 04:09:00,6,116,100,4,9,2.616,3784.7999999999997,0.0010513333333333332
2024-05-02 04:10:00,4,236,66,4,10,1.8860000000000001,3565.7999999999997,0.0009904999999999998
2024-05-02 04:11:00,5,188,109,4,11,2.9130000000000003,3873.9000000000005,0.0010760833333333334
2024-05-02 04:12:00,2,180,73,4,12,2.0050000000000003,3601.5,0.0010004166666666666
2024-05-02 04:13:00,5,137,117,4,13,3.0620000000000003,3918.6000000000004,0.0010885
2024-05-02 04:14:00,6,181,98,4,14,2.6310000000000002,3789.3,0.0010525833333333333
2024-05-02 04:15:00,2,134,64,4,15,1.734,3520.2,0.0009778333333333334
2024-05-02 04:16:00,4,137,126,4,16,3.2870000000000004,3986.1000000000004,0.0011072500000000002
2024-05-02 04:17:00,6,205,74,4,17,2.055,3616.5,0.0010045833333333332
2024-05-02 04:18:00,2,176,54,4,18,1.526,3457.7999999999997,0.0009604999999999999
2024-05-02 04:19:00,4,163,123,4,19,3.238,3971.3999999999996,0.0011031666666666666
2024-05-02 04:20:00,2,137,86,4,20,2.287,3686.1,0.0010239166666666667
2024-05-02 04:21:00,1,199,64,4,21,1.7990000000000002,3539.7000000000003,0.0009832500000000002
2024-05-02 04:22:00,5,222,120,4,22,3.222,3966.6000000000004,0.0011018333333333334
2024-05-02 04:23:00,3,204,109,4,23,2.9290000000000003,3878.7,0.0010774166666666666
2024-05-02 04:24:00,5,185,115,4,24,3.06,3918.0,0.0010883333333333333
2024-05-02 04:25:00,4,105,60,4,25,1.605,3481.5,0.0009670833333333334
2024-05-02 04:26:00,2,150,106,4,26,2.8000000000000003,3840.0,0.0010666666666666667
2024-05-02 04:27:00,2,111,55,4,27,1.486,3445.8,0.0009571666666666667
2024-05-02 04:28:00,4,236,126,4,28,3.3860000000000006,4015.8,0.0011155
2024-05-02 04:29:00,3,140,107,4,29,2.8150000000000004,3844.5,0.0010679166666666667
2024-05-02 04:30:00,6,199,81,4,30,2.2239999999999998,3667.2,0.0010186666666666666
2024-05-02 04:31:00,5,194,91,4,31,2.469,3740.7,0.0010390833333333333
2024-05-02 04:32:00,4,118,119,4,32,3.093,3927.8999999999996,0.0010910833333333332
2024-05-02 04:33:00,4,204,64,4,33,1.804,3541.2,0.0009836666666666665
2024-05-02 04:34:00,6,104,122,4,34,3.1540000000000004,3946.2,0.0010961666666666665
2024-05-02 04:35:00,4,144,77,4,35,2.069,3620.7,0.00100575
2024-05-02 04:36:00,3,187,120,4,36,3.187,3956.1000000000004,0.0010989166666666667
2024-05-02 04:37:00,5,156,84,4,37,2.2560000000000002,3676.8,0.0010213333333333333
2024-05-02 04:38:00,5,179,96,4,38,2.579,3773.7000000000003,0.0010482500000000001
2024-05-02 04:39:00,5,157,69,4,39,1.8820000000000001,3564.6000000000004,0.0009901666666666668
2024-05-02 04:40:00,6,202,123,4,40,3.277,3983.1000000000004,0.0011064166666666668
2024-05-02 04:41:00,3,116,112,4,41,2.9160000000000004,3874.8,0.0010763333333333334
2024-05-02 04:42:00,3,200,87,4,42,2.3750000000000004,3712.5,0.00103125
2024-05-02 04:43:00,4,164,65,4,43,1.789,3536.7,0.0009824166666666666
2024-05-02 04:44:00,4,144,91,4,44,2.419,3725.7000000000003,0.0010349166666666668
2024-05-02 04:45:00,2,233,115,4,45,3.108,3932.4000000000005,0.0010923333333333334
2024-05-02 04:46:00,4,219,117,4,46,3.144,3943.2000000000003,0.0010953333333333334
2024-05-02 04:47:00,4,190,88,4,47,2.39,3717.0,0.0010325
2024-05-02 04:48:00,1,160,102,4,48,2.7100000000000004,3813.0,0.0010591666666666666
2024-05-02 04:49:00,5,134,114,4,49,2.984,3895.2,0.0010819999999999998
2024-05-02 04:50:00,3,196,88,4,50,2.3960000000000004,3718.8,0.001033
2024-05-02 04:51:00,5,130,109,4,51,2.855,3856.5,0.00107125
2024-05-02 04:52:00,4,177,89,4,52,2.402,3720.6000000000004,0.0010335000000000001
2024-05-02 04:53:00,3,119,58,4,53,1.5690000000000002,3470.7,0.0009640833333333333
2024-05-02 04:54:00,5,229,96,4,54,2.6290000000000004,3788.7000000000003,0.0010524166666666668
2024-05-02 04:55:00,2,164,82,4,55,2.2140000000000004,3664.2000000000003,0.0010178333333333335
2024-05-02 04:56:00,4,230,102,4,56,2.7800000000000002,3834.0,0.001065
2024-05-02 04:57:00,2,227,99,4,57,2.702,3810.6,0.0010585
2024-05-02 04:58:00,2,153,89,4,58,2.378,3713.4,0.0010315
2024-05-02 04:59:00,5,101,85,4,59,2.226,3667.7999999999997,0.0010188333333333332
2024-05-02 05:00:00,4,191,78,5,0,2.141,3642.3,0.00101175
2024-05-02 05:01:00,5,186,95,5,1,2.561,3768.2999999999997,0.00104675
2024-05-02 05:02:00,4,178,112,5,2,2.978,3893.4,0.0010815
2024-05-02 05:03:00,4,109,103,5,3,2.684,3805.2000000000003,0.001057
2024-05-02 05:04:00,3,174,78,5,4,2.124,3637.2,0.0010103333333333334
2024-05-02 05:05:00,5,146,66,5,5,1.796,3538.7999999999997,0.000983
2024-05-02 05:06:00,5,192,110,5,6,2.942,3882.6000000000004,0.0010785
2024-05-02 05:07:00,4,151,91,5,7,2.4259999999999997,3727.7999999999997,0.0010355
2024-05-02 05:08:00,2,132,97,5,8,2.5570000000000004,3767.1000000000004,0.0010464166666666668
2024-05-02 05:09:00,3,99,84,5,9,2.1990000000000003,3659.7000000000003,0.0010165833333333333
2024-05-02 05:10:00,5,135,68,5,10,1.8350000000000002,3550.5,0.00098625
2024-05-02 05:11:00,4,127,102,5,11,2.6770000000000005,3803.1000000000004,0.0010564166666666669
2024-05-02 05:12:00,5,180,116,5,12,3.0800000000000005,3924.0,0.00109
2024-05-02 05:13:00,4,196,112,5,13,2.9960000000000004,3898.8,0.001083
2024-05-02 05:14:00,4,152,50,5,14,1.402,3420.6,0.0009501666666666667
2024-05-02 05:15:00,2,129,105,5,15,2.754,3826.2000000000003,0.0010628333333333334
2024-05-02 05:16:00,4,135,73,5,16,1.9600000000000002,3588.0,0.0009966666666666668
2024-05-02 05:17:00,4,100,87,5,17,2.2750000000000004,3682.5,0.0010229166666666668
2024-05-02 05:18:00,3,146,88,5,18,2.346,3703.7999999999997,0.0010288333333333332
2024-05-02 05:19:00,5,120,83,5,19,2.1950000000000003,3658.5,0.00101625
2024-05-02 05:20:00,1,203,73,5,20,2.028,3608.3999999999996,0.0010023333333333332
2024-05-02 05:21:00,2,110,49,5,21,1.3350000000000002,3400.5,0.0009445833333333333
2024-05-02 05:22:00,5,177,57,5,22,1.602,3480.6000000000004,0.0009668333333333334
2024-05-02 05:23:00,5,208,63,5,23,1.7830000000000001,3534.9,0.0009819166666666667
2024-05-02 05:24:00,4,181,111,5,24,2.9560000000000004,3886.8,0.0010796666666666667
2024-05-02 05:25:00,3,101,65,5,25,1.726,3517.7999999999997,0.0009771666666666665
2024-05-02 05:26:00,5,104,92,5,26,2.4040000000000004,3721.2,0.0010336666666666667
2024-05-02 05:27:00,4,208,106,5,27,2.8580000000000005,3857.4,0.0010715
2024-05-02 05:28:00,4,214,88,5,28,2.414,3724.2,0.0010345
2024-05-02 05:29:00,3,122,61,5,29,1.6470000000000002,3494.1000000000004,0.0009705833333333334
2024-05-02 05:30:00,5,140,83,5,30,2.2150000000000003,3664.5,0.0010179166666666668
2024-05-02 05:31:00,1,125,109,5,31,2.85,3855.0,0.0010708333333333334
2024-05-02 05:32:00,3,182,74,5,32,2.032,3609.6000000000004,0.0010026666666666667
2024-05-02 05:33:00,4,124,70,5,33,1.874,3562.2,0.0009895
2024-05-02 05:34:00,2,191,49,5,34,1.4160000000000001,3424.8,0.0009513333333333334
2024-05-02 05:35:00,4,154,79,5,35,2.129,3638.7000000000003,0.0010107500000000001
2024-05-02 05:36:00,4,122,52,5,36,1.4220000000000002,3426.6000000000004,0.0009518333333333334
2024-05-02 05:37:00,4,150,99,5,37,2.625,3787.5,0.0010520833333333333
2024-05-02 05:38:00,1,173,67,5,38,1.848,3554.4,0.0009873333333333333
2024-05-02 05:39:00,3,174,85,5,39,2.299,3689.7000000000003,0.0010249166666666668
2024-05-02 05:40:00,1,211,84,5,40,2.311,3693.2999999999997,0.0010259166666666665
2024-05-02 05:41:00,4,109,92,5,41,2.4090000000000003,3722.7000000000003,0.0010340833333333335
2024-05-02 05:42:00,3,212,106,5,42,2.8620000000000005,3858.6000000000004,0.0010718333333333335
2024-05-02 05:43:00,4,183,62,5,43,1.733,3519.9000000000005,0.00097775
2024-05-02 05:44:00,3,142,104,5,44,2.742,3822.6000000000004,0.0010618333333333335
2024-05-02 05:45:00,5,124,58,5,45,1.5740000000000003,3472.2000000000003,0.0009645000000000001
2024-05-02 05:46:00,3,147,96,5,46,2.547,3764.1000000000004,0.0010455833333333335
2024-05-02 05:47:00,3,174,94,5,47,2.524,3757.2000000000003,0.0010436666666666667
2024-05-02 05:48:00,5,196,78,5,48,2.1460000000000004,3643.8,0.0010121666666666666
2024-05-02 05:49:00,2,194,103,5,49,2.769,3830.7000000000003,0.0010640833333333333
2024-05-02 05:50:00,2,156,72,5,50,1.956,3586.7999999999997,0.0009963333333333332
2024-05-02 05:51:00,4,202,89,5,51,2.427,3728.1000000000004,0.0010355833333333335
2024-05-02 05:52:00,2,111,58,5,52,1.5610000000000002,3468.2999999999997,0.0009634166666666666
2024-05-02 05:53:00,2,122,102,5,53,2.672,3801.6000000000004,0.001056
2024-05-02 05:54:00,4,110,85,5,54,2.235,3670.5,0.0010195833333333333
2024-05-02 05:55:00,2,149,94,5,55,2.499,3749.7,0.0010415833333333334
2024-05-02 05:56:00,2,204,58,5,56,1.6540000000000001,3496.2,0.0009711666666666666
2024-05-02 05:57:00,4,177,55,5,57,1.552,3465.6000000000004,0.0009626666666666668
2024-05-02 05:58:00,3,124,66,5,58,1.774,3532.2000000000003,0.0009811666666666666
2024-05-02 05:59:00,3,177,94,5,59,2.527,3758.1000000000004,0.0010439166666666667
2024-05-02 06:00:00,4,495,389,6,0,10.22,6066.0,0.001685
2024-05-02 06:01:00,7,717,365,6,1,9.842,5952.6,0.0016535
2024-05-02 06:02:00,20,399,290,6,2,7.649,5294.700000000001,0.0014707500000000003
2024-05-02 06:03:00,7,611,341,6,3,9.136000000000001,5740.8,0.0015946666666666668
2024-05-02 06:04:00,7,704,293,6,4,8.029,5408.700000000001,0.0015024166666666669
2024-05-02 06:05:00,5,330,229,6,5,6.055000000000001,4816.5,0.0013379166666666667
2024-05-02 06:06:00,20,714,146,6,6,4.364000000000001,4309.2,0.001197
2024-05-02 06:07:00,20,362,245,6,7,6.487,4946.1,0.0013739166666666667
2024-05-02 06:08:00,17,477,328,6,8,8.677000000000001,5603.1,0.0015564166666666667
2024-05-02 06:09:00,17,720,188,6,9,5.42,4626.0,0.001285
2024-05-02 06:10:00,20,618,191,6,10,5.393000000000001,4617.9,0.0012827499999999998
2024-05-02 06:11:00,4,758,350,6,11,9.508,5852.4,0.0016256666666666665
2024-05-02 06:12:00,10,684,415,6,12,11.059,6317.7,0.0017549166666666666
2024-05-02 06:13:00,20,555,397,6,13,10.48,6144.0,0.0017066666666666667
2024-05-02 06:14:00,13,770,268,6,14,7.470000000000001,5241.0,0.0014558333333333333
2024-05-02 06:15:00,16,690,266,6,15,7.340000000000001,5202.0,0.001445
2024-05-02 06:16:00,17,473,340,6,16,8.973,5691.9,0.0015810833333333332
2024-05-02 06:17:00,4,387,346,6,17,9.037,5711.1,0.0015864166666666667
2024-05-02 06:18:00,4,551,158,6,18,4.501,4350.3,0.0012084166666666667
2024-05-02 06:19:00,7,372,367,6,19,9.547,5864.1,0.0016289166666666668
2024-05-02 06:20:00,13,762,164,6,20,4.862,4458.6,0.0012385
2024-05-02 06:21:00,8,774,290,6,21,8.024000000000001,5407.200000000001,0.0015020000000000003
2024-05-02 06:22:00,8,326,286,6,22,7.476,5242.799999999999,0.0014563333333333331
2024-05-02 06:23:00,20,360,143,6,23,3.935,4180.5,0.00116125
2024-05-02 06:24:00,10,743,307,6,24,8.418000000000001,5525.4,0.0015348333333333331
2024-05-02 06:25:00,10,684,356,6,25,9.584,5875.2,0.001632
2024-05-02 06:26:00,8,753,374,6,26,10.103,6030.9,0.0016752499999999999
2024-05-02 06:27:00,10,737,187,6,27,5.412,4623.6,0.0012843333333333335
2024-05-02 06:28:00,8,464,350,6,28,9.214,5764.200000000001,0.001601166666666667
2024-05-02 06:29:00,8,437,230,6,29,6.187,4856.1,0.0013489166666666667
2024-05-02 06:30:00,10,729,239,6,30,6.704000000000001,5011.200000000001,0.0013920000000000002
2024-05-02 06:31:00,16,621,371,6,31,9.896,5968.8,0.001658
2024-05-02 06:32:00,11,330,268,6,32,7.03,5109.0,0.0014191666666666667
2024-05-02 06:33:00,17,417,317,6,33,8.342,5502.6,0.0015285000000000001
2024-05-02 06:34:00,16,389,341,6,34,8.914,5674.2,0.0015761666666666667
2024-05-02 06:35:00,16,551,269,6,35,7.276000000000001,5182.8,0.0014396666666666668
2024-05-02 06:36:00,8,603,254,6,36,6.953,5085.9,0.00141275
2024-05-02 06:37:00,16,411,370,6,37,9.661,5898.299999999999,0.0016384166666666665
2024-05-02 06:38:00,17,653,154,6,38,4.503,4350.9,0.0012085833333333332
2024-05-02 06:39:00,5,320,139,6,39,3.795,4138.5,0.0011495833333333334
2024-05-02 06:40:00,16,642,220,6,40,6.142,4842.6,0.0013451666666666668
2024-05-02 06:41:00,4,515,148,6,41,4.215,4264.5,0.0011845833333333333
2024-05-02 06:42:00,19,459,284,6,42,7.559,5267.700000000001,0.0014632500000000001
2024-05-02 06:43:00,5,302,302,6,43,7.852,5355.6,0.0014876666666666669
2024-05-02 06:44:00,10,702,136,6,44,4.102,4230.599999999999,0.0011751666666666666
2024-05-02 06:45:00,4,707,151,6,45,4.482,4344.6,0.0012068333333333334
2024-05-02 06:46:00,7,381,338,6,46,8.831000000000001,5649.3,0.0015692500000000001
2024-05-02 06:47:00,19,677,332,6,47,8.977,5693.1,0.0015814166666666667
2024-05-02 06:48:00,10,711,224,6,48,6.311000000000001,4893.3,0.00135925
2024-05-02 06:49:00,7,420,175,6,49,4.795,4438.5,0.0012329166666666667
2024-05-02 06:50:00,8,309,274,6,50,7.159000000000001,5147.700000000001,0.0014299166666666668
2024-05-02 06:51:00,8,680,194,6,51,5.53,4659.0,0.0012941666666666668
2024-05-02 06:52:00,14,375,223,6,52,5.95,4785.0,0.0013291666666666666
2024-05-02 06:53:00,7,528,296,6,53,7.928000000000001,5378.400000000001,0.001494
2024-05-02 06:54:00,17,473,230,6,54,6.223,4866.9,0.0013519166666666666
2024-05-02 06:55:00,13,609,293,6,55,7.934,5380.200000000001,0.0014945000000000002
2024-05-02 06:56:00,14,387,307,6,56,8.062000000000001,5418.6,0.0015051666666666668
2024-05-02 06:57:00,5,548,284,6,57,7.648000000000001,5294.4,0.0014706666666666666
2024-05-02 06:58:00,13,542,157,6,58,4.4670000000000005,4340.1,0.0012055833333333335
2024-05-02 06:59:00,10,617,307,6,59,8.292000000000002,5487.6,0.0015243333333333335
2024-05-02 07:00:00,11,665,244,7,0,6.765000000000001,5029.5,0.0013970833333333333
2024-05-02 07:01:00,4,632,155,7,1,4.507,4352.1,0.0012089166666666667
2024-05-02 07:02:00,13,635,235,7,2,6.51,4953.0,0.0013758333333333333
2024-05-02 07:03:00,10,387,295,7,3,7.7620000000000005,5328.6,0.0014801666666666667
2024-05-02 07:04:00,4,683,316,7,4,8.583,5574.9,0.0015485833333333332
2024-05-02 07:05:00,8,602,271,7,5,7.377000000000001,5213.1,0.0014480833333333333
2024-05-02 07:06:00,11,500,185,7,6,5.125,4537.5,0.0012604166666666666
2024-05-02 07:07:00,14,455,181,7,7,4.98,4494.0,0.0012483333333333333
2024-05-02 07:08:00,14,656,140,7,8,4.156,4246.8,0.0011796666666666668
2024-05-02 07:09:00,16,630,323,7,9,8.705000000000002,5611.5,0.00155875
2024-05-02 07:10:00,4,489,212,7,10,5.789000000000001,4736.7,0.0013157499999999999
2024-05-02 07:11:00,4,519,164,7,11,4.619000000000001,4385.700000000001,0.0012182500000000001
2024-05-02 07:12:00,4,453,163,7,12,4.5280000000000005,4358.4,0.0012106666666666665
2024-05-02 07:13:00,8,455,256,7,13,6.855,5056.5,0.0014045833333333334
2024-05-02 07:14:00,13,645,221,7,14,6.17,4851.0,0.0013475
2024-05-02 07:15:00,16,420,235,7,15,6.295,4888.5,0.0013579166666666666
2024-05-02 07:16:00,13,573,257,7,16,6.998000000000001,5099.4,0.0014164999999999998
2024-05-02 07:17:00,7,621,220,7,17,6.121,4836.3,0.0013434166666666668
2024-05-02 07:18:00,5,419,298,7,18,7.869,5360.700000000001,0.0014890833333333336
2024-05-02 07:19:00,14,267,214,7,19,5.617000000000001,4685.1,0.0013014166666666669
2024-05-02 07:20:00,8,387,325,7,20,8.512,5553.6,0.0015426666666666668
2024-05-02 07:21:00,16,576,313,7,21,8.401,5520.3,0.0015334166666666667
2024-05-02 07:22:00,11,527,331,7,22,8.802,5640.6,0.0015668333333333335
2024-05-02 07:23:00,7,518,221,7,23,6.043,4812.9,0.0013369166666666666
2024-05-02 07:24:00,7,402,221,7,24,5.9270000000000005,4778.1,0.00132725
2024-05-02 07:25:00,16,485,317,7,25,8.41,5523.0,0.0015341666666666668
2024-05-02 07:26:00,13,596,251,7,26,6.871,5061.3,0.0014059166666666666
2024-05-02 07:27:00,14,597,287,7,27,7.772,5331.6,0.0014810000000000001
2024-05-02 07:28:00,11,477,184,7,28,5.077000000000001,4523.1,0.0012564166666666667
2024-05-02 07:29:00,13,303,340,7,29,8.803,5640.900000000001,0.0015669166666666668
2024-05-02 07:30:00,5,537,200,7,30,5.537,4661.1,0.0012947500000000001
2024-05-02 07:31:00,8,509,230,7,31,6.259,4877.700000000001,0.0013549166666666668
2024-05-02 07:32:00,8,441,131,7,32,3.716,4114.8,0.0011430000000000001
2024-05-02 07:33:00,14,350,262,7,33,6.9,5070.0,0.0014083333333333333
2024-05-02 07:34:00,4,477,289,7,34,7.702000000000001,5310.6,0.0014751666666666667
2024-05-02 07:35:00,4,345,323,7,35,8.420000000000002,5526.0,0.001535
2024-05-02 07:36:00,13,288,155,7,36,4.163,4248.900000000001,0.00118025
2024-05-02 07:37:00,13,638,208,7,37,5.838,4751.4,0.0013198333333333332
2024-05-02 07:38:00,7,512,130,7,38,3.762,4128.6,0.0011468333333333335
2024-05-02 07:39:00,5,540,302,7,39,8.09,5427.0,0.0015075
2024-05-02 07:40:00,10,540,191,7,40,5.315,4594.5,0.00127625
2024-05-02 07:41:00,13,501,161,7,41,4.526000000000001,4357.8,0.0012105
2024-05-02 07:42:00,10,534,299,7,42,8.009,5402.700000000001,0.0015007500000000001
2024-05-02 07:43:00,10,527,295,7,43,7.902,5370.6,0.0014918333333333335
2024-05-02 07:44:00,11,551,160,7,44,4.551,4365.3,0.0012125833333333333
2024-05-02 07:45:00,11,279,202,7,45,5.329000000000001,4598.700000000001,0.001277416666666667
2024-05-02 07:46:00,4,348,214,7,46,5.698,4709.4,0.0013081666666666665
2024-05-02 07:47:00,13,486,311,7,47,8.261000000000001,5478.3,0.00152175
2024-05-02 07:48:00,10,383,245,7,48,6.508,4952.4,0.0013756666666666665
2024-05-02 07:49:00,13,431,185,7,49,5.056,4516.8,0.0012546666666666667
2024-05-02 07:50:00,5,602,301,7,50,8.127,5438.1,0.0015105833333333334
2024-05-02 07:51:00,8,582,211,7,51,5.857,4757.1,0.0013214166666666667
2024-05-02 07:52:00,5,438,157,7,52,4.363,4308.9,0.0011969166666666667
2024-05-02 07:53:00,8,257,241,7,53,6.282,4884.6,0.0013568333333333334
2024-05-02 07:54:00,11,572,278,7,54,7.522,5256.6,0.0014601666666666667
2024-05-02 07:55:00,14,336,205,7,55,5.461,4638.3,0.0012884166666666667
2024-05-02 07:56:00,10,519,301,7,56,8.044,5413.200000000001,0.0015036666666666668
2024-05-02 07:57:00,14,465,176,7,57,4.865,4459.5,0.00123875
2024-05-02 07:58:00,10,264,185,7,58,4.889,4466.7,0.0012407499999999999
2024-05-02 07:59:00,7,506,245,7,59,6.631,4989.299999999999,0.0013859166666666664
2024-05-02 08:00:00,4,344,157,8,0,4.269,4280.700000000001,0.0011890833333333334
2024-05-02 08:01:00,14,384,145,8,1,4.009,4202.700000000001,0.0011674166666666669
2024-05-02 08:02:00,7,348,143,8,2,3.923,4176.9,0.0011602499999999998
2024-05-02 08:03:00,14,488,290,8,3,7.7379999999999995,5321.4,0.0014781666666666665
2024-05-02 08:04:00,7,363,238,8,4,6.313000000000001,4893.9,0.0013594166666666665
2024-05-02 08:05:00,7,515,293,8,5,7.84,5352.0,0.0014866666666666667
2024-05-02 08:06:00,7,257,274,8,6,7.107,5132.1,0.0014255833333333334
2024-05-02 08:07:00,4,356,239,8,7,6.331,4899.3,0.0013609166666666667
2024-05-02 08:08:00,8,411,280,8,8,7.411,5223.299999999999,0.0014509166666666665
2024-05-02 08:09:00,14,512,160,8,9,4.5120000000000005,4353.6,0.0012093333333333335
2024-05-02 08:10:00,5,336,254,8,10,6.686000000000001,5005.8,0.0013905
2024-05-02 08:11:00,13,542,158,8,11,4.492,4347.6,0.0012076666666666668
2024-05-02 08:12:00,4,542,179,8,12,5.017,4505.099999999999,0.0012514166666666665
2024-05-02 08:13:00,8,350,298,8,13,7.8,5340.0,0.0014833333333333332
2024-05-02 08:14:00,5,449,167,8,14,4.624,4387.2,0.0012186666666666665
2024-05-02 08:15:00,13,428,242,8,15,6.478000000000001,4943.4,0.0013731666666666666
2024-05-02 08:16:00,5,261,277,8,16,7.186000000000001,5155.8,0.0014321666666666667
2024-05-02 08:17:00,5,329,155,8,17,4.204,4261.2,0.0011836666666666666
2024-05-02 08:18:00,5,443,137,8,18,3.8680000000000003,4160.4,0.0011556666666666666
2024-05-02 08:19:00,14,282,167,8,19,4.457,4337.1,0.00120475
2024-05-02 08:20:00,11,363,184,8,20,4.963000000000001,4488.900000000001,0.0012469166666666668
2024-05-02 08:21:00,4,440,158,8,21,4.390000000000001,4317.0,0.0011991666666666667
2024-05-02 08:22:00,13,482,136,8,22,3.8820000000000006,4164.6,0.0011568333333333335
2024-05-02 08:23:00,13,491,212,8,23,5.791,4737.3,0.0013159166666666666
2024-05-02 08:24:00,5,336,233,8,24,6.1610000000000005,4848.3,0.00134675
2024-05-02 08:25:00,8,365,175,8,25,4.74,4422.0,0.0012283333333333332
2024-05-02 08:26:00,7,426,269,8,26,7.151000000000001,5145.3,0.00142925
2024-05-02 08:27:00,13,527,257,8,27,6.952000000000001,5085.6,0.0014126666666666667
2024-05-02 08:28:00,8,315,184,8,28,4.915000000000001,4474.5,0.0012429166666666667
2024-05-02 08:29:00,11,521,158,8,29,4.471,4341.3,0.0012059166666666668
2024-05-02 08:30:00,11,270,254,8,30,6.620000000000001,4986.0,0.001385
2024-05-02 08:31:00,10,402,226,8,31,6.0520000000000005,4815.6,0.0013376666666666667
2024-05-02 08:32:00,7,246,284,8,32,7.346,5203.799999999999,0.0014454999999999997
2024-05-02 08:33:00,13,381,275,8,33,7.256,5176.799999999999,0.0014379999999999998
2024-05-02 08:34:00,11,393,127,8,34,3.5680000000000005,4070.4,0.0011306666666666668
2024-05-02 08:35:00,10,266,274,8,35,7.1160000000000005,5134.8,0.0014263333333333335
2024-05-02 08:36:00,11,324,244,8,36,6.424,4927.200000000001,0.001368666666666667
2024-05-02 08:37:00,11,536,136,8,37,3.9360000000000004,4180.8,0.0011613333333333334
2024-05-02 08:38:00,4,500,227,8,38,6.175000000000001,4852.5,0.0013479166666666668
2024-05-02 08:39:00,7,482,218,8,39,5.932,4779.6,0.0013276666666666667
2024-05-02 08:40:00,7,447,136,8,40,3.8470000000000004,4154.1,0.0011539166666666668
2024-05-02 08:41:00,11,279,247,8,41,6.454000000000001,4936.200000000001,0.0013711666666666668
2024-05-02 08:42:00,11,455,145,8,42,4.08,4224.0,0.0011733333333333333
2024-05-02 08:43:00,7,312,142,8,43,3.862,4158.6,0.0011551666666666668
2024-05-02 08:44:00,8,519,271,8,44,7.2940000000000005,5188.200000000001,0.0014411666666666668
2024-05-02 08:45:00,5,339,241,8,45,6.364000000000001,4909.2,0.0013636666666666667
2024-05-02 08:46:00,11,306,157,8,46,4.231,4269.299999999999,0.0011859166666666665
2024-05-02 08:47:00,2,447,130,8,47,3.697,4109.099999999999,0.0011414166666666664
2024-05-02 08:48:00,7,249,143,8,48,3.8240000000000003,4147.200000000001,0.0011520000000000002
2024-05-02 08:49:00,10,479,164,8,49,4.579000000000001,4373.700000000001,0.0012149166666666669
2024-05-02 08:50:00,4,495,230,8,50,6.245,4873.5,0.00135375
2024-05-02 08:51:00,11,360,179,8,51,4.835000000000001,4450.5,0.00123625
2024-05-02 08:52:00,2,429,128,8,52,3.629,4088.7000000000003,0.00113575
2024-05-02 08:53:00,11,270,143,8,53,3.845,4153.5,0.00115375
2024-05-02 08:54:00,4,426,163,8,54,4.501,4350.3,0.0012084166666666667
2024-05-02 08:55:00,8,477,130,8,55,3.727,4118.1,0.0011439166666666668
2024-05-02 08:56:00,10,390,143,8,56,3.9650000000000003,4189.5,0.00116375
2024-05-02 08:57:00,10,495,151,8,57,4.2700000000000005,4281.0,0.0011891666666666667
2024-05-02 08:58:00,7,455,251,8,58,6.73,5019.0,0.0013941666666666666
2024-05-02 08:59:00,11,345,221,8,59,5.87,4761.0,0.0013225
2024-05-02 09:00:00,19,434,490,9,0,12.684,6805.2,0.0018903333333333333
2024-05-02 09:01:00,22,824,241,9,1,6.849,5054.7,0.0014040833333333334
2024-05-02 09:02:00,4,581,421,9,2,11.106,6331.799999999999,0.0017588333333333332
2024-05-02 09:03:00,13,701,346,9,3,9.351,5805.3,0.0016125833333333335
2024-05-02 09:04:00,10,659,238,9,4,6.609,4982.7,0.0013840833333333333
2024-05-02 09:05:00,7,488,406,9,5,10.638,6191.4,0.0017198333333333332
2024-05-02 09:06:00,13,710,469,9,6,12.435000000000002,6730.500000000001,0.0018695833333333336
2024-05-02 09:07:00,22,845,295,9,7,8.22,5466.0,0.0015183333333333333
2024-05-02 09:08:00,10,884,283,9,8,7.9590000000000005,5387.7,0.0014965833333333333
2024-05-02 09:09:00,7,758,448,9,9,11.958000000000002,6587.4000000000015,0.0018298333333333337
2024-05-02 09:10:00,16,443,442,9,10,11.493,6447.9,0.0017910833333333333
2024-05-02 09:11:00,16,680,478,9,11,12.63,6789.0,0.0018858333333333333
2024-05-02 09:12:00,7,626,442,9,12,11.676,6502.799999999999,0.0018063333333333332
2024-05-02 09:13:00,16,833,304,9,13,8.433,5529.9,0.0015360833333333333
2024-05-02 09:14:00,10,872,292,9,14,8.172,5451.6,0.0015143333333333335
2024-05-02 09:15:00,7,881,346,9,15,9.531,5859.300000000001,0.0016275833333333335
2024-05-02 09:16:00,16,743,304,9,16,8.343,5502.9,0.0015285833333333332
2024-05-02 09:17:00,13,476,448,9,17,11.676000000000002,6502.800000000001,0.0018063333333333336
2024-05-02 09:18:00,7,758,400,9,18,10.758,6227.4,0.0017298333333333332
2024-05-02 09:19:00,16,785,241,9,19,6.8100000000000005,5043.0,0.0014008333333333334
2024-05-02 09:20:00,16,509,451,9,20,11.784,6535.200000000001,0.0018153333333333335
2024-05-02 09:21:00,19,632,274,9,21,7.482,5244.6,0.0014568333333333334
2024-05-02 09:22:00,7,668,364,9,22,9.767999999999999,5930.4,0.0016473333333333333
2024-05-02 09:23:00,19,593,424,9,23,11.193000000000001,6357.900000000001,0.0017660833333333335
2024-05-02 09:24:00,13,824,238,9,24,6.774,5032.200000000001,0.0013978333333333336
2024-05-02 09:25:00,10,863,259,9,25,7.338000000000001,5201.4,0.0014448333333333331
2024-05-02 09:26:00,19,656,361,9,26,9.681000000000001,5904.300000000001,0.0016400833333333337
2024-05-02 09:27:00,10,641,373,9,27,9.966000000000001,5989.8,0.0016638333333333334
2024-05-02 09:28:00,7,650,331,9,28,8.925,5677.5,0.0015770833333333333
2024-05-02 09:29:00,4,647,253,9,29,6.972,5091.6,0.0014143333333333334
2024-05-02 09:30:00,10,695,313,9,30,8.52,5556.0,0.0015433333333333334
2024-05-02 09:31:00,16,560,286,9,31,7.710000000000001,5313.0,0.0014758333333333333
2024-05-02 09:32:00,16,755,364,9,32,9.855,5956.5,0.0016545833333333334
2024-05-02 09:33:00,7,818,325,9,33,8.943,5682.9,0.0015785833333333333
2024-05-02 09:34:00,19,635,313,9,34,8.46,5538.0,0.0015383333333333334
2024-05-02 09:35:00,13,740,214,9,35,6.090000000000001,4827.0,0.0013408333333333334
2024-05-02 09:36:00,16,611,394,9,36,10.461000000000002,6138.300000000001,0.0017050833333333336
2024-05-02 09:37:00,4,779,421,9,37,11.304,6391.2,0.0017753333333333332
2024-05-02 09:38:00,7,581,385,9,38,10.206,6061.799999999999,0.0016838333333333332
2024-05-02 09:39:00,7,560,391,9,39,10.335,6100.5,0.0016945833333333333
2024-05-02 09:40:00,7,830,361,9,40,9.855,5956.5,0.0016545833333333334
2024-05-02 09:41:00,13,713,292,9,41,8.013,5403.9,0.0015010833333333332
2024-05-02 09:42:00,16,662,205,9,42,5.787,4736.1,0.0013155833333333335
2024-05-02 09:43:00,7,497,211,9,43,5.772,4731.6,0.0013143333333333334
2024-05-02 09:44:00,7,614,397,9,44,10.539000000000001,6161.700000000001,0.0017115833333333336
2024-05-02 09:45:00,16,788,319,9,45,8.763,5628.9,0.0015635833333333333
2024-05-02 09:46:00,10,557,409,9,46,10.782000000000002,6234.6,0.0017318333333333335
2024-05-02 09:47:00,10,725,247,9,47,6.9,5070.0,0.0014083333333333333
2024-05-02 09:48:00,16,629,301,9,48,8.154,5446.200000000001,0.0015128333333333335
2024-05-02 09:49:00,13,503,355,9,49,9.378,5813.4,0.0016148333333333331
2024-05-02 09:50:00,16,791,373,9,50,10.116000000000001,6034.8,0.0016763333333333333
2024-05-02 09:51:00,7,755,298,9,51,8.205,5461.5,0.0015170833333333334
2024-05-02 09:52:00,10,578,286,9,52,7.728000000000001,5318.4,0.0014773333333333333
2024-05-02 09:53:00,10,497,328,9,53,8.697000000000001,5609.1,0.0015580833333333334
2024-05-02 09:54:00,7,767,211,9,54,6.042000000000001,4812.6,0.0013368333333333335
2024-05-02 09:55:00,10,593,298,9,55,8.043,5412.9,0.0015035833333333333
2024-05-02 09:56:00,13,707,373,9,56,10.032000000000002,6009.6,0.0016693333333333334
2024-05-02 09:57:00,7,419,400,9,57,10.419,6125.700000000001,0.0017015833333333336
2024-05-02 09:58:00,16,626,283,9,58,7.7010000000000005,5310.3,0.0014750833333333335
2024-05-02 09:59:00,10,509,316,9,59,8.409,5522.700000000001,0.0015340833333333335
2024-05-02 10:00:00,7,428,331,10,0,8.703000000000001,5610.900000000001,0.0015585833333333335
2024-05-02 10:01:00,13,593,325,10,1,8.718,5615.4,0.0015598333333333332
2024-05-02 10:02:00,7,719,217,10,2,6.144000000000001,4843.200000000001,0.0013453333333333336
2024-05-02 10:03:00,7,527,400,10,3,10.527,6158.1,0.0017105833333333335
2024-05-02 10:04:00,7,689,361,10,4,9.714,5914.200000000001,0.0016428333333333336
2024-05-02 10:05:00,4,605,304,10,5,8.205,5461.5,0.0015170833333333334
2024-05-02 10:06:00,10,560,298,10,6,8.01,5403.0,0.0015008333333333334
2024-05-02 10:07:00,7,635,286,10,7,7.785,5335.5,0.0014820833333333333
2024-05-02 10:08:00,13,668,304,10,8,8.268,5480.4,0.0015223333333333332
2024-05-02 10:09:00,13,545,232,10,9,6.345000000000001,4903.5,0.0013620833333333334
2024-05-02 10:10:00,16,518,202,10,10,5.5680000000000005,4670.4,0.0012973333333333333
2024-05-02 10:11:00,13,446,277,10,11,7.371,5211.3,0.0014475833333333335
2024-05-02 10:12:00,4,443,304,10,12,8.043000000000001,5412.9,0.0015035833333333333
2024-05-02 10:13:00,16,608,202,10,13,5.658,4697.4,0.0013048333333333332
2024-05-02 10:14:00,7,734,280,10,14,7.734,5320.2,0.0014778333333333334
2024-05-02 10:15:00,13,419,346,10,15,9.069,5720.7,0.0015890833333333332
2024-05-02 10:16:00,10,668,361,10,16,9.693,5907.9,0.0016410833333333332
2024-05-02 10:17:00,13,500,241,10,17,6.525,4957.5,0.0013770833333333332
2024-05-02 10:18:00,7,416,238,10,18,6.3660000000000005,4909.8,0.0013638333333333334
2024-05-02 10:19:00,4,731,247,10,19,6.906000000000001,5071.800000000001,0.0014088333333333336
2024-05-02 10:20:00,4,488,334,10,20,8.838,5651.4,0.0015698333333333332
2024-05-02 10:21:00,16,692,244,10,21,6.792000000000001,5037.6,0.0013993333333333334
2024-05-02 10:22:00,4,581,295,10,22,7.9559999999999995,5386.799999999999,0.0014963333333333332
2024-05-02 10:23:00,7,698,241,10,23,6.723000000000001,5016.9,0.0013935833333333333
2024-05-02 10:24:00,10,590,250,10,24,6.84,5052.0,0.0014033333333333333
2024-05-02 10:25:00,7,551,235,10,25,6.426,4927.799999999999,0.0013688333333333332
2024-05-02 10:26:00,7,701,202,10,26,5.751000000000001,4725.3,0.0013125833333333334
2024-05-02 10:27:00,10,482,220,10,27,5.982,4794.6,0.0013318333333333335
2024-05-02 10:28:00,7,425,226,10,28,6.075,4822.5,0.0013395833333333333
2024-05-02 10:29:00,7,707,259,10,29,7.182,5154.6,0.0014318333333333334
2024-05-02 10:30:00,10,554,211,10,30,5.829000000000001,4748.700000000001,0.0013190833333333336
2024-05-02 10:31:00,13,503,259,10,31,6.978000000000001,5093.4,0.0014148333333333333
2024-05-02 10:32:00,4,464,292,10,32,7.764000000000001,5329.200000000001,0.0014803333333333335
2024-05-02 10:33:00,7,632,205,10,33,5.757,4727.1,0.0013130833333333334
2024-05-02 10:34:00,10,467,202,10,34,5.517,4655.099999999999,0.0012930833333333332
2024-05-02 10:35:00,7,443,334,10,35,8.793,5637.9,0.0015660833333333332
2024-05-02 10:36:00,10,536,262,10,36,7.086,5125.8,0.0014238333333333334
2024-05-02 10:37:00,4,494,319,10,37,8.469000000000001,5540.700000000001,0.0015390833333333335
2024-05-02 10:38:00,10,545,310,10,38,8.295,5488.5,0.0015245833333333333
2024-05-02 10:39:00,10,536,301,10,39,8.061,5418.299999999999,0.001505083333333333
2024-05-02 10:40:00,4,404,286,10,40,7.554,5266.2,0.0014628333333333333
2024-05-02 10:41:00,10,596,316,10,41,8.496,5548.8,0.0015413333333333334
2024-05-02 10:42:00,7,620,223,10,42,6.195,4858.5,0.0013495833333333333
2024-05-02 10:43:00,13,536,265,10,43,7.161,5148.299999999999,0.0014300833333333331
2024-05-02 10:44:00,10,605,223,10,44,6.18,4854.0,0.0013483333333333333
2024-05-02 10:45:00,7,503,307,10,45,8.178,5453.400000000001,0.0015148333333333335
2024-05-02 10:46:00,10,443,202,10,46,5.493,4647.9,0.0012910833333333333
2024-05-02 10:47:00,4,464,328,10,47,8.664000000000001,5599.200000000001,0.0015553333333333335
2024-05-02 10:48:00,4,524,259,10,48,6.9990000000000006,5099.7,0.0014165833333333333
2024-05-02 10:49:00,10,626,196,10,49,5.526000000000001,4657.8,0.0012938333333333335
2024-05-02 10:50:00,10,521,262,10,50,7.071000000000001,5121.300000000001,0.0014225833333333336
2024-05-02 10:51:00,10,653,298,10,51,8.103,5430.9,0.0015085833333333331
2024-05-02 10:52:00,10,464,241,10,52,6.489000000000001,4946.7,0.0013740833333333333
2024-05-02 10:53:00,10,455,301,10,53,7.98,5394.0,0.0014983333333333333
2024-05-02 10:54:00,10,446,196,10,54,5.346,4603.8,0.0012788333333333334
2024-05-02 10:55:00,7,419,301,10,55,7.944,5383.2,0.0014953333333333333
2024-05-02 10:56:00,7,608,310,10,56,8.358,5507.4,0.0015298333333333331
2024-05-02 10:57:00,10,467,280,10,57,7.467,5240.1,0.0014555833333333335
2024-05-02 10:58:00,10,578,292,10,58,7.878000000000001,5363.4,0.0014898333333333332
2024-05-02 10:59:00,10,476,238,10,59,6.426,4927.799999999999,0.0013688333333333332
2024-05-02 11:00:00,7,542,214,11,0,5.892,4767.6,0.0013243333333333334
2024-05-02 11:01:00,7,614,268,11,1,7.314,5194.200000000001,0.0014428333333333335
2024-05-02 11:02:00,10,578,241,11,2,6.603000000000001,4980.9,0.0013835833333333332
2024-05-02 11:03:00,7,533,298,11,3,7.9830000000000005,5394.9,0.0014985833333333333
2024-05-02 11:04:00,10,473,205,11,4,5.598,4679.4,0.0012998333333333332
2024-05-02 11:05:00,10,521,241,11,5,6.546,4963.799999999999,0.001378833333333333
2024-05-02 11:06:00,7,479,253,11,6,6.804,5041.2,0.0014003333333333333
2024-05-02 11:07:00,10,473,247,11,7,6.648000000000001,4994.4,0.0013873333333333333
2024-05-02 11:08:00,4,404,259,11,8,6.8790000000000004,5063.700000000001,0.0014065833333333335
2024-05-02 11:09:00,10,518,223,11,9,6.093,4827.9,0.0013410833333333332
2024-05-02 11:10:00,7,449,217,11,10,5.8740000000000006,4762.2,0.0013228333333333332
2024-05-02 11:11:00,7,443,274,11,11,7.293,5187.9,0.0014410833333333333
2024-05-02 11:12:00,7,518,238,11,12,6.468,4940.4,0.0013723333333333333
2024-05-02 11:13:00,7,515,247,11,13,6.69,5007.0,0.0013908333333333333
2024-05-02 11:14:00,10,551,220,11,14,6.051,4815.299999999999,0.0013375833333333332
2024-05-02 11:15:00,4,458,265,11,15,7.083,5124.9,0.0014235833333333331
2024-05-02 11:16:00,10,524,250,11,16,6.774,5032.200000000001,0.0013978333333333336
2024-05-02 11:17:00,10,584,253,11,17,6.909,5072.700000000001,0.0014090833333333336
2024-05-02 11:18:00,10,584,268,11,18,7.284,5185.200000000001,0.0014403333333333336
2024-05-02 11:19:00,7,434,223,11,19,6.009,4802.700000000001,0.0013340833333333336
2024-05-02 11:20:00,7,425,271,11,20,7.2,5160.0,0.0014333333333333333
2024-05-02 11:21:00,10,446,193,11,21,5.271,4581.299999999999,0.001272583333333333
2024-05-02 11:22:00,4,404,238,11,22,6.354,4906.200000000001,0.0013628333333333335
2024-05-02 11:23:00,4,434,271,11,23,7.2090000000000005,5162.7,0.0014340833333333332
2024-05-02 11:24:00,4,560,226,11,24,6.210000000000001,4863.0,0.0013508333333333332
2024-05-02 11:25:00,7,419,280,11,25,7.419,5225.7,0.0014515833333333334
2024-05-02 11:26:00,7,455,235,11,26,6.33,4899.0,0.0013608333333333333
2024-05-02 11:27:00,7,380,190,11,27,5.13,4539.0,0.0012608333333333334
2024-05-02 11:28:00,4,572,223,11,28,6.147,4844.1,0.0013455833333333334
2024-05-02 11:29:00,4,464,259,11,29,6.939000000000001,5081.700000000001,0.0014115833333333335
2024-05-02 11:30:00,4,386,253,11,30,6.711,5013.3,0.0013925833333333333
2024-05-02 11:31:00,4,479,247,11,31,6.654000000000001,4996.2,0.0013878333333333334
2024-05-02 11:32:00,7,467,280,11,32,7.467,5240.1,0.0014555833333333335
2024-05-02 11:33:00,10,551,232,11,33,6.351000000000001,4905.3,0.0013625833333333335
2024-05-02 11:34:00,7,557,205,11,34,5.682,4704.6,0.0013068333333333335
2024-05-02 11:35:00,7,398,247,11,35,6.573,4971.9,0.0013810833333333333
2024-05-02 11:36:00,7,533,286,11,36,7.683000000000001,5304.9,0.0014735833333333333
2024-05-02 11:37:00,7,524,271,11,37,7.299,5189.700000000001,0.0014415833333333336
2024-05-02 11:38:00,7,509,268,11,38,7.2090000000000005,5162.7,0.0014340833333333332
2024-05-02 11:39:00,10,386,190,11,39,5.136,4540.8,0.0012613333333333335
2024-05-02 11:40:00,4,431,217,11,40,5.856000000000001,4756.8,0.0013213333333333334
2024-05-02 11:41:00,7,455,211,11,41,5.73,4719.0,0.0013108333333333333
2024-05-02 11:42:00,7,491,226,11,42,6.141,4842.3,0.0013450833333333333
2024-05-02 11:43:00,7,392,256,11,43,6.792000000000001,5037.6,0.0013993333333333334
2024-05-02 11:44:00,7,500,196,11,44,5.4,4620.0,0.0012833333333333334
2024-05-02 11:45:00,4,536,244,11,45,6.636000000000001,4990.8,0.0013863333333333334
2024-05-02 11:46:00,7,410,262,11,46,6.960000000000001,5088.0,0.0014133333333333333
2024-05-02 11:47:00,4,476,265,11,47,7.101,5130.299999999999,0.001425083333333333
2024-05-02 11:48:00,4,407,274,11,48,7.257000000000001,5177.1,0.0014380833333333335
2024-05-02 11:49:00,10,479,196,11,49,5.3790000000000004,4613.700000000001,0.0012815833333333336
2024-05-02 11:50:00,4,395,193,11,50,5.220000000000001,4566.0,0.0012683333333333333
2024-05-02 11:51:00,7,386,196,11,51,5.2860000000000005,4585.8,0.0012738333333333334
2024-05-02 11:52:00,7,476,211,11,52,5.751,4725.3,0.0013125833333333334
2024-05-02 11:53:00,7,512,241,11,53,6.537000000000001,4961.1,0.0013780833333333334
2024-05-02 11:54:00,7,413,259,11,54,6.888000000000001,5066.4,0.0014073333333333331
2024-05-02 11:55:00,7,470,247,11,55,6.6450000000000005,4993.5,0.0013870833333333333
2024-05-02 11:56:00,4,401,190,11,56,5.151,4545.3,0.0012625833333333334
2024-05-02 11:57:00,4,416,220,11,57,5.916,4774.8,0.0013263333333333334
2024-05-02 11:58:00,4,476,238,11,58,6.426,4927.799999999999,0.0013688333333333332
2024-05-02 11:59:00,7,428,244,11,59,6.5280000000000005,4958.4,0.0013773333333333333
2024-05-02 12:00:00,7,473,235,12,0,6.348,4904.4,0.0013623333333333332
2024-05-02 12:01:00,7,488,256,12,1,6.888,5066.4,0.0014073333333333331
2024-05-02 12:02:00,7,497,238,12,2,6.447,4934.099999999999,0.0013705833333333332
2024-05-02 12:03:00,7,425,232,12,3,6.2250000000000005,4867.5,0.0013520833333333334
2024-05-02 12:04:00,7,470,247,12,4,6.6450000000000005,4993.5,0.0013870833333333333
2024-05-02 12:05:00,7,479,223,12,5,6.054,4816.2,0.0013378333333333332
2024-05-02 12:06:00,7,473,193,12,6,5.298,4589.4,0.0012748333333333333
2024-05-02 12:07:00,4,428,190,12,7,5.178,4553.400000000001,0.0012648333333333335
2024-05-02 12:08:00,4,485,247,12,8,6.660000000000001,4998.0,0.0013883333333333334
2024-05-02 12:09:00,7,494,205,12,9,5.619,4685.7,0.0013015833333333332
2024-05-02 12:10:00,4,476,241,12,10,6.501,4950.3,0.0013750833333333334
2024-05-02 12:11:00,4,383,199,12,11,5.3580000000000005,4607.4,0.0012798333333333331
2024-05-02 12:12:00,4,377,184,12,12,4.977,4493.099999999999,0.0012480833333333332
2024-05-02 12:13:00,7,422,220,12,13,5.922,4776.6,0.0013268333333333335
2024-05-02 12:14:00,4,452,238,12,14,6.402,4920.6,0.0013668333333333334
2024-05-02 12:15:00,7,464,190,12,15,5.214,4564.200000000001,0.0012678333333333335
2024-05-02 12:16:00,4,410,208,12,16,5.61,4683.0,0.0013008333333333333
2024-05-02 12:17:00,7,404,199,12,17,5.3790000000000004,4613.700000000001,0.0012815833333333336
2024-05-02 12:18:00,4,431,229,12,18,6.156000000000001,4846.800000000001,0.0013463333333333337
2024-05-02 12:19:00,4,371,244,12,19,6.471,4941.299999999999,0.001372583333333333
2024-05-02 12:20:00,4,389,187,12,20,5.064,4519.200000000001,0.0012553333333333336
2024-05-02 12:21:00,7,473,190,12,21,5.223,4566.9,0.0012685833333333332
2024-05-02 12:22:00,4,464,208,12,22,5.664000000000001,4699.2,0.0013053333333333333
2024-05-02 12:23:00,4,425,214,12,23,5.775,4732.5,0.0013145833333333334
2024-05-02 12:24:00,4,407,235,12,24,6.282,4884.6,0.0013568333333333334
2024-05-02 12:25:00,4,392,211,12,25,5.667000000000001,4700.1,0.0013055833333333335
2024-05-02 12:26:00,4,452,232,12,26,6.252000000000001,4875.6,0.0013543333333333335
2024-05-02 12:27:00,7,431,208,12,27,5.631,4689.3,0.0013025833333333333
2024-05-02 12:28:00,4,395,232,12,28,6.195,4858.5,0.0013495833333333333
2024-05-02 12:29:00,7,419,199,12,29,5.394,4618.200000000001,0.0012828333333333335
2024-05-02 12:30:00,4,395,196,12,30,5.295,4588.5,0.0012745833333333333
2024-05-02 12:31:00,4,422,220,12,31,5.922,4776.6,0.0013268333333333335
2024-05-02 12:32:00,7,467,217,12,32,5.892,4767.6,0.0013243333333333334
2024-05-02 12:33:00,4,449,211,12,33,5.724,4717.2,0.0013103333333333333
2024-05-02 12:34:00,4,401,199,12,34,5.376,4612.8,0.0012813333333333333
2024-05-02 12:35:00,4,440,235,12,35,6.315,4894.5,0.0013595833333333333
2024-05-02 12:36:00,4,371,199,12,36,5.346,4603.8,0.0012788333333333334
2024-05-02 12:37:00,4,449,196,12,37,5.349,4604.7,0.0012790833333333332
2024-05-02 12:38:00,7,374,196,12,38,5.274,4582.200000000001,0.0012728333333333335
2024-05-02 12:39:00,4,449,208,12,39,5.649,4694.700000000001,0.0013040833333333335
2024-05-02 12:40:00,4,377,196,12,40,5.277,4583.1,0.0012730833333333335
2024-05-02 12:41:00,4,425,208,12,41,5.625,4687.5,0.0013020833333333333
2024-05-02 12:42:00,4,380,187,12,42,5.055,4516.5,0.0012545833333333332
2024-05-02 12:43:00,4,440,214,12,43,5.790000000000001,4737.0,0.0013158333333333334
2024-05-02 12:44:00,4,389,223,12,44,5.964,4789.200000000001,0.0013303333333333335
2024-05-02 12:45:00,4,413,217,12,45,5.838000000000001,4751.400000000001,0.0013198333333333334
2024-05-02 12:46:00,4,404,184,12,46,5.0040000000000004,4501.200000000001,0.0012503333333333335
2024-05-02 12:47:00,4,446,184,12,47,5.046,4513.8,0.0012538333333333334
2024-05-02 12:48:00,4,413,211,12,48,5.688000000000001,4706.4,0.0013073333333333333
2024-05-02 12:49:00,4,368,190,12,49,5.118,4535.4,0.0012598333333333333
2024-05-02 12:50:00,7,413,205,12,50,5.538,4661.400000000001,0.0012948333333333334
2024-05-02 12:51:00,4,440,184,12,51,5.040000000000001,4512.0,0.0012533333333333333
2024-05-02 12:52:00,4,413,211,12,52,5.688000000000001,4706.4,0.0013073333333333333
2024-05-02 12:53:00,4,386,184,12,53,4.986000000000001,4495.8,0.0012488333333333333
2024-05-02 12:54:00,4,368,205,12,54,5.493,4647.9,0.0012910833333333333
2024-05-02 12:55:00,4,386,208,12,55,5.586,4675.8,0.0012988333333333335
2024-05-02 12:56:00,4,434,184,12,56,5.034000000000001,4510.200000000001,0.0012528333333333334
2024-05-02 12:57:00,4,422,214,12,57,5.772,4731.6,0.0013143333333333334
2024-05-02 12:58:00,4,404,187,12,58,5.079,4523.7,0.0012565833333333333
2024-05-02 12:59:00,4,386,202,12,59,5.436000000000001,4630.8,0.0012863333333333333
2024-05-02 13:00:00,4,389,199,13,0,5.364000000000001,4609.2,0.0012803333333333332
2024-05-02 13:01:00,4,368,196,13,1,5.268000000000001,4580.4,0.0012723333333333332
2024-05-02 13:02:00,4,365,211,13,2,5.640000000000001,4692.0,0.0013033333333333334
2024-05-02 13:03:00,4,410,190,13,3,5.16,4548.0,0.0012633333333333333
2024-05-02 13:04:00,4,383,205,13,4,5.508,4652.4,0.0012923333333333333
2024-05-02 13:05:00,4,389,187,13,5,5.064,4519.200000000001,0.0012553333333333336
2024-05-02 13:06:00,4,383,193,13,6,5.208,4562.4,0.0012673333333333332
2024-05-02 13:07:00,4,419,211,13,7,5.694,4708.2,0.0013078333333333334
2024-05-02 13:08:00,4,377,208,13,8,5.577,4673.1,0.0012980833333333334
2024-05-02 13:09:00,4,377,202,13,9,5.4270000000000005,4628.1,0.0012855833333333335
2024-05-02 13:10:00,4,371,199,13,10,5.346,4603.8,0.0012788333333333334
2024-05-02 13:11:00,4,392,199,13,11,5.367000000000001,4610.1,0.0012805833333333334
2024-05-02 13:12:00,4,389,193,13,12,5.214,4564.200000000001,0.0012678333333333335
2024-05-02 13:13:00,4,386,208,13,13,5.586,4675.8,0.0012988333333333335
2024-05-02 13:14:00,4,398,187,13,14,5.0729999999999995,4521.9,0.0012560833333333332
2024-05-02 13:15:00,4,359,208,13,15,5.559,4667.700000000001,0.0012965833333333336
2024-05-02 13:16:00,4,401,190,13,16,5.151,4545.3,0.0012625833333333334
2024-05-02 13:17:00,4,365,184,13,17,4.965000000000001,4489.5,0.0012470833333333333
2024-05-02 13:18:00,4,368,199,13,18,5.343000000000001,4602.900000000001,0.0012785833333333334
2024-05-02 13:19:00,4,377,181,13,19,4.902,4470.6,0.0012418333333333335
2024-05-02 13:20:00,4,407,181,13,20,4.932,4479.6,0.0012443333333333334
2024-05-02 13:21:00,4,371,205,13,21,5.496,4648.8,0.0012913333333333334
2024-05-02 13:22:00,4,362,187,13,22,5.037,4511.1,0.0012530833333333335
2024-05-02 13:23:00,4,383,196,13,23,5.283,4584.9,0.0012735833333333332
2024-05-02 13:24:00,4,362,202,13,24,5.412000000000001,4623.6,0.0012843333333333335
2024-05-02 13:25:00,4,374,190,13,25,5.124,4537.2,0.0012603333333333334
2024-05-02 13:26:00,4,392,181,13,26,4.917000000000001,4475.1,0.0012430833333333335
2024-05-02 13:27:00,4,374,184,13,27,4.974,4492.2,0.0012478333333333332
2024-05-02 13:28:00,4,380,187,13,28,5.055,4516.5,0.0012545833333333332
2024-05-02 13:29:00,4,368,178,13,29,4.8180000000000005,4445.4,0.0012348333333333332
2024-05-02 13:30:00,4,380,184,13,30,4.98,4494.0,0.0012483333333333333
2024-05-02 13:31:00,4,365,196,13,31,5.265000000000001,4579.5,0.0012720833333333334
2024-05-02 13:32:00,4,362,196,13,32,5.2620000000000005,4578.6,0.0012718333333333334
2024-05-02 13:33:00,4,374,190,13,33,5.124,4537.2,0.0012603333333333334
2024-05-02 13:34:00,4,371,181,13,34,4.896000000000001,4468.8,0.0012413333333333334
2024-05-02 13:35:00,4,371,181,13,35,4.896000000000001,4468.8,0.0012413333333333334
2024-05-02 13:36:00,4,374,184,13,36,4.974,4492.2,0.0012478333333333332
2024-05-02 13:37:00,4,371,193,13,37,5.196,4558.8,0.0012663333333333333
2024-05-02 13:38:00,4,377,190,13,38,5.127,4538.1,0.0012605833333333334
2024-05-02 13:39:00,4,389,193,13,39,5.214,4564.200000000001,0.0012678333333333335
2024-05-02 13:40:00,4,368,193,13,40,5.1930000000000005,4557.9,0.0012660833333333333
2024-05-02 13:41:00,4,353,178,13,41,4.803,4440.900000000001,0.0012335833333333335
2024-05-02 13:42:00,4,368,178,13,42,4.8180000000000005,4445.4,0.0012348333333333332
2024-05-02 13:43:00,4,365,187,13,43,5.04,4512.0,0.0012533333333333333
2024-05-02 13:44:00,4,368,190,13,44,5.118,4535.4,0.0012598333333333333
2024-05-02 13:45:00,4,356,178,13,45,4.806,4441.8,0.0012338333333333333
2024-05-02 13:46:00,4,359,178,13,46,4.809,4442.700000000001,0.0012340833333333336
2024-05-02 13:47:00,4,353,190,13,47,5.103,4530.9,0.0012585833333333331
2024-05-02 13:48:00,4,380,193,13,48,5.205,4561.5,0.0012670833333333334
2024-05-02 13:49:00,4,362,181,13,49,4.8870000000000005,4466.1,0.0012405833333333333
2024-05-02 13:50:00,4,362,184,13,50,4.962000000000001,4488.6,0.0012468333333333335
2024-05-02 13:51:00,4,356,181,13,51,4.881,4464.3,0.0012400833333333335
2024-05-02 13:52:00,4,377,184,13,52,4.977,4493.099999999999,0.0012480833333333332
2024-05-02 13:53:00,4,365,181,13,53,4.890000000000001,4467.0,0.0012408333333333334
2024-05-02 13:54:00,4,353,184,13,54,4.953,4485.9,0.0012460833333333332
2024-05-02 13:55:00,4,374,187,13,55,5.0489999999999995,4514.7,0.0012540833333333332
2024-05-02 13:56:00,4,371,184,13,56,4.971,4491.3,0.0012475833333333334
2024-05-02 13:57:00,4,356,187,13,57,5.031,4509.3,0.0012525833333333334
2024-05-02 13:58:00,4,356,187,13,58,5.031,4509.3,0.0012525833333333334
2024-05-02 13:59:00,4,365,178,13,59,4.815,4444.5,0.0012345833333333334
2024-05-02 14:00:00,4,365,175,14,0,4.74,4422.0,0.0012283333333333332
2024-05-02 14:01:00,4,365,178,14,1,4.815,4444.5,0.0012345833333333334
2024-05-02 14:02:00,4,365,187,14,2,5.04,4512.0,0.0012533333333333333
2024-05-02 14:03:00,4,365,181,14,3,4.890000000000001,4467.0,0.0012408333333333334
2024-05-02 14:04:00,4,362,175,14,4,4.737,4421.1,0.0012280833333333334
2024-05-02 14:05:00,4,356,181,14,5,4.881,4464.3,0.0012400833333333335
2024-05-02 14:06:00,4,365,184,14,6,4.965000000000001,4489.5,0.0012470833333333333
2024-05-02 14:07:00,4,353,184,14,7,4.953,4485.9,0.0012460833333333332
2024-05-02 14:08:00,4,365,184,14,8,4.965000000000001,4489.5,0.0012470833333333333
2024-05-02 14:09:00,4,362,184,14,9,4.962000000000001,4488.6,0.0012468333333333335
2024-05-02 14:10:00,4,368,175,14,10,4.743,4422.9,0.0012285833333333333
2024-05-02 14:11:00,4,356,178,14,11,4.806,4441.8,0.0012338333333333333
2024-05-02 14:12:00,4,359,175,14,12,4.734,4420.2,0.0012278333333333334
2024-05-02 14:13:00,4,362,178,14,13,4.812,4443.6,0.0012343333333333334
2024-05-02 14:14:00,4,356,178,14,14,4.806,4441.8,0.0012338333333333333
2024-05-02 14:15:00,4,353,181,14,15,4.878,4463.4,0.0012398333333333332
2024-05-02 14:16:00,4,353,175,14,16,4.728,4418.4,0.0012273333333333333
2024-05-02 14:17:00,4,362,178,14,17,4.812,4443.6,0.0012343333333333334
2024-05-02 14:18:00,4,359,178,14,18,4.809,4442.700000000001,0.0012340833333333336
2024-05-02 14:19:00,4,362,175,14,19,4.737,4421.1,0.0012280833333333334
2024-05-02 14:20:00,4,350,175,14,20,4.725,4417.5,0.0012270833333333333
2024-05-02 14:21:00,4,350,178,14,21,4.8,4440.0,0.0012333333333333332
2024-05-02 14:22:00,4,353,181,14,22,4.878,4463.4,0.0012398333333333332
2024-05-02 14:23:00,4,356,178,14,23,4.806,4441.8,0.0012338333333333333
2024-05-02 14:24:00,4,359,178,14,24,4.809,4442.700000000001,0.0012340833333333336
2024-05-02 14:25:00,4,350,175,14,25,4.725,4417.5,0.0012270833333333333
2024-05-02 14:26:00,4,353,178,14,26,4.803,4440.900000000001,0.0012335833333333335
2024-05-02 14:27:00,4,353,178,14,27,4.803,4440.900000000001,0.0012335833333333335
2024-05-02 14:28:00,4,353,175,14,28,4.728,4418.4,0.0012273333333333333
2024-05-02 14:29:00,4,359,178,14,29,4.809,4442.700000000001,0.0012340833333333336
2024-05-02 14:30:00,4,353,175,14,30,4.728,4418.4,0.0012273333333333333
2024-05-02 14:31:00,4,353,178,14,31,4.803,4440.900000000001,0.0012335833333333335
2024-05-02 14:32:00,4,356,178,14,32,4.806,4441.8,0.0012338333333333333
2024-05-02 14:33:00,4,353,175,14,33,4.728,4418.4,0.0012273333333333333
2024-05-02 14:34:00,4,353,178,14,34,4.803,4440.900000000001,0.0012335833333333335
2024-05-02 14:35:00,4,353,175,14,35,4.728,4418.4,0.0012273333333333333
2024-05-02 14:36:00,4,353,175,14,36,4.728,4418.4,0.0012273333333333333
2024-05-02 14:37:00,4,356,175,14,37,4.731,4419.299999999999,0.0012275833333333331
2024-05-02 14:38:00,4,353,175,14,38,4.728,4418.4,0.0012273333333333333
2024-05-02 14:39:00,4,350,175,14,39,4.725,4417.5,0.0012270833333333333
2024-05-02 14:40:00,4,350,175,14,40,4.725,4417.5,0.0012270833333333333
2024-05-02 14:41:00,4,350,175,14,41,4.725,4417.5,0.0012270833333333333
2024-05-02 14:42:00,4,353,175,14,42,4.728,4418.4,0.0012273333333333333
2024-05-02 14:43:00,4,350,175,14,43,4.725,4417.5,0.0012270833333333333
2024-05-02 14:44:00,4,353,175,14,44,4.728,4418.4,0.0012273333333333333
2024-05-02 14:45:00,4,353,175,14,45,4.728,4418.4,0.0012273333333333333
2024-05-02 14:46:00,4,350,175,14,46,4.725,4417.5,0.0012270833333333333
2024-05-02 14:47:00,4,350,175,14,47,4.725,4417.5,0.0012270833333333333
2024-05-02 14:48:00,4,350,175,14,48,4.725,4417.5,0.0012270833333333333
2024-05-02 14:49:00,4,350,175,14,49,4.725,4417.5,0.0012270833333333333
2024-05-02 14:50:00,4,350,175,14,50,4.725,4417.5,0.0012270833333333333
2024-05-02 14:51:00,4,350,175,14,51,4.725,4417.5,0.0012270833333333333
2024-05-02 14:52:00,4,350,175,14,52,4.725,4417.5,0.0012270833333333333
2024-05-02 14:53:00,4,350,175,14,53,4.725,4417.5,0.0012270833333333333
2024-05-02 14:54:00,4,350,175,14,54,4.725,4417.5,0.0012270833333333333
2024-05-02 14:55:00,4,350,175,14,55,4.725,4417.5,0.0012270833333333333
2024-05-02 14:56:00,4,350,175,14,56,4.725,4417.5,0.0012270833333333333
2024-05-02 14:57:00,4,350,175,14,57,4.725,4417.5,0.0012270833333333333
2024-05-02 14:58:00,4,350,175,14,58,4.725,4417.5,0.0012270833333333333
2024-05-02 14:59:00,4,350,175,14,59,4.725,4417.5,0.0012270833333333333
2024-05-02 15:00:00,4,350,175,15,0,4.725,4417.5,0.0012270833333333333
2024-05-02 15:01:00,4,350,175,15,1,4.725,4417.5,0.0012270833333333333
2024-05-02 15:02:00,4,350,175,15,2,4.725,4417.5,0.0012270833333333333
2024-05-02 15:03:00,4,350,175,15,3,4.725,4417.5,0.0012270833333333333
2024-05-02 15:04:00,4,350,175,15,4,4.725,4417.5,0.0012270833333333333
2024-05-02 15:05:00,4,350,175,15,5,4.725,4417.5,0.0012270833333333333
2024-05-02 15:06:00,4,350,175,15,6,4.725,4417.5,0.0012270833333333333
2024-05-02 15:07:00,4,350,175,15,7,4.725,4417.5,0.0012270833333333333
2024-05-02 15:08:00,4,350,175,15,8,4.725,4417.5,0.0012270833333333333
2024-05-02 15:09:00,4,350,175,15,9,4.725,4417.5,0.0012270833333333333
2024-05-02 15:10:00,4,350,175,15,10,4.725,4417.5,0.0012270833333333333
2024-05-02 15:11:00,4,350,175,15,11,4.725,4417.5,0.0012270833333333333
2024-05-02 15:12:00,4,350,175,15,12,4.725,4417.5,0.0012270833333333333
2024-05-02 15:13:00,4,350,175,15,13,4.725,4417.5,0.0012270833333333333
2024-05-02 15:14:00,4,350,175,15,14,4.725,4417.5,0.0012270833333333333
2024-05-02 15:15:00,4,350,175,15,15,4.725,4417.5,0.0012270833333333333
2024-05-02 15:16:00,4,350,175,15,16,4.725,4417.5,0.0012270833333333333
2024-05-02 15:17:00,4,350,175,15,17,4.725,4417.5,0.0012270833333333333
2024-05-02 15:18:00,4,350,175,15,18,4.725,4417.5,0.0012270833333333333
2024-05-02 15:19:00,4,350,175,15,19,4.725,4417.5,0.0012270833333333333
2024-05-02 15:20:00,4,350,175,15,20,4.725,4417.5,0.0012270833333333333
2024-05-02 15:21:00,4,350,175,15,21,4.725,4417.5,0.0012270833333333333
2024-05-02 15:22:00,4,350,175,15,22,4.725,4417.5,0.0012270833333333333
2024-05-02 15:23:00,4,350,175,15,23,4.725,4417.5,0.0012270833333333333
2024-05-02 15:24:00,4,350,175,15,24,4.725,4417.5,0.0012270833333333333
2024-05-02 15:25:00,4,350,175,15,25,4.725,4417.5,0.0012270833333333333
2024-05-02 15:26:00,4,350,175,15,26,4.725,4417.5,0.0012270833333333333
2024-05-02 15:27:00,4,350,175,15,27,4.725,4417.5,0.0012270833333333333
2024-05-02 15:28:00,4,350,175,15,28,4.725,4417.5,0.0012270833333333333
2024-05-02 15:29:00,4,350,175,15,29,4.725,4417.5,0.0012270833333333333
2024-05-02 15:30:00,4,350,175,15,30,4.725,4417.5,0.0012270833333333333
2024-05-02 15:31:00,4,350,175,15,31,4.725,4417.5,0.0012270833333333333
2024-05-02 15:32:00,4,350,175,15,32,4.725,4417.5,0.0012270833333333333
2024-05-02 15:33:00,4,350,175,15,33,4.725,4417.5,0.0012270833333333333
2024-05-02 15:34:00,4,350,175,15,34,4.725,4417.5,0.0012270833333333333
2024-05-02 15:35:00,4,350,175,15,35,4.725,4417.5,0.0012270833333333333
2024-05-02 15:36:00,4,350,175,15,36,4.725,4417.5,0.0012270833333333333
2024-05-02 15:37:00,4,350,175,15,37,4.725,4417.5,0.0012270833333333333
2024-05-02 15:38:00,4,350,175,15,38,4.725,4417.5,0.0012270833333333333
2024-05-02 15:39:00,4,350,175,15,39,4.725,4417.5,0.0012270833333333333
2024-05-02 15:40:00,4,350,175,15,40,4.725,4417.5,0.0012270833333333333
2024-05-02 15:41:00,4,350,175,15,41,4.725,4417.5,0.0012270833333333333
2024-05-02 15:42:00,4,350,175,15,42,4.725,4417.5,0.0012270833333333333
2024-05-02 15:43:00,4,350,175,15,43,4.725,4417.5,0.0012270833333333333
2024-05-02 15:44:00,4,350,175,15,44,4.725,4417.5,0.0012270833333333333
2024-05-02 15:45:00,4,350,175,15,45,4.725,4417.5,0.0012270833333333333
2024-05-02 15:46:00,4,350,175,15,46,4.725,4417.5,0.0012270833333333333
2024-05-02 15:47:00,4,353,175,15,47,4.728,4418.4,0.0012273333333333333
2024-05-02 15:48:00,4,350,175,15,48,4.725,4417.5,0.0012270833333333333
2024-05-02 15:49:00,4,350,175,15,49,4.725,4417.5,0.0012270833333333333
2024-05-02 15:50:00,4,350,175,15,50,4.725,4417.5,0.0012270833333333333
2024-05-02 15:51:00,4,350,175,15,51,4.725,4417.5,0.0012270833333333333
2024-05-02 15:52:00,4,350,175,15,52,4.725,4417.5,0.0012270833333333333
2024-05-02 15:53:00,4,350,175,15,53,4.725,4417.5,0.0012270833333333333
2024-05-02 15:54:00,4,350,175,15,54,4.725,4417.5,0.0012270833333333333
2024-05-02 15:55:00,4,353,175,15,55,4.728,4418.4,0.0012273333333333333
2024-05-02 15:56:00,4,353,178,15,56,4.803,4440.900000000001,0.0012335833333333335
2024-05-02 15:57:00,4,350,175,15,57,4.725,4417.5,0.0012270833333333333
2024-05-02 15:58:00,4,353,178,15,58,4.803,4440.900000000001,0.0012335833333333335
2024-05-02 15:59:00,4,353,175,15,59,4.728,4418.4,0.0012273333333333333
2024-05-02 16:00:00,4,353,175,16,0,4.728,4418.4,0.0012273333333333333
2024-05-02 16:01:00,4,353,175,16,1,4.728,4418.4,0.0012273333333333333
2024-05-02 16:02:00,4,350,178,16,2,4.8,4440.0,0.0012333333333333332
2024-05-02 16:03:00,4,350,175,16,3,4.725,4417.5,0.0012270833333333333
2024-05-02 16:04:00,4,353,175,16,4,4.728,4418.4,0.0012273333333333333
2024-05-02 16:05:00,4,356,178,16,5,4.806,4441.8,0.0012338333333333333
2024-05-02 16:06:00,4,350,175,16,6,4.725,4417.5,0.0012270833333333333
2024-05-02 16:07:00,4,359,181,16,7,4.884,4465.200000000001,0.0012403333333333335
2024-05-02 16:08:00,4,359,178,16,8,4.809,4442.700000000001,0.0012340833333333336
2024-05-02 16:09:00,4,359,178,16,9,4.809,4442.700000000001,0.0012340833333333336
2024-05-02 16:10:00,4,350,181,16,10,4.875,4462.5,0.0012395833333333334
2024-05-02 16:11:00,4,353,178,16,11,4.803,4440.900000000001,0.0012335833333333335
2024-05-02 16:12:00,4,362,178,16,12,4.812,4443.6,0.0012343333333333334
2024-05-02 16:13:00,4,353,178,16,13,4.803,4440.900000000001,0.0012335833333333335
2024-05-02 16:14:00,4,362,178,16,14,4.812,4443.6,0.0012343333333333334
2024-05-02 16:15:00,4,356,181,16,15,4.881,4464.3,0.0012400833333333335
2024-05-02 16:16:00,4,356,175,16,16,4.731,4419.299999999999,0.0012275833333333331
2024-05-02 16:17:00,4,362,178,16,17,4.812,4443.6,0.0012343333333333334
2024-05-02 16:18:00,4,365,178,16,18,4.815,4444.5,0.0012345833333333334
2024-05-02 16:19:00,4,362,175,16,19,4.737,4421.1,0.0012280833333333334
2024-05-02 16:20:00,4,356,175,16,20,4.731,4419.299999999999,0.0012275833333333331
2024-05-02 16:21:00,4,365,181,16,21,4.890000000000001,4467.0,0.0012408333333333334
2024-05-02 16:22:00,4,356,175,16,22,4.731,4419.299999999999,0.0012275833333333331
2024-05-02 16:23:00,4,353,178,16,23,4.803,4440.900000000001,0.0012335833333333335
2024-05-02 16:24:00,4,365,175,16,24,4.74,4422.0,0.0012283333333333332
2024-05-02 16:25:00,4,368,184,16,25,4.968000000000001,4490.400000000001,0.0012473333333333336
2024-05-02 16:26:00,4,365,184,16,26,4.965000000000001,4489.5,0.0012470833333333333
2024-05-02 16:27:00,4,353,184,16,27,4.953,4485.9,0.0012460833333333332
2024-05-02 16:28:00,4,368,184,16,28,4.968000000000001,4490.400000000001,0.0012473333333333336
2024-05-02 16:29:00,4,359,184,16,29,4.9590000000000005,4487.7,0.0012465833333333333
2024-05-02 16:30:00,4,368,187,16,30,5.043,4512.9,0.0012535833333333333
2024-05-02 16:31:00,4,362,184,16,31,4.962000000000001,4488.6,0.0012468333333333335
2024-05-02 16:32:00,4,356,187,16,32,5.031,4509.3,0.0012525833333333334
2024-05-02 16:33:00,4,362,178,16,33,4.812,4443.6,0.0012343333333333334
2024-05-02 16:34:00,4,359,175,16,34,4.734,4420.2,0.0012278333333333334
2024-05-02 16:35:00,4,362,181,16,35,4.8870000000000005,4466.1,0.0012405833333333333
2024-05-02 16:36:00,4,371,187,16,36,5.045999999999999,4513.799999999999,0.0012538333333333331
2024-05-02 16:37:00,4,356,181,16,37,4.881,4464.3,0.0012400833333333335
2024-05-02 16:38:00,4,374,184,16,38,4.974,4492.2,0.0012478333333333332
2024-05-02 16:39:00,4,374,184,16,39,4.974,4492.2,0.0012478333333333332
2024-05-02 16:40:00,4,365,181,16,40,4.890000000000001,4467.0,0.0012408333333333334
2024-05-02 16:41:00,4,374,187,16,41,5.0489999999999995,4514.7,0.0012540833333333332
2024-05-02 16:42:00,4,377,181,16,42,4.902,4470.6,0.0012418333333333335
2024-05-02 16:43:00,4,380,184,16,43,4.98,4494.0,0.0012483333333333333
2024-05-02 16:44:00,4,380,178,16,44,4.83,4449.0,0.0012358333333333334
2024-05-02 16:45:00,4,371,190,16,45,5.121,4536.3,0.0012600833333333333
2024-05-02 16:46:00,4,356,184,16,46,4.956,4486.8,0.0012463333333333335
2024-05-02 16:47:00,4,383,190,16,47,5.133,4539.9,0.0012610833333333332
2024-05-02 16:48:00,4,380,190,16,48,5.13,4539.0,0.0012608333333333334
2024-05-02 16:49:00,4,368,181,16,49,4.893000000000001,4467.9,0.0012410833333333332
2024-05-02 16:50:00,4,380,178,16,50,4.83,4449.0,0.0012358333333333334
2024-05-02 16:51:00,4,359,178,16,51,4.809,4442.700000000001,0.0012340833333333336
2024-05-02 16:52:00,4,386,175,16,52,4.761,4428.3,0.0012300833333333335
2024-05-02 16:53:00,4,377,193,16,53,5.202,4560.6,0.0012668333333333334
2024-05-02 16:54:00,4,380,190,16,54,5.13,4539.0,0.0012608333333333334
2024-05-02 16:55:00,4,365,184,16,55,4.965000000000001,4489.5,0.0012470833333333333
2024-05-02 16:56:00,4,359,193,16,56,5.184,4555.200000000001,0.0012653333333333336
2024-05-02 16:57:00,4,356,193,16,57,5.181,4554.3,0.0012650833333333333
2024-05-02 16:58:00,4,383,184,16,58,4.9830000000000005,4494.9,0.0012485833333333333
2024-05-02 16:59:00,4,362,199,16,59,5.337000000000001,4601.1,0.0012780833333333333
2024-05-02 17:00:00,4,389,193,17,0,5.214,4564.200000000001,0.0012678333333333335
2024-05-02 17:01:00,4,386,187,17,1,5.061,4518.299999999999,0.001255083333333333
2024-05-02 17:02:00,4,389,184,17,2,4.989000000000001,4496.7,0.0012490833333333334
2024-05-02 17:03:00,4,365,190,17,3,5.115,4534.5,0.0012595833333333333
2024-05-02 17:04:00,4,395,181,17,4,4.92,4476.0,0.0012433333333333333
2024-05-02 17:05:00,4,377,199,17,5,5.352,4605.599999999999,0.0012793333333333333
2024-05-02 17:06:00,4,374,196,17,6,5.274,4582.200000000001,0.0012728333333333335
2024-05-02 17:07:00,4,401,190,17,7,5.151,4545.3,0.0012625833333333334
2024-05-02 17:08:00,4,377,184,17,8,4.977,4493.099999999999,0.0012480833333333332
2024-05-02 17:09:00,4,368,184,17,9,4.968000000000001,4490.400000000001,0.0012473333333333336
2024-05-02 17:10:00,4,383,187,17,10,5.058,4517.4,0.0012548333333333333
2024-05-02 17:11:00,4,398,187,17,11,5.0729999999999995,4521.9,0.0012560833333333332
2024-05-02 17:12:00,4,377,190,17,12,5.127,4538.1,0.0012605833333333334
2024-05-02 17:13:00,4,392,190,17,13,5.142,4542.599999999999,0.0012618333333333331
2024-05-02 17:14:00,4,389,184,17,14,4.989000000000001,4496.7,0.0012490833333333334
2024-05-02 17:15:00,4,380,193,17,15,5.205,4561.5,0.0012670833333333334
2024-05-02 17:16:00,4,365,199,17,16,5.340000000000001,4602.0,0.0012783333333333334
2024-05-02 17:17:00,4,383,196,17,17,5.283,4584.9,0.0012735833333333332
2024-05-02 17:18:00,4,365,187,17,18,5.04,4512.0,0.0012533333333333333
2024-05-02 17:19:00,4,413,193,17,19,5.238,4571.4,0.0012698333333333333
2024-05-02 17:20:00,4,359,187,17,20,5.034,4510.2,0.0012528333333333332
2024-05-02 17:21:00,4,401,190,17,21,5.151,4545.3,0.0012625833333333334
2024-05-02 17:22:00,4,368,208,17,22,5.5680000000000005,4670.4,0.0012973333333333333
2024-05-02 17:23:00,4,377,190,17,23,5.127,4538.1,0.0012605833333333334
2024-05-02 17:24:00,4,392,208,17,24,5.5920000000000005,4677.6,0.0012993333333333333
2024-05-02 17:25:00,4,413,205,17,25,5.538,4661.400000000001,0.0012948333333333334
2024-05-02 17:26:00,4,413,202,17,26,5.463000000000001,4638.900000000001,0.0012885833333333334
2024-05-02 17:27:00,4,386,190,17,27,5.136,4540.8,0.0012613333333333335
2024-05-02 17:28:00,4,410,190,17,28,5.16,4548.0,0.0012633333333333333
2024-05-02 17:29:00,4,419,202,17,29,5.469,4640.7,0.0012890833333333333
2024-05-02 17:30:00,4,410,193,17,30,5.235,4570.5,0.0012695833333333333
2024-05-02 17:31:00,4,407,208,17,31,5.607,4682.1,0.0013005833333333335
2024-05-02 17:32:00,4,359,193,17,32,5.184,4555.200000000001,0.0012653333333333336
2024-05-02 17:33:00,4,383,181,17,33,4.908,4472.4,0.0012423333333333331
2024-05-02 17:34:00,4,401,190,17,34,5.151,4545.3,0.0012625833333333334
2024-05-02 17:35:00,4,371,184,17,35,4.971,4491.3,0.0012475833333333334
2024-05-02 17:36:00,4,368,202,17,36,5.418000000000001,4625.400000000001,0.0012848333333333336
2024-05-02 17:37:00,4,431,217,17,37,5.856000000000001,4756.8,0.0013213333333333334
2024-05-02 17:38:00,4,389,187,17,38,5.064,4519.200000000001,0.0012553333333333336
2024-05-02 17:39:00,4,431,214,17,39,5.781000000000001,4734.3,0.0013150833333333335
2024-05-02 17:40:00,4,413,205,17,40,5.538,4661.400000000001,0.0012948333333333334
2024-05-02 17:41:00,4,431,199,17,41,5.406000000000001,4621.8,0.0012838333333333334
2024-05-02 17:42:00,4,410,196,17,42,5.3100000000000005,4593.0,0.0012758333333333332
2024-05-02 17:43:00,4,392,214,17,43,5.742000000000001,4722.6,0.0013118333333333335
2024-05-02 17:44:00,4,410,226,17,44,6.0600000000000005,4818.0,0.0013383333333333333
2024-05-02 17:45:00,4,425,211,17,45,5.7,4710.0,0.0013083333333333334
2024-05-02 17:46:00,4,431,190,17,46,5.181,4554.3,0.0012650833333333333
2024-05-02 17:47:00,4,440,226,17,47,6.090000000000001,4827.0,0.0013408333333333334
2024-05-02 17:48:00,4,374,205,17,48,5.499,4649.7,0.0012915833333333334
2024-05-02 17:49:00,4,389,220,17,49,5.889,4766.7,0.0013240833333333334
2024-05-02 17:50:00,4,377,217,17,50,5.8020000000000005,4740.6,0.0013168333333333335
2024-05-02 17:51:00,4,455,226,17,51,6.105,4831.5,0.0013420833333333334
2024-05-02 17:52:00,4,410,187,17,52,5.085,4525.5,0.0012570833333333334
2024-05-02 17:53:00,4,440,202,17,53,5.490000000000001,4647.0,0.0012908333333333333
2024-05-02 17:54:00,4,392,226,17,54,6.042000000000001,4812.6,0.0013368333333333335
2024-05-02 17:55:00,4,368,229,17,55,6.093000000000001,4827.9,0.0013410833333333332
2024-05-02 17:56:00,4,374,193,17,56,5.199,4559.7,0.0012665833333333333
2024-05-02 17:57:00,4,371,205,17,57,5.496,4648.8,0.0012913333333333334
2024-05-02 17:58:00,7,374,214,17,58,5.724,4717.2,0.0013103333333333333
2024-05-02 17:59:00,4,413,199,17,59,5.388000000000001,4616.4,0.0012823333333333332
2024-05-02 18:00:00,7,431,205,18,0,5.556,4666.8,0.0012963333333333334
2024-05-02 18:01:00,7,404,214,18,1,5.7540000000000004,4726.200000000001,0.0013128333333333336
2024-05-02 18:02:00,4,377,190,18,2,5.127,4538.1,0.0012605833333333334
2024-05-02 18:03:00,4,368,235,18,3,6.243,4872.9,0.0013535833333333332
2024-05-02 18:04:00,4,446,223,18,4,6.021,4806.299999999999,0.001335083333333333
2024-05-02 18:05:00,4,386,199,18,5,5.361000000000001,4608.3,0.0012800833333333334
2024-05-02 18:06:00,7,425,220,18,6,5.925,4777.5,0.0013270833333333333
2024-05-02 18:07:00,7,416,217,18,7,5.841000000000001,4752.3,0.0013200833333333335
2024-05-02 18:08:00,4,431,193,18,8,5.256,4576.8,0.0012713333333333333
2024-05-02 18:09:00,4,416,214,18,9,5.766000000000001,4729.800000000001,0.0013138333333333337
2024-05-02 18:10:00,4,449,187,18,10,5.124,4537.2,0.0012603333333333334
2024-05-02 18:11:00,4,419,193,18,11,5.244,4573.2,0.0012703333333333334
2024-05-02 18:12:00,4,371,220,18,12,5.871,4761.3,0.0013225833333333334
2024-05-02 18:13:00,4,452,217,18,13,5.877000000000001,4763.1,0.0013230833333333334
2024-05-02 18:14:00,4,470,184,18,14,5.07,4521.0,0.0012558333333333334
2024-05-02 18:15:00,4,434,208,18,15,5.634,4690.200000000001,0.0013028333333333336
2024-05-02 18:16:00,7,392,244,18,16,6.492000000000001,4947.6,0.0013743333333333335
2024-05-02 18:17:00,4,401,217,18,17,5.8260000000000005,4747.8,0.0013188333333333333
2024-05-02 18:18:00,4,494,214,18,18,5.844,4753.2,0.0013203333333333333
2024-05-02 18:19:00,4,431,232,18,19,6.231000000000001,4869.3,0.0013525833333333335
2024-05-02 18:20:00,4,443,238,18,20,6.393,4917.9,0.0013660833333333333
2024-05-02 18:21:00,4,470,241,18,21,6.495,4948.5,0.0013745833333333333
2024-05-02 18:22:00,4,464,211,18,22,5.739000000000001,4721.7,0.0013115833333333332
2024-05-02 18:23:00,4,434,241,18,23,6.4590000000000005,4937.7,0.0013715833333333334
2024-05-02 18:24:00,7,452,247,18,24,6.627000000000001,4988.1,0.0013855833333333335
2024-05-02 18:25:00,7,434,202,18,25,5.484000000000001,4645.2,0.0012903333333333332
2024-05-02 18:26:00,4,455,217,18,26,5.880000000000001,4764.0,0.0013233333333333333
2024-05-02 18:27:00,4,500,184,18,27,5.1000000000000005,4530.0,0.0012583333333333333
2024-05-02 18:28:00,7,446,214,18,28,5.796,4738.8,0.0013163333333333334
2024-05-02 18:29:00,4,392,190,18,29,5.142,4542.599999999999,0.0012618333333333331
2024-05-02 18:30:00,7,479,238,18,30,6.429,4928.7,0.0013690833333333333
2024-05-02 18:31:00,4,431,262,18,31,6.981000000000001,5094.3,0.0014150833333333333
2024-05-02 18:32:00,4,452,220,18,32,5.952,4785.6,0.0013293333333333334
2024-05-02 18:33:00,7,479,208,18,33,5.679,4703.7,0.0013065833333333332
2024-05-02 18:34:00,4,473,211,18,34,5.748,4724.4,0.0013123333333333333
2024-05-02 18:35:00,4,443,202,18,35,5.493,4647.9,0.0012910833333333333
2024-05-02 18:36:00,4,422,262,18,36,6.972,5091.6,0.0014143333333333334
2024-05-02 18:37:00,4,521,259,18,37,6.996,5098.8,0.0014163333333333335
2024-05-02 18:38:00,7,482,241,18,38,6.507000000000001,4952.1,0.0013755833333333335
2024-05-02 18:39:00,7,392,211,18,39,5.667000000000001,4700.1,0.0013055833333333335
2024-05-02 18:40:00,4,527,211,18,40,5.8020000000000005,4740.6,0.0013168333333333335
2024-05-02 18:41:00,4,407,211,18,41,5.682,4704.6,0.0013068333333333335
2024-05-02 18:42:00,4,452,268,18,42,7.152,5145.6,0.0014293333333333335
2024-05-02 18:43:00,10,488,217,18,43,5.913,4773.900000000001,0.0013260833333333334
2024-05-02 18:44:00,7,527,205,18,44,5.652,4695.6,0.0013043333333333333
2024-05-02 18:45:00,4,401,250,18,45,6.651,4995.3,0.0013875833333333333
2024-05-02 18:46:00,7,449,259,18,46,6.924,5077.200000000001,0.0014103333333333335
2024-05-02 18:47:00,7,485,193,18,47,5.3100000000000005,4593.0,0.0012758333333333332
2024-05-02 18:48:00,7,542,253,18,48,6.867,5060.1,0.0014055833333333333
2024-05-02 18:49:00,4,455,205,18,49,5.58,4674.0,0.0012983333333333334
2024-05-02 18:50:00,7,410,265,18,50,7.035,5110.5,0.0014195833333333332
2024-05-02 18:51:00,7,494,259,18,51,6.969,5090.7,0.0014140833333333334
2024-05-02 18:52:00,4,404,274,18,52,7.2540000000000004,5176.200000000001,0.0014378333333333335
2024-05-02 18:53:00,4,473,202,18,53,5.523000000000001,4656.9,0.0012935833333333332
2024-05-02 18:54:00,7,530,211,18,54,5.805000000000001,4741.5,0.0013170833333333333
2024-05-02 18:55:00,4,467,217,18,55,5.892,4767.6,0.0013243333333333334
2024-05-02 18:56:00,4,473,199,18,56,5.448,4634.4,0.0012873333333333333
2024-05-02 18:57:00,7,554,283,18,57,7.6290000000000004,5288.700000000001,0.0014690833333333335
2024-05-02 18:58:00,4,548,271,18,58,7.323,5196.9,0.0014435833333333332
2024-05-02 18:59:00,4,515,202,18,59,5.565,4669.5,0.0012970833333333332
2024-05-02 19:00:00,2,228,124,19,0,3.3280000000000003,3998.4,0.0011106666666666667
2024-05-02 19:01:00,4,251,112,19,1,3.051,3915.3,0.0010875833333333334
2024-05-02 19:02:00,4,281,152,19,2,4.081,4224.3,0.0011734166666666668
2024-05-02 19:03:00,5,225,133,19,3,3.5500000000000003,4065.0,0.0011291666666666668
2024-05-02 19:04:00,4,227,125,19,4,3.352,4005.6000000000004,0.0011126666666666668
2024-05-02 19:05:00,2,239,128,19,5,3.439,4031.7000000000003,0.0011199166666666668
2024-05-02 19:06:00,5,216,139,19,6,3.6910000000000003,4107.3,0.0011409166666666668
2024-05-02 19:07:00,4,302,160,19,7,4.302,4290.6,0.0011918333333333334
2024-05-02 19:08:00,5,306,116,19,8,3.2060000000000004,3961.8,0.0011005000000000001
2024-05-02 19:09:00,4,293,142,19,9,3.8430000000000004,4152.9,0.0011535833333333333
2024-05-02 19:10:00,5,240,149,19,10,3.965,4189.5,0.00116375
2024-05-02 19:11:00,4,245,143,19,11,3.8200000000000003,4146.0,0.0011516666666666667
2024-05-02 19:12:00,2,285,121,19,12,3.3100000000000005,3993.0,0.0011091666666666667
2024-05-02 19:13:00,2,248,109,19,13,2.973,3891.8999999999996,0.0010810833333333332
2024-05-02 19:14:00,2,252,112,19,14,3.0520000000000005,3915.6000000000004,0.0010876666666666667
2024-05-02 19:15:00,5,251,157,19,15,4.176,4252.8,0.0011813333333333333
2024-05-02 19:16:00,5,230,116,19,16,3.1300000000000003,3939.0,0.0010941666666666667
2024-05-02 19:17:00,5,318,131,19,17,3.5930000000000004,4077.9,0.00113275
2024-05-02 19:18:00,5,270,152,19,18,4.07,4221.0,0.0011725
2024-05-02 19:19:00,2,294,161,19,19,4.319,4295.7,0.0011932499999999999
2024-05-02 19:20:00,4,260,131,19,20,3.535,4060.5,0.0011279166666666666
2024-05-02 19:21:00,2,306,161,19,21,4.331,4299.3,0.00119425
2024-05-02 19:22:00,5,246,131,19,22,3.5210000000000004,4056.3,0.0011267500000000001
2024-05-02 19:23:00,5,270,143,19,23,3.845,4153.5,0.00115375
2024-05-02 19:24:00,5,309,154,19,24,4.159,4247.7,0.0011799166666666666
2024-05-02 19:25:00,5,243,116,19,25,3.1430000000000002,3942.9,0.00109525
2024-05-02 19:26:00,4,272,137,19,26,3.697,4109.099999999999,0.0011414166666666664
2024-05-02 19:27:00,5,270,112,19,27,3.0700000000000003,3921.0,0.0010891666666666667
2024-05-02 19:28:00,4,221,140,19,28,3.721,4116.3,0.0011434166666666667
2024-05-02 19:29:00,4,308,113,19,29,3.133,3939.8999999999996,0.0010944166666666665
2024-05-02 19:30:00,5,222,116,19,30,3.1220000000000003,3936.6000000000004,0.0010935
2024-05-02 19:31:00,4,258,175,19,31,4.633,4389.9,0.0012194166666666666
2024-05-02 19:32:00,4,236,125,19,32,3.361,4008.3,0.0011134166666666666
2024-05-02 19:33:00,4,269,169,19,33,4.494000000000001,4348.200000000001,0.0012078333333333335
2024-05-02 19:34:00,4,312,158,19,34,4.2620000000000005,4278.6,0.0011885
2024-05-02 19:35:00,5,239,166,19,35,4.389,4316.7,0.0011990833333333333
2024-05-02 19:36:00,7,279,116,19,36,3.1790000000000003,3953.7,0.00109825
2024-05-02 19:37:00,2,303,140,19,37,3.803,4140.900000000001,0.0011502500000000002
2024-05-02 19:38:00,4,305,146,19,38,3.9550000000000005,4186.5,0.0011629166666666667
2024-05-02 19:39:00,5,221,118,19,39,3.1710000000000003,3951.3,0.0010975833333333334
2024-05-02 19:40:00,4,335,175,19,40,4.71,4413.0,0.0012258333333333333
2024-05-02 19:41:00,5,330,181,19,41,4.855,4456.5,0.0012379166666666667
2024-05-02 19:42:00,5,332,181,19,42,4.857,4457.1,0.0012380833333333334
2024-05-02 19:43:00,2,308,116,19,43,3.208,3962.3999999999996,0.0011006666666666665
2024-05-02 19:44:00,2,230,179,19,44,4.705000000000001,4411.5,0.0012254166666666668
2024-05-02 19:45:00,5,344,178,19,45,4.7940000000000005,4438.200000000001,0.0012328333333333336
2024-05-02 19:46:00,2,267,118,19,46,3.217,3965.1000000000004,0.0011014166666666668
2024-05-02 19:47:00,5,288,115,19,47,3.1630000000000003,3948.9000000000005,0.0010969166666666668
2024-05-02 19:48:00,4,341,115,19,48,3.216,3964.8,0.0011013333333333333
2024-05-02 19:49:00,7,285,175,19,49,4.66,4398.0,0.0012216666666666667
2024-05-02 19:50:00,5,258,157,19,50,4.183,4254.9,0.0011819166666666666
2024-05-02 19:51:00,2,284,127,19,51,3.4590000000000005,4037.7,0.0011215833333333334
2024-05-02 19:52:00,5,290,124,19,52,3.39,4017.0,0.0011158333333333333
2024-05-02 19:53:00,5,249,161,19,53,4.274,4282.200000000001,0.0011895000000000002
2024-05-02 19:54:00,4,285,182,19,54,4.835,4450.5,0.00123625
2024-05-02 19:55:00,7,330,182,19,55,4.88,4464.0,0.00124
2024-05-02 19:56:00,4,225,169,19,56,4.45,4335.0,0.0012041666666666668
2024-05-02 19:57:00,7,267,139,19,57,3.742,4122.6,0.0011451666666666667
2024-05-02 19:58:00,2,254,166,19,58,4.404,4321.2,0.0012003333333333332
2024-05-02 19:59:00,5,284,155,19,59,4.159,4247.7,0.0011799166666666666
2024-05-02 20:00:00,7,360,122,20,0,3.41,4023.0,0.0011175
2024-05-02 20:01:00,2,267,169,20,1,4.492000000000001,4347.6,0.0012076666666666668
2024-05-02 20:02:00,7,353,115,20,2,3.2279999999999998,3968.3999999999996,0.0011023333333333332
2024-05-02 20:03:00,2,329,190,20,3,5.079,4523.7,0.0012565833333333333
2024-05-02 20:04:00,5,249,178,20,4,4.699,4409.7,0.0012249166666666667
2024-05-02 20:05:00,5,269,175,20,5,4.644,4393.200000000001,0.0012203333333333335
2024-05-02 20:06:00,4,315,152,20,6,4.115,4234.5,0.00117625
2024-05-02 20:07:00,2,249,160,20,7,4.249,4274.7,0.0011874166666666667
2024-05-02 20:08:00,4,234,148,20,8,3.934,4180.200000000001,0.001161166666666667
2024-05-02 20:09:00,2,302,125,20,9,3.427,4028.1000000000004,0.0011189166666666667
2024-05-02 20:10:00,2,300,178,20,10,4.75,4425.0,0.0012291666666666666
2024-05-02 20:11:00,5,323,122,20,11,3.373,4011.9,0.0011144166666666668
2024-05-02 20:12:00,4,351,148,20,12,4.051,4215.3,0.0011709166666666667
2024-05-02 20:13:00,4,312,170,20,13,4.562,4368.6,0.0012135000000000002
2024-05-02 20:14:00,5,233,140,20,14,3.733,4119.900000000001,0.0011444166666666668
2024-05-02 20:15:00,2,362,148,20,15,4.062,4218.6,0.0011718333333333335
2024-05-02 20:16:00,7,341,172,20,16,4.641,4392.3,0.0012200833333333334
2024-05-02 20:17:00,7,284,157,20,17,4.2090000000000005,4262.7,0.0011840833333333332
2024-05-02 20:18:00,4,234,137,20,18,3.6590000000000003,4097.700000000001,0.0011382500000000002
2024-05-02 20:19:00,5,396,133,20,19,3.721,4116.3,0.0011434166666666667
2024-05-02 20:20:00,5,369,175,20,20,4.744,4423.2,0.0012286666666666665
2024-05-02 20:21:00,4,377,127,20,21,3.5520000000000005,4065.6000000000004,0.0011293333333333335
2024-05-02 20:22:00,4,363,118,20,22,3.313,3993.8999999999996,0.0011094166666666665
2024-05-02 20:23:00,8,257,127,20,23,3.4320000000000004,4029.6000000000004,0.0011193333333333335
2024-05-02 20:24:00,2,333,200,20,24,5.333,4599.9,0.0012777499999999998
2024-05-02 20:25:00,7,321,158,20,25,4.271,4281.299999999999,0.0011892499999999998
2024-05-02 20:26:00,8,311,209,20,26,5.5360000000000005,4660.8,0.0012946666666666666
2024-05-02 20:27:00,2,281,196,20,27,5.181,4554.3,0.0012650833333333333
2024-05-02 20:28:00,8,396,133,20,28,3.721,4116.3,0.0011434166666666667
2024-05-02 20:29:00,5,327,181,20,29,4.852,4455.599999999999,0.0012376666666666664
2024-05-02 20:30:00,4,272,118,20,30,3.2220000000000004,3966.6000000000004,0.0011018333333333334
2024-05-02 20:31:00,4,339,122,20,31,3.3890000000000002,4016.7,0.00111575
2024-05-02 20:32:00,8,300,194,20,32,5.15,4545.0,0.0012625
2024-05-02 20:33:00,8,267,127,20,33,3.442,4032.6000000000004,0.0011201666666666667
2024-05-02 20:34:00,4,230,158,20,34,4.180000000000001,4254.0,0.0011816666666666666
2024-05-02 20:35:00,8,303,122,20,35,3.353,4005.9,0.00111275
2024-05-02 20:36:00,2,299,172,20,36,4.599,4379.7,0.0012165833333333332
2024-05-02 20:37:00,4,254,164,20,37,4.354000000000001,4306.200000000001,0.0011961666666666668
2024-05-02 20:38:00,7,302,176,20,38,4.702,4410.6,0.0012251666666666667
2024-05-02 20:39:00,5,395,157,20,39,4.32,4296.0,0.0011933333333333334
2024-05-02 20:40:00,5,315,185,20,40,4.94,4482.0,0.001245
2024-05-02 20:41:00,7,368,127,20,41,3.543,4062.8999999999996,0.0011285833333333332
2024-05-02 20:42:00,5,315,221,20,42,5.840000000000001,4752.0,0.00132
2024-05-02 20:43:00,4,267,127,20,43,3.442,4032.6000000000004,0.0011201666666666667
2024-05-02 20:44:00,8,405,199,20,44,5.380000000000001,4614.0,0.0012816666666666666
2024-05-02 20:45:00,8,423,170,20,45,4.673,4401.9,0.0012227499999999999
2024-05-02 20:46:00,7,317,127,20,46,3.4920000000000004,4047.6000000000004,0.0011243333333333335
2024-05-02 20:47:00,4,362,196,20,47,5.2620000000000005,4578.6,0.0012718333333333334
2024-05-02 20:48:00,2,305,140,20,48,3.805,4141.5,0.0011504166666666668
2024-05-02 20:49:00,4,438,116,20,49,3.3380000000000005,4001.4,0.0011115
2024-05-02 20:50:00,4,293,143,20,50,3.8680000000000003,4160.4,0.0011556666666666666
2024-05-02 20:51:00,5,357,190,20,51,5.107,4532.1,0.0012589166666666669
2024-05-02 20:52:00,5,369,166,20,52,4.519,4355.700000000001,0.0012099166666666669
2024-05-02 20:53:00,5,294,212,20,53,5.594,4678.2,0.0012994999999999999
2024-05-02 20:54:00,2,377,155,20,54,4.252,4275.6,0.0011876666666666667
2024-05-02 20:55:00,7,275,136,20,55,3.6750000000000003,4102.5,0.0011395833333333334
2024-05-02 20:56:00,8,279,146,20,56,3.9290000000000003,4178.7,0.0011607499999999999
2024-05-02 20:57:00,5,239,121,20,57,3.2640000000000002,3979.2,0.0011053333333333334
2024-05-02 20:58:00,7,314,212,20,58,5.614000000000001,4684.2,0.0013011666666666666
2024-05-02 20:59:00,8,390,169,20,59,4.615,4384.5,0.0012179166666666666
2024-05-02 21:00:00,10,270,179,21,0,4.745000000000001,4423.5,0.00122875
2024-05-02 21:01:00,5,431,229,21,1,6.156000000000001,4846.800000000001,0.0013463333333333337
2024-05-02 21:02:00,4,408,218,21,2,5.8580000000000005,4757.4,0.0013215
2024-05-02 21:03:00,4,411,125,21,3,3.536,4060.7999999999997,0.0011279999999999999
2024-05-02 21:04:00,5,341,164,21,4,4.441000000000001,4332.3,0.0012034166666666667
2024-05-02 21:05:00,5,396,197,21,5,5.321000000000001,4596.3,0.00127675
2024-05-02 21:06:00,7,356,236,21,6,6.256,4876.799999999999,0.0013546666666666666
2024-05-02 21:07:00,10,342,197,21,7,5.267,4580.099999999999,0.00127225
2024-05-02 21:08:00,7,281,236,21,8,6.181,4854.3,0.0013484166666666668
2024-05-02 21:09:00,10,411,161,21,9,4.436,4330.799999999999,0.0012029999999999999
2024-05-02 21:10:00,10,408,242,21,10,6.458000000000001,4937.4,0.0013714999999999999
2024-05-02 21:11:00,8,302,131,21,11,3.5770000000000004,4073.1000000000004,0.0011314166666666669
2024-05-02 21:12:00,10,335,214,21,12,5.6850000000000005,4705.5,0.0013070833333333333
2024-05-02 21:13:00,8,354,137,21,13,3.7790000000000004,4133.7,0.00114825
2024-05-02 21:14:00,7,386,167,21,14,4.561,4368.299999999999,0.0012134166666666665
2024-05-02 21:15:00,4,428,121,21,15,3.4530000000000003,4035.9,0.0011210833333333333
2024-05-02 21:16:00,4,450,187,21,16,5.125,4537.5,0.0012604166666666666
2024-05-02 21:17:00,10,344,175,21,17,4.719,4415.7,0.0012265833333333332
2024-05-02 21:18:00,8,449,244,21,18,6.549,4964.700000000001,0.0013790833333333335
2024-05-02 21:19:00,4,428,157,21,19,4.353000000000001,4305.9,0.0011960833333333333
2024-05-02 21:20:00,10,365,139,21,20,3.84,4152.0,0.0011533333333333333
2024-05-02 21:21:00,4,288,248,21,21,6.488,4946.4,0.001374
2024-05-02 21:22:00,11,465,167,21,22,4.64,4392.0,0.00122
2024-05-02 21:23:00,5,485,203,21,23,5.5600000000000005,4668.0,0.0012966666666666667
2024-05-02 21:24:00,4,417,154,21,24,4.267,4280.099999999999,0.0011889166666666665
2024-05-02 21:25:00,2,458,163,21,25,4.533,4359.9,0.0012110833333333333
2024-05-02 21:26:00,2,287,221,21,26,5.812,4743.6,0.0013176666666666669
2024-05-02 21:27:00,7,264,250,21,27,6.514,4954.2,0.0013761666666666666
2024-05-02 21:28:00,7,308,188,21,28,5.008,4502.4,0.0012506666666666666
2024-05-02 21:29:00,5,278,242,21,29,6.328000000000001,4898.400000000001,0.001360666666666667
2024-05-02 21:30:00,11,425,119,21,30,3.4,4020.0,0.0011166666666666666
2024-05-02 21:31:00,4,444,230,21,31,6.194,4858.2,0.0013495
2024-05-02 21:32:00,2,369,232,21,32,6.1690000000000005,4850.700000000001,0.001347416666666667
2024-05-02 21:33:00,8,285,205,21,33,5.41,4623.0,0.0012841666666666667
2024-05-02 21:34:00,4,383,245,21,34,6.508,4952.4,0.0013756666666666665
2024-05-02 21:35:00,11,294,152,21,35,4.094,4228.2,0.0011745
2024-05-02 21:36:00,4,374,152,21,36,4.174,4252.200000000001,0.001181166666666667
2024-05-02 21:37:00,10,284,146,21,37,3.934,4180.200000000001,0.001161166666666667
2024-05-02 21:38:00,4,437,151,21,38,4.212000000000001,4263.6,0.0011843333333333335
2024-05-02 21:39:00,5,336,212,21,39,5.636000000000001,4690.8,0.0013030000000000001
2024-05-02 21:40:00,11,393,218,21,40,5.843,4752.9,0.0013202499999999998
2024-05-02 21:41:00,4,506,218,21,41,5.956,4786.8,0.0013296666666666667
2024-05-02 21:42:00,2,450,127,21,42,3.6250000000000004,4087.5,0.0011354166666666667
2024-05-02 21:43:00,10,488,221,21,43,6.013,4803.9,0.0013344166666666665
2024-05-02 21:44:00,11,368,239,21,44,6.343000000000001,4902.9,0.0013619166666666667
2024-05-02 21:45:00,5,345,137,21,45,3.7700000000000005,4131.0,0.0011475
2024-05-02 21:46:00,8,456,128,21,46,3.656,4096.8,0.0011380000000000001
2024-05-02 21:47:00,5,276,173,21,47,4.601,4380.299999999999,0.0012167499999999997
2024-05-02 21:48:00,11,515,242,21,48,6.565,4969.5,0.0013804166666666667
2024-05-02 21:49:00,7,284,250,21,49,6.534,4960.200000000001,0.0013778333333333336
2024-05-02 21:50:00,5,459,196,21,50,5.359,4607.7,0.0012799166666666666
2024-05-02 21:51:00,11,365,184,21,51,4.965000000000001,4489.5,0.0012470833333333333
2024-05-02 21:52:00,5,252,146,21,52,3.902,4170.6,0.0011585
2024-05-02 21:53:00,13,312,181,21,53,4.837000000000001,4451.1,0.0012364166666666667
2024-05-02 21:54:00,10,456,197,21,54,5.381000000000001,4614.3,0.0012817500000000001
2024-05-02 21:55:00,4,320,191,21,55,5.095000000000001,4528.5,0.0012579166666666667
2024-05-02 21:56:00,10,494,134,21,56,3.8440000000000003,4153.2,0.0011536666666666666
2024-05-02 21:57:00,11,462,137,21,57,3.8870000000000005,4166.1,0.00115725
2024-05-02 21:58:00,2,309,281,21,58,7.3340000000000005,5200.2,0.0014445
2024-05-02 21:59:00,13,521,130,21,59,3.771,4131.299999999999,0.0011475833333333331
2024-05-02 22:00:00,8,453,211,22,0,5.728000000000001,4718.4,0.0013106666666666666
2024-05-02 22:01:00,7,309,179,22,1,4.784000000000001,4435.200000000001,0.0012320000000000002
2024-05-02 22:02:00,11,441,148,22,2,4.141,4242.3,0.0011784166666666668
2024-05-02 22:03:00,11,392,145,22,3,4.017,4205.099999999999,0.0011680833333333333
2024-05-02 22:04:00,4,449,220,22,4,5.949,4784.700000000001,0.0013290833333333336
2024-05-02 22:05:00,5,467,164,22,5,4.567,4370.1,0.0012139166666666667
2024-05-02 22:06:00,4,315,134,22,6,3.665,4099.5,0.00113875
2024-05-02 22:07:00,5,420,268,22,7,7.12,5136.0,0.0014266666666666666
2024-05-02 22:08:00,13,461,214,22,8,5.811000000000001,4743.3,0.0013175833333333334
2024-05-02 22:09:00,5,312,265,22,9,6.937,5081.1,0.0014114166666666667
2024-05-02 22:10:00,11,512,172,22,10,4.811999999999999,4443.6,0.0012343333333333334
2024-05-02 22:11:00,2,365,232,22,11,6.165000000000001,4849.5,0.0013470833333333334
2024-05-02 22:12:00,5,477,196,22,12,5.377000000000001,4613.1,0.0012814166666666668
2024-05-02 22:13:00,13,309,199,22,13,5.284000000000001,4585.200000000001,0.0012736666666666669
2024-05-02 22:14:00,11,287,245,22,14,6.412,4923.6,0.0013676666666666668
2024-05-02 22:15:00,11,515,208,22,15,5.715,4714.5,0.0013095833333333334
2024-05-02 22:16:00,11,362,284,22,16,7.462000000000001,5238.6,0.0014551666666666667
2024-05-02 22:17:00,7,299,140,22,17,3.799,4139.7,0.0011499166666666667
2024-05-02 22:18:00,5,281,230,22,18,6.031,4809.3,0.0013359166666666667
2024-05-02 22:19:00,4,249,260,22,19,6.749,5024.7,0.0013957499999999999
2024-05-02 22:20:00,11,495,284,22,20,7.595000000000001,5278.5,0.00146625
2024-05-02 22:21:00,11,468,250,22,21,6.718,5015.4,0.0013931666666666665
2024-05-02 22:22:00,5,414,205,22,22,5.539,4661.7,0.0012949166666666667
2024-05-02 22:23:00,7,299,286,22,23,7.449000000000001,5234.700000000001,0.0014540833333333335
2024-05-02 22:24:00,4,384,143,22,24,3.959,4187.7,0.00116325
2024-05-02 22:25:00,4,365,140,22,25,3.865,4159.5,0.0011554166666666666
2024-05-02 22:26:00,5,288,226,22,26,5.938000000000001,4781.4,0.0013281666666666665
2024-05-02 22:27:00,11,569,128,22,27,3.769,4130.700000000001,0.0011474166666666668
2024-05-02 22:28:00,10,392,185,22,28,5.017,4505.099999999999,0.0012514166666666665
2024-05-02 22:29:00,8,311,287,22,29,7.486000000000001,5245.8,0.0014571666666666667
2024-05-02 22:30:00,14,503,305,22,30,8.128,5438.4,0.0015106666666666667
2024-05-02 22:31:00,7,374,178,22,31,4.824,4447.2,0.0012353333333333333
2024-05-02 22:32:00,10,399,220,22,32,5.899,4769.700000000001,0.001324916666666667
2024-05-02 22:33:00,4,357,134,22,33,3.707,4112.1,0.00114225
2024-05-02 22:34:00,10,480,169,22,34,4.705,4411.5,0.0012254166666666668
2024-05-02 22:35:00,4,587,253,22,35,6.912,5073.6,0.0014093333333333334
2024-05-02 22:36:00,10,311,271,22,36,7.086,5125.8,0.0014238333333333334
2024-05-02 22:37:00,13,564,242,22,37,6.614000000000001,4984.2,0.0013844999999999999
2024-05-02 22:38:00,11,431,221,22,38,5.956,4786.8,0.0013296666666666667
2024-05-02 22:39:00,13,605,317,22,39,8.530000000000001,5559.0,0.0015441666666666666
2024-05-02 22:40:00,14,315,167,22,40,4.49,4347.0,0.0012075
2024-05-02 22:41:00,2,368,230,22,41,6.118,4835.4,0.0013431666666666666
2024-05-02 22:42:00,10,503,319,22,42,8.478,5543.4,0.0015398333333333332
2024-05-02 22:43:00,2,411,316,22,43,8.311,5493.299999999999,0.0015259166666666665
2024-05-02 22:44:00,4,410,244,22,44,6.510000000000001,4953.0,0.0013758333333333333
2024-05-02 22:45:00,14,296,320,22,45,8.296,5488.799999999999,0.0015246666666666664
2024-05-02 22:46:00,7,429,268,22,46,7.1290000000000004,5138.700000000001,0.001427416666666667
2024-05-02 22:47:00,8,398,286,22,47,7.548,5264.4,0.0014623333333333333
2024-05-02 22:48:00,13,497,200,22,48,5.497,4649.1,0.0012914166666666668
2024-05-02 22:49:00,2,458,325,22,49,8.583,5574.9,0.0015485833333333332
2024-05-02 22:50:00,8,428,157,22,50,4.353000000000001,4305.9,0.0011960833333333333
2024-05-02 22:51:00,7,338,163,22,51,4.413,4323.900000000001,0.0012010833333333335
2024-05-02 22:52:00,10,380,250,22,52,6.63,4989.0,0.0013858333333333333
2024-05-02 22:53:00,7,507,230,22,53,6.257,4877.1,0.00135475
2024-05-02 22:54:00,11,336,320,22,54,8.336,5500.8,0.001528
2024-05-02 22:55:00,11,303,140,22,55,3.803,4140.900000000001,0.0011502500000000002
2024-05-02 22:56:00,10,440,236,22,56,6.340000000000001,4902.0,0.0013616666666666666
2024-05-02 22:57:00,4,455,137,22,57,3.8800000000000003,4164.0,0.0011566666666666667
2024-05-02 22:58:00,10,282,133,22,58,3.607,4082.1000000000004,0.0011339166666666668
2024-05-02 22:59:00,16,542,274,22,59,7.392,5217.6,0.0014493333333333335
2024-05-02 23:00:00,1,145,57,23,0,1.57,3471.0,0.0009641666666666667
2024-05-02 23:01:00,1,170,63,23,1,1.745,3523.5,0.00097875
2024-05-02 23:02:00,2,109,56,23,2,1.5090000000000001,3452.7000000000003,0.0009590833333333334
2024-05-02 23:03:00,3,151,79,23,3,2.126,3637.8,0.0010105000000000001
2024-05-02 23:04:00,2,102,48,23,4,1.3020000000000003,3390.6000000000004,0.0009418333333333335
2024-05-02 23:05:00,4,158,46,23,5,1.308,3392.4,0.0009423333333333333
2024-05-02 23:06:00,1,159,85,23,6,2.284,3685.2000000000003,0.0010236666666666666
2024-05-02 23:07:00,1,139,82,23,7,2.189,3656.7000000000003,0.0010157500000000002
2024-05-02 23:08:00,3,131,55,23,8,1.506,3451.7999999999997,0.0009588333333333332
2024-05-02 23:09:00,2,141,76,23,9,2.0410000000000004,3612.3,0.0010034166666666668
2024-05-02 23:10:00,2,151,66,23,10,1.8010000000000002,3540.2999999999997,0.0009834166666666665
2024-05-02 23:11:00,1,155,84,23,11,2.255,3676.5,0.00102125
2024-05-02 23:12:00,3,117,51,23,12,1.3920000000000001,3417.5999999999995,0.0009493333333333332
2024-05-02 23:13:00,2,164,81,23,13,2.189,3656.7000000000003,0.0010157500000000002
2024-05-02 23:14:00,1,151,82,23,14,2.201,3660.2999999999997,0.0010167499999999999
2024-05-02 23:15:00,2,135,81,23,15,2.16,3648.0,0.0010133333333333333
2024-05-02 23:16:00,1,152,82,23,16,2.2020000000000004,3660.6000000000004,0.0010168333333333333
2024-05-02 23:17:00,2,122,83,23,17,2.197,3659.0999999999995,0.0010164166666666666
2024-05-02 23:18:00,2,111,47,23,18,1.286,3385.7999999999997,0.0009404999999999999
2024-05-02 23:19:00,1,110,54,23,19,1.4600000000000002,3438.0,0.000955
2024-05-02 23:20:00,2,113,76,23,20,2.0130000000000003,3603.9,0.0010010833333333334
2024-05-02 23:21:00,2,136,76,23,21,2.036,3610.7999999999997,0.001003
2024-05-02 23:22:00,4,146,66,23,22,1.796,3538.7999999999997,0.000983
2024-05-02 23:23:00,3,98,64,23,23,1.6980000000000002,3509.4,0.0009748333333333334
2024-05-02 23:24:00,2,173,72,23,24,1.973,3591.9,0.00099775
2024-05-02 23:25:00,4,147,54,23,25,1.497,3449.1000000000004,0.0009580833333333335
2024-05-02 23:26:00,2,159,62,23,26,1.709,3512.7,0.00097575
2024-05-02 23:27:00,3,115,84,23,27,2.2150000000000003,3664.5,0.0010179166666666668
2024-05-02 23:28:00,3,107,49,23,28,1.332,3399.6000000000004,0.0009443333333333335
2024-05-02 23:29:00,3,95,62,23,29,1.645,3493.5,0.0009704166666666666
2024-05-02 23:30:00,3,97,47,23,30,1.272,3381.6,0.0009393333333333334
2024-05-02 23:31:00,3,160,54,23,31,1.51,3453.0,0.0009591666666666667
2024-05-02 23:32:00,4,128,87,23,32,2.3030000000000004,3690.9000000000005,0.0010252500000000001
2024-05-02 23:33:00,3,171,73,23,33,1.9960000000000002,3598.7999999999997,0.0009996666666666665
2024-05-02 23:34:00,1,180,74,23,34,2.0300000000000002,3609.0,0.0010025
2024-05-02 23:35:00,3,141,91,23,35,2.416,3724.8,0.0010346666666666668
2024-05-02 23:36:00,3,165,47,23,36,1.34,3402.0,0.000945
2024-05-02 23:37:00,2,126,77,23,37,2.051,3615.2999999999997,0.00100425
2024-05-02 23:38:00,3,169,69,23,38,1.8940000000000001,3568.2000000000003,0.0009911666666666667
2024-05-02 23:39:00,4,155,67,23,39,1.83,3549.0,0.0009858333333333334
2024-05-02 23:40:00,1,124,82,23,40,2.1740000000000004,3652.2000000000003,0.0010145
2024-05-02 23:41:00,1,112,72,23,41,1.9120000000000001,3573.6000000000004,0.0009926666666666669
2024-05-02 23:42:00,2,168,88,23,42,2.3680000000000003,3710.4,0.0010306666666666667
2024-05-02 23:43:00,4,149,62,23,43,1.699,3509.7000000000003,0.0009749166666666668
2024-05-02 23:44:00,4,128,75,23,44,2.003,3600.9,0.00100025
2024-05-02 23:45:00,3,141,91,23,45,2.416,3724.8,0.0010346666666666668
2024-05-02 23:46:00,4,186,62,23,46,1.736,3520.8,0.0009780000000000001
2024-05-02 23:47:00,4,166,89,23,47,2.391,3717.3,0.0010325833333333335
2024-05-02 23:48:00,4,182,54,23,48,1.532,3459.6000000000004,0.000961
2024-05-02 23:49:00,2,170,88,23,49,2.37,3711.0,0.0010308333333333333
2024-05-02 23:50:00,3,165,91,23,50,2.44,3732.0,0.0010366666666666666
2024-05-02 23:51:00,3,129,67,23,51,1.804,3541.2,0.0009836666666666665
2024-05-02 23:52:00,4,147,47,23,52,1.322,3396.5999999999995,0.0009434999999999999
2024-05-02 23:53:00,2,129,61,23,53,1.6540000000000001,3496.2,0.0009711666666666666
2024-05-02 23:54:00,2,174,53,23,54,1.499,3449.7,0.0009582499999999999
2024-05-02 23:55:00,3,170,55,23,55,1.545,3463.5,0.0009620833333333333
2024-05-02 23:56:00,2,119,70,23,56,1.869,3560.7000000000003,0.0009890833333333334
2024-05-02 23:57:00,2,119,90,23,57,2.369,3710.7000000000003,0.00103075
2024-05-02 23:58:00,1,127,98,23,58,2.577,3773.1,0.0010480833333333334
2024-05-02 23:59:00,4,107,73,23,59,1.9320000000000002,3579.6000000000004,0.0009943333333333334
2024-05-03 00:00:00,4,136,71,0,0,1.911,3573.2999999999997,0.0009925833333333332
2024-05-03 00:01:00,2,134,89,0,1,2.359,3707.7,0.0010299166666666666
2024-05-03 00:02:00,1,144,100,0,2,2.644,3793.2000000000003,0.0010536666666666667
2024-05-03 00:03:00,2,96,70,0,3,1.846,3553.7999999999997,0.0009871666666666666
2024-05-03 00:04:00,4,157,62,0,4,1.707,3512.1000000000004,0.0009755833333333334
2024-05-03 00:05:00,1,141,79,0,5,2.116,3634.7999999999997,0.0010096666666666665
2024-05-03 00:06:00,4,126,50,0,6,1.376,3412.8,0.0009480000000000001
2024-05-03 00:07:00,2,113,71,0,7,1.8880000000000001,3566.4,0.0009906666666666666
2024-05-03 00:08:00,1,136,47,0,8,1.311,3393.2999999999997,0.0009425833333333333
2024-05-03 00:09:00,4,134,96,0,9,2.5340000000000003,3760.2000000000003,0.0010445
2024-05-03 00:10:00,4,109,53,0,10,1.4340000000000002,3430.2000000000003,0.0009528333333333334
2024-05-03 00:11:00,2,105,84,0,11,2.205,3661.5,0.0010170833333333334
2024-05-03 00:12:00,3,122,61,0,12,1.6470000000000002,3494.1000000000004,0.0009705833333333334
2024-05-03 00:13:00,3,137,98,0,13,2.587,3776.0999999999995,0.0010489166666666665
2024-05-03 00:14:00,4,156,69,0,14,1.881,3564.2999999999997,0.0009900833333333333
2024-05-03 00:15:00,3,101,59,0,15,1.576,3472.7999999999997,0.0009646666666666666
2024-05-03 00:16:00,3,141,60,0,16,1.641,3492.3,0.0009700833333333334
2024-05-03 00:17:00,1,163,70,0,17,1.913,3573.9000000000005,0.0009927500000000001
2024-05-03 00:18:00,2,111,77,0,18,2.036,3610.7999999999997,0.001003
2024-05-03 00:19:00,4,190,97,0,19,2.615,3784.5,0.00105125
2024-05-03 00:20:00,3,123,99,0,20,2.598,3779.3999999999996,0.0010498333333333332
2024-05-03 00:21:00,4,172,72,0,21,1.972,3591.6000000000004,0.0009976666666666667
2024-05-03 00:22:00,3,185,79,0,22,2.16,3648.0,0.0010133333333333333
2024-05-03 00:23:00,3,200,101,0,23,2.7250000000000005,3817.5,0.0010604166666666668
2024-05-03 00:24:00,3,113,62,0,24,1.663,3498.9000000000005,0.0009719166666666668
2024-05-03 00:25:00,2,143,73,0,25,1.9680000000000002,3590.4,0.0009973333333333334
2024-05-03 00:26:00,3,160,53,0,26,1.485,3445.5,0.0009570833333333333
2024-05-03 00:27:00,2,117,66,0,27,1.7670000000000001,3530.0999999999995,0.000980583333333333
2024-05-03 00:28:00,4,156,62,0,28,1.706,3511.7999999999997,0.0009754999999999999
2024-05-03 00:29:00,3,119,102,0,29,2.6690000000000005,3800.7000000000003,0.00105575
2024-05-03 00:30:00,3,126,70,0,30,1.876,3562.8,0.0009896666666666667
2024-05-03 00:31:00,2,133,87,0,31,2.3080000000000003,3692.4,0.0010256666666666667
2024-05-03 00:32:00,2,104,70,0,32,1.854,3556.2000000000003,0.0009878333333333334
2024-05-03 00:33:00,4,159,49,0,33,1.3840000000000001,3415.2000000000003,0.0009486666666666668
2024-05-03 00:34:00,3,169,96,0,34,2.5690000000000004,3770.7,0.0010474166666666665
2024-05-03 00:35:00,3,108,90,0,35,2.358,3707.4000000000005,0.0010298333333333336
2024-05-03 00:36:00,4,160,60,0,36,1.66,3498.0,0.0009716666666666667
2024-05-03 00:37:00,4,152,84,0,37,2.2520000000000002,3675.6000000000004,0.0010210000000000002
2024-05-03 00:38:00,3,156,62,0,38,1.706,3511.7999999999997,0.0009754999999999999
2024-05-03 00:39:00,3,182,74,0,39,2.032,3609.6000000000004,0.0010026666666666667
2024-05-03 00:40:00,4,101,92,0,40,2.4010000000000002,3720.3,0.0010334166666666666
2024-05-03 00:41:00,4,172,49,0,41,1.397,3419.1,0.00094975
2024-05-03 00:42:00,4,201,59,0,42,1.6760000000000002,3502.7999999999997,0.0009729999999999999
2024-05-03 00:43:00,2,197,86,0,43,2.347,3704.1000000000004,0.0010289166666666667
2024-05-03 00:44:00,2,145,106,0,44,2.7950000000000004,3838.5,0.00106625
2024-05-03 00:45:00,1,132,71,0,45,1.907,3572.1000000000004,0.00099225
2024-05-03 00:46:00,3,175,104,0,46,2.775,3832.5,0.0010645833333333334
2024-05-03 00:47:00,3,173,68,0,47,1.8730000000000002,3561.9,0.0009894166666666667
2024-05-03 00:48:00,4,150,71,0,48,1.925,3577.5,0.00099375
2024-05-03 00:49:00,2,127,69,0,49,1.852,3555.6000000000004,0.0009876666666666669
2024-05-03 00:50:00,2,159,78,0,50,2.109,3632.7,0.0010090833333333332
2024-05-03 00:51:00,3,125,85,0,51,2.25,3675.0,0.0010208333333333332
2024-05-03 00:52:00,3,152,50,0,52,1.402,3420.6,0.0009501666666666667
2024-05-03 00:53:00,5,131,73,0,53,1.9560000000000002,3586.7999999999997,0.0009963333333333332
2024-05-03 00:54:00,2,118,57,0,54,1.5430000000000001,3462.9,0.0009619166666666667
2024-05-03 00:55:00,2,171,61,0,55,1.6960000000000002,3508.8,0.0009746666666666668
2024-05-03 00:56:00,3,147,111,0,56,2.922,3876.6000000000004,0.0010768333333333335
2024-05-03 00:57:00,4,175,56,0,57,1.5750000000000002,3472.5,0.0009645833333333334
2024-05-03 00:58:00,3,172,73,0,58,1.997,3599.1000000000004,0.0009997500000000002
2024-05-03 00:59:00,2,114,73,0,59,1.9390000000000003,3581.7000000000003,0.0009949166666666667
2024-05-03 01:00:00,2,195,91,1,0,2.4699999999999998,3741.0,0.0010391666666666668
2024-05-03 01:01:00,2,134,67,1,1,1.8090000000000002,3542.7000000000003,0.0009840833333333333
2024-05-03 01:02:00,3,169,76,1,2,2.069,3620.7,0.00100575
2024-05-03 01:03:00,5,181,52,1,3,1.481,3444.2999999999997,0.0009567499999999999
2024-05-03 01:04:00,2,110,75,1,4,1.985,3595.5,0.00099875
2024-05-03 01:05:00,4,98,60,1,5,1.598,3479.4,0.0009665
2024-05-03 01:06:00,2,209,75,1,6,2.084,3625.2,0.0010069999999999999
2024-05-03 01:07:00,4,100,65,1,7,1.725,3517.5,0.0009770833333333333
2024-05-03 01:08:00,1,152,58,1,8,1.602,3480.6000000000004,0.0009668333333333334
2024-05-03 01:09:00,1,141,67,1,9,1.816,3544.7999999999997,0.0009846666666666667
2024-05-03 01:10:00,2,188,56,1,10,1.588,3476.4,0.0009656666666666666
2024-05-03 01:11:00,4,205,91,1,11,2.48,3744.0,0.00104
2024-05-03 01:12:00,1,220,96,1,12,2.6200000000000006,3786.0,0.0010516666666666667
2024-05-03 01:13:00,1,140,102,1,13,2.6900000000000004,3807.0,0.0010575
2024-05-03 01:14:00,3,218,95,1,14,2.593,3777.8999999999996,0.0010494166666666666
2024-05-03 01:15:00,3,156,60,1,15,1.656,3496.8,0.0009713333333333334
2024-05-03 01:16:00,3,108,100,1,16,2.608,3782.4000000000005,0.0010506666666666668
2024-05-03 01:17:00,4,193,58,1,17,1.6430000000000002,3492.9,0.00097025
2024-05-03 01:18:00,4,221,80,1,18,2.221,3666.2999999999997,0.0010184166666666666
2024-05-03 01:19:00,2,149,88,1,19,2.349,3704.7,0.0010290833333333332
2024-05-03 01:20:00,1,212,79,1,20,2.1870000000000003,3656.1000000000004,0.0010155833333333334
2024-05-03 01:21:00,1,182,116,1,21,3.0820000000000003,3924.6000000000004,0.0010901666666666668
2024-05-03 01:22:00,1,116,64,1,22,1.7160000000000002,3514.7999999999997,0.0009763333333333333
2024-05-03 01:23:00,3,197,82,1,23,2.2470000000000003,3674.1000000000004,0.0010205833333333334
2024-05-03 01:24:00,4,141,97,1,24,2.5660000000000003,3769.8,0.0010471666666666667
2024-05-03 01:25:00,2,170,51,1,25,1.445,3433.5,0.00095375
2024-05-03 01:26:00,5,183,59,1,26,1.6580000000000001,3497.4,0.0009715
2024-05-03 01:27:00,5,197,116,1,27,3.0970000000000004,3929.1000000000004,0.0010914166666666668
2024-05-03 01:28:00,3,162,106,1,28,2.8120000000000003,3843.6000000000004,0.0010676666666666669
2024-05-03 01:29:00,3,141,105,1,29,2.766,3829.8,0.0010638333333333333
2024-05-03 01:30:00,2,158,108,1,30,2.858,3857.4000000000005,0.0010715000000000002
2024-05-03 01:31:00,3,148,115,1,31,3.023,3906.8999999999996,0.0010852499999999998
2024-05-03 01:32:00,5,140,72,1,32,1.94,3582.0,0.000995
2024-05-03 01:33:00,1,193,51,1,33,1.4680000000000002,3440.4,0.0009556666666666667
2024-05-03 01:34:00,3,211,113,1,34,3.036,3910.7999999999997,0.0010863333333333332
2024-05-03 01:35:00,5,214,57,1,35,1.639,3491.7,0.0009699166666666667
2024-05-03 01:36:00,4,133,82,1,36,2.1830000000000003,3654.9,0.00101525
2024-05-03 01:37:00,3,166,74,1,37,2.016,3604.8,0.0010013333333333335
2024-05-03 01:38:00,4,104,51,1,38,1.3790000000000002,3413.7000000000003,0.0009482500000000001
2024-05-03 01:39:00,5,198,96,1,39,2.5980000000000003,3779.4,0.0010498333333333334
2024-05-03 01:40:00,1,110,95,1,40,2.485,3745.5,0.0010404166666666667
2024-05-03 01:41:00,4,121,78,1,41,2.071,3621.3,0.0010059166666666667
2024-05-03 01:42:00,6,146,93,1,42,2.471,3741.2999999999997,0.00103925
2024-05-03 01:43:00,3,233,99,1,43,2.708,3812.4,0.001059
2024-05-03 01:44:00,4,194,52,1,44,1.494,3448.2000000000003,0.0009578333333333334
2024-05-03 01:45:00,2,122,103,1,45,2.697,3809.0999999999995,0.0010580833333333332
2024-05-03 01:46:00,5,159,98,1,46,2.609,3782.7,0.00105075
2024-05-03 01:47:00,3,219,88,1,47,2.419,3725.7000000000003,0.0010349166666666668
2024-05-03 01:48:00,3,175,90,1,48,2.425,3727.5,0.0010354166666666667
2024-05-03 01:49:00,6,181,105,1,49,2.806,3841.8,0.0010671666666666668
2024-05-03 01:50:00,2,217,90,1,50,2.467,3740.1000000000004,0.0010389166666666667
2024-05-03 01:51:00,2,148,69,1,51,1.873,3561.8999999999996,0.0009894166666666667
2024-05-03 01:52:00,3,171,70,1,52,1.921,3576.2999999999997,0.0009934166666666665
2024-05-03 01:53:00,5,167,99,1,53,2.642,3792.5999999999995,0.0010534999999999997
2024-05-03 01:54:00,5,142,56,1,54,1.5420000000000003,3462.6000000000004,0.0009618333333333334
2024-05-03 01:55:00,4,132,74,1,55,1.9820000000000002,3594.6000000000004,0.0009985
2024-05-03 01:56:00,4,128,102,1,56,2.6780000000000004,3803.4000000000005,0.0010565000000000001
2024-05-03 01:57:00,3,219,53,1,57,1.5440000000000003,3463.2000000000003,0.0009620000000000001
2024-05-03 01:58:00,2,130,113,1,58,2.955,3886.5,0.0010795833333333334
2024-05-03 01:59:00,2,146,70,1,59,1.896,3568.7999999999997,0.0009913333333333332
2024-05-03 02:00:00,4,126,96,2,0,2.5260000000000002,3757.8,0.0010438333333333335
2024-05-03 02:01:00,2,208,91,2,1,2.483,3744.9000000000005,0.0010402500000000002
2024-05-03 02:02:00,6,236,55,2,2,1.611,3483.3,0.0009675833333333334
2024-05-03 02:03:00,3,164,103,2,3,2.7390000000000003,3821.7000000000003,0.0010615833333333334
2024-05-03 02:04:00,5,107,79,2,4,2.0820000000000003,3624.6000000000004,0.0010068333333333335
2024-05-03 02:05:00,4,227,99,2,5,2.702,3810.6,0.0010585
2024-05-03 02:06:00,3,126,59,2,6,1.601,3480.2999999999997,0.0009667499999999999
2024-05-03 02:07:00,6,203,55,2,7,1.578,3473.4,0.0009648333333333334
2024-05-03 02:08:00,4,132,99,2,8,2.607,3782.1000000000004,0.0010505833333333335
2024-05-03 02:09:00,3,227,125,2,9,3.352,4005.6000000000004,0.0011126666666666668
2024-05-03 02:10:00,3,148,108,2,10,2.8480000000000003,3854.4,0.0010706666666666666
2024-05-03 02:11:00,5,170,99,2,11,2.645,3793.5,0.00105375
2024-05-03 02:12:00,2,143,66,2,12,1.7930000000000001,3537.9,0.0009827500000000001
2024-05-03 02:13:00,2,110,71,2,13,1.8850000000000002,3565.5,0.0009904166666666666
2024-05-03 02:14:00,3,220,70,2,14,1.97,3591.0,0.0009975
2024-05-03 02:15:00,3,238,117,2,15,3.1630000000000003,3948.9000000000005,0.0010969166666666668
2024-05-03 02:16:00,2,124,128,2,16,3.3240000000000003,3997.2000000000003,0.0011103333333333334
2024-05-03 02:17:00,5,235,112,2,17,3.035,3910.5,0.00108625
2024-05-03 02:18:00,4,237,64,2,18,1.8370000000000002,3551.0999999999995,0.0009864166666666665
2024-05-03 02:19:00,4,198,82,2,19,2.248,3674.4,0.0010206666666666667
2024-05-03 02:20:00,5,223,86,2,20,2.3729999999999998,3711.8999999999996,0.0010310833333333333
2024-05-03 02:21:00,2,226,82,2,21,2.2760000000000002,3682.8,0.001023
2024-05-03 02:22:00,6,105,111,2,22,2.8800000000000003,3864.0,0.0010733333333333333
2024-05-03 02:23:00,3,143,85,2,23,2.268,3680.3999999999996,0.0010223333333333332
2024-05-03 02:24:00,4,229,57,2,24,1.6540000000000001,3496.2,0.0009711666666666666
2024-05-03 02:25:00,4,167,101,2,25,2.692,3807.6000000000004,0.0010576666666666668
2024-05-03 02:26:00,6,180,57,2,26,1.605,3481.5,0.0009670833333333334
2024-05-03 02:27:00,4,235,59,2,27,1.7100000000000002,3513.0,0.0009758333333333333
2024-05-03 02:28:00,3,182,54,2,28,1.532,3459.6000000000004,0.000961
2024-05-03 02:29:00,5,154,106,2,29,2.8040000000000003,3841.2,0.001067
2024-05-03 02:30:00,3,212,115,2,30,3.087,3926.0999999999995,0.0010905833333333332
2024-05-03 02:31:00,3,104,98,2,31,2.5540000000000003,3766.2,0.0010461666666666666
2024-05-03 02:32:00,6,246,75,2,32,2.121,3636.2999999999997,0.0010100833333333333
2024-05-03 02:33:00,2,152,123,2,33,3.2270000000000003,3968.0999999999995,0.00110225
2024-05-03 02:34:00,3,201,106,2,34,2.8510000000000004,3855.3,0.0010709166666666666
2024-05-03 02:35:00,7,247,128,2,35,3.447,4034.0999999999995,0.0011205833333333332
2024-05-03 02:36:00,5,169,122,2,36,3.2190000000000003,3965.7,0.0011015833333333333
2024-05-03 02:37:00,4,242,118,2,37,3.192,3957.6000000000004,0.0010993333333333335
2024-05-03 02:38:00,6,249,96,2,38,2.6490000000000005,3794.7000000000003,0.0010540833333333333
2024-05-03 02:39:00,5,212,72,2,39,2.012,3603.6000000000004,0.0010010000000000002
2024-05-03 02:40:00,3,224,58,2,40,1.6740000000000002,3502.2000000000003,0.0009728333333333334
2024-05-03 02:41:00,6,119,61,2,41,1.6440000000000001,3493.2000000000003,0.0009703333333333334
2024-05-03 02:42:00,4,151,98,2,42,2.601,3780.2999999999997,0.0010500833333333332
2024-05-03 02:43:00,3,202,121,2,43,3.2270000000000003,3968.0999999999995,0.00110225
2024-05-03 02:44:00,2,210,52,2,44,1.51,3453.0,0.0009591666666666667
2024-05-03 02:45:00,5,173,77,2,45,2.098,3629.3999999999996,0.0010081666666666665
2024-05-03 02:46:00,4,143,55,2,46,1.518,3455.3999999999996,0.0009598333333333333
2024-05-03 02:47:00,2,217,106,2,47,2.8670000000000004,3860.1000000000004,0.00107225
2024-05-03 02:48:00,6,254,107,2,48,2.9290000000000003,3878.7,0.0010774166666666666
2024-05-03 02:49:00,2,206,108,2,49,2.906,3871.8,0.0010755
2024-05-03 02:50:00,3,233,76,2,50,2.133,3639.8999999999996,0.0010110833333333332
2024-05-03 02:51:00,5,207,63,2,51,1.7820000000000003,3534.5999999999995,0.0009818333333333333
2024-05-03 02:52:00,2,218,106,2,52,2.8680000000000003,3860.4,0.0010723333333333333
2024-05-03 02:53:00,1,159,117,2,53,3.084,3925.2,0.0010903333333333333
2024-05-03 02:54:00,3,113,137,2,54,3.5380000000000003,4061.4000000000005,0.0011281666666666669
2024-05-03 02:55:00,7,173,99,2,55,2.648,3794.4,0.001054
2024-05-03 02:56:00,3,251,125,2,56,3.376,4012.8,0.0011146666666666668
2024-05-03 02:57:00,4,149,65,2,57,1.774,3532.2000000000003,0.0009811666666666666
2024-05-03 02:58:00,4,160,137,2,58,3.5850000000000004,4075.5,0.0011320833333333332
2024-05-03 02:59:00,1,262,130,2,59,3.512,4053.6000000000004,0.001126
2024-05-03 03:00:00,6,137,57,3,0,1.562,3468.6000000000004,0.0009635000000000001
2024-05-03 03:01:00,4,120,109,3,1,2.845,3853.5,0.0010704166666666666
2024-05-03 03:02:00,3,220,98,3,2,2.6700000000000004,3801.0,0.0010558333333333333
2024-05-03 03:03:00,3,136,69,3,3,1.8610000000000002,3558.3,0.0009884166666666667
2024-05-03 03:04:00,7,173,99,3,4,2.648,3794.4,0.001054
2024-05-03 03:05:00,2,166,82,3,5,2.216,3664.7999999999997,0.001018
2024-05-03 03:06:00,3,120,57,3,6,1.545,3463.5,0.0009620833333333333
2024-05-03 03:07:00,4,121,58,3,7,1.5710000000000002,3471.3,0.00096425
2024-05-03 03:08:00,2,127,57,3,8,1.552,3465.6000000000004,0.0009626666666666668
2024-05-03 03:09:00,4,121,64,3,9,1.721,3516.2999999999997,0.00097675
2024-05-03 03:10:00,2,241,99,3,10,2.716,3814.7999999999997,0.0010596666666666667
2024-05-03 03:11:00,2,248,120,3,11,3.248,3974.4,0.001104
2024-05-03 03:12:00,2,188,71,3,12,1.963,3588.9,0.0009969166666666668
2024-05-03 03:13:00,4,207,100,3,13,2.707,3812.1,0.0010589166666666666
2024-05-03 03:14:00,6,131,61,3,14,1.6560000000000001,3496.8,0.0009713333333333334
2024-05-03 03:15:00,4,153,82,3,15,2.2030000000000003,3660.9,0.0010169166666666666
2024-05-03 03:16:00,4,209,120,3,16,3.209,3962.7,0.00110075
2024-05-03 03:17:00,2,116,125,3,17,3.241,3972.3,0.0011034166666666668
2024-05-03 03:18:00,2,113,76,3,18,2.0130000000000003,3603.9,0.0010010833333333334
2024-05-03 03:19:00,6,162,118,3,19,3.112,3933.6000000000004,0.0010926666666666667
2024-05-03 03:20:00,1,190,131,3,20,3.4650000000000003,4039.5,0.0011220833333333334
2024-05-03 03:21:00,6,120,73,3,21,1.9450000000000003,3583.5,0.0009954166666666666
2024-05-03 03:22:00,3,239,123,3,22,3.314,3994.2000000000003,0.0011095
2024-05-03 03:23:00,3,115,136,3,23,3.5150000000000006,4054.5,0.00112625
2024-05-03 03:24:00,4,251,110,3,24,3.001,3900.3,0.0010834166666666668
2024-05-03 03:25:00,3,264,66,3,25,1.9140000000000001,3574.2,0.0009928333333333332
2024-05-03 03:26:00,3,147,135,3,26,3.522,4056.6,0.0011268333333333332
2024-05-03 03:27:00,3,196,102,3,27,2.7460000000000004,3823.8,0.0010621666666666668
2024-05-03 03:28:00,4,155,128,3,28,3.355,4006.5,0.0011129166666666666
2024-05-03 03:29:00,4,216,101,3,29,2.7410000000000005,3822.3,0.00106175
2024-05-03 03:30:00,1,152,68,3,30,1.852,3555.6000000000004,0.0009876666666666669
2024-05-03 03:31:00,5,234,114,3,31,3.084,3925.2,0.0010903333333333333
2024-05-03 03:32:00,3,228,76,3,32,2.128,3638.4,0.0010106666666666667
2024-05-03 03:33:00,2,260,132,3,33,3.5600000000000005,4068.0,0.00113
2024-05-03 03:34:00,6,210,72,3,34,2.0100000000000002,3603.0,0.0010008333333333334
2024-05-03 03:35:00,4,153,84,3,35,2.253,3675.9,0.0010210833333333333
2024-05-03 03:36:00,7,235,85,3,36,2.36,3708.0,0.00103
2024-05-03 03:37:00,4,159,88,3,37,2.359,3707.7,0.0010299166666666666
2024-05-03 03:38:00,4,244,113,3,38,3.069,3920.7,0.0010890833333333332
2024-05-03 03:39:00,3,148,130,3,39,3.398,4019.3999999999996,0.0011164999999999999
2024-05-03 03:40:00,2,126,111,3,40,2.9010000000000002,3870.3,0.0010750833333333335
2024-05-03 03:41:00,7,156,95,3,41,2.531,3759.3,0.00104425
2024-05-03 03:42:00,2,222,63,3,42,1.7970000000000002,3539.1000000000004,0.0009830833333333334
2024-05-03 03:43:00,2,174,90,3,43,2.424,3727.2000000000003,0.0010353333333333334
2024-05-03 03:44:00,5,233,84,3,44,2.333,3699.9,0.00102775
2024-05-03 03:45:00,5,265,64,3,45,1.8650000000000002,3559.5,0.00098875
2024-05-03 03:46:00,4,228,62,3,46,1.778,3533.3999999999996,0.0009815
2024-05-03 03:47:00,3,127,119,3,47,3.1020000000000003,3930.5999999999995,0.0010918333333333331
2024-05-03 03:48:00,4,247,75,3,48,2.122,3636.6,0.0010101666666666666
2024-05-03 03:49:00,7,168,71,3,49,1.943,3582.9,0.00099525
2024-05-03 03:50:00,7,179,76,3,50,2.079,3623.7000000000003,0.0010065833333333335
2024-05-03 03:51:00,3,146,130,3,51,3.396,4018.7999999999997,0.0011163333333333333
2024-05-03 03:52:00,5,266,142,3,52,3.8160000000000003,4144.8,0.0011513333333333334
2024-05-03 03:53:00,3,122,137,3,53,3.547,4064.1000000000004,0.0011289166666666667
2024-05-03 03:54:00,2,283,129,3,54,3.508,4052.3999999999996,0.0011256666666666665
2024-05-03 03:55:00,7,216,69,3,55,1.941,3582.2999999999997,0.0009950833333333333
2024-05-03 03:56:00,6,220,72,3,56,2.02,3606.0,0.0010016666666666668
2024-05-03 03:57:00,2,131,104,3,57,2.731,3819.2999999999997,0.0010609166666666666
2024-05-03 03:58:00,5,251,151,3,58,4.026000000000001,4207.8,0.0011688333333333334
2024-05-03 03:59:00,5,182,54,3,59,1.532,3459.6000000000004,0.000961
2024-05-03 04:00:00,2,182,87,4,0,2.357,3707.1000000000004,0.00102975
2024-05-03 04:01:00,4,203,107,4,1,2.878,3863.4,0.0010731666666666667
2024-05-03 04:02:00,7,197,90,4,2,2.447,3734.0999999999995,0.0010372499999999998
2024-05-03 04:03:00,4,132,69,4,3,1.8570000000000002,3557.1000000000004,0.0009880833333333334
2024-05-03 04:04:00,7,117,94,4,4,2.467,3740.1000000000004,0.0010389166666666667
2024-05-03 04:05:00,7,270,80,4,5,2.27,3681.0,0.0010225
2024-05-03 04:06:00,6,274,96,4,6,2.6740000000000004,3802.2000000000003,0.0010561666666666668
2024-05-03 04:07:00,5,147,139,4,7,3.622,4086.6000000000004,0.0011351666666666667
2024-05-03 04:08:00,2,278,79,4,8,2.253,3675.9,0.0010210833333333333
2024-05-03 04:09:00,4,144,72,4,9,1.944,3583.2,0.0009953333333333333
2024-05-03 04:10:00,4,167,87,4,10,2.342,3702.6000000000004,0.0010285000000000001
2024-05-03 04:11:00,3,179,119,4,11,3.154,3946.2,0.0010961666666666665
2024-05-03 04:12:00,6,252,117,4,12,3.1770000000000005,3953.1000000000004,0.0010980833333333335
2024-05-03 04:13:00,5,287,66,4,13,1.9370000000000003,3581.1000000000004,0.0009947500000000002
2024-05-03 04:14:00,3,263,151,4,14,4.038,4211.400000000001,0.0011698333333333335
2024-05-03 04:15:00,3,191,148,4,15,3.891,4167.3,0.0011575833333333334
2024-05-03 04:16:00,3,260,64,4,16,1.86,3558.0,0.0009883333333333333
2024-05-03 04:17:00,7,240,96,4,17,2.6400000000000006,3792.0,0.0010533333333333334
2024-05-03 04:18:00,5,131,112,4,18,2.931,3879.3,0.0010775833333333334
2024-05-03 04:19:00,5,209,118,4,19,3.1590000000000003,3947.7000000000003,0.0010965833333333333
2024-05-03 04:20:00,7,202,147,4,20,3.8770000000000002,4163.1,0.0011564166666666667
2024-05-03 04:21:00,2,232,70,4,21,1.982,3594.6000000000004,0.0009985
2024-05-03 04:22:00,5,239,136,4,22,3.6390000000000002,4091.7,0.0011365833333333332
2024-05-03 04:23:00,8,197,154,4,23,4.047,4214.1,0.0011705833333333334
2024-05-03 04:24:00,3,263,94,4,24,2.613,3783.8999999999996,0.0010510833333333333
2024-05-03 04:25:00,4,215,78,4,25,2.165,3649.5,0.00101375
2024-05-03 04:26:00,2,299,94,4,26,2.649,3794.7000000000003,0.0010540833333333333
2024-05-03 04:27:00,8,280,125,4,27,3.4050000000000002,4021.5,0.0011170833333333334
2024-05-03 04:28:00,5,298,85,4,28,2.423,3726.9,0.00103525
2024-05-03 04:29:00,7,172,78,4,29,2.1220000000000003,3636.6000000000004,0.0010101666666666668
2024-05-03 04:30:00,4,171,56,4,30,1.5710000000000002,3471.3,0.00096425
2024-05-03 04:31:00,5,219,100,4,31,2.719,3815.7,0.0010599166666666667
2024-05-03 04:32:00,8,218,131,4,32,3.4930000000000003,4047.9,0.0011244166666666668
2024-05-03 04:33:00,4,227,146,4,33,3.8770000000000002,4163.1,0.0011564166666666667
2024-05-03 04:34:00,4,187,92,4,34,2.487,3746.1000000000004,0.0010405833333333335
2024-05-03 04:35:00,3,260,101,4,35,2.785,3835.5,0.0010654166666666668
2024-05-03 04:36:00,8,123,111,4,36,2.8980000000000006,3869.4,0.0010748333333333335
2024-05-03 04:37:00,2,203,109,4,37,2.928,3878.4000000000005,0.0010773333333333336
2024-05-03 04:38:00,3,230,136,4,38,3.6300000000000003,4089.0,0.0011358333333333333
2024-05-03 04:39:00,7,251,115,4,39,3.126,3937.8,0.0010938333333333334
2024-05-03 04:40:00,6,167,103,4,40,2.742,3822.6000000000004,0.0010618333333333335
2024-05-03 04:41:00,2,136,119,4,41,3.111,3933.3,0.0010925833333333334
2024-05-03 04:42:00,7,278,98,4,42,2.728,3818.4,0.0010606666666666668
2024-05-03 04:43:00,3,191,148,4,43,3.891,4167.3,0.0011575833333333334
2024-05-03 04:44:00,5,129,111,4,44,2.9040000000000004,3871.2,0.0010753333333333333
2024-05-03 04:45:00,8,258,137,4,45,3.6830000000000003,4104.9,0.00114025
2024-05-03 04:46:00,8,164,58,4,46,1.614,3484.2000000000003,0.0009678333333333335
2024-05-03 04:47:00,6,250,62,4,47,1.8,3540.0,0.0009833333333333332
2024-05-03 04:48:00,4,227,106,4,48,2.8770000000000002,3863.1000000000004,0.0010730833333333334
2024-05-03 04:49:00,7,244,158,4,49,4.194,4258.2,0.0011828333333333333
2024-05-03 04:50:00,4,134,107,4,50,2.809,3842.7000000000003,0.0010674166666666668
2024-05-03 04:51:00,6,181,79,4,51,2.156,3646.8,0.001013
2024-05-03 04:52:00,6,244,112,4,52,3.0440000000000005,3913.2000000000003,0.001087
2024-05-03 04:53:00,2,276,93,4,53,2.601,3780.2999999999997,0.0010500833333333332
2024-05-03 04:54:00,6,262,153,4,54,4.087,4226.099999999999,0.0011739166666666664
2024-05-03 04:55:00,7,157,72,4,55,1.957,3587.1000000000004,0.0009964166666666667
2024-05-03 04:56:00,3,227,131,4,56,3.5020000000000002,4050.6000000000004,0.0011251666666666667
2024-05-03 04:57:00,7,294,119,4,57,3.269,3980.7000000000003,0.0011057500000000002
2024-05-03 04:58:00,5,189,127,4,58,3.3640000000000003,4009.2000000000003,0.0011136666666666667
2024-05-03 04:59:00,4,115,153,4,59,3.9400000000000004,4182.0,0.0011616666666666668
2024-05-03 05:00:00,4,222,91,5,0,2.497,3749.1,0.0010414166666666666
2024-05-03 05:01:00,4,258,127,5,1,3.4330000000000003,4029.9,0.0011194166666666668
2024-05-03 05:02:00,8,164,160,5,2,4.164,4249.2,0.0011803333333333334
2024-05-03 05:03:00,2,132,164,5,3,4.232,4269.6,0.0011860000000000002
2024-05-03 05:04:00,3,157,60,5,4,1.657,3497.1000000000004,0.0009714166666666668
2024-05-03 05:05:00,3,312,133,5,5,3.637,4091.1000000000004,0.0011364166666666669
2024-05-03 05:06:00,4,143,158,5,6,4.093,4227.9,0.0011744166666666665
2024-05-03 05:07:00,4,226,106,5,7,2.8760000000000003,3862.8,0.001073
2024-05-03 05:08:00,7,121,122,5,8,3.1710000000000003,3951.3,0.0010975833333333334
2024-05-03 05:09:00,7,307,140,5,9,3.807,4142.1,0.0011505833333333335
2024-05-03 05:10:00,6,115,138,5,10,3.5650000000000004,4069.5,0.0011304166666666667
2024-05-03 05:11:00,4,156,113,5,11,2.9810000000000003,3894.3,0.00108175
2024-05-03 05:12:00,9,243,95,5,12,2.618,3785.3999999999996,0.0010515
2024-05-03 05:13:00,7,131,150,5,13,3.8810000000000002,4164.3,0.00115675
2024-05-03 05:14:00,2,202,171,5,14,4.477,4343.099999999999,0.0012064166666666666
2024-05-03 05:15:00,9,220,112,5,15,3.0200000000000005,3906.0,0.001085
2024-05-03 05:16:00,7,209,60,5,16,1.709,3512.7,0.00097575
2024-05-03 05:17:00,4,294,124,5,17,3.394,4018.2000000000003,0.0011161666666666668
2024-05-03 05:18:00,6,117,69,5,18,1.842,3552.6000000000004,0.0009868333333333335
2024-05-03 05:19:00,6,113,92,5,19,2.4130000000000003,3723.9000000000005,0.0010344166666666668
2024-05-03 05:20:00,3,265,111,5,20,3.0400000000000005,3912.0,0.0010866666666666668
2024-05-03 05:21:00,6,137,60,5,21,1.637,3491.1000000000004,0.0009697500000000001
2024-05-03 05:22:00,5,222,169,5,22,4.447000000000001,4334.1,0.0012039166666666667
2024-05-03 05:23:00,3,145,108,5,23,2.845,3853.5,0.0010704166666666666
2024-05-03 05:24:00,6,307,157,5,24,4.232,4269.6,0.0011860000000000002
2024-05-03 05:25:00,8,147,101,5,25,2.672,3801.6000000000004,0.001056
2024-05-03 05:26:00,4,308,127,5,26,3.483,4044.9000000000005,0.0011235833333333334
2024-05-03 05:27:00,7,157,166,5,27,4.307,4292.1,0.0011922500000000002
2024-05-03 05:28:00,7,206,102,5,28,2.7560000000000002,3826.8,0.0010630000000000001
2024-05-03 05:29:00,7,146,113,5,29,2.971,3891.3,0.0010809166666666667
2024-05-03 05:30:00,6,233,133,5,30,3.5580000000000003,4067.4,0.0011298333333333334
2024-05-03 05:31:00,4,306,153,5,31,4.131,4239.3,0.0011775833333333334
2024-05-03 05:32:00,8,334,161,5,32,4.359,4307.7,0.0011965833333333334
2024-05-03 05:33:00,8,251,99,5,33,2.726,3817.7999999999997,0.0010605
2024-05-03 05:34:00,2,275,63,5,34,1.85,3555.0,0.0009875
2024-05-03 05:35:00,9,334,125,5,35,3.459,4037.7,0.0011215833333333334
2024-05-03 05:36:00,4,185,61,5,36,1.7100000000000002,3513.0,0.0009758333333333333
2024-05-03 05:37:00,3,303,94,5,37,2.653,3795.8999999999996,0.0010544166666666666
2024-05-03 05:38:00,7,271,127,5,38,3.446,4033.8,0.0011205
2024-05-03 05:39:00,7,146,163,5,39,4.221,4266.3,0.0011850833333333333
2024-05-03 05:40:00,8,122,103,5,40,2.697,3809.0999999999995,0.0010580833333333332
2024-05-03 05:41:00,5,128,170,5,41,4.378,4313.4,0.0011981666666666666
2024-05-03 05:42:00,6,314,145,5,42,3.939,4181.700000000001,0.0011615833333333335
2024-05-03 05:43:00,1,176,106,5,43,2.8260000000000005,3847.8,0.0010688333333333333
2024-05-03 05:44:00,4,305,136,5,44,3.7050000000000005,4111.5,0.0011420833333333333
2024-05-03 05:45:00,4,278,112,5,45,3.0780000000000003,3923.4,0.0010898333333333333
2024-05-03 05:46:00,6,180,160,5,46,4.18,4254.0,0.0011816666666666666
2024-05-03 05:47:00,7,143,109,5,47,2.8680000000000003,3860.4,0.0010723333333333333
2024-05-03 05:48:00,5,327,116,5,48,3.2270000000000003,3968.0999999999995,0.00110225
2024-05-03 05:49:00,4,171,111,5,49,2.946,3883.8,0.0010788333333333333
2024-05-03 05:50:00,3,194,132,5,50,3.494,4048.2000000000003,0.0011245
2024-05-03 05:51:00,4,298,119,5,51,3.273,3981.8999999999996,0.0011060833333333333
2024-05-03 05:52:00,6,147,147,5,52,3.822,4146.599999999999,0.0011518333333333333
2024-05-03 05:53:00,5,134,150,5,53,3.884,4165.2,0.001157
2024-05-03 05:54:00,6,205,144,5,54,3.805,4141.5,0.0011504166666666668
2024-05-03 05:55:00,9,167,163,5,55,4.242,4272.6,0.0011868333333333334
2024-05-03 05:56:00,10,276,59,5,56,1.7510000000000001,3525.3,0.00097925
2024-05-03 05:57:00,7,336,146,5,57,3.986,4195.8,0.0011655
2024-05-03 05:58:00,1,289,157,5,58,4.214,4264.200000000001,0.0011845000000000002
2024-05-03 05:59:00,4,228,157,5,59,4.1530000000000005,4245.9,0.0011794166666666665
2024-05-03 06:00:00,31,1320,583,6,0,15.895000000000001,7768.500000000001,0.002157916666666667
2024-05-03 06:01:00,23,1037,683,6,1,18.112,8433.6,0.002342666666666667
2024-05-03 06:02:00,32,1508,286,6,2,8.658000000000001,5597.400000000001,0.0015548333333333334
2024-05-03 06:03:00,8,668,409,6,3,10.893,6267.9,0.0017410833333333332
2024-05-03 06:04:00,35,1203,418,6,4,11.653,6495.9,0.0018044166666666666
2024-05-03 06:05:00,11,1515,218,6,5,6.965,5089.5,0.00141375
2024-05-03 06:06:00,44,774,209,6,6,5.9990000000000006,4799.7,0.00133325
2024-05-03 06:07:00,31,1088,703,6,7,18.663,8598.900000000001,0.0023885833333333337
2024-05-03 06:08:00,8,1358,233,6,8,7.183,5154.9,0.0014319166666666666
2024-05-03 06:09:00,35,1041,610,6,9,16.291,7887.300000000001,0.002190916666666667
2024-05-03 06:10:00,16,408,727,6,10,18.583000000000002,8574.900000000001,0.002381916666666667
2024-05-03 06:11:00,46,689,496,6,11,13.089,6926.700000000001,0.0019240833333333336
2024-05-03 06:12:00,10,548,517,6,12,13.473,7041.9,0.001956083333333333
2024-05-03 06:13:00,34,1340,301,6,13,8.865,5659.5,0.0015720833333333333
2024-05-03 06:14:00,22,881,598,6,14,15.831000000000001,7749.3,0.002152583333333333
2024-05-03 06:15:00,23,1391,520,6,15,14.391,7317.300000000001,0.0020325833333333337
2024-05-03 06:16:00,41,1334,745,6,16,19.959,8987.699999999999,0.002496583333333333
2024-05-03 06:17:00,43,990,509,6,17,13.715000000000002,7114.500000000001,0.00197625
2024-05-03 06:18:00,31,530,368,6,18,9.73,5919.0,0.0016441666666666666
2024-05-03 06:19:00,17,1343,575,6,19,15.718,7715.4,0.0021431666666666665
2024-05-03 06:20:00,29,1496,539,6,20,14.971000000000002,7491.3,0.0020809166666666667
2024-05-03 06:21:00,20,765,620,6,21,16.265,7879.5,0.00218875
2024-05-03 06:22:00,28,1323,805,6,22,21.448,9434.4,0.0026206666666666665
2024-05-03 06:23:00,14,434,326,6,23,8.584,5575.2,0.0015486666666666667
2024-05-03 06:24:00,32,765,637,6,24,16.69,8007.0,0.002224166666666667
2024-05-03 06:25:00,41,1175,800,6,25,21.175,9352.5,0.0025979166666666668
2024-05-03 06:26:00,23,1362,572,6,26,15.662,7698.6,0.0021385
2024-05-03 06:27:00,29,1371,460,6,27,12.871,6861.3,0.0019059166666666667
2024-05-03 06:28:00,35,1044,296,6,28,8.444,5533.2,0.001537
2024-05-03 06:29:00,41,630,775,6,29,20.005,9001.5,0.002500416666666667
2024-05-03 06:30:00,41,1542,239,6,30,7.517,5255.1,0.0014597500000000001
2024-05-03 06:31:00,28,1407,205,6,31,6.532,4959.6,0.0013776666666666668
2024-05-03 06:32:00,35,1119,319,6,32,9.094000000000001,5728.200000000001,0.001591166666666667
2024-05-03 06:33:00,43,1365,748,6,33,20.064999999999998,9019.5,0.0025054166666666666
2024-05-03 06:34:00,17,1191,757,6,34,20.116,9034.8,0.0025096666666666666
2024-05-03 06:35:00,40,723,518,6,35,13.673000000000002,7101.9000000000015,0.0019727500000000005
2024-05-03 06:36:00,14,1431,829,6,36,22.156000000000002,9646.800000000001,0.002679666666666667
2024-05-03 06:37:00,11,1218,464,6,37,12.818000000000001,6845.4,0.0019015
2024-05-03 06:38:00,11,1332,493,6,38,13.657000000000002,7097.1,0.001971416666666667
2024-05-03 06:39:00,35,1595,772,6,39,20.895,9268.5,0.0025745833333333332
2024-05-03 06:40:00,31,1361,478,6,40,13.311000000000002,6993.3,0.0019425833333333335
2024-05-03 06:41:00,13,1515,773,6,41,20.840000000000003,9252.0,0.00257
2024-05-03 06:42:00,8,1463,739,6,42,19.938000000000002,8981.400000000001,0.0024948333333333337
2024-05-03 06:43:00,44,672,352,6,43,9.472000000000001,5841.6,0.0016226666666666668
2024-05-03 06:44:00,26,591,671,6,44,17.366000000000003,8209.800000000001,0.0022805000000000004
2024-05-03 06:45:00,7,1460,781,6,45,20.985000000000003,9295.5,0.0025820833333333334
2024-05-03 06:46:00,49,1179,209,6,46,6.404000000000001,4921.2,0.001367
2024-05-03 06:47:00,20,767,527,6,47,13.942,7182.6,0.001995166666666667
2024-05-03 06:48:00,13,705,271,6,48,7.48,5244.0,0.0014566666666666667
2024-05-03 06:49:00,20,1301,530,6,49,14.551,7365.3,0.002045916666666667
2024-05-03 06:50:00,29,1254,265,6,50,7.879,5363.7,0.0014899166666666665
2024-05-03 06:51:00,8,1539,457,6,51,12.964,6889.200000000001,0.0019136666666666668
2024-05-03 06:52:00,35,1041,475,6,52,12.916,6874.800000000001,0.001909666666666667
2024-05-03 06:53:00,19,1010,260,6,53,7.51,5253.0,0.0014591666666666668
2024-05-03 06:54:00,10,956,262,6,54,7.506000000000001,5251.8,0.0014588333333333335
2024-05-03 06:55:00,41,527,385,6,55,10.152,6045.6,0.0016793333333333335
2024-05-03 06:56:00,8,812,250,6,56,7.062,5118.6,0.0014218333333333335
2024-05-03 06:57:00,10,993,568,6,57,15.193000000000001,7557.9,0.0020994166666666665
2024-05-03 06:58:00,29,1287,361,6,58,10.312000000000001,6093.6,0.0016926666666666668
2024-05-03 06:59:00,35,1199,598,6,59,16.149,7844.700000000001,0.0021790833333333337
2024-05-03 07:00:00,16,533,697,7,0,17.958000000000002,8387.400000000001,0.002329833333333334
2024-05-03 07:01:00,13,1485,725,7,1,19.61,8883.0,0.0024675
2024-05-03 07:02:00,31,570,830,7,2,21.32,9396.0,0.00261
2024-05-03 07:03:00,7,591,298,7,3,8.041,5412.3,0.0015034166666666668
2024-05-03 07:04:00,34,1013,614,7,4,16.363000000000003,7908.9000000000015,0.002196916666666667
2024-05-03 07:05:00,16,1080,671,7,5,17.855000000000004,8356.500000000002,0.0023212500000000004
2024-05-03 07:06:00,44,794,316,7,6,8.694,5608.2,0.0015578333333333334
2024-05-03 07:07:00,43,864,487,7,7,13.039000000000001,6911.700000000001,0.0019199166666666668
2024-05-03 07:08:00,44,614,683,7,8,17.689,8306.7,0.002307416666666667
2024-05-03 07:09:00,26,1323,358,7,9,10.273000000000001,6081.900000000001,0.0016894166666666668
2024-05-03 07:10:00,34,1028,869,7,10,22.753,9825.9,0.0027294166666666664
2024-05-03 07:11:00,43,1349,275,7,11,8.224,5467.2,0.0015186666666666666
2024-05-03 07:12:00,38,1305,236,7,12,7.205,5161.5,0.00143375
2024-05-03 07:13:00,17,573,593,7,13,15.398000000000001,7619.4,0.0021165
2024-05-03 07:14:00,50,422,641,7,14,16.447000000000003,7934.1,0.002203916666666667
2024-05-03 07:15:00,50,635,742,7,15,19.185000000000002,8755.5,0.0024320833333333334
2024-05-03 07:16:00,7,1443,664,7,16,18.043000000000003,8412.900000000001,0.0023369166666666673
2024-05-03 07:17:00,38,1533,815,7,17,21.908,9572.4,0.002659
2024-05-03 07:18:00,8,1337,496,7,18,13.737,7121.1,0.0019780833333333334
2024-05-03 07:19:00,32,929,604,7,19,16.029,7808.7,0.002169083333333333
2024-05-03 07:20:00,20,837,842,7,20,21.887,9566.1,0.00265725
2024-05-03 07:21:00,47,1205,293,7,21,8.530000000000001,5559.0,0.0015441666666666666
2024-05-03 07:22:00,20,942,817,7,22,21.367,9410.1,0.0026139166666666667
2024-05-03 07:23:00,29,1397,206,7,23,6.547000000000001,4964.1,0.0013789166666666667
2024-05-03 07:24:00,14,1226,893,7,24,23.551000000000002,10065.3,0.0027959166666666666
2024-05-03 07:25:00,43,1332,476,7,25,13.232000000000001,6969.6,0.001936
2024-05-03 07:26:00,26,1550,833,7,26,22.375000000000004,9712.5,0.0026979166666666666
2024-05-03 07:27:00,11,1292,772,7,27,20.592000000000002,9177.6,0.0025493333333333336
2024-05-03 07:28:00,40,956,302,7,28,8.506,5551.799999999999,0.0015421666666666665
2024-05-03 07:29:00,34,1452,739,7,29,19.927,8978.1,0.002493916666666667
2024-05-03 07:30:00,44,636,400,7,30,10.636,6190.8,0.0017196666666666667
2024-05-03 07:31:00,37,1698,362,7,31,10.748000000000001,6224.4,0.0017289999999999999
2024-05-03 07:32:00,50,1302,886,7,32,23.452,10035.6,0.0027876666666666666
2024-05-03 07:33:00,23,1323,319,7,33,9.298,5789.4,0.0016081666666666666
2024-05-03 07:34:00,14,1473,610,7,34,16.723,8016.9,0.0022269166666666665
2024-05-03 07:35:00,35,621,880,7,35,22.621,9786.3,0.0027184166666666663
2024-05-03 07:36:00,13,1172,742,7,36,19.722,8916.6,0.0024768333333333335
2024-05-03 07:37:00,35,816,424,7,37,11.416000000000002,6424.800000000001,0.001784666666666667
2024-05-03 07:38:00,23,1571,910,7,38,24.321,10296.300000000001,0.002860083333333334
2024-05-03 07:39:00,47,438,755,7,39,19.313,8793.9,0.00244275
2024-05-03 07:40:00,52,1340,218,7,40,6.79,5037.0,0.0013991666666666666
2024-05-03 07:41:00,52,1082,638,7,41,17.032,8109.6,0.0022526666666666667
2024-05-03 07:42:00,11,750,586,7,42,15.4,7620.0,0.002116666666666667
2024-05-03 07:43:00,11,1649,868,7,43,23.349000000000004,10004.7,0.0027790833333333335
2024-05-03 07:44:00,20,1403,425,7,44,12.028,6608.4,0.0018356666666666667
2024-05-03 07:45:00,11,1584,935,7,45,24.959,10487.699999999999,0.0029132499999999996
2024-05-03 07:46:00,13,1058,920,7,46,24.058,10217.4,0.0028381666666666664
2024-05-03 07:47:00,23,1664,208,7,47,6.864000000000001,5059.2,0.0014053333333333333
2024-05-03 07:48:00,16,578,446,7,48,11.728,6518.4,0.0018106666666666666
2024-05-03 07:49:00,38,1224,415,7,49,11.599,6479.7,0.0017999166666666667
2024-05-03 07:50:00,29,1764,626,7,50,17.414,8224.2,0.0022845
2024-05-03 07:51:00,53,698,361,7,51,9.723,5916.9,0.0016435833333333333
2024-05-03 07:52:00,16,1494,821,7,52,22.019000000000002,9605.7,0.00266825
2024-05-03 07:53:00,23,1523,724,7,53,19.623,8886.9,0.002468583333333333
2024-05-03 07:54:00,44,755,443,7,54,11.830000000000002,6549.000000000001,0.0018191666666666668
2024-05-03 07:55:00,41,1407,826,7,55,22.057000000000002,9617.1,0.0026714166666666666
2024-05-03 07:56:00,53,1656,383,7,56,11.231000000000002,6369.3,0.00176925
2024-05-03 07:57:00,20,984,365,7,57,10.109,6032.7,0.00167575
2024-05-03 07:58:00,26,930,443,7,58,12.005,6601.5,0.00183375
2024-05-03 07:59:00,19,1287,742,7,59,19.837,8951.1,0.0024864166666666667
2024-05-03 08:00:00,44,1574,791,8,0,21.349000000000004,9404.7,0.002612416666666667
2024-05-03 08:01:00,16,792,251,8,1,7.067,5120.1,0.0014222500000000001
2024-05-03 08:02:00,23,1778,950,8,2,25.528,10658.4,0.0029606666666666666
2024-05-03 08:03:00,35,663,745,8,3,19.288,8786.4,0.0024406666666666665
2024-05-03 08:04:00,26,656,464,8,4,12.256000000000002,6676.8,0.0018546666666666668
2024-05-03 08:05:00,49,465,583,8,5,15.040000000000001,7512.0,0.002086666666666667
2024-05-03 08:06:00,13,540,230,8,6,6.29,4887.0,0.0013575
2024-05-03 08:07:00,10,471,890,8,7,22.721,9816.3,0.00272675
2024-05-03 08:08:00,38,1023,850,8,8,22.273,9681.9,0.0026894166666666668
2024-05-03 08:09:00,47,1566,253,8,9,7.891,5367.3,0.0014909166666666666
2024-05-03 08:10:00,40,471,710,8,10,18.221,8466.3,0.0023517499999999997
2024-05-03 08:11:00,35,1019,250,8,11,7.269,5180.700000000001,0.0014390833333333334
2024-05-03 08:12:00,55,1635,535,8,12,15.01,7503.0,0.0020841666666666665
2024-05-03 08:13:00,29,1356,946,8,13,25.006000000000004,10501.800000000003,0.0029171666666666673
2024-05-03 08:14:00,46,848,397,8,14,10.773000000000001,6231.900000000001,0.0017310833333333334
2024-05-03 08:15:00,16,1679,785,8,15,21.304,9391.199999999999,0.0026086666666666663
2024-05-03 08:16:00,44,1151,709,8,16,18.876,8662.8,0.0024063333333333332
2024-05-03 08:17:00,52,837,884,8,17,22.937,9881.1,0.0027447500000000002
2024-05-03 08:18:00,29,537,418,8,18,10.987000000000002,6296.1,0.0017489166666666668
2024-05-03 08:19:00,25,1088,473,8,19,12.913,6873.900000000001,0.001909416666666667
2024-05-03 08:20:00,32,435,514,8,20,13.285000000000002,6985.500000000001,0.001940416666666667
2024-05-03 08:21:00,40,1739,247,8,21,7.914000000000001,5374.2,0.0014928333333333332
2024-05-03 08:22:00,13,1386,818,8,22,21.836000000000002,9550.800000000001,0.0026530000000000004
2024-05-03 08:23:00,44,1011,800,8,23,21.011,9303.3,0.0025842499999999997
2024-05-03 08:24:00,47,606,377,8,24,10.031,6009.300000000001,0.0016692500000000004
2024-05-03 08:25:00,20,869,233,8,25,6.694,5008.2,0.0013911666666666666
2024-05-03 08:26:00,34,1233,308,8,26,8.933,5679.9,0.00157775
2024-05-03 08:27:00,41,1757,638,8,27,17.707,8312.1,0.0023089166666666666
2024-05-03 08:28:00,7,1367,605,8,28,16.492,7947.6,0.002207666666666667
2024-05-03 08:29:00,44,674,817,8,29,21.099,9329.699999999999,0.002591583333333333
2024-05-03 08:30:00,26,551,461,8,30,12.076,6622.8,0.0018396666666666668
2024-05-03 08:31:00,19,1728,433,8,31,12.553,6765.900000000001,0.0018794166666666668
2024-05-03 08:32:00,50,1290,598,8,32,16.240000000000002,7872.000000000001,0.002186666666666667
2024-05-03 08:33:00,50,936,251,8,33,7.211,5163.3,0.00143425
2024-05-03 08:34:00,53,536,766,8,34,19.686000000000003,8905.800000000001,0.0024738333333333335
2024-05-03 08:35:00,28,1199,988,8,35,25.899000000000004,10769.7,0.0029915833333333335
2024-05-03 08:36:00,43,617,257,8,36,7.042000000000001,5112.6,0.0014201666666666668
2024-05-03 08:37:00,38,1253,908,8,37,23.953000000000003,10185.900000000001,0.002829416666666667
2024-05-03 08:38:00,23,1716,788,8,38,21.416000000000004,9424.800000000001,0.002618
2024-05-03 08:39:00,22,1166,286,8,39,8.316,5494.8,0.0015263333333333333
2024-05-03 08:40:00,14,459,347,8,40,9.134,5740.200000000001,0.0015945000000000002
2024-05-03 08:41:00,13,483,979,8,41,24.958000000000002,10487.400000000001,0.002913166666666667
2024-05-03 08:42:00,29,1005,587,8,42,15.680000000000001,7704.000000000001,0.0021400000000000004
2024-05-03 08:43:00,46,1272,382,8,43,10.822000000000001,6246.6,0.0017351666666666668
2024-05-03 08:44:00,31,437,964,8,44,24.537000000000003,10361.1,0.0028780833333333336
2024-05-03 08:45:00,52,1235,394,8,45,11.085,6325.5,0.0017570833333333334
2024-05-03 08:46:00,28,1050,452,8,46,12.350000000000001,6705.000000000001,0.0018625000000000002
2024-05-03 08:47:00,34,845,635,8,47,16.72,8016.0,0.0022266666666666667
2024-05-03 08:48:00,10,971,712,8,48,18.771,8631.3,0.002397583333333333
2024-05-03 08:49:00,47,1526,691,8,49,18.801000000000002,8640.3,0.002400083333333333
2024-05-03 08:50:00,58,1844,821,8,50,22.369000000000003,9710.7,0.002697416666666667
2024-05-03 08:51:00,44,1131,931,8,51,24.406000000000002,10321.8,0.0028671666666666663
2024-05-03 08:52:00,19,774,473,8,52,12.599,6779.699999999999,0.0018832499999999997
2024-05-03 08:53:00,53,945,278,8,53,7.8950000000000005,5368.5,0.00149125
2024-05-03 08:54:00,37,608,322,8,54,8.658000000000001,5597.400000000001,0.0015548333333333334
2024-05-03 08:55:00,53,803,511,8,55,13.578000000000001,7073.4,0.001964833333333333
2024-05-03 08:56:00,8,1311,616,8,56,16.711,8013.299999999999,0.0022259166666666664
2024-05-03 08:57:00,13,683,569,8,57,14.908000000000001,7472.4,0.0020756666666666666
2024-05-03 08:58:00,8,1551,368,8,58,10.751000000000001,6225.3,0.00172925
2024-05-03 08:59:00,55,1262,754,8,59,20.112000000000002,9033.6,0.0025093333333333335
2024-05-03 09:00:00,52,3257,1849,9,0,49.482,17844.600000000002,0.004956833333333334
2024-05-03 09:01:00,103,3647,1387,9,1,38.322,14496.6,0.004026833333333334
2024-05-03 09:02:00,43,3293,1636,9,2,44.193000000000005,16257.900000000001,0.004516083333333334
2024-05-03 09:03:00,34,2288,736,9,3,20.688000000000002,9206.400000000001,0.0025573333333333338
2024-05-03 09:04:00,115,2225,1609,9,4,42.45,15735.000000000002,0.004370833333333334
2024-05-03 09:05:00,88,1256,601,9,5,16.281,7884.299999999999,0.002190083333333333
2024-05-03 09:06:00,109,1937,655,9,6,18.312,8493.6,0.0023593333333333335
2024-05-03 09:07:00,40,1172,1381,9,7,35.696999999999996,13709.099999999999,0.003808083333333333
2024-05-03 09:08:00,85,2219,1201,9,8,32.244,12673.199999999999,0.003520333333333333
2024-05-03 09:09:00,67,3704,1018,9,9,29.154000000000003,11746.2,0.0032628333333333337
2024-05-03 09:10:00,43,1766,1762,9,10,45.816,16744.8,0.004651333333333333
2024-05-03 09:11:00,22,3662,1549,9,11,42.387,15716.1,0.004365583333333333
2024-05-03 09:12:00,22,3374,1177,9,12,32.799,12839.699999999999,0.003566583333333333
2024-05-03 09:13:00,85,3482,1363,9,13,37.557,14267.1,0.003963083333333333
2024-05-03 09:14:00,118,1907,1834,9,14,47.757000000000005,17327.100000000002,0.004813083333333334
2024-05-03 09:15:00,88,3707,1918,9,15,51.657000000000004,18497.100000000002,0.005138083333333334
2024-05-03 09:16:00,22,2018,850,9,16,23.268,9980.4,0.0027723333333333332
2024-05-03 09:17:00,82,3449,736,9,17,21.849000000000004,9554.7,0.0026540833333333334
2024-05-03 09:18:00,109,1733,577,9,18,16.158,7847.4,0.002179833333333333
2024-05-03 09:19:00,52,2291,796,9,19,22.191000000000003,9657.300000000001,0.0026825833333333337
2024-05-03 09:20:00,19,2240,799,9,20,22.215000000000003,9664.5,0.0026845833333333335
2024-05-03 09:21:00,43,3113,1732,9,21,46.413000000000004,16923.9,0.004701083333333334
2024-05-03 09:22:00,115,1835,1015,9,22,27.21,11163.0,0.0031008333333333335
2024-05-03 09:23:00,97,3560,1438,9,23,39.510000000000005,14853.000000000002,0.004125833333333334
2024-05-03 09:24:00,55,2087,667,9,24,18.762,8628.6,0.0023968333333333333
2024-05-03 09:25:00,67,1472,1993,9,25,51.297000000000004,18389.100000000002,0.005108083333333334
2024-05-03 09:26:00,94,1367,1660,9,26,42.867,15860.099999999999,0.0044055833333333325
2024-05-03 09:27:00,91,3449,1093,9,27,30.774000000000004,12232.2,0.0033978333333333334
2024-05-03 09:28:00,97,3707,1735,9,28,47.082,17124.600000000002,0.004756833333333334
2024-05-03 09:29:00,52,1676,1615,9,29,42.051,15615.300000000001,0.004337583333333334
2024-05-03 09:30:00,103,881,823,9,30,21.456000000000003,9436.800000000001,0.0026213333333333336
2024-05-03 09:31:00,94,3305,1123,9,31,31.380000000000003,12414.0,0.003448333333333333
2024-05-03 09:32:00,40,2024,2059,9,32,53.499,19049.7,0.005291583333333334
2024-05-03 09:33:00,25,1454,847,9,33,22.629,9788.7,0.0027190833333333333
2024-05-03 09:34:00,106,1919,1216,9,34,32.319,12695.7,0.0035265833333333334
2024-05-03 09:35:00,76,1907,1624,9,35,42.507000000000005,15752.100000000002,0.004375583333333334
2024-05-03 09:36:00,106,3425,1147,9,36,32.1,12630.0,0.0035083333333333334
2024-05-03 09:37:00,43,3224,1618,9,37,43.67400000000001,16102.2,0.004472833333333334
2024-05-03 09:38:00,73,2885,1237,9,38,33.81,13143.0,0.003650833333333333
2024-05-03 09:39:00,46,1997,604,9,39,17.097,8129.1,0.0022580833333333333
2024-05-03 09:40:00,88,3392,1306,9,40,36.042,13812.6,0.0038368333333333336
2024-05-03 09:41:00,37,2174,784,9,41,21.774,9532.2,0.0026478333333333336
2024-05-03 09:42:00,103,3524,1447,9,42,39.699000000000005,14909.7,0.004141583333333334
2024-05-03 09:43:00,49,1343,1612,9,43,41.643,15492.900000000001,0.004303583333333334
2024-05-03 09:44:00,64,2168,763,9,44,21.243,9372.9,0.002603583333333333
2024-05-03 09:45:00,52,1208,1567,9,45,40.383,15114.900000000001,0.004198583333333334
2024-05-03 09:46:00,43,2003,1459,9,46,38.478,14543.400000000001,0.004039833333333334
2024-05-03 09:47:00,40,2480,1663,9,47,44.055,16216.5,0.0045045833333333335
2024-05-03 09:48:00,55,3881,2026,9,48,54.531000000000006,19359.300000000003,0.005377583333333334
2024-05-03 09:49:00,82,2744,2062,9,49,54.294000000000004,19288.2,0.005357833333333333
2024-05-03 09:50:00,55,842,580,9,50,15.342,7602.6,0.0021118333333333336
2024-05-03 09:51:00,16,1703,1879,9,51,48.678000000000004,17603.4,0.004889833333333334
2024-05-03 09:52:00,16,1940,862,9,52,23.490000000000002,10047.0,0.0027908333333333335
2024-05-03 09:53:00,19,1433,2065,9,53,53.058,18917.399999999998,0.005254833333333333
2024-05-03 09:54:00,82,3125,907,9,54,25.8,10740.0,0.0029833333333333335
2024-05-03 09:55:00,31,1856,1759,9,55,45.831,16749.3,0.004652583333333333
2024-05-03 09:56:00,40,869,445,9,56,11.994,6598.2,0.0018328333333333332
2024-05-03 09:57:00,40,2624,2035,9,57,53.499,19049.7,0.005291583333333334
2024-05-03 09:58:00,91,3623,1081,9,58,30.648000000000003,12194.400000000001,0.0033873333333333338
2024-05-03 09:59:00,22,1508,1141,9,59,30.033,12009.900000000001,0.0033360833333333337
2024-05-03 10:00:00,34,1940,538,10,0,15.39,7617.0,0.0021158333333333333
2024-05-03 10:01:00,70,2294,1636,10,1,43.194,15958.2,0.004432833333333334
2024-05-03 10:02:00,52,1925,1318,10,2,34.875,13462.5,0.0037395833333333335
2024-05-03 10:03:00,55,1349,2020,10,3,51.849,18554.699999999997,0.0051540833333333326
2024-05-03 10:04:00,67,2585,1291,10,4,34.86,13458.0,0.0037383333333333335
2024-05-03 10:05:00,28,1577,424,10,5,12.177000000000001,6653.1,0.0018480833333333335
2024-05-03 10:06:00,37,3896,1039,10,6,29.871000000000002,11961.3,0.003322583333333333
2024-05-03 10:07:00,85,845,1582,10,7,40.395,15118.500000000002,0.004199583333333334
2024-05-03 10:08:00,100,3272,1660,10,8,44.772,16431.6,0.004564333333333333
2024-05-03 10:09:00,70,3587,1048,10,9,29.787000000000003,11936.1,0.0033155833333333336
2024-05-03 10:10:00,46,2120,1921,10,10,50.145,18043.5,0.005012083333333334
2024-05-03 10:11:00,46,2054,2107,10,11,54.729000000000006,19418.7,0.005394083333333333
2024-05-03 10:12:00,73,3947,787,10,12,23.622,10086.6,0.0028018333333333333
2024-05-03 10:13:00,67,2372,1624,10,13,42.972,15891.6,0.0044143333333333335
2024-05-03 10:14:00,70,3770,1108,10,14,31.470000000000002,12441.0,0.0034558333333333333
2024-05-03 10:15:00,91,1661,565,10,15,15.786,7735.799999999999,0.0021488333333333333
2024-05-03 10:16:00,76,1667,1522,10,16,39.717000000000006,14915.100000000002,0.004143083333333334
2024-05-03 10:17:00,79,965,700,10,17,18.465,8539.5,0.0023720833333333332
2024-05-03 10:18:00,124,2984,1831,10,18,48.75900000000001,17627.7,0.0048965833333333335
2024-05-03 10:19:00,43,1517,1633,10,19,42.342000000000006,15702.600000000002,0.004361833333333334
2024-05-03 10:20:00,61,2285,1432,10,20,38.08500000000001,14425.500000000004,0.004007083333333335
2024-05-03 10:21:00,61,4019,1333,10,21,37.344,14203.199999999999,0.003945333333333333
2024-05-03 10:22:00,97,2237,568,10,22,16.437,7931.1,0.0022030833333333334
2024-05-03 10:23:00,91,2579,1240,10,23,33.579,13073.699999999999,0.003631583333333333
2024-05-03 10:24:00,85,3623,1591,10,24,43.398,16019.400000000001,0.004449833333333333
2024-05-03 10:25:00,64,1958,1837,10,25,47.883,17364.899999999998,0.0048235833333333325
2024-05-03 10:26:00,100,3386,577,10,26,17.811,8343.3,0.002317583333333333
2024-05-03 10:27:00,118,3755,880,10,27,25.755,10726.5,0.002979583333333333
2024-05-03 10:28:00,25,1739,1201,10,28,31.764000000000003,12529.2,0.0034803333333333335
2024-05-03 10:29:00,43,1535,1771,10,29,45.81,16743.0,0.004650833333333333
2024-05-03 10:30:00,31,3464,865,10,30,25.089,10526.7,0.0029240833333333337
2024-05-03 10:31:00,115,1628,1864,10,31,48.228,17468.399999999998,0.004852333333333333
2024-05-03 10:32:00,19,3035,1501,10,32,40.56,15168.0,0.004213333333333334
2024-05-03 10:33:00,76,3077,607,10,33,18.252000000000002,8475.6,0.0023543333333333333
2024-05-03 10:34:00,37,1238,844,10,34,22.338,9701.4,0.0026948333333333334
2024-05-03 10:35:00,109,4085,991,10,35,28.860000000000003,11658.000000000002,0.003238333333333334
2024-05-03 10:36:00,124,2414,1879,10,36,49.389,17816.7,0.004949083333333333
2024-05-03 10:37:00,28,3080,1888,10,37,50.28,18084.0,0.005023333333333334
2024-05-03 10:38:00,82,2864,445,10,38,13.989,7196.700000000001,0.0019990833333333336
2024-05-03 10:39:00,100,1166,1021,10,39,26.691000000000003,11007.3,0.003057583333333333
2024-05-03 10:40:00,37,4133,2158,10,40,58.083000000000006,20424.9,0.005673583333333333
2024-05-03 10:41:00,34,2420,496,10,41,14.82,7446.0,0.0020683333333333335
2024-05-03 10:42:00,64,1475,2062,10,42,53.025000000000006,18907.500000000004,0.005252083333333334
2024-05-03 10:43:00,106,3005,493,10,43,15.330000000000002,7599.000000000001,0.0021108333333333335
2024-05-03 10:44:00,103,1997,1822,10,44,47.547000000000004,17264.100000000002,0.004795583333333334
2024-05-03 10:45:00,106,3218,922,10,45,26.268,10880.400000000001,0.003022333333333334
2024-05-03 10:46:00,115,4088,940,10,46,27.588,11276.400000000001,0.0031323333333333338
2024-05-03 10:47:00,34,2177,643,10,47,18.252,8475.6,0.0023543333333333333
2024-05-03 10:48:00,91,3824,502,10,48,16.374000000000002,7912.200000000001,0.0021978333333333333
2024-05-03 10:49:00,121,1778,1615,10,49,42.153,15645.9,0.004346083333333333
2024-05-03 10:50:00,55,878,679,10,50,17.853,8355.9,0.0023210833333333334
2024-05-03 10:51:00,85,2078,913,10,51,24.903000000000002,10470.900000000001,0.0029085833333333338
2024-05-03 10:52:00,28,2123,457,10,52,13.548000000000002,7064.4000000000015,0.0019623333333333337
2024-05-03 10:53:00,94,2987,1969,10,53,52.212,18663.600000000002,0.005184333333333334
2024-05-03 10:54:00,85,3578,505,10,54,16.203,7860.9,0.0021835833333333334
2024-05-03 10:55:00,40,2378,526,10,55,15.528,7658.4,0.002127333333333333
2024-05-03 10:56:00,121,1337,1894,10,56,48.687000000000005,17606.100000000002,0.004890583333333334
2024-05-03 10:57:00,73,2795,1183,10,57,32.370000000000005,12711.000000000002,0.0035308333333333337
2024-05-03 10:58:00,91,1100,1351,10,58,34.875,13462.5,0.0037395833333333335
2024-05-03 10:59:00,37,1082,2113,10,59,53.907000000000004,19172.100000000002,0.005325583333333334
2024-05-03 11:00:00,85,3608,892,11,0,25.908,10772.400000000001,0.002992333333333334
2024-05-03 11:01:00,76,1214,718,11,1,19.163999999999998,8749.199999999999,0.002430333333333333
2024-05-03 11:02:00,85,1946,1573,11,2,41.271,15381.300000000001,0.004272583333333334
2024-05-03 11:03:00,76,1052,484,11,3,13.152000000000001,6945.6,0.0019293333333333335
2024-05-03 11:04:00,52,3908,802,11,4,23.958000000000002,10187.400000000001,0.002829833333333334
2024-05-03 11:05:00,115,4166,1717,11,5,47.09100000000001,17127.300000000003,0.004757583333333334
2024-05-03 11:06:00,97,1304,808,11,6,21.504,9451.2,0.0026253333333333337
2024-05-03 11:07:00,100,1304,1570,11,7,40.554,15166.2,0.004212833333333333
2024-05-03 11:08:00,70,3122,1519,11,8,41.097,15329.1,0.004258083333333333
2024-05-03 11:09:00,88,1700,1249,11,9,32.925000000000004,12877.500000000002,0.003577083333333334
2024-05-03 11:10:00,100,2048,862,11,10,23.598,10079.4,0.0027998333333333334
2024-05-03 11:11:00,121,3314,2122,11,11,56.364000000000004,19909.2,0.005530333333333333
2024-05-03 11:12:00,40,2918,958,11,12,26.868000000000002,11060.400000000001,0.0030723333333333336
2024-05-03 11:13:00,130,2459,1720,11,13,45.459,16637.7,0.0046215833333333334
2024-05-03 11:14:00,91,3935,2056,11,14,55.33500000000001,19600.500000000004,0.005444583333333334
2024-05-03 11:15:00,43,3182,1651,11,15,44.45700000000001,16337.100000000002,0.004538083333333334
2024-05-03 11:16:00,103,1775,1435,11,16,37.65,14295.0,0.003970833333333333
2024-05-03 11:17:00,67,3989,1249,11,17,35.214,13564.2,0.0037678333333333335
2024-05-03 11:18:00,46,893,1096,11,18,28.293000000000003,11487.900000000001,0.0031910833333333335
2024-05-03 11:19:00,79,2801,493,11,19,15.126000000000001,7537.8,0.0020938333333333334
2024-05-03 11:20:00,67,4238,1318,11,20,37.188,14156.400000000001,0.003932333333333334
2024-05-03 11:21:00,16,4193,1723,11,21,47.268,17180.399999999998,0.004772333333333332
2024-05-03 11:22:00,25,2615,1771,11,22,46.89000000000001,17067.000000000004,0.004740833333333335
2024-05-03 11:23:00,70,2300,1393,11,23,37.125,14137.5,0.003927083333333334
2024-05-03 11:24:00,31,1208,1408,11,24,36.408,13922.400000000001,0.0038673333333333337
2024-05-03 11:25:00,46,2447,2005,11,25,52.572,18771.600000000002,0.005214333333333334
2024-05-03 11:26:00,130,2459,1009,11,26,27.684,11305.2,0.0031403333333333335
2024-05-03 11:27:00,73,1730,1681,11,27,43.755,16126.5,0.004479583333333334
2024-05-03 11:28:00,67,3449,1546,11,28,42.099000000000004,15629.7,0.004341583333333334
2024-05-03 11:29:00,28,1934,1372,11,29,36.234,13870.2,0.0038528333333333335
2024-05-03 11:30:00,67,2528,1645,11,30,43.653,16095.9,0.004471083333333333
2024-05-03 11:31:00,46,2765,1759,11,31,46.74,17022.0,0.0047283333333333335
2024-05-03 11:32:00,118,3620,505,11,32,16.245,7873.5,0.0021870833333333334
2024-05-03 11:33:00,37,1598,1024,11,33,27.198,11159.4,0.0030998333333333333
2024-05-03 11:34:00,88,2684,2257,11,34,59.109,20732.7,0.005759083333333334
2024-05-03 11:35:00,43,1181,826,11,35,21.831000000000003,9549.300000000001,0.0026525833333333336
2024-05-03 11:36:00,97,3152,1558,11,36,42.102000000000004,15630.6,0.004341833333333334
2024-05-03 11:37:00,43,2711,1366,11,37,36.861,14058.3,0.0039050833333333333
2024-05-03 11:38:00,76,3830,928,11,38,27.03,11109.0,0.0030858333333333332
2024-05-03 11:39:00,52,3809,1537,11,39,42.234,15670.2,0.0043528333333333336
2024-05-03 11:40:00,121,1736,1573,11,40,41.061,15318.300000000001,0.004255083333333334
2024-05-03 11:41:00,106,3428,544,11,41,17.028000000000002,8108.4000000000015,0.0022523333333333336
2024-05-03 11:42:00,58,1181,1480,11,42,38.181,14454.3,0.004015083333333333
2024-05-03 11:43:00,79,3755,646,11,43,19.905,8971.5,0.002492083333333333
2024-05-03 11:44:00,106,1289,1885,11,44,48.414,17524.2,0.004867833333333333
2024-05-03 11:45:00,64,4313,1636,11,45,45.21300000000001,16563.9,0.004601083333333334
2024-05-03 11:46:00,121,1718,1699,11,46,44.193,16257.9,0.004516083333333333
2024-05-03 11:47:00,97,3719,817,11,47,24.144000000000002,10243.2,0.0028453333333333334
2024-05-03 11:48:00,58,1160,1108,11,48,28.860000000000003,11658.000000000002,0.003238333333333334
2024-05-03 11:49:00,76,4130,1222,11,49,34.68,13404.0,0.0037233333333333333
2024-05-03 11:50:00,16,1826,2068,11,50,53.526,19057.800000000003,0.005293833333333334
2024-05-03 11:51:00,40,3596,802,11,51,23.646,10093.800000000001,0.0028038333333333335
2024-05-03 11:52:00,34,2843,1732,11,52,46.143,16842.9,0.004678583333333334
2024-05-03 11:53:00,127,2780,1273,11,53,34.605000000000004,13381.500000000002,0.003717083333333334
2024-05-03 11:54:00,82,4310,1927,11,54,52.48500000000001,18745.500000000004,0.005207083333333334
2024-05-03 11:55:00,103,2627,2134,11,55,55.977000000000004,19793.100000000002,0.005498083333333334
2024-05-03 11:56:00,64,3092,562,11,56,17.142,8142.6,0.0022618333333333336
2024-05-03 11:57:00,52,3425,1072,11,57,30.225,12067.5,0.0033520833333333332
2024-05-03 11:58:00,34,2660,568,11,58,16.86,8058.0,0.0022383333333333335
2024-05-03 11:59:00,16,1151,973,11,59,25.476000000000003,10642.800000000001,0.002956333333333334
2024-05-03 12:00:00,82,2465,667,12,0,19.14,8742.0,0.002428333333333333
2024-05-03 12:01:00,79,1643,1903,12,1,49.218,17765.4,0.004934833333333334
2024-05-03 12:02:00,67,1970,874,12,2,23.82,10146.0,0.0028183333333333333
2024-05-03 12:03:00,94,3941,1594,12,3,43.791000000000004,16137.300000000003,0.004482583333333334
2024-05-03 12:04:00,28,2774,631,12,4,18.549,8564.7,0.0023790833333333337
2024-05-03 12:05:00,22,1424,1846,12,5,47.574000000000005,17272.2,0.004797833333333334
2024-05-03 12:06:00,100,1769,580,12,6,16.269,7880.7,0.0021890833333333332
2024-05-03 12:07:00,58,1304,562,12,7,15.354000000000001,7606.200000000001,0.0021128333333333338
2024-05-03 12:08:00,127,2381,1234,12,8,33.231,12969.3,0.003602583333333333
2024-05-03 12:09:00,28,1982,1699,12,9,44.457,16337.1,0.004538083333333333
2024-05-03 12:10:00,43,2138,1930,12,10,50.388,18116.399999999998,0.005032333333333333
2024-05-03 12:11:00,115,1247,1471,12,11,38.022,14406.599999999999,0.004001833333333333
2024-05-03 12:12:00,25,3032,1738,12,12,46.482,16944.6,0.004706833333333333
2024-05-03 12:13:00,118,3260,1153,12,13,32.085,12625.5,0.0035070833333333334
2024-05-03 12:14:00,64,1118,2017,12,14,51.543000000000006,18462.9,0.005128583333333334
2024-05-03 12:15:00,118,2939,928,12,15,26.139000000000003,10841.7,0.0030115833333333336
2024-05-03 12:16:00,76,2597,1414,12,16,37.947,14384.1,0.003995583333333334
2024-05-03 12:17:00,61,3974,1582,12,17,43.524,16057.199999999999,0.004460333333333333
2024-05-03 12:18:00,49,1493,2344,12,18,60.0,21000.0,0.005833333333333334
2024-05-03 12:19:00,88,2396,991,12,19,27.171000000000003,11151.3,0.0030975833333333333
2024-05-03 12:20:00,16,4082,478,12,20,16.032,7809.6,0.0021693333333333334
2024-05-03 12:21:00,19,1196,1651,12,21,42.471000000000004,15741.300000000003,0.004372583333333334
2024-05-03 12:22:00,64,2570,1225,12,22,33.195,12958.5,0.0035995833333333335
2024-05-03 12:23:00,112,3416,1150,12,23,32.166,12649.8,0.0035138333333333332
2024-05-03 12:24:00,136,2189,2002,12,24,52.239000000000004,18671.7,0.005186583333333334
2024-05-03 12:25:00,103,3179,1942,12,25,51.729000000000006,18518.7,0.005144083333333334
2024-05-03 12:26:00,112,1634,1786,12,26,46.284000000000006,16885.2,0.004690333333333334
2024-05-03 12:27:00,19,2045,1807,12,27,47.220000000000006,17166.000000000004,0.0047683333333333345
2024-05-03 12:28:00,25,2831,1357,12,28,36.75600000000001,14026.800000000001,0.0038963333333333337
2024-05-03 12:29:00,58,1004,1987,12,29,50.679,18203.7,0.005056583333333334
2024-05-03 12:30:00,25,1412,532,12,30,14.712,7413.599999999999,0.002059333333333333
2024-05-03 12:31:00,37,4154,2119,12,31,57.129000000000005,20138.7,0.005594083333333334
2024-05-03 12:32:00,70,3626,562,12,32,17.676000000000002,8302.8,0.002306333333333333
2024-05-03 12:33:00,76,2369,1411,12,33,37.644,14293.2,0.0039703333333333335
2024-05-03 12:34:00,19,3722,1363,12,34,37.797000000000004,14339.1,0.003983083333333333
2024-05-03 12:35:00,22,1694,1984,12,35,51.294000000000004,18388.2,0.005107833333333333
2024-05-03 12:36:00,76,2087,1189,12,36,31.812,12543.6,0.0034843333333333336
2024-05-03 12:37:00,85,2195,1585,12,37,41.82,15546.0,0.004318333333333334
2024-05-03 12:38:00,34,4217,2032,12,38,55.017,19505.100000000002,0.005418083333333334
2024-05-03 12:39:00,112,4406,499,12,39,16.881,8064.3,0.0022400833333333335
2024-05-03 12:40:00,136,2630,1405,12,40,37.755,14326.5,0.003979583333333333
2024-05-03 12:41:00,106,1667,2140,12,41,55.167,19550.100000000002,0.005430583333333334
2024-05-03 12:42:00,112,3320,550,12,42,17.07,8121.0,0.002255833333333333
2024-05-03 12:43:00,25,2504,2158,12,43,56.454,19936.2,0.005537833333333334
2024-05-03 12:44:00,76,3287,703,12,44,20.862,9258.6,0.0025718333333333335
2024-05-03 12:45:00,82,1601,961,12,45,25.626,10687.8,0.0029688333333333333
2024-05-03 12:46:00,127,1400,526,12,46,14.55,7365.0,0.0020458333333333335
2024-05-03 12:47:00,85,2786,1966,12,47,51.93600000000001,18580.800000000003,0.005161333333333334
2024-05-03 12:48:00,91,3188,1480,12,48,40.188,15056.400000000001,0.004182333333333334
2024-05-03 12:49:00,91,2843,1918,12,49,50.793000000000006,18237.9,0.005066083333333334
2024-05-03 12:50:00,73,2471,1405,12,50,37.596000000000004,14278.800000000003,0.003966333333333334
2024-05-03 12:51:00,40,2789,1612,12,51,43.089000000000006,15926.7,0.004424083333333334
2024-05-03 12:52:00,88,1988,994,12,52,26.838,11051.400000000001,0.0030698333333333337
2024-05-03 12:53:00,55,3986,667,12,53,20.661,9198.3,0.0025550833333333333
2024-05-03 12:54:00,61,1493,913,12,54,24.318,10295.400000000001,0.0028598333333333336
2024-05-03 12:55:00,121,1970,700,12,55,19.47,8841.0,0.0024558333333333333
2024-05-03 12:56:00,112,1856,1183,12,56,31.431000000000004,12429.300000000003,0.003452583333333334
2024-05-03 12:57:00,28,3254,1765,12,57,47.379,17213.699999999997,0.004781583333333332
2024-05-03 12:58:00,58,3863,1030,12,58,29.613,11883.9,0.0033010833333333334
2024-05-03 12:59:00,79,2075,1207,12,59,32.25,12675.0,0.0035208333333333333
2024-05-03 13:00:00,124,2999,1183,13,0,32.574000000000005,12772.2,0.0035478333333333334
2024-05-03 13:01:00,40,4235,1864,13,1,50.835,18250.5,0.005069583333333333
2024-05-03 13:02:00,106,1760,1882,13,2,48.81,17643.0,0.004900833333333333
2024-05-03 13:03:00,112,2867,2062,13,3,54.417,19325.100000000002,0.005368083333333334
2024-05-03 13:04:00,127,3335,1915,13,4,51.21,18363.0,0.005100833333333333
2024-05-03 13:05:00,82,2408,1324,13,5,35.508,13652.400000000001,0.0037923333333333338
2024-05-03 13:06:00,82,4088,937,13,6,27.513,11253.900000000001,0.0031260833333333336
2024-05-03 13:07:00,82,1484,1657,13,7,42.909000000000006,15872.7,0.004409083333333333
2024-05-03 13:08:00,67,4295,1750,13,8,48.045,17413.5,0.004837083333333333
2024-05-03 13:09:00,124,2297,733,13,9,20.622,9186.6,0.0025518333333333335
2024-05-03 13:10:00,85,3911,496,13,10,16.311,7893.3,0.0021925833333333333
2024-05-03 13:11:00,100,2321,1177,13,11,31.746000000000002,12523.8,0.0034788333333333333
2024-05-03 13:12:00,121,3845,1138,13,12,32.295,12688.5,0.003524583333333333
2024-05-03 13:13:00,85,1505,1429,13,13,37.230000000000004,14169.000000000002,0.003935833333333334
2024-05-03 13:14:00,91,1781,1153,13,14,30.606,12181.8,0.0033838333333333333
2024-05-03 13:15:00,103,2768,748,13,15,21.468,9440.4,0.0026223333333333333
2024-05-03 13:16:00,46,3029,2407,13,16,60.0,21000.0,0.005833333333333334
2024-05-03 13:17:00,28,1676,2332,13,17,59.976000000000006,20992.800000000003,0.005831333333333334
2024-05-03 13:18:00,139,3551,1261,13,18,35.076,13522.800000000001,0.0037563333333333337
2024-05-03 13:19:00,106,4367,928,13,19,27.567000000000004,11270.1,0.0031305833333333333
2024-05-03 13:20:00,67,1001,1636,13,20,41.901,15570.3,0.0043250833333333336
2024-05-03 13:21:00,136,2159,586,13,21,16.809,8042.700000000001,0.0022340833333333336
2024-05-03 13:22:00,58,1367,574,13,22,15.717000000000002,7715.1,0.0021430833333333336
2024-05-03 13:23:00,112,3077,1360,13,23,37.077,14123.099999999999,0.003923083333333333
2024-05-03 13:24:00,46,1628,1078,13,24,28.578000000000003,11573.400000000001,0.003214833333333334
2024-05-03 13:25:00,46,2384,1903,13,25,49.959,17987.7,0.004996583333333334
2024-05-03 13:26:00,43,3677,1702,13,26,46.227000000000004,16868.100000000002,0.004685583333333334
2024-05-03 13:27:00,109,941,862,13,27,22.491,9747.3,0.002707583333333333
2024-05-03 13:28:00,28,2969,532,13,28,16.269000000000002,7880.700000000001,0.0021890833333333337
2024-05-03 13:29:00,79,2342,2020,13,29,52.842,18852.600000000002,0.005236833333333334
2024-05-03 13:30:00,85,3137,2323,13,30,60.0,21000.0,0.005833333333333334
2024-05-03 13:31:00,97,2150,2410,13,31,60.0,21000.0,0.005833333333333334
2024-05-03 13:32:00,127,4133,928,13,32,27.333000000000002,11199.900000000001,0.0031110833333333338
2024-05-03 13:33:00,52,1349,2257,13,33,57.774,20332.2,0.005647833333333334
2024-05-03 13:34:00,106,3518,2119,13,34,56.493,19947.899999999998,0.005541083333333333
2024-05-03 13:35:00,109,3383,1162,13,35,32.433,12729.9,0.0035360833333333334
2024-05-03 13:36:00,49,4115,1471,13,36,40.89,15267.0,0.0042408333333333334
2024-05-03 13:37:00,82,3056,772,13,37,22.356,9706.8,0.002696333333333333
2024-05-03 13:38:00,127,4373,2425,13,38,60.0,21000.0,0.005833333333333334
2024-05-03 13:39:00,73,2519,2449,13,39,60.0,21000.0,0.005833333333333334
2024-05-03 13:40:00,97,4061,1123,13,40,32.136,12640.8,0.0035113333333333333
2024-05-03 13:41:00,79,2309,523,13,41,15.384,7615.200000000001,0.0021153333333333336
2024-05-03 13:42:00,109,3467,529,13,42,16.692,8007.6,0.0022243333333333334
2024-05-03 13:43:00,37,4088,1543,13,43,42.663000000000004,15798.900000000001,0.004388583333333334
2024-05-03 13:44:00,133,4391,1444,13,44,40.491,15147.300000000001,0.004207583333333334
2024-05-03 13:45:00,52,1214,1534,13,45,39.564,14869.199999999999,0.004130333333333333
2024-05-03 13:46:00,28,4115,1948,13,46,52.815000000000005,18844.5,0.005234583333333333
2024-05-03 13:47:00,130,4409,505,13,47,17.034,8110.2,0.0022528333333333333
2024-05-03 13:48:00,43,3848,1156,13,48,32.748000000000005,12824.400000000001,0.0035623333333333336
2024-05-03 13:49:00,55,3797,2242,13,49,59.847,20954.100000000002,0.005820583333333334
2024-05-03 13:50:00,82,2081,1999,13,50,52.056000000000004,18616.800000000003,0.005171333333333334
2024-05-03 13:51:00,46,1397,2125,13,51,54.522,19356.600000000002,0.005376833333333334
2024-05-03 13:52:00,22,2375,2428,13,52,60.0,21000.0,0.005833333333333334
2024-05-03 13:53:00,97,1814,1036,13,53,27.714000000000002,11314.2,0.0031428333333333334
2024-05-03 13:54:00,100,3107,1168,13,54,32.307,12692.1,0.0035255833333333333
2024-05-03 13:55:00,121,2873,796,13,55,22.773000000000003,9831.900000000001,0.0027310833333333336
2024-05-03 13:56:00,34,2288,484,13,56,14.388000000000002,7316.4,0.002032333333333333
2024-05-03 13:57:00,64,1130,2173,13,57,55.455000000000005,19636.500000000004,0.005454583333333335
2024-05-03 13:58:00,70,4265,523,13,58,17.34,8202.0,0.002278333333333333
2024-05-03 13:59:00,46,2591,1147,13,59,31.266000000000002,12379.8,0.0034388333333333332
2024-05-03 14:00:00,139,1673,2140,14,0,55.173,19551.899999999998,0.005431083333333333
2024-05-03 14:01:00,85,1625,535,14,1,15.0,7500.0,0.0020833333333333333
2024-05-03 14:02:00,82,2534,691,14,2,19.809,8942.7,0.0024840833333333334
2024-05-03 14:03:00,19,4085,2173,14,3,58.410000000000004,20523.0,0.005700833333333333
2024-05-03 14:04:00,91,1424,1030,14,4,27.174,11152.199999999999,0.003097833333333333
2024-05-03 14:05:00,70,1235,2056,14,5,52.635000000000005,18790.5,0.005219583333333333
2024-05-03 14:06:00,97,1448,724,14,6,19.548000000000002,8864.400000000001,0.0024623333333333337
2024-05-03 14:07:00,121,1475,700,14,7,18.975,8692.5,0.0024145833333333333
2024-05-03 14:08:00,46,1109,1324,14,8,34.209,13262.7,0.0036840833333333335
2024-05-03 14:09:00,70,3701,1312,14,9,36.501000000000005,13950.300000000003,0.003875083333333334
2024-05-03 14:10:00,94,4166,2326,14,10,60.0,21000.0,0.005833333333333334
2024-05-03 14:11:00,127,3416,1771,14,11,47.691,17307.300000000003,0.004807583333333334
2024-05-03 14:12:00,76,4250,1270,14,12,36.0,13800.0,0.003833333333333333
2024-05-03 14:13:00,88,1988,631,14,13,17.763,8328.9,0.0023135833333333333
2024-05-03 14:14:00,79,3383,1447,14,14,39.55800000000001,14867.400000000003,0.004129833333333334
2024-05-03 14:15:00,31,1049,1804,14,15,46.149,16844.7,0.004679083333333334
2024-05-03 14:16:00,46,2336,1450,14,16,38.586,14575.800000000001,0.004048833333333334
2024-05-03 14:17:00,55,1151,2224,14,17,56.751000000000005,20025.300000000003,0.005562583333333334
2024-05-03 14:18:00,118,3314,640,14,18,19.314,8794.199999999999,0.002442833333333333
2024-05-03 14:19:00,130,4670,2269,14,19,60.0,21000.0,0.005833333333333334
2024-05-03 14:20:00,133,2876,1702,14,20,45.426,16627.8,0.004618833333333333
2024-05-03 14:21:00,19,2957,2368,14,21,60.0,21000.0,0.005833333333333334
2024-05-03 14:22:00,139,3125,1201,14,22,33.150000000000006,12945.000000000002,0.0035958333333333337
2024-05-03 14:23:00,73,3035,1468,14,23,39.735,14920.5,0.0041445833333333335
2024-05-03 14:24:00,79,3608,1987,14,24,53.283,18984.899999999998,0.005273583333333332
2024-05-03 14:25:00,127,3542,1342,14,25,37.092000000000006,14127.600000000002,0.003924333333333334
2024-05-03 14:26:00,25,3506,2245,14,26,59.631,20889.3,0.005802583333333333
2024-05-03 14:27:00,97,3809,1171,14,27,33.084,12925.2,0.0035903333333333334
2024-05-03 14:28:00,85,4388,1657,14,28,45.813,16743.9,0.0046510833333333335
2024-05-03 14:29:00,16,1913,1093,14,29,29.238000000000003,11771.400000000001,0.003269833333333334
2024-05-03 14:30:00,85,1487,1960,14,30,50.487,18146.100000000002,0.0050405833333333335
2024-05-03 14:31:00,100,1751,1840,14,31,47.751,17325.3,0.004812583333333333
2024-05-03 14:32:00,49,2063,565,14,32,16.188,7856.4,0.0021823333333333334
2024-05-03 14:33:00,70,3839,979,14,33,28.314,11494.199999999999,0.003192833333333333
2024-05-03 14:34:00,121,2456,1588,14,34,42.156000000000006,15646.800000000001,0.004346333333333334
2024-05-03 14:35:00,130,4610,511,14,35,17.385,8215.5,0.0022820833333333334
2024-05-03 14:36:00,139,2849,601,14,36,17.874000000000002,8362.2,0.0023228333333333334
2024-05-03 14:37:00,25,3014,643,14,37,19.089,8726.7,0.0024240833333333336
2024-05-03 14:38:00,58,3527,664,14,38,20.127000000000002,9038.1,0.0025105833333333334
2024-05-03 14:39:00,73,4175,2383,14,39,60.0,21000.0,0.005833333333333334
2024-05-03 14:40:00,142,4193,1531,14,40,42.467999999999996,15740.4,0.004372333333333333
2024-05-03 14:41:00,73,2249,934,14,41,25.599,10679.699999999999,0.0029665833333333332
2024-05-03 14:42:00,76,2180,1888,14,42,49.38,17814.0,0.004948333333333333
2024-05-03 14:43:00,43,4361,1720,14,43,47.361,17208.3,0.004780083333333333
2024-05-03 14:44:00,103,3986,1891,14,44,51.261,18378.300000000003,0.005105083333333334
2024-05-03 14:45:00,85,3509,1135,14,45,31.884,12565.199999999999,0.003490333333333333
2024-05-03 14:46:00,130,1844,1543,14,46,40.419000000000004,15125.7,0.004201583333333333
2024-05-03 14:47:00,130,3386,982,14,47,27.936,11380.800000000001,0.0031613333333333337
2024-05-03 14:48:00,124,2450,1663,14,48,44.025000000000006,16207.500000000002,0.004502083333333334
2024-05-03 14:49:00,22,4529,2125,14,49,57.653999999999996,20296.199999999997,0.005637833333333332
2024-05-03 14:50:00,100,2027,2191,14,50,56.80200000000001,20040.600000000002,0.005566833333333334
2024-05-03 14:51:00,37,2252,1255,14,51,33.627,13088.1,0.0036355833333333335
2024-05-03 14:52:00,100,3905,1066,14,52,30.555000000000003,12166.500000000002,0.003379583333333334
2024-05-03 14:53:00,43,2675,703,14,53,20.25,9075.0,0.0025208333333333333
2024-05-03 14:54:00,28,4457,1030,14,54,30.207,12062.1,0.0033505833333333335
2024-05-03 14:55:00,46,4550,2275,14,55,60.0,21000.0,0.005833333333333334
2024-05-03 14:56:00,25,2399,1018,14,56,27.849000000000004,11354.7,0.0031540833333333334
2024-05-03 14:57:00,118,2294,1273,14,57,34.119,13235.699999999999,0.003676583333333333
2024-05-03 14:58:00,133,4301,682,14,58,21.351,9405.3,0.002612583333333333
2024-05-03 14:59:00,49,1265,493,14,59,13.590000000000002,7077.000000000001,0.0019658333333333338
2024-05-03 15:00:00,76,3974,2329,15,0,60.0,21000.0,0.005833333333333334
2024-05-03 15:01:00,61,4310,1099,15,1,31.785000000000004,12535.500000000002,0.003482083333333334
2024-05-03 15:02:00,55,1904,1315,15,2,34.779,13433.7,0.0037315833333333337
2024-05-03 15:03:00,76,1346,1771,15,3,45.62100000000001,16686.300000000003,0.004635083333333334
2024-05-03 15:04:00,94,3584,2086,15,4,55.73400000000001,19720.2,0.005477833333333334
2024-05-03 15:05:00,121,4229,1033,15,5,30.054000000000002,12016.2,0.0033378333333333337
2024-05-03 15:06:00,16,2453,2344,15,6,60.0,21000.0,0.005833333333333334
2024-05-03 15:07:00,16,2609,1315,15,7,35.484,13645.2,0.0037903333333333335
2024-05-03 15:08:00,79,3422,2179,15,8,57.897,20369.100000000002,0.0056580833333333335
2024-05-03 15:09:00,58,4151,2374,15,9,60.0,21000.0,0.005833333333333334
2024-05-03 15:10:00,73,1283,889,15,10,23.508000000000003,10052.400000000001,0.0027923333333333337
2024-05-03 15:11:00,22,3551,1612,15,11,43.851000000000006,16155.300000000001,0.004487583333333334
2024-05-03 15:12:00,55,4124,1663,15,12,45.699000000000005,16709.7,0.0046415833333333335
2024-05-03 15:13:00,40,4049,1555,15,13,42.924,15877.199999999999,0.004410333333333333
2024-05-03 15:14:00,70,1082,1765,15,14,45.207,16562.100000000002,0.004600583333333334
2024-05-03 15:15:00,133,992,2386,15,15,60.0,21000.0,0.005833333333333334
2024-05-03 15:16:00,115,3077,2128,15,16,56.277,19883.100000000002,0.005523083333333334
2024-05-03 15:17:00,25,1517,2026,15,17,52.16700000000001,18650.100000000002,0.005180583333333334
2024-05-03 15:18:00,112,2585,2464,15,18,60.0,21000.0,0.005833333333333334
2024-05-03 15:19:00,142,2270,505,15,19,14.895,7468.5,0.0020745833333333332
2024-05-03 15:20:00,124,1790,1468,15,20,38.49,14547.0,0.004040833333333333
2024-05-03 15:21:00,19,4376,1387,15,21,39.051,14715.3,0.004087583333333333
2024-05-03 15:22:00,94,4208,772,15,22,23.508000000000003,10052.400000000001,0.0027923333333333337
2024-05-03 15:23:00,148,2090,1468,15,23,38.790000000000006,14637.000000000002,0.004065833333333334
2024-05-03 15:24:00,64,1571,1051,15,24,27.846000000000004,11353.800000000003,0.003153833333333334
2024-05-03 15:25:00,106,1571,1354,15,25,35.421,13626.300000000001,0.0037850833333333334
2024-05-03 15:26:00,136,1316,1780,15,26,45.816,16744.8,0.004651333333333333
2024-05-03 15:27:00,31,3185,1528,15,27,41.385000000000005,15415.500000000002,0.004282083333333334
2024-05-03 15:28:00,106,2132,1555,15,28,41.007,15302.099999999999,0.004250583333333333
2024-05-03 15:29:00,22,4052,967,15,29,28.227,11468.1,0.0031855833333333332
2024-05-03 15:30:00,133,1937,907,15,30,24.612000000000002,10383.6,0.0028843333333333334
2024-05-03 15:31:00,22,3398,592,15,31,18.198,8459.4,0.002349833333333333
2024-05-03 15:32:00,112,3050,1066,15,32,29.700000000000003,11910.000000000002,0.0033083333333333337
2024-05-03 15:33:00,52,2006,1189,15,33,31.731,12519.3,0.003477583333333333
2024-05-03 15:34:00,76,2624,2449,15,34,60.0,21000.0,0.005833333333333334
2024-05-03 15:35:00,124,1583,1840,15,35,47.583,17274.899999999998,0.004798583333333333
2024-05-03 15:36:00,61,1538,1798,15,36,46.488,16946.399999999998,0.0047073333333333325
2024-05-03 15:37:00,76,989,1762,15,37,45.039,16511.7,0.004586583333333333
2024-05-03 15:38:00,145,1892,2041,15,38,52.91700000000001,18875.100000000002,0.005243083333333334
2024-05-03 15:39:00,52,2474,2143,15,39,56.04900000000001,19814.7,0.005504083333333334
2024-05-03 15:40:00,25,2957,2239,15,40,58.932,20679.600000000002,0.005744333333333334
2024-05-03 15:41:00,106,4220,1276,15,41,36.120000000000005,13836.000000000002,0.003843333333333334
2024-05-03 15:42:00,40,2201,1744,15,42,45.801,16740.3,0.004650083333333333
2024-05-03 15:43:00,112,4583,1099,15,43,32.058,12617.4,0.0035048333333333333
2024-05-03 15:44:00,124,3965,775,15,44,23.34,10002.0,0.002778333333333333
2024-05-03 15:45:00,124,2087,1036,15,45,27.987000000000002,11396.1,0.0031655833333333336
2024-05-03 15:46:00,85,3251,2512,15,46,60.0,21000.0,0.005833333333333334
2024-05-03 15:47:00,88,1232,2425,15,47,60.0,21000.0,0.005833333333333334
2024-05-03 15:48:00,136,1559,1597,15,48,41.484,15445.2,0.0042903333333333335
2024-05-03 15:49:00,100,2681,709,15,49,20.406000000000002,9121.800000000001,0.0025338333333333337
2024-05-03 15:50:00,133,1433,2098,15,50,53.883,19164.899999999998,0.005323583333333333
2024-05-03 15:51:00,121,1004,1588,15,51,40.704,15211.199999999999,0.004225333333333333
2024-05-03 15:52:00,58,1397,925,15,52,24.522,10356.599999999999,0.002876833333333333
2024-05-03 15:53:00,148,1592,2377,15,53,60.0,21000.0,0.005833333333333334
2024-05-03 15:54:00,67,2930,2167,15,54,57.105000000000004,20131.5,0.0055920833333333335
2024-05-03 15:55:00,73,1625,1183,15,55,31.200000000000003,12360.000000000002,0.003433333333333334
2024-05-03 15:56:00,28,1001,1582,15,56,40.551,15165.300000000001,0.004212583333333334
2024-05-03 15:57:00,67,2585,1075,15,57,29.46,11838.0,0.003288333333333333
2024-05-03 15:58:00,133,3767,2287,15,58,60.0,21000.0,0.005833333333333334
2024-05-03 15:59:00,16,1382,1510,15,59,39.132,14739.599999999999,0.004094333333333333
2024-05-03 16:00:00,70,4310,2518,16,0,60.0,21000.0,0.005833333333333334
2024-05-03 16:01:00,82,2141,895,16,1,24.516,10354.8,0.002876333333333333
2024-05-03 16:02:00,91,2717,1030,16,2,28.467,11540.099999999999,0.003205583333333333
2024-05-03 16:03:00,100,2036,1279,16,3,34.011,13203.3,0.003667583333333333
2024-05-03 16:04:00,115,3332,2053,16,4,54.657000000000004,19397.100000000002,0.005388083333333334
2024-05-03 16:05:00,70,3677,1363,16,5,37.752,14325.6,0.003979333333333334
2024-05-03 16:06:00,67,4394,1738,16,6,47.844,17353.2,0.004820333333333334
2024-05-03 16:07:00,19,1160,607,16,7,16.335,7900.5,0.0021945833333333335
2024-05-03 16:08:00,94,2375,751,16,8,21.150000000000002,9345.0,0.0025958333333333332
2024-05-03 16:09:00,31,2612,661,16,9,19.137,8741.1,0.0024280833333333333
2024-05-03 16:10:00,130,3164,1699,16,10,45.639,16691.7,0.004636583333333334
2024-05-03 16:11:00,31,1241,2386,16,11,60.0,21000.0,0.005833333333333334
2024-05-03 16:12:00,31,4172,496,16,12,16.572,7971.599999999999,0.0022143333333333333
2024-05-03 16:13:00,106,2459,1837,16,13,48.38400000000001,17515.2,0.0048653333333333335
2024-05-03 16:14:00,136,1712,1690,16,14,43.962,16188.6,0.004496833333333334
2024-05-03 16:15:00,133,2174,1873,16,15,48.999,17699.7,0.004916583333333334
2024-05-03 16:16:00,103,4193,1978,16,16,53.643,19092.899999999998,0.005303583333333333
2024-05-03 16:17:00,76,2720,2518,16,17,60.0,21000.0,0.005833333333333334
2024-05-03 16:18:00,136,4460,688,16,18,21.66,9498.0,0.0026383333333333332
2024-05-03 16:19:00,145,1736,721,16,19,19.761000000000003,8928.300000000001,0.0024800833333333337
2024-05-03 16:20:00,67,3395,646,16,20,19.545,8863.5,0.0024620833333333335
2024-05-03 16:21:00,82,4238,532,16,21,17.538,8261.400000000001,0.0022948333333333336
2024-05-03 16:22:00,127,2921,1837,16,22,48.846000000000004,17653.800000000003,0.004903833333333334
2024-05-03 16:23:00,82,3773,937,16,23,27.198,11159.4,0.0030998333333333333
2024-05-03 16:24:00,97,2615,1453,16,24,38.940000000000005,14682.000000000002,0.004078333333333334
2024-05-03 16:25:00,121,3683,2182,16,25,58.233000000000004,20469.9,0.005686083333333334
2024-05-03 16:26:00,88,3605,2191,16,26,58.38,20514.0,0.005698333333333333
2024-05-03 16:27:00,34,4745,2503,16,27,60.0,21000.0,0.005833333333333334
2024-05-03 16:28:00,67,3539,1075,16,28,30.414,12124.199999999999,0.003367833333333333
2024-05-03 16:29:00,73,2768,2386,16,29,60.0,21000.0,0.005833333333333334
2024-05-03 16:30:00,28,2183,787,16,30,21.858,9557.4,0.0026548333333333333
2024-05-03 16:31:00,67,1019,835,16,31,21.894,9568.2,0.0026578333333333337
2024-05-03 16:32:00,139,1793,1420,16,32,37.293,14187.9,0.003941083333333333
2024-05-03 16:33:00,133,3578,1015,16,33,28.953,11685.9,0.003246083333333333
2024-05-03 16:34:00,112,1844,2308,16,34,59.544000000000004,20863.2,0.005795333333333334
2024-05-03 16:35:00,58,4211,1414,16,35,39.561,14868.300000000001,0.004130083333333334
2024-05-03 16:36:00,118,4028,2341,16,36,60.0,21000.0,0.005833333333333334
2024-05-03 16:37:00,16,3389,1684,16,37,45.489000000000004,16646.7,0.004624083333333333
2024-05-03 16:38:00,76,4418,679,16,38,21.393,9417.9,0.002616083333333333
2024-05-03 16:39:00,37,4499,949,16,39,28.224,11467.199999999999,0.003185333333333333
2024-05-03 16:40:00,34,1193,1189,16,40,30.918000000000003,12275.400000000001,0.0034098333333333337
2024-05-03 16:41:00,136,4229,2035,16,41,55.104,19531.2,0.005425333333333333
2024-05-03 16:42:00,145,4721,883,16,42,26.796000000000003,11038.8,0.0030663333333333332
2024-05-03 16:43:00,133,1082,1951,16,43,49.857000000000006,17957.100000000002,0.004988083333333334
2024-05-03 16:44:00,133,2795,2503,16,44,60.0,21000.0,0.005833333333333334
2024-05-03 16:45:00,103,3725,1210,16,45,33.975,13192.5,0.0036645833333333335
2024-05-03 16:46:00,127,1730,2095,16,46,54.105,19231.5,0.005342083333333333
2024-05-03 16:47:00,118,1472,2041,16,47,52.49700000000001,18749.1,0.005208083333333333
2024-05-03 16:48:00,19,4508,1198,16,48,34.458000000000006,13337.400000000001,0.003704833333333334
2024-05-03 16:49:00,37,2912,2326,16,49,60.0,21000.0,0.005833333333333334
2024-05-03 16:50:00,127,3467,1477,16,50,40.392,15117.6,0.0041993333333333336
2024-05-03 16:51:00,25,2054,1735,16,51,45.429,16628.7,0.0046190833333333335
2024-05-03 16:52:00,124,1106,1051,16,52,27.381000000000004,11214.300000000003,0.0031150833333333343
2024-05-03 16:53:00,76,3011,1393,16,53,37.836000000000006,14350.800000000003,0.003986333333333334
2024-05-03 16:54:00,52,4394,2404,16,54,60.0,21000.0,0.005833333333333334
2024-05-03 16:55:00,40,2045,1987,16,55,51.720000000000006,18516.000000000004,0.005143333333333334
2024-05-03 16:56:00,148,4826,1312,16,56,37.626000000000005,14287.800000000003,0.003968833333333334
2024-05-03 16:57:00,100,2876,2494,16,57,60.0,21000.0,0.005833333333333334
2024-05-03 16:58:00,136,2081,1786,16,58,46.73100000000001,17019.300000000003,0.0047275833333333345
2024-05-03 16:59:00,85,1163,2293,16,59,58.488,20546.399999999998,0.0057073333333333325
2024-05-03 17:00:00,61,3689,1918,17,0,51.639,18491.7,0.005136583333333333
2024-05-03 17:01:00,49,4760,1138,17,1,33.21,12963.0,0.0036008333333333335
2024-05-03 17:02:00,19,3524,820,17,2,24.024,10207.199999999999,0.002835333333333333
2024-05-03 17:03:00,70,1073,1045,17,3,27.198,11159.4,0.0030998333333333333
2024-05-03 17:04:00,103,2075,2323,17,4,60.0,21000.0,0.005833333333333334
2024-05-03 17:05:00,61,4139,2017,17,5,54.56400000000001,19369.2,0.005380333333333333
2024-05-03 17:06:00,85,1454,2059,17,6,52.929,18878.7,0.005244083333333333
2024-05-03 17:07:00,52,1580,1390,17,7,36.33,13899.0,0.0038608333333333333
2024-05-03 17:08:00,28,1061,2065,17,8,52.686,18805.8,0.005223833333333333
2024-05-03 17:09:00,82,2051,835,17,9,22.926000000000002,9877.8,0.002743833333333333
2024-05-03 17:10:00,127,3215,2416,17,10,60.0,21000.0,0.005833333333333334
2024-05-03 17:11:00,106,1397,2245,17,11,57.522,20256.600000000002,0.0056268333333333335
2024-05-03 17:12:00,64,4349,931,17,12,27.624000000000002,11287.2,0.0031353333333333337
2024-05-03 17:13:00,22,4157,2080,17,13,56.157,19847.1,0.0055130833333333325
2024-05-03 17:14:00,91,4016,1825,17,14,49.641,17892.3,0.004970083333333333
2024-05-03 17:15:00,52,3155,976,17,15,27.555000000000003,11266.500000000002,0.003129583333333334
2024-05-03 17:16:00,145,1151,646,17,16,17.301000000000002,8190.3,0.0022750833333333334
2024-05-03 17:17:00,127,1841,1372,17,17,36.141000000000005,13842.300000000003,0.003845083333333334
2024-05-03 17:18:00,79,3776,2128,17,18,56.976000000000006,20092.800000000003,0.005581333333333334
2024-05-03 17:19:00,76,3350,2119,17,19,56.325,19897.5,0.0055270833333333335
2024-05-03 17:20:00,100,1832,820,17,20,22.332,9699.6,0.0026943333333333333
2024-05-03 17:21:00,148,1553,850,17,21,22.803,9840.9,0.002733583333333333
2024-05-03 17:22:00,130,1127,1684,17,22,43.227000000000004,15968.1,0.004435583333333333
2024-05-03 17:23:00,28,3782,1666,17,23,45.432,16629.600000000002,0.004619333333333334
2024-05-03 17:24:00,55,3833,2014,17,24,54.183,19254.899999999998,0.005348583333333333
2024-05-03 17:25:00,67,4499,1963,17,25,53.574000000000005,19072.2,0.005297833333333333
2024-05-03 17:26:00,25,1937,2053,17,26,53.262,18978.600000000002,0.005271833333333334
2024-05-03 17:27:00,112,1958,1663,17,27,43.533,16059.900000000001,0.004461083333333333
2024-05-03 17:28:00,130,2861,1264,17,28,34.461,13338.300000000001,0.0037050833333333337
2024-05-03 17:29:00,73,1769,1258,17,29,33.219,12965.699999999999,0.003601583333333333
2024-05-03 17:30:00,52,4508,1663,17,30,46.083000000000006,16824.9,0.004673583333333333
2024-05-03 17:31:00,121,1901,2407,17,31,60.0,21000.0,0.005833333333333334
2024-05-03 17:32:00,148,2711,2050,17,32,53.961,19188.3,0.005330083333333333
2024-05-03 17:33:00,25,2456,1777,17,33,46.88100000000001,17064.300000000003,0.004740083333333334
2024-05-03 17:34:00,118,2105,1549,17,34,40.83,15249.0,0.004235833333333334
2024-05-03 17:35:00,37,3554,856,17,35,24.954,10486.199999999999,0.0029128333333333332
2024-05-03 17:36:00,133,3443,2371,17,36,60.0,21000.0,0.005833333333333334
2024-05-03 17:37:00,121,3989,1192,17,37,33.789,13136.699999999999,0.003649083333333333
2024-05-03 17:38:00,31,2753,2350,17,38,60.0,21000.0,0.005833333333333334
2024-05-03 17:39:00,79,3017,1135,17,39,31.392,12417.599999999999,0.003449333333333333
2024-05-03 17:40:00,31,2426,1111,17,40,30.201,12060.300000000001,0.003350083333333334
2024-05-03 17:41:00,139,2414,2245,17,41,58.539,20561.7,0.005711583333333333
2024-05-03 17:42:00,121,3107,874,17,42,24.957,10487.1,0.0029130833333333335
2024-05-03 17:43:00,40,4235,1627,17,43,44.910000000000004,16473.0,0.004575833333333334
2024-05-03 17:44:00,61,2471,1378,17,44,36.92100000000001,14076.300000000001,0.003910083333333334
2024-05-03 17:45:00,130,2114,1330,17,45,35.364,13609.2,0.0037803333333333335
2024-05-03 17:46:00,127,1829,2155,17,46,55.704,19711.2,0.005475333333333334
2024-05-03 17:47:00,112,3332,1036,17,47,29.232000000000003,11769.6,0.0032693333333333333
2024-05-03 17:48:00,67,3539,1360,17,48,37.539,14261.699999999999,0.0039615833333333334
2024-05-03 17:49:00,49,2591,2047,17,49,53.766000000000005,19129.800000000003,0.0053138333333333345
2024-05-03 17:50:00,94,2891,1636,17,50,43.791000000000004,16137.300000000003,0.004482583333333334
2024-05-03 17:51:00,16,2648,1846,17,51,48.79800000000001,17639.4,0.004899833333333334
2024-05-03 17:52:00,58,4577,1252,17,52,35.877,13763.1,0.0038230833333333333
2024-05-03 17:53:00,94,3503,808,17,53,23.703000000000003,10110.900000000001,0.002808583333333334
2024-05-03 17:54:00,61,3254,577,17,54,17.679000000000002,8303.7,0.0023065833333333337
2024-05-03 17:55:00,76,2279,706,17,55,19.929000000000002,8978.7,0.0024940833333333334
2024-05-03 17:56:00,16,2033,1294,17,56,34.383,13314.900000000001,0.0036985833333333337
2024-05-03 17:57:00,100,1313,1303,17,57,33.888000000000005,13166.400000000001,0.0036573333333333336
2024-05-03 17:58:00,22,4577,2491,17,58,60.0,21000.0,0.005833333333333334
2024-05-03 17:59:00,49,3170,1405,17,59,38.295,14488.5,0.004024583333333333
2024-05-03 18:00:00,97,2984,2056,18,0,54.38400000000001,19315.2,0.005365333333333334
2024-05-03 18:01:00,130,2204,1081,18,1,29.229000000000003,11768.7,0.0032690833333333335
2024-05-03 18:02:00,124,4769,520,18,2,17.769,8330.7,0.0023140833333333334
2024-05-03 18:03:00,106,1220,1897,18,3,48.645,17593.5,0.0048870833333333336
2024-05-03 18:04:00,106,1133,2002,18,4,51.18300000000001,18354.9,0.0050985833333333334
2024-05-03 18:05:00,112,2477,1099,18,5,29.952,11985.6,0.0033293333333333335
2024-05-03 18:06:00,112,4427,1966,18,6,53.577000000000005,19073.100000000002,0.005298083333333334
2024-05-03 18:07:00,133,4565,1675,18,7,46.44,16932.0,0.004703333333333334
2024-05-03 18:08:00,46,4625,1756,18,8,48.525000000000006,17557.500000000004,0.004877083333333334
2024-05-03 18:09:00,100,3257,703,18,9,20.832,9249.6,0.0025693333333333336
2024-05-03 18:10:00,88,4652,2170,18,10,58.902,20670.600000000002,0.005741833333333334
2024-05-03 18:11:00,52,1712,709,18,11,19.437,8831.1,0.0024530833333333336
2024-05-03 18:12:00,145,1349,1387,18,12,36.024,13807.199999999999,0.003835333333333333
2024-05-03 18:13:00,70,3563,643,18,13,19.637999999999998,8891.4,0.0024698333333333334
2024-05-03 18:14:00,121,3404,2056,18,14,54.804,19441.2,0.005400333333333333
2024-05-03 18:15:00,97,1208,1093,18,15,28.533,11559.900000000001,0.0032110833333333336
2024-05-03 18:16:00,25,3902,1999,18,16,53.877,19163.100000000002,0.005323083333333334
2024-05-03 18:17:00,22,4628,874,18,17,26.478,10943.400000000001,0.0030398333333333336
2024-05-03 18:18:00,127,4394,2032,18,18,55.194,19558.2,0.005432833333333334
2024-05-03 18:19:00,124,3407,2209,18,19,58.632000000000005,20589.600000000002,0.005719333333333334
2024-05-03 18:20:00,142,4016,718,18,20,21.966,9589.800000000001,0.0026638333333333336
2024-05-03 18:21:00,88,3857,2326,18,21,60.0,21000.0,0.005833333333333334
2024-05-03 18:22:00,136,3737,601,18,22,18.762,8628.6,0.0023968333333333333
2024-05-03 18:23:00,118,1304,1915,18,23,49.179,17753.7,0.004931583333333334
2024-05-03 18:24:00,100,4118,2395,18,24,60.0,21000.0,0.005833333333333334
2024-05-03 18:25:00,136,3956,1945,18,25,52.581,18774.300000000003,0.005215083333333334
2024-05-03 18:26:00,100,3710,1960,18,26,52.71,18813.0,0.005225833333333333
2024-05-03 18:27:00,49,2870,523,18,27,15.945,7783.5,0.002162083333333333
2024-05-03 18:28:00,118,3077,2278,18,28,60.0,21000.0,0.005833333333333334
2024-05-03 18:29:00,73,3512,1348,18,29,37.212,14163.6,0.003934333333333333
2024-05-03 18:30:00,64,1007,913,18,30,23.832000000000004,10149.6,0.0028193333333333334
2024-05-03 18:31:00,49,1667,1879,18,31,48.642,17592.600000000002,0.004886833333333334
2024-05-03 18:32:00,121,2303,982,18,32,26.853,11055.900000000001,0.0030710833333333337
2024-05-03 18:33:00,43,3818,2152,18,33,57.618,20285.399999999998,0.005634833333333333
2024-05-03 18:34:00,67,2798,2056,18,34,54.19800000000001,19259.4,0.005349833333333334
2024-05-03 18:35:00,103,1847,826,18,35,22.497000000000003,9749.100000000002,0.002708083333333334
2024-05-03 18:36:00,37,3341,667,18,36,20.016000000000002,9004.8,0.0025013333333333333
2024-05-03 18:37:00,136,3821,889,18,37,26.046000000000003,10813.8,0.003003833333333333
2024-05-03 18:38:00,52,1148,1801,18,38,46.17300000000001,16851.9,0.004681083333333334
2024-05-03 18:39:00,106,4385,1978,18,39,53.835,19150.5,0.005319583333333333
2024-05-03 18:40:00,31,1526,1033,18,40,27.351000000000003,11205.300000000001,0.0031125833333333335
2024-05-03 18:41:00,34,1361,940,18,41,24.861,10458.3,0.0029050833333333333
2024-05-03 18:42:00,76,1787,2290,18,42,59.037,20711.100000000002,0.005753083333333334
2024-05-03 18:43:00,127,1874,2467,18,43,60.0,21000.0,0.005833333333333334
2024-05-03 18:44:00,142,3167,1201,18,44,33.192,12957.6,0.0035993333333333333
2024-05-03 18:45:00,97,1769,568,18,45,15.969000000000001,7790.700000000001,0.0021640833333333334
2024-05-03 18:46:00,145,1124,1546,18,46,39.77400000000001,14932.200000000003,0.004147833333333334
2024-05-03 18:47:00,76,1097,1453,18,47,37.422000000000004,14226.6,0.003951833333333333
2024-05-03 18:48:00,76,1397,1993,18,48,51.222,18366.600000000002,0.005101833333333334
2024-05-03 18:49:00,85,2564,679,18,49,19.539,8861.7,0.0024615833333333334
2024-05-03 18:50:00,94,2630,1402,18,50,37.68000000000001,14304.000000000002,0.003973333333333334
2024-05-03 18:51:00,94,2795,703,18,51,20.369999999999997,9111.0,0.0025308333333333333
2024-05-03 18:52:00,52,4517,973,18,52,28.842000000000002,11652.6,0.0032368333333333333
2024-05-03 18:53:00,100,1877,1003,18,53,26.952,11085.6,0.0030793333333333332
2024-05-03 18:54:00,130,3344,2338,18,54,60.0,21000.0,0.005833333333333334
2024-05-03 18:55:00,97,3464,1243,18,55,34.539,13361.699999999999,0.0037115833333333332
2024-05-03 18:56:00,124,1229,1915,18,56,49.104,17731.2,0.004925333333333334
2024-05-03 18:57:00,100,3563,484,18,57,15.663000000000002,7698.9000000000015,0.002138583333333334
2024-05-03 18:58:00,79,4622,1351,18,58,38.397,14519.099999999999,0.004033083333333333
2024-05-03 18:59:00,121,3407,2311,18,59,60.0,21000.0,0.005833333333333334
2024-05-03 19:00:00,52,699,782,19,0,20.249000000000002,9074.7,0.00252075
2024-05-03 19:01:00,49,2027,421,19,1,12.552,6765.6,0.0018793333333333333
2024-05-03 19:02:00,41,1998,776,19,2,21.398000000000003,9419.400000000001,0.0026165000000000003
2024-05-03 19:03:00,56,657,899,19,3,23.132,9939.6,0.002761
2024-05-03 19:04:00,13,1308,737,19,4,19.733,8919.9,0.00247775
2024-05-03 19:05:00,11,2073,1027,19,5,27.748,11324.400000000001,0.0031456666666666673
2024-05-03 19:06:00,55,1478,1217,19,6,31.903000000000002,12570.900000000001,0.003491916666666667
2024-05-03 19:07:00,13,1125,526,19,7,14.275,7282.5,0.002022916666666667
2024-05-03 19:08:00,8,1430,664,19,8,18.03,8409.0,0.0023358333333333334
2024-05-03 19:09:00,25,882,1004,19,9,25.982000000000003,10794.6,0.0029985000000000003
2024-05-03 19:10:00,26,623,938,19,10,24.073000000000004,10221.900000000001,0.002839416666666667
2024-05-03 19:11:00,58,1184,416,19,11,11.584,6475.2,0.0017986666666666665
2024-05-03 19:12:00,50,606,596,19,12,15.506,7651.8,0.0021255000000000002
2024-05-03 19:13:00,20,1193,748,19,13,19.893,8967.9,0.0024910833333333334
2024-05-03 19:14:00,53,1109,1019,19,14,26.584000000000003,10975.2,0.003048666666666667
2024-05-03 19:15:00,17,1718,541,19,15,15.243,7572.9,0.002103583333333333
2024-05-03 19:16:00,26,1821,320,19,16,9.821,5946.3,0.00165175
2024-05-03 19:17:00,10,1569,457,19,17,12.994,6898.2,0.0019161666666666667
2024-05-03 19:18:00,56,1170,1028,19,18,26.870000000000005,11061.000000000002,0.0030725000000000006
2024-05-03 19:19:00,17,2364,1007,19,19,27.539,11261.699999999999,0.0031282499999999995
2024-05-03 19:20:00,34,1461,1238,19,20,32.411,12723.3,0.0035342499999999996
2024-05-03 19:21:00,19,1488,290,19,21,8.738,5621.4,0.0015615
2024-05-03 19:22:00,25,1226,367,19,22,10.401,6120.3,0.0017000833333333334
2024-05-03 19:23:00,71,2076,292,19,23,9.376000000000001,5812.8,0.0016146666666666668
2024-05-03 19:24:00,52,2373,739,19,24,20.848000000000003,9254.400000000001,0.0025706666666666673
2024-05-03 19:25:00,20,1376,1222,19,25,31.926000000000002,12577.8,0.003493833333333333
2024-05-03 19:26:00,49,1158,508,19,26,13.858,7157.4,0.0019881666666666667
2024-05-03 19:27:00,13,1211,793,19,27,21.036,9310.8,0.0025863333333333333
2024-05-03 19:28:00,65,1448,1054,19,28,27.798000000000002,11339.400000000001,0.003149833333333334
2024-05-03 19:29:00,32,1409,1036,19,29,27.309,11192.7,0.0031090833333333335
2024-05-03 19:30:00,23,2033,401,19,30,12.058,6617.4,0.0018381666666666666
2024-05-03 19:31:00,10,1470,389,19,31,11.195000000000002,6358.500000000001,0.0017662500000000002
2024-05-03 19:32:00,41,1613,584,19,32,16.213,7863.9,0.0021844166666666665
2024-05-03 19:33:00,40,920,580,19,33,15.42,7626.0,0.002118333333333333
2024-05-03 19:34:00,46,1557,793,19,34,21.382,9414.6,0.0026151666666666667
2024-05-03 19:35:00,25,1434,392,19,35,11.234,6370.2,0.0017695
2024-05-03 19:36:00,55,839,901,19,36,23.364,10009.2,0.0027803333333333334
2024-05-03 19:37:00,20,1106,935,19,37,24.481,10344.3,0.0028734166666666665
2024-05-03 19:38:00,71,1875,326,19,38,10.025,6007.5,0.00166875
2024-05-03 19:39:00,14,1227,532,19,39,14.527000000000001,7358.1,0.002043916666666667
2024-05-03 19:40:00,46,1928,1012,19,40,27.228,11168.400000000001,0.0031023333333333337
2024-05-03 19:41:00,17,1427,869,19,41,23.152,9945.6,0.0027626666666666667
2024-05-03 19:42:00,50,1994,709,19,42,19.719,8915.7,0.0024765833333333337
2024-05-03 19:43:00,56,662,433,19,43,11.487000000000002,6446.1,0.0017905833333333335
2024-05-03 19:44:00,43,1863,292,19,44,9.163,5748.900000000001,0.0015969166666666668
2024-05-03 19:45:00,44,1484,382,19,45,11.034,6310.200000000001,0.0017528333333333335
2024-05-03 19:46:00,53,2343,1009,19,46,27.568,11270.400000000001,0.003130666666666667
2024-05-03 19:47:00,50,2013,625,19,47,17.637999999999998,8291.4,0.0023031666666666665
2024-05-03 19:48:00,14,795,568,19,48,14.995000000000001,7498.5,0.0020829166666666665
2024-05-03 19:49:00,64,855,400,19,49,10.855,6256.5,0.0017379166666666667
2024-05-03 19:50:00,74,1605,1049,19,50,27.830000000000002,11349.0,0.0031525
2024-05-03 19:51:00,23,2183,856,19,51,23.583000000000002,10074.900000000001,0.002798583333333334
2024-05-03 19:52:00,55,707,1063,19,52,27.282000000000004,11184.6,0.0031068333333333334
2024-05-03 19:53:00,19,665,698,19,53,18.115,8434.5,0.0023429166666666668
2024-05-03 19:54:00,37,1095,782,19,54,20.645,9193.5,0.00255375
2024-05-03 19:55:00,58,1023,1009,19,55,26.248,10874.400000000001,0.003020666666666667
2024-05-03 19:56:00,68,692,917,19,56,23.617,10085.1,0.002801416666666667
2024-05-03 19:57:00,19,2249,1123,19,57,30.324,12097.2,0.0033603333333333337
2024-05-03 19:58:00,10,1895,787,19,58,21.57,9471.0,0.0026308333333333335
2024-05-03 19:59:00,38,519,730,19,59,18.769,8630.7,0.002397416666666667
2024-05-03 20:00:00,29,776,1253,20,0,32.101000000000006,12630.300000000001,0.003508416666666667
2024-05-03 20:01:00,16,974,1184,20,1,30.574,12172.2,0.003381166666666667
2024-05-03 20:02:00,14,747,260,20,2,7.247,5174.1,0.0014372500000000002
2024-05-03 20:03:00,11,1958,986,20,3,26.608,10982.400000000001,0.0030506666666666672
2024-05-03 20:04:00,70,1148,857,20,4,22.573,9771.9,0.0027144166666666666
2024-05-03 20:05:00,70,1874,422,20,5,12.424000000000001,6727.200000000001,0.001868666666666667
2024-05-03 20:06:00,31,696,587,20,6,15.371,7611.3,0.0021142500000000002
2024-05-03 20:07:00,59,1598,728,20,7,19.798,8939.4,0.0024831666666666665
2024-05-03 20:08:00,20,1848,1037,20,8,27.773,11331.9,0.00314775
2024-05-03 20:09:00,58,626,752,20,9,19.426000000000002,8827.8,0.0024521666666666663
2024-05-03 20:10:00,35,839,845,20,10,21.964,9589.2,0.002663666666666667
2024-05-03 20:11:00,70,789,571,20,11,15.064,7519.2,0.0020886666666666666
2024-05-03 20:12:00,56,1307,467,20,12,12.982000000000001,6894.6,0.0019151666666666668
2024-05-03 20:13:00,64,846,553,20,13,14.671000000000001,7401.3,0.002055916666666667
2024-05-03 20:14:00,22,1703,377,20,14,11.128,6338.4,0.0017606666666666667
2024-05-03 20:15:00,22,1838,725,20,15,19.963,8988.9,0.0024969166666666664
2024-05-03 20:16:00,37,920,923,20,16,23.995000000000005,10198.500000000002,0.002832916666666667
2024-05-03 20:17:00,8,1421,1177,20,17,30.846,12253.800000000001,0.003403833333333334
2024-05-03 20:18:00,16,1736,1051,20,18,28.011000000000003,11403.3,0.003167583333333333
2024-05-03 20:19:00,10,513,575,20,19,14.888,7466.4,0.002074
2024-05-03 20:20:00,62,591,526,20,20,13.741,7122.299999999999,0.0019784166666666665
2024-05-03 20:21:00,55,2370,1015,20,21,27.745,11323.5,0.0031454166666666666
2024-05-03 20:22:00,11,932,596,20,22,15.832,7749.6,0.002152666666666667
2024-05-03 20:23:00,59,1988,809,20,23,22.213,9663.9,0.0026844166666666665
2024-05-03 20:24:00,26,1676,644,20,24,17.776,8332.800000000001,0.002314666666666667
2024-05-03 20:25:00,58,2126,896,20,25,24.526000000000003,10357.8,0.0028771666666666663
2024-05-03 20:26:00,29,1680,1171,20,26,30.955000000000002,12286.5,0.0034129166666666665
2024-05-03 20:27:00,73,768,1096,20,27,28.168000000000003,11450.400000000001,0.003180666666666667
2024-05-03 20:28:00,40,1256,1076,20,28,28.156000000000002,11446.8,0.0031796666666666666
2024-05-03 20:29:00,70,735,937,20,29,24.16,10248.0,0.0028466666666666666
2024-05-03 20:30:00,13,852,938,20,30,24.302000000000003,10290.6,0.0028585
2024-05-03 20:31:00,32,2273,661,20,31,18.798000000000002,8639.400000000001,0.0023998333333333337
2024-05-03 20:32:00,14,1271,1255,20,32,32.646,12793.800000000001,0.0035538333333333338
2024-05-03 20:33:00,38,1089,1243,20,33,32.164,12649.199999999999,0.0035136666666666662
2024-05-03 20:34:00,43,1637,1225,20,34,32.262,12678.6,0.0035218333333333334
2024-05-03 20:35:00,52,2178,1249,20,35,33.403,13020.9,0.0036169166666666667
2024-05-03 20:36:00,65,524,1024,20,36,26.124000000000002,10837.2,0.0030103333333333336
2024-05-03 20:37:00,50,1454,719,20,37,19.429000000000002,8828.7,0.002452416666666667
2024-05-03 20:38:00,68,2073,922,20,38,25.123,10536.900000000001,0.002926916666666667
2024-05-03 20:39:00,17,1400,1013,20,39,26.725,11017.5,0.0030604166666666666
2024-05-03 20:40:00,17,2100,917,20,40,25.025000000000002,10507.5,0.00291875
2024-05-03 20:41:00,46,1215,848,20,41,22.415000000000003,9724.5,0.00270125
2024-05-03 20:42:00,41,971,1120,20,42,28.971,11691.300000000001,0.0032475833333333337
2024-05-03 20:43:00,35,1100,418,20,43,11.55,6465.0,0.0017958333333333333
2024-05-03 20:44:00,67,1206,686,20,44,18.356,8506.8,0.0023629999999999996
2024-05-03 20:45:00,56,1851,724,20,45,19.951,8985.300000000001,0.002495916666666667
2024-05-03 20:46:00,38,1394,847,20,46,22.569000000000003,9770.7,0.0027140833333333335
2024-05-03 20:47:00,46,2247,712,20,47,20.047,9014.1,0.002503916666666667
2024-05-03 20:48:00,16,1520,1177,20,48,30.945,12283.5,0.0034120833333333334
2024-05-03 20:49:00,22,974,1066,20,49,27.624000000000002,11287.2,0.0031353333333333337
2024-05-03 20:50:00,73,1434,601,20,50,16.459,7937.699999999999,0.0022049166666666662
2024-05-03 20:51:00,52,1869,379,20,51,11.344,6403.199999999999,0.0017786666666666665
2024-05-03 20:52:00,43,1101,667,20,52,17.776,8332.800000000001,0.002314666666666667
2024-05-03 20:53:00,10,1778,506,20,53,14.428,7328.400000000001,0.002035666666666667
2024-05-03 20:54:00,22,684,614,20,54,16.034000000000002,7810.200000000001,0.0021695
2024-05-03 20:55:00,22,1838,1199,20,55,31.813000000000002,12543.900000000001,0.003484416666666667
2024-05-03 20:56:00,44,1263,508,20,56,13.963000000000001,7188.9,0.0019969166666666664
2024-05-03 20:57:00,14,566,827,20,57,21.241,9372.3,0.0026034166666666666
2024-05-03 20:58:00,38,2286,340,20,58,10.786,6235.799999999999,0.0017321666666666664
2024-05-03 20:59:00,13,1428,1139,20,59,29.903000000000002,11970.900000000001,0.0033252500000000005
2024-05-03 21:00:00,56,1107,253,21,0,7.432,5229.6,0.0014526666666666668
2024-05-03 21:01:00,17,1034,620,21,1,16.534,7960.2,0.0022111666666666664
2024-05-03 21:02:00,32,1286,934,21,2,24.636000000000003,10390.8,0.002886333333333333
2024-05-03 21:03:00,23,761,1124,21,3,28.861,11658.300000000001,0.003238416666666667
2024-05-03 21:04:00,19,1248,772,21,4,20.548000000000002,9164.400000000001,0.002545666666666667
2024-05-03 21:05:00,47,1224,1208,21,5,31.424000000000003,12427.2,0.003452
2024-05-03 21:06:00,70,1506,359,21,6,10.481,6144.299999999999,0.0017067499999999997
2024-05-03 21:07:00,55,1556,1163,21,7,30.631000000000004,12189.300000000003,0.0033859166666666673
2024-05-03 21:08:00,43,747,542,21,8,14.297,7289.1,0.00202475
2024-05-03 21:09:00,37,900,688,21,9,18.099999999999998,8430.0,0.002341666666666667
2024-05-03 21:10:00,25,1527,1102,21,10,29.077,11723.1,0.0032564166666666666
2024-05-03 21:11:00,44,648,721,21,11,18.673000000000002,8601.900000000001,0.002389416666666667
2024-05-03 21:12:00,49,1659,938,21,12,25.109,10532.7,0.0029257500000000004
2024-05-03 21:13:00,61,2012,814,21,13,22.362000000000002,9708.6,0.0026968333333333336
2024-05-03 21:14:00,58,1458,1150,21,14,30.208,12062.4,0.0033506666666666667
2024-05-03 21:15:00,59,599,512,21,15,13.399000000000001,7019.700000000001,0.0019499166666666669
2024-05-03 21:16:00,70,1668,1195,21,16,31.543,12462.9,0.0034619166666666665
2024-05-03 21:17:00,71,956,716,21,17,18.856,8656.8,0.0024046666666666665
2024-05-03 21:18:00,71,1274,982,21,18,25.824,10747.2,0.0029853333333333333
2024-05-03 21:19:00,49,957,1120,21,19,28.957,11687.1,0.003246416666666667
2024-05-03 21:20:00,41,1238,364,21,20,10.338,6101.4,0.0016948333333333331
2024-05-03 21:21:00,28,795,1061,21,21,27.320000000000004,11196.000000000002,0.0031100000000000004
2024-05-03 21:22:00,16,1382,328,21,22,9.582,5874.6,0.0016318333333333334
2024-05-03 21:23:00,53,939,788,21,23,20.639000000000003,9191.7,0.0025532500000000004
2024-05-03 21:24:00,70,485,446,21,24,11.635,6490.5,0.0018029166666666666
2024-05-03 21:25:00,55,773,455,21,25,12.148,6644.400000000001,0.001845666666666667
2024-05-03 21:26:00,58,537,1115,21,26,28.412,11523.599999999999,0.0032009999999999994
2024-05-03 21:27:00,35,564,1174,21,27,29.914,11974.199999999999,0.0033261666666666665
2024-05-03 21:28:00,25,1826,1226,21,28,32.476,12742.800000000001,0.003539666666666667
2024-05-03 21:29:00,56,1292,733,21,29,19.617,8885.1,0.0024680833333333334
2024-05-03 21:30:00,61,1391,490,21,30,13.641,7092.300000000001,0.0019700833333333337
2024-05-03 21:31:00,31,1671,926,21,31,24.821,10446.300000000001,0.0029017500000000002
2024-05-03 21:32:00,46,2097,1172,21,32,31.397000000000002,12419.1,0.00344975
2024-05-03 21:33:00,31,1353,587,21,33,16.028000000000002,7808.4000000000015,0.0021690000000000004
2024-05-03 21:34:00,23,615,596,21,34,15.515,7654.5,0.00212625
2024-05-03 21:35:00,62,2255,943,21,35,25.830000000000002,10749.0,0.0029858333333333334
2024-05-03 21:36:00,10,1745,1001,21,36,26.770000000000003,11031.000000000002,0.0030641666666666673
2024-05-03 21:37:00,10,2009,734,21,37,20.359,9107.7,0.002529916666666667
2024-05-03 21:38:00,47,2280,959,21,38,26.255000000000003,10876.5,0.00302125
2024-05-03 21:39:00,70,1268,257,21,39,7.6930000000000005,5307.9,0.0014744166666666666
2024-05-03 21:40:00,41,1751,1024,21,40,27.351000000000003,11205.300000000001,0.0031125833333333335
2024-05-03 21:41:00,41,968,451,21,41,12.243,6672.9,0.0018535833333333332
2024-05-03 21:42:00,29,1421,308,21,42,9.121,5736.3,0.0015934166666666668
2024-05-03 21:43:00,50,2090,539,21,43,15.565000000000001,7669.5,0.0021304166666666667
2024-05-03 21:44:00,67,923,1141,21,44,29.448,11834.4,0.003287333333333333
2024-05-03 21:45:00,20,1487,760,21,45,20.487000000000002,9146.1,0.0025405833333333335
2024-05-03 21:46:00,44,1980,397,21,46,11.905000000000001,6571.5,0.0018254166666666666
2024-05-03 21:47:00,65,2103,590,21,47,16.853,8055.9,0.0022377499999999997
2024-05-03 21:48:00,26,2193,715,21,48,20.068,9020.4,0.0025056666666666665
2024-05-03 21:49:00,70,827,311,21,49,8.602,5580.6,0.0015501666666666667
2024-05-03 21:50:00,43,917,419,21,50,11.392000000000001,6417.6,0.0017826666666666668
2024-05-03 21:51:00,67,1605,508,21,51,14.305000000000001,7291.500000000001,0.002025416666666667
2024-05-03 21:52:00,68,1155,1063,21,52,27.730000000000004,11319.000000000002,0.003144166666666667
2024-05-03 21:53:00,38,2201,317,21,53,10.126000000000001,6037.8,0.0016771666666666666
2024-05-03 21:54:00,56,539,373,21,54,9.864,5959.2,0.0016553333333333333
2024-05-03 21:55:00,53,1274,514,21,55,14.124000000000002,7237.200000000001,0.0020103333333333336
2024-05-03 21:56:00,44,1289,1139,21,56,29.764000000000003,11929.2,0.003313666666666667
2024-05-03 21:57:00,62,2031,442,21,57,13.081000000000001,6924.3,0.0019234166666666668
2024-05-03 21:58:00,43,2271,1189,21,58,31.996000000000002,12598.8,0.0034996666666666666
2024-05-03 21:59:00,34,1722,1037,21,59,27.647000000000002,11294.1,0.0031372500000000003
2024-05-03 22:00:00,70,782,1039,22,0,26.757,11027.1,0.0030630833333333335
2024-05-03 22:01:00,61,1761,647,22,1,17.936,8380.8,0.0023279999999999998
2024-05-03 22:02:00,70,1032,1099,22,2,28.507,11552.1,0.0032089166666666668
2024-05-03 22:03:00,43,1485,1186,22,3,31.135,12340.5,0.003427916666666667
2024-05-03 22:04:00,16,1850,253,22,4,8.175,5452.5,0.0015145833333333333
2024-05-03 22:05:00,11,1722,698,22,5,19.172,8751.6,0.002431
2024-05-03 22:06:00,16,1664,541,22,6,15.189,7556.7,0.0020990833333333334
2024-05-03 22:07:00,46,1589,788,22,7,21.289,9386.7,0.0026074166666666667
2024-05-03 22:08:00,11,1154,710,22,8,18.904,8671.2,0.002408666666666667
2024-05-03 22:09:00,25,1772,944,22,9,25.372,10611.6,0.0029476666666666666
2024-05-03 22:10:00,25,1641,473,22,10,13.466000000000001,7039.8,0.0019555
2024-05-03 22:11:00,25,2261,883,22,11,24.336000000000002,10300.800000000001,0.002861333333333334
2024-05-03 22:12:00,8,843,466,22,12,12.493,6747.9,0.0018744166666666666
2024-05-03 22:13:00,62,548,1201,22,13,30.573,12171.9,0.003381083333333333
2024-05-03 22:14:00,58,1202,470,22,14,12.952,6885.6,0.0019126666666666667
2024-05-03 22:15:00,50,1323,1013,22,15,26.648000000000003,10994.400000000001,0.0030540000000000003
2024-05-03 22:16:00,31,1965,941,22,16,25.490000000000002,10647.0,0.0029575
2024-05-03 22:17:00,19,1938,496,22,17,14.338000000000001,7301.4,0.0020281666666666664
2024-05-03 22:18:00,68,2208,400,22,18,12.208,6662.4,0.0018506666666666665
2024-05-03 22:19:00,25,1787,380,22,19,11.287,6386.1,0.0017739166666666667
2024-05-03 22:20:00,58,1004,1162,22,20,30.054000000000002,12016.2,0.0033378333333333337
2024-05-03 22:21:00,26,1481,292,22,21,8.781,5634.300000000001,0.0015650833333333337
2024-05-03 22:22:00,22,1455,1165,22,22,30.58,12174.0,0.0033816666666666665
2024-05-03 22:23:00,41,1364,676,22,23,18.264000000000003,8479.2,0.0023553333333333334
2024-05-03 22:24:00,50,884,694,22,24,18.234,8470.2,0.0023528333333333335
2024-05-03 22:25:00,26,1013,454,22,25,12.363000000000001,6708.9,0.0018635833333333332
2024-05-03 22:26:00,17,2157,596,22,26,17.057000000000002,8117.1,0.0022547500000000002
2024-05-03 22:27:00,40,1283,961,22,27,25.308000000000003,10592.400000000001,0.0029423333333333337
2024-05-03 22:28:00,56,1175,1172,22,28,30.475,12142.5,0.003372916666666667
2024-05-03 22:29:00,64,2115,887,22,29,24.29,10287.0,0.0028575
2024-05-03 22:30:00,64,1013,715,22,30,18.888,8666.4,0.0024073333333333334
2024-05-03 22:31:00,67,977,979,22,31,25.452,10635.6,0.0029543333333333336
2024-05-03 22:32:00,62,1641,521,22,32,14.666,7399.800000000001,0.0020555000000000005
2024-05-03 22:33:00,11,1550,911,22,33,24.325000000000003,10297.500000000002,0.0028604166666666674
2024-05-03 22:34:00,67,1367,755,22,34,20.242,9072.6,0.0025201666666666666
2024-05-03 22:35:00,43,1473,1154,22,35,30.323,12096.9,0.00336025
2024-05-03 22:36:00,43,993,889,22,36,23.218,9965.4,0.0027681666666666666
2024-05-03 22:37:00,8,554,241,22,37,6.579000000000001,4973.700000000001,0.0013815833333333336
2024-05-03 22:38:00,28,1157,280,22,38,8.157,5447.1,0.0015130833333333335
2024-05-03 22:39:00,22,794,431,22,39,11.569,6470.7,0.0017974166666666666
2024-05-03 22:40:00,58,734,710,22,40,18.484,8545.2,0.0023736666666666667
2024-05-03 22:41:00,16,1389,1024,22,41,26.989,11096.699999999999,0.0030824166666666665
2024-05-03 22:42:00,23,2159,863,22,42,23.734,10120.2,0.0028111666666666667
2024-05-03 22:43:00,58,551,704,22,43,18.151,8445.300000000001,0.002345916666666667
2024-05-03 22:44:00,11,2030,403,22,44,12.105,6631.5,0.0018420833333333334
2024-05-03 22:45:00,64,1808,599,22,45,16.783,8034.9,0.0022319166666666668
2024-05-03 22:46:00,43,1395,716,22,46,19.295,8788.5,0.00244125
2024-05-03 22:47:00,47,678,946,22,47,24.328000000000003,10298.400000000001,0.002860666666666667
2024-05-03 22:48:00,50,1715,905,22,48,24.34,10302.0,0.002861666666666667
2024-05-03 22:49:00,55,1640,439,22,49,12.615000000000002,6784.500000000001,0.0018845833333333336
2024-05-03 22:50:00,68,1685,304,22,50,9.285,5785.5,0.0016070833333333334
2024-05-03 22:51:00,56,1814,433,22,51,12.639000000000001,6791.700000000001,0.0018865833333333334
2024-05-03 22:52:00,31,1781,910,22,52,24.531,10359.300000000001,0.0028775833333333336
2024-05-03 22:53:00,8,2124,838,22,53,23.074,9922.2,0.0027561666666666667
2024-05-03 22:54:00,35,989,527,22,54,14.164000000000001,7249.200000000001,0.002013666666666667
2024-05-03 22:55:00,44,1659,1072,22,55,28.459,11537.699999999999,0.0032049166666666662
2024-05-03 22:56:00,28,1592,604,22,56,16.692,8007.6,0.0022243333333333334
2024-05-03 22:57:00,44,923,839,22,57,21.898000000000003,9569.400000000001,0.002658166666666667
2024-05-03 22:58:00,37,740,806,22,58,20.89,9267.0,0.002574166666666667
2024-05-03 22:59:00,32,681,343,22,59,9.256,5776.799999999999,0.0016046666666666666
2024-05-03 23:00:00,2,238,124,23,0,3.338,4001.3999999999996,0.0011114999999999999
2024-05-03 23:01:00,10,338,207,23,1,5.513000000000001,4653.9,0.0012927499999999998
2024-05-03 23:02:00,13,287,174,23,2,4.6370000000000005,4391.1,0.0012197500000000001
2024-05-03 23:03:00,11,275,143,23,3,3.85,4155.0,0.0011541666666666666
2024-05-03 23:04:00,13,425,178,23,4,4.875,4462.5,0.0012395833333333334
2024-05-03 23:05:00,3,371,156,23,5,4.271000000000001,4281.3,0.00118925
2024-05-03 23:06:00,9,241,244,23,6,6.341,4902.299999999999,0.00136175
2024-05-03 23:07:00,3,295,178,23,7,4.745,4423.5,0.00122875
2024-05-03 23:08:00,10,353,121,23,8,3.378,4013.3999999999996,0.0011148333333333331
2024-05-03 23:09:00,6,437,248,23,9,6.6370000000000005,4991.1,0.0013864166666666669
2024-05-03 23:10:00,6,316,251,23,10,6.591,4977.299999999999,0.001382583333333333
2024-05-03 23:11:00,13,372,136,23,11,3.7720000000000002,4131.6,0.0011476666666666668
2024-05-03 23:12:00,9,462,75,23,12,2.337,3701.0999999999995,0.001028083333333333
2024-05-03 23:13:00,8,147,165,23,13,4.272,4281.6,0.0011893333333333335
2024-05-03 23:14:00,7,229,195,23,14,5.104,4531.200000000001,0.0012586666666666668
2024-05-03 23:15:00,10,253,134,23,15,3.603,4080.9,0.0011335833333333334
2024-05-03 23:16:00,11,160,206,23,16,5.3100000000000005,4593.0,0.0012758333333333332
2024-05-03 23:17:00,5,152,72,23,17,1.952,3585.6,0.000996
2024-05-03 23:18:00,13,193,93,23,18,2.5180000000000002,3755.4,0.0010431666666666666
2024-05-03 23:19:00,7,471,129,23,19,3.696,4108.8,0.0011413333333333334
2024-05-03 23:20:00,2,472,132,23,20,3.7720000000000002,4131.6,0.0011476666666666668
2024-05-03 23:21:00,3,219,103,23,21,2.794,3838.2000000000003,0.0010661666666666667
2024-05-03 23:22:00,9,450,238,23,22,6.4,4920.0,0.0013666666666666666
2024-05-03 23:23:00,8,367,184,23,23,4.9670000000000005,4490.1,0.00124725
2024-05-03 23:24:00,3,313,146,23,24,3.9630000000000005,4188.9,0.0011635833333333333
2024-05-03 23:25:00,10,139,197,23,25,5.064000000000001,4519.200000000001,0.0012553333333333336
2024-05-03 23:26:00,6,473,229,23,26,6.198,4859.4,0.0013498333333333333
2024-05-03 23:27:00,2,210,67,23,27,1.885,3565.5,0.0009904166666666666
2024-05-03 23:28:00,10,383,84,23,28,2.483,3744.9000000000005,0.0010402500000000002
2024-05-03 23:29:00,10,341,247,23,29,6.516000000000001,4954.800000000001,0.0013763333333333336
2024-05-03 23:30:00,3,424,216,23,30,5.824000000000001,4747.200000000001,0.0013186666666666668
2024-05-03 23:31:00,5,257,83,23,31,2.3320000000000003,3699.6000000000004,0.0010276666666666667
2024-05-03 23:32:00,12,281,172,23,32,4.5809999999999995,4374.299999999999,0.0012150833333333332
2024-05-03 23:33:00,10,251,201,23,33,5.276000000000001,4582.8,0.001273
2024-05-03 23:34:00,12,227,96,23,34,2.6270000000000002,3788.1000000000004,0.00105225
2024-05-03 23:35:00,6,356,73,23,35,2.181,3654.3,0.0010150833333333333
2024-05-03 23:36:00,13,223,200,23,36,5.223,4566.9,0.0012685833333333332
2024-05-03 23:37:00,12,197,191,23,37,4.972,4491.6,0.0012476666666666667
2024-05-03 23:38:00,10,335,119,23,38,3.31,3993.0,0.0011091666666666667
2024-05-03 23:39:00,8,340,239,23,39,6.315,4894.5,0.0013595833333333333
2024-05-03 23:40:00,5,395,216,23,40,5.795,4738.5,0.00131625
2024-05-03 23:41:00,10,251,166,23,41,4.401000000000001,4320.3,0.0012000833333333334
2024-05-03 23:42:00,7,369,172,23,42,4.669,4400.7,0.0012224166666666666
2024-05-03 23:43:00,9,260,161,23,43,4.285,4285.5,0.0011904166666666667
2024-05-03 23:44:00,7,377,157,23,44,4.3020000000000005,4290.6,0.0011918333333333334
2024-05-03 23:45:00,8,263,152,23,45,4.063000000000001,4218.9,0.0011719166666666666
2024-05-03 23:46:00,9,261,140,23,46,3.761,4128.3,0.00114675
2024-05-03 23:47:00,6,339,101,23,47,2.8640000000000003,3859.2000000000003,0.001072
2024-05-03 23:48:00,4,285,142,23,48,3.8350000000000004,4150.5,0.0011529166666666667
2024-05-03 23:49:00,7,174,68,23,49,1.874,3562.2,0.0009895
2024-05-03 23:50:00,10,250,236,23,50,6.15,4845.0,0.0013458333333333334
2024-05-03 23:51:00,4,368,175,23,51,4.743,4422.9,0.0012285833333333333
2024-05-03 23:52:00,7,160,168,23,52,4.36,4308.0,0.0011966666666666666
2024-05-03 23:53:00,12,386,93,23,53,2.7110000000000003,3813.3,0.00105925
2024-05-03 23:54:00,6,184,190,23,54,4.934,4480.200000000001,0.0012445000000000002
2024-05-03 23:55:00,9,454,156,23,55,4.354,4306.200000000001,0.0011961666666666668
2024-05-03 23:56:00,2,263,103,23,56,2.838,3851.4,0.0010698333333333334
2024-05-03 23:57:00,6,447,144,23,57,4.047,4214.1,0.0011705833333333334
2024-05-03 23:58:00,7,312,202,23,58,5.362000000000001,4608.6,0.0012801666666666669
2024-05-03 23:59:00,4,425,80,23,59,2.425,3727.5,0.0010354166666666667
2024-05-04 00:00:00,4,166,176,0,0,4.566000000000001,4369.8,0.0012138333333333335
2024-05-04 00:01:00,8,217,70,0,1,1.967,3590.1000000000004,0.00099725
2024-05-04 00:02:00,9,268,162,0,2,4.318,4295.4,0.0011931666666666666
2024-05-04 00:03:00,10,148,127,0,3,3.3230000000000004,3996.9,0.0011102500000000001
2024-05-04 00:04:00,13,228,83,0,4,2.3030000000000004,3690.9000000000005,0.0010252500000000001
2024-05-04 00:05:00,12,135,179,0,5,4.61,4383.0,0.0012175
2024-05-04 00:06:00,4,304,84,0,6,2.404,3721.2000000000003,0.0010336666666666667
2024-05-04 00:07:00,6,149,242,0,7,6.199000000000001,4859.700000000001,0.0013499166666666668
2024-05-04 00:08:00,11,276,215,0,8,5.651,4695.3,0.00130425
2024-05-04 00:09:00,7,368,164,0,9,4.468000000000001,4340.400000000001,0.0012056666666666667
2024-05-04 00:10:00,13,460,211,0,10,5.735,4720.5,0.00131125
2024-05-04 00:11:00,7,402,151,0,11,4.1770000000000005,4253.1,0.0011814166666666668
2024-05-04 00:12:00,9,183,138,0,12,3.633,4089.8999999999996,0.0011360833333333331
2024-05-04 00:13:00,5,346,208,0,13,5.546,4663.8,0.0012955
2024-05-04 00:14:00,10,294,148,0,14,3.994,4198.200000000001,0.001166166666666667
2024-05-04 00:15:00,11,381,130,0,15,3.6310000000000002,4089.3,0.0011359166666666668
2024-05-04 00:16:00,3,305,172,0,16,4.6049999999999995,4381.5,0.0012170833333333333
2024-05-04 00:17:00,13,266,66,0,17,1.9160000000000001,3574.8,0.000993
2024-05-04 00:18:00,3,436,66,0,18,2.0860000000000003,3625.8,0.0010071666666666666
2024-05-04 00:19:00,3,356,112,0,19,3.156,3946.8,0.0010963333333333335
2024-05-04 00:20:00,12,326,102,0,20,2.8760000000000003,3862.8,0.001073
2024-05-04 00:21:00,3,415,166,0,21,4.565,4369.5,0.00121375
2024-05-04 00:22:00,7,172,129,0,22,3.3970000000000002,4019.1000000000004,0.0011164166666666668
2024-05-04 00:23:00,9,390,184,0,23,4.99,4497.0,0.0012491666666666667
2024-05-04 00:24:00,2,202,87,0,24,2.3770000000000002,3713.1000000000004,0.0010314166666666668
2024-05-04 00:25:00,7,177,67,0,25,1.852,3555.6000000000004,0.0009876666666666669
2024-05-04 00:26:00,4,358,86,0,26,2.508,3752.3999999999996,0.0010423333333333333
2024-05-04 00:27:00,7,424,102,0,27,2.974,3892.2,0.0010811666666666667
2024-05-04 00:28:00,4,302,220,0,28,5.802,4740.6,0.0013168333333333335
2024-05-04 00:29:00,4,351,72,0,29,2.1510000000000002,3645.3,0.0010125833333333334
2024-05-04 00:30:00,9,247,96,0,30,2.6470000000000002,3794.1000000000004,0.0010539166666666668
2024-05-04 00:31:00,7,403,84,0,31,2.503,3750.9,0.0010419166666666667
2024-05-04 00:32:00,13,198,169,0,32,4.423000000000001,4326.900000000001,0.0012019166666666669
2024-05-04 00:33:00,9,363,78,0,33,2.313,3693.9,0.0010260833333333333
2024-05-04 00:34:00,9,271,183,0,34,4.846,4453.8,0.0012371666666666668
2024-05-04 00:35:00,4,342,140,0,35,3.842,4152.6,0.0011535
2024-05-04 00:36:00,7,377,199,0,36,5.352,4605.599999999999,0.0012793333333333333
2024-05-04 00:37:00,7,428,90,0,37,2.678,3803.4000000000005,0.0010565000000000001
2024-05-04 00:38:00,6,242,106,0,38,2.8920000000000003,3867.6,0.0010743333333333334
2024-05-04 00:39:00,4,356,187,0,39,5.031,4509.3,0.0012525833333333334
2024-05-04 00:40:00,3,335,69,0,40,2.06,3618.0,0.001005
2024-05-04 00:41:00,12,397,135,0,41,3.7720000000000002,4131.6,0.0011476666666666668
2024-05-04 00:42:00,8,335,160,0,42,4.335,4300.5,0.0011945833333333333
2024-05-04 00:43:00,10,445,216,0,43,5.845000000000001,4753.5,0.0013204166666666666
2024-05-04 00:44:00,4,176,100,0,44,2.676,3802.7999999999997,0.0010563333333333332
2024-05-04 00:45:00,4,280,131,0,45,3.5550000000000006,4066.5,0.0011295833333333334
2024-05-04 00:46:00,6,228,137,0,46,3.6530000000000005,4095.9,0.00113775
2024-05-04 00:47:00,4,360,106,0,47,3.0100000000000002,3903.0,0.0010841666666666667
2024-05-04 00:48:00,5,305,75,0,48,2.18,3654.0,0.001015
2024-05-04 00:49:00,11,151,217,0,49,5.5760000000000005,4672.8,0.0012980000000000001
2024-05-04 00:50:00,4,233,114,0,50,3.083,3924.8999999999996,0.0010902499999999999
2024-05-04 00:51:00,6,288,175,0,51,4.663,4398.900000000001,0.0012219166666666667
2024-05-04 00:52:00,3,234,160,0,52,4.234,4270.2,0.0011861666666666665
2024-05-04 00:53:00,10,405,137,0,53,3.83,4149.0,0.0011525
2024-05-04 00:54:00,3,219,229,0,54,5.944000000000001,4783.2,0.0013286666666666666
2024-05-04 00:55:00,5,392,106,0,55,3.0420000000000003,3912.6000000000004,0.0010868333333333335
2024-05-04 00:56:00,11,388,90,0,56,2.638,3791.3999999999996,0.0010531666666666667
2024-05-04 00:57:00,4,178,230,0,57,5.928,4778.400000000001,0.0013273333333333336
2024-05-04 00:58:00,10,317,112,0,58,3.1170000000000004,3935.1000000000004,0.0010930833333333335
2024-05-04 00:59:00,8,405,104,0,59,3.005,3901.5,0.00108375
2024-05-04 01:00:00,9,257,212,1,0,5.557,4667.1,0.0012964166666666669
2024-05-04 01:01:00,6,430,84,1,1,2.5300000000000002,3759.0,0.0010441666666666668
2024-05-04 01:02:00,10,168,222,1,2,5.718000000000001,4715.400000000001,0.0013098333333333334
2024-05-04 01:03:00,6,283,76,1,3,2.1830000000000003,3654.9,0.00101525
2024-05-04 01:04:00,3,413,90,1,4,2.6630000000000003,3798.9000000000005,0.0010552500000000002
2024-05-04 01:05:00,12,419,175,1,5,4.794,4438.2,0.0012328333333333332
2024-05-04 01:06:00,13,149,170,1,6,4.399,4319.700000000001,0.0011999166666666668
2024-05-04 01:07:00,7,397,129,1,7,3.622,4086.6000000000004,0.0011351666666666667
2024-05-04 01:08:00,8,131,202,1,8,5.181000000000001,4554.300000000001,0.0012650833333333336
2024-05-04 01:09:00,2,361,146,1,9,4.011,4203.3,0.0011675833333333334
2024-05-04 01:10:00,5,320,107,1,10,2.995,3898.5,0.0010829166666666667
2024-05-04 01:11:00,2,354,184,1,11,4.954000000000001,4486.200000000001,0.001246166666666667
2024-05-04 01:12:00,9,305,66,1,12,1.955,3586.5,0.00099625
2024-05-04 01:13:00,6,337,181,1,13,4.862,4458.6,0.0012385
2024-05-04 01:14:00,10,408,119,1,14,3.383,4014.8999999999996,0.00111525
2024-05-04 01:15:00,13,285,134,1,15,3.6350000000000002,4090.5,0.00113625
2024-05-04 01:16:00,12,373,121,1,16,3.3980000000000006,4019.4,0.0011165
2024-05-04 01:17:00,7,378,184,1,17,4.978000000000001,4493.4,0.0012481666666666665
2024-05-04 01:18:00,4,197,147,1,18,3.8720000000000003,4161.6,0.0011560000000000001
2024-05-04 01:19:00,12,362,127,1,19,3.5370000000000004,4061.1000000000004,0.0011280833333333334
2024-05-04 01:20:00,9,347,213,1,20,5.672000000000001,4701.6,0.001306
2024-05-04 01:21:00,6,279,219,1,21,5.7540000000000004,4726.200000000001,0.0013128333333333336
2024-05-04 01:22:00,5,207,111,1,22,2.982,3894.6000000000004,0.0010818333333333335
2024-05-04 01:23:00,3,275,120,1,23,3.275,3982.5,0.00110625
2024-05-04 01:24:00,7,230,142,1,24,3.7800000000000002,4134.0,0.0011483333333333332
2024-05-04 01:25:00,4,403,161,1,25,4.428000000000001,4328.400000000001,0.0012023333333333335
2024-05-04 01:26:00,3,349,177,1,26,4.774,4432.200000000001,0.0012311666666666669
2024-05-04 01:27:00,11,322,166,1,27,4.472,4341.6,0.001206
2024-05-04 01:28:00,5,249,121,1,28,3.2740000000000005,3982.2000000000003,0.0011061666666666668
2024-05-04 01:29:00,10,356,65,1,29,1.9809999999999999,3594.2999999999997,0.0009984166666666665
2024-05-04 01:30:00,8,378,98,1,30,2.8280000000000003,3848.4,0.001069
2024-05-04 01:31:00,4,351,155,1,31,4.226,4267.799999999999,0.0011854999999999997
2024-05-04 01:32:00,5,423,112,1,32,3.2230000000000003,3966.9,0.0011019166666666666
2024-05-04 01:33:00,9,349,149,1,33,4.074,4222.2,0.0011728333333333332
2024-05-04 01:34:00,3,347,220,1,34,5.847,4754.1,0.0013205833333333333
2024-05-04 01:35:00,2,162,196,1,35,5.062,4518.6,0.0012551666666666668
2024-05-04 01:36:00,8,408,83,1,36,2.483,3744.9000000000005,0.0010402500000000002
2024-05-04 01:37:00,10,415,75,1,37,2.29,3687.0,0.0010241666666666667
2024-05-04 01:38:00,11,146,211,1,38,5.421,4626.3,0.0012850833333333334
2024-05-04 01:39:00,3,424,166,1,39,4.574000000000001,4372.200000000001,0.0012145000000000003
2024-05-04 01:40:00,4,381,207,1,40,5.556000000000001,4666.800000000001,0.0012963333333333336
2024-05-04 01:41:00,6,342,133,1,41,3.6670000000000003,4100.1,0.0011389166666666668
2024-05-04 01:42:00,6,167,93,1,42,2.492,3747.6000000000004,0.001041
2024-05-04 01:43:00,5,175,160,1,43,4.175,4252.5,0.00118125
2024-05-04 01:44:00,8,417,151,1,44,4.192,4257.6,0.0011826666666666667
2024-05-04 01:45:00,5,233,108,1,45,2.9330000000000003,3879.9,0.00107775
2024-05-04 01:46:00,10,414,73,1,46,2.2390000000000003,3671.7000000000003,0.0010199166666666668
2024-05-04 01:47:00,12,271,109,1,47,2.996,3898.7999999999997,0.001083
2024-05-04 01:48:00,6,316,122,1,48,3.366,4009.8,0.0011138333333333334
2024-05-04 01:49:00,12,422,221,1,49,5.947,4784.099999999999,0.0013289166666666666
2024-05-04 01:50:00,3,409,68,1,50,2.109,3632.7,0.0010090833333333332
2024-05-04 01:51:00,6,265,220,1,51,5.765,4729.5,0.00131375
2024-05-04 01:52:00,4,329,140,1,52,3.829,4148.700000000001,0.0011524166666666668
2024-05-04 01:53:00,11,209,157,1,53,4.134,4240.200000000001,0.0011778333333333335
2024-05-04 01:54:00,7,188,122,1,54,3.2380000000000004,3971.4,0.0011031666666666668
2024-05-04 01:55:00,12,212,127,1,55,3.3870000000000005,4016.1000000000004,0.0011155833333333334
2024-05-04 01:56:00,4,420,179,1,56,4.8950000000000005,4468.5,0.00124125
2024-05-04 01:57:00,8,341,82,1,57,2.3910000000000005,3717.3,0.0010325833333333335
2024-05-04 01:58:00,12,373,160,1,58,4.373,4311.9,0.0011977499999999998
2024-05-04 01:59:00,11,309,194,1,59,5.159000000000001,4547.700000000001,0.0012632500000000003
2024-05-04 02:00:00,8,335,69,2,0,2.06,3618.0,0.001005
2024-05-04 02:01:00,9,237,199,2,1,5.212000000000001,4563.6,0.0012676666666666667
2024-05-04 02:02:00,9,380,162,2,2,4.43,4329.0,0.0012025
2024-05-04 02:03:00,10,373,141,2,3,3.8980000000000006,4169.4,0.0011581666666666665
2024-05-04 02:04:00,8,207,155,2,4,4.082,4224.6,0.0011735
2024-05-04 02:05:00,6,254,181,2,5,4.779,4433.7,0.0012315833333333332
2024-05-04 02:06:00,9,297,132,2,6,3.5970000000000004,4079.1000000000004,0.0011330833333333334
2024-05-04 02:07:00,7,187,151,2,7,3.962,4188.599999999999,0.0011634999999999998
2024-05-04 02:08:00,12,136,138,2,8,3.5860000000000003,4075.8,0.0011321666666666667
2024-05-04 02:09:00,11,288,214,2,9,5.638000000000001,4691.4,0.0013031666666666667
2024-05-04 02:10:00,6,328,160,2,10,4.328,4298.4,0.001194
2024-05-04 02:11:00,6,333,211,2,11,5.6080000000000005,4682.4,0.0013006666666666666
2024-05-04 02:12:00,11,251,144,2,12,3.851,4155.299999999999,0.00115425
2024-05-04 02:13:00,9,300,87,2,13,2.475,3742.5,0.0010395833333333333
2024-05-04 02:14:00,2,233,101,2,14,2.7580000000000005,3827.4,0.0010631666666666667
2024-05-04 02:15:00,5,372,95,2,15,2.747,3824.1,0.00106225
2024-05-04 02:16:00,5,254,101,2,16,2.7790000000000004,3833.7,0.0010649166666666667
2024-05-04 02:17:00,9,176,147,2,17,3.8510000000000004,4155.3,0.0011542500000000001
2024-05-04 02:18:00,11,136,111,2,18,2.9110000000000005,3873.3,0.0010759166666666666
2024-05-04 02:19:00,7,204,119,2,19,3.1790000000000003,3953.7,0.00109825
2024-05-04 02:20:00,2,148,103,2,20,2.7230000000000003,3816.9,0.00106025
2024-05-04 02:21:00,8,166,130,2,21,3.416,4024.8,0.001118
2024-05-04 02:22:00,9,324,145,2,22,3.949,4184.7,0.0011624166666666666
2024-05-04 02:23:00,6,371,195,2,23,5.246,4573.8,0.0012705000000000001
2024-05-04 02:24:00,9,314,137,2,24,3.7390000000000003,4121.700000000001,0.001144916666666667
2024-05-04 02:25:00,4,249,96,2,25,2.6490000000000005,3794.7000000000003,0.0010540833333333333
2024-05-04 02:26:00,5,363,73,2,26,2.188,3656.4,0.0010156666666666667
2024-05-04 02:27:00,3,267,159,2,27,4.242,4272.6,0.0011868333333333334
2024-05-04 02:28:00,5,132,212,2,28,5.432,4629.6,0.001286
2024-05-04 02:29:00,6,359,105,2,29,2.984,3895.2,0.0010819999999999998
2024-05-04 02:30:00,8,263,150,2,30,4.013,4203.9,0.00116775
2024-05-04 02:31:00,9,351,196,2,31,5.251,4575.3,0.0012709166666666667
2024-05-04 02:32:00,9,131,207,2,32,5.306000000000001,4591.800000000001,0.0012755000000000004
2024-05-04 02:33:00,11,145,198,2,33,5.095,4528.5,0.0012579166666666667
2024-05-04 02:34:00,9,366,193,2,34,5.191,4557.299999999999,0.0012659166666666665
2024-05-04 02:35:00,3,395,100,2,35,2.895,3868.5,0.0010745833333333334
2024-05-04 02:36:00,3,159,159,2,36,4.134,4240.200000000001,0.0011778333333333335
2024-05-04 02:37:00,3,206,179,2,37,4.681000000000001,4404.300000000001,0.001223416666666667
2024-05-04 02:38:00,6,295,127,2,38,3.47,4041.0,0.0011225
2024-05-04 02:39:00,3,129,128,2,39,3.329,3998.7000000000003,0.00111075
2024-05-04 02:40:00,10,125,119,2,40,3.1,3930.0,0.0010916666666666666
2024-05-04 02:41:00,5,143,107,2,41,2.8180000000000005,3845.4,0.0010681666666666667
2024-05-04 02:42:00,7,386,190,2,42,5.136,4540.8,0.0012613333333333335
2024-05-04 02:43:00,10,221,199,2,43,5.196000000000001,4558.8,0.0012663333333333333
2024-05-04 02:44:00,2,164,165,2,44,4.289,4286.7,0.00119075
2024-05-04 02:45:00,4,227,117,2,45,3.152,3945.6000000000004,0.0010960000000000002
2024-05-04 02:46:00,2,401,75,2,46,2.276,3682.8,0.001023
2024-05-04 02:47:00,8,370,184,2,47,4.970000000000001,4491.0,0.0012475
2024-05-04 02:48:00,6,173,89,2,48,2.398,3719.4,0.0010331666666666666
2024-05-04 02:49:00,2,366,200,2,49,5.366,4609.799999999999,0.0012804999999999997
2024-05-04 02:50:00,2,373,176,2,50,4.773000000000001,4431.9,0.0012310833333333332
2024-05-04 02:51:00,9,355,170,2,51,4.605,4381.5,0.0012170833333333333
2024-05-04 02:52:00,6,394,106,2,52,3.0440000000000005,3913.2000000000003,0.001087
2024-05-04 02:53:00,9,279,115,2,53,3.154,3946.2,0.0010961666666666665
2024-05-04 02:54:00,9,333,69,2,54,2.0580000000000003,3617.4,0.0010048333333333333
2024-05-04 02:55:00,8,298,70,2,55,2.048,3614.4,0.0010040000000000001
2024-05-04 02:56:00,11,144,194,2,56,4.994000000000001,4498.200000000001,0.0012495000000000002
2024-05-04 02:57:00,7,160,147,2,57,3.8350000000000004,4150.5,0.0011529166666666667
2024-05-04 02:58:00,4,161,70,2,58,1.911,3573.2999999999997,0.0009925833333333332
2024-05-04 02:59:00,4,170,157,2,59,4.095000000000001,4228.5,0.0011745833333333333
2024-05-04 03:00:00,5,286,204,3,0,5.386000000000001,4615.8,0.0012821666666666667
2024-05-04 03:01:00,5,289,125,3,1,3.414,4024.2,0.0011178333333333333
2024-05-04 03:02:00,6,356,109,3,2,3.081,3924.2999999999997,0.0010900833333333333
2024-05-04 03:03:00,10,266,112,3,3,3.0660000000000003,3919.8,0.0010888333333333334
2024-05-04 03:04:00,7,233,122,3,4,3.2830000000000004,3984.9,0.0011069166666666666
2024-05-04 03:05:00,10,326,141,3,5,3.8510000000000004,4155.3,0.0011542500000000001
2024-05-04 03:06:00,4,318,94,3,6,2.668,3800.4,0.0010556666666666668
2024-05-04 03:07:00,2,143,145,3,7,3.768,4130.4,0.0011473333333333333
2024-05-04 03:08:00,8,392,60,3,8,1.892,3567.5999999999995,0.000991
2024-05-04 03:09:00,11,295,106,3,9,2.9450000000000003,3883.5,0.00107875
2024-05-04 03:10:00,10,263,166,3,10,4.413,4323.900000000001,0.0012010833333333335
2024-05-04 03:11:00,9,298,181,3,11,4.823,4446.9,0.0012352499999999998
2024-05-04 03:12:00,10,341,66,3,12,1.991,3597.2999999999997,0.00099925
2024-05-04 03:13:00,10,203,190,3,13,4.953,4485.9,0.0012460833333333332
2024-05-04 03:14:00,5,129,168,3,14,4.329000000000001,4298.700000000001,0.0011940833333333335
2024-05-04 03:15:00,7,258,117,3,15,3.1830000000000003,3954.9,0.0010985833333333334
2024-05-04 03:16:00,7,378,162,3,16,4.428,4328.400000000001,0.0012023333333333335
2024-05-04 03:17:00,7,324,67,3,17,1.999,3599.7,0.0009999166666666665
2024-05-04 03:18:00,11,349,124,3,18,3.4490000000000003,4034.7000000000003,0.00112075
2024-05-04 03:19:00,6,295,69,3,19,2.02,3606.0,0.0010016666666666668
2024-05-04 03:20:00,7,162,92,3,20,2.462,3738.5999999999995,0.0010385
2024-05-04 03:21:00,7,212,76,3,21,2.112,3633.6000000000004,0.0010093333333333334
2024-05-04 03:22:00,10,339,181,3,22,4.864000000000001,4459.2,0.0012386666666666666
2024-05-04 03:23:00,2,374,186,3,23,5.024,4507.200000000001,0.0012520000000000003
2024-05-04 03:24:00,4,211,150,3,24,3.961,4188.3,0.0011634166666666668
2024-05-04 03:25:00,8,276,148,3,25,3.976,4192.799999999999,0.0011646666666666665
2024-05-04 03:26:00,4,167,171,3,26,4.442,4332.6,0.0012035000000000001
2024-05-04 03:27:00,10,130,68,3,27,1.83,3549.0,0.0009858333333333334
2024-05-04 03:28:00,5,333,108,3,28,3.0330000000000004,3909.9,0.0010860833333333334
2024-05-04 03:29:00,9,306,62,3,29,1.856,3556.7999999999997,0.000988
2024-05-04 03:30:00,10,158,84,3,30,2.258,3677.3999999999996,0.0010214999999999998
2024-05-04 03:31:00,8,190,89,3,31,2.415,3724.5,0.0010345833333333333
2024-05-04 03:32:00,5,165,198,3,32,5.115,4534.5,0.0012595833333333333
2024-05-04 03:33:00,6,288,152,3,33,4.088,4226.4,0.001174
2024-05-04 03:34:00,9,218,134,3,34,3.568,4070.3999999999996,0.0011306666666666665
2024-05-04 03:35:00,10,297,109,3,35,3.0220000000000002,3906.6000000000004,0.0010851666666666668
2024-05-04 03:36:00,5,291,68,3,36,1.991,3597.2999999999997,0.00099925
2024-05-04 03:37:00,4,372,135,3,37,3.747,4124.1,0.0011455833333333335
2024-05-04 03:38:00,7,317,118,3,38,3.2670000000000003,3980.0999999999995,0.0011055833333333332
2024-05-04 03:39:00,4,324,101,3,39,2.849,3854.7,0.0010707499999999999
2024-05-04 03:40:00,9,157,163,3,40,4.232,4269.6,0.0011860000000000002
2024-05-04 03:41:00,7,173,108,3,41,2.873,3861.9,0.00107275
2024-05-04 03:42:00,9,181,184,3,42,4.781000000000001,4434.3,0.00123175
2024-05-04 03:43:00,10,350,82,3,43,2.4000000000000004,3720.0,0.0010333333333333334
2024-05-04 03:44:00,4,338,119,3,44,3.313,3993.8999999999996,0.0011094166666666665
2024-05-04 03:45:00,5,287,114,3,45,3.137,3941.1000000000004,0.00109475
2024-05-04 03:46:00,10,360,78,3,46,2.31,3693.0,0.0010258333333333332
2024-05-04 03:47:00,3,215,118,3,47,3.165,3949.5,0.0010970833333333334
2024-05-04 03:48:00,2,360,130,3,48,3.61,4083.0,0.0011341666666666666
2024-05-04 03:49:00,8,143,116,3,49,3.043,3912.8999999999996,0.0010869166666666666
2024-05-04 03:50:00,4,162,89,3,50,2.387,3716.1000000000004,0.0010322500000000002
2024-05-04 03:51:00,3,129,172,3,51,4.429,4328.7,0.0012024166666666665
2024-05-04 03:52:00,7,368,142,3,52,3.918,4175.4,0.0011598333333333332
2024-05-04 03:53:00,10,268,69,3,53,1.993,3597.9,0.0009994166666666667
2024-05-04 03:54:00,8,264,100,3,54,2.7640000000000002,3829.2,0.0010636666666666665
2024-05-04 03:55:00,4,260,170,3,55,4.51,4353.0,0.0012091666666666668
2024-05-04 03:56:00,6,198,189,3,56,4.923000000000001,4476.900000000001,0.0012435833333333335
2024-05-04 03:57:00,7,237,169,3,57,4.462000000000001,4338.6,0.0012051666666666667
2024-05-04 03:58:00,2,318,100,3,58,2.818,3845.4,0.0010681666666666667
2024-05-04 03:59:00,4,201,72,3,59,2.001,3600.3,0.0010000833333333333
2024-05-04 04:00:00,2,257,104,4,0,2.857,3857.1000000000004,0.0010714166666666667
2024-05-04 04:01:00,5,166,188,4,1,4.8660000000000005,4459.8,0.0012388333333333333
2024-05-04 04:02:00,2,132,121,4,2,3.1570000000000005,3947.1,0.0010964166666666665
2024-05-04 04:03:00,6,154,85,4,3,2.279,3683.7000000000003,0.00102325
2024-05-04 04:04:00,3,119,184,4,4,4.719,4415.7,0.0012265833333333332
2024-05-04 04:05:00,6,356,168,4,5,4.556,4366.8,0.001213
2024-05-04 04:06:00,5,293,71,4,6,2.068,3620.4,0.0010056666666666666
2024-05-04 04:07:00,4,193,158,4,7,4.143,4242.9,0.0011785833333333331
2024-05-04 04:08:00,4,252,84,4,8,2.3520000000000003,3705.6,0.0010293333333333333
2024-05-04 04:09:00,4,329,123,4,9,3.4040000000000004,4021.2,0.001117
2024-05-04 04:10:00,8,348,64,4,10,1.9480000000000002,3584.4,0.0009956666666666666
2024-05-04 04:11:00,9,276,154,4,11,4.126,4237.8,0.0011771666666666666
2024-05-04 04:12:00,7,184,105,4,12,2.809,3842.7000000000003,0.0010674166666666668
2024-05-04 04:13:00,8,362,95,4,13,2.737,3821.1000000000004,0.0010614166666666667
2024-05-04 04:14:00,7,176,85,4,14,2.301,3690.2999999999997,0.0010250833333333334
2024-05-04 04:15:00,10,337,184,4,15,4.937,4481.1,0.0012447500000000002
2024-05-04 04:16:00,6,172,173,4,16,4.497,4349.1,0.0012080833333333334
2024-05-04 04:17:00,2,263,165,4,17,4.388,4316.4,0.001199
2024-05-04 04:18:00,8,255,181,4,18,4.78,4434.0,0.0012316666666666667
2024-05-04 04:19:00,7,262,94,4,19,2.612,3783.6000000000004,0.001051
2024-05-04 04:20:00,3,190,86,4,20,2.34,3702.0,0.0010283333333333334
2024-05-04 04:21:00,4,190,171,4,21,4.465000000000001,4339.5,0.0012054166666666667
2024-05-04 04:22:00,2,216,136,4,22,3.6160000000000005,4084.8,0.0011346666666666666
2024-05-04 04:23:00,5,237,156,4,23,4.1370000000000005,4241.1,0.0011780833333333335
2024-05-04 04:24:00,9,293,61,4,24,1.818,3545.4,0.0009848333333333334
2024-05-04 04:25:00,7,169,78,4,25,2.119,3635.7000000000003,0.0010099166666666668
2024-05-04 04:26:00,3,210,111,4,26,2.9850000000000003,3895.5,0.0010820833333333333
2024-05-04 04:27:00,6,251,77,4,27,2.176,3652.7999999999997,0.0010146666666666665
2024-05-04 04:28:00,9,179,125,4,28,3.304,3991.2,0.0011086666666666667
2024-05-04 04:29:00,7,290,181,4,29,4.815,4444.5,0.0012345833333333334
2024-05-04 04:30:00,4,206,64,4,30,1.806,3541.8,0.0009838333333333333
2024-05-04 04:31:00,3,286,79,4,31,2.261,3678.2999999999997,0.0010217499999999999
2024-05-04 04:32:00,9,357,115,4,32,3.232,3969.6000000000004,0.0011026666666666667
2024-05-04 04:33:00,4,317,67,4,33,1.992,3597.6000000000004,0.0009993333333333334
2024-05-04 04:34:00,7,137,73,4,34,1.9620000000000002,3588.5999999999995,0.000996833333333333
2024-05-04 04:35:00,6,177,172,4,35,4.476999999999999,4343.1,0.0012064166666666668
2024-05-04 04:36:00,10,174,126,4,36,3.3240000000000003,3997.2000000000003,0.0011103333333333334
2024-05-04 04:37:00,4,325,102,4,37,2.8750000000000004,3862.5,0.0010729166666666667
2024-05-04 04:38:00,2,245,63,4,38,1.8200000000000003,3546.0,0.000985
2024-05-04 04:39:00,8,260,124,4,39,3.3600000000000003,4008.0,0.0011133333333333334
2024-05-04 04:40:00,6,346,100,4,40,2.846,3853.7999999999997,0.0010704999999999998
2024-05-04 04:41:00,4,144,169,4,41,4.369000000000001,4310.700000000001,0.001197416666666667
2024-05-04 04:42:00,7,353,64,4,42,1.953,3585.9,0.0009960833333333334
2024-05-04 04:43:00,4,278,102,4,43,2.8280000000000003,3848.4,0.001069
2024-05-04 04:44:00,9,303,68,4,44,2.003,3600.9,0.00100025
2024-05-04 04:45:00,3,254,154,4,45,4.104,4231.200000000001,0.0011753333333333336
2024-05-04 04:46:00,3,247,72,4,46,2.047,3614.1000000000004,0.0010039166666666668
2024-05-04 04:47:00,9,281,112,4,47,3.0810000000000004,3924.3,0.0010900833333333333
2024-05-04 04:48:00,9,273,180,4,48,4.773,4431.900000000001,0.0012310833333333334
2024-05-04 04:49:00,9,118,78,4,49,2.068,3620.4,0.0010056666666666666
2024-05-04 04:50:00,5,225,132,4,50,3.5250000000000004,4057.5,0.0011270833333333332
2024-05-04 04:51:00,8,205,114,4,51,3.055,3916.5,0.0010879166666666667
2024-05-04 04:52:00,8,158,83,4,52,2.233,3669.9000000000005,0.0010194166666666667
2024-05-04 04:53:00,4,316,177,4,53,4.741,4422.299999999999,0.0012284166666666665
2024-05-04 04:54:00,9,255,181,4,54,4.78,4434.0,0.0012316666666666667
2024-05-04 04:55:00,2,329,173,4,55,4.654,4396.2,0.0012211666666666666
2024-05-04 04:56:00,5,223,60,4,56,1.723,3516.9,0.0009769166666666667
2024-05-04 04:57:00,3,233,120,4,57,3.233,3969.9000000000005,0.0011027500000000002
2024-05-04 04:58:00,7,266,85,4,58,2.391,3717.3,0.0010325833333333335
2024-05-04 04:59:00,1,281,147,4,59,3.9560000000000004,4186.8,0.001163
2024-05-04 05:00:00,7,226,121,5,0,3.2510000000000003,3975.3,0.00110425
2024-05-04 05:01:00,4,140,116,5,1,3.0400000000000005,3912.0,0.0010866666666666668
2024-05-04 05:02:00,7,332,150,5,2,4.082,4224.6,0.0011735
2024-05-04 05:03:00,2,327,59,5,3,1.802,3540.6000000000004,0.0009835
2024-05-04 05:04:00,7,240,70,5,4,1.99,3597.0,0.0009991666666666666
2024-05-04 05:05:00,7,199,94,5,5,2.549,3764.7000000000003,0.00104575
2024-05-04 05:06:00,4,214,178,5,6,4.664000000000001,4399.2,0.001222
2024-05-04 05:07:00,5,197,169,5,7,4.422000000000001,4326.6,0.0012018333333333334
2024-05-04 05:08:00,5,182,106,5,8,2.8320000000000003,3849.6000000000004,0.0010693333333333334
2024-05-04 05:09:00,6,276,91,5,9,2.551,3765.2999999999997,0.0010459166666666666
2024-05-04 05:10:00,2,187,62,5,10,1.737,3521.1000000000004,0.0009780833333333334
2024-05-04 05:11:00,9,168,58,5,11,1.618,3485.4,0.0009681666666666667
2024-05-04 05:12:00,4,227,110,5,12,2.977,3893.1000000000004,0.0010814166666666667
2024-05-04 05:13:00,4,292,134,5,13,3.642,4092.5999999999995,0.0011368333333333332
2024-05-04 05:14:00,8,299,110,5,14,3.049,3914.7,0.0010874166666666667
2024-05-04 05:15:00,7,242,174,5,15,4.5920000000000005,4377.6,0.001216
2024-05-04 05:16:00,2,308,130,5,16,3.558,4067.3999999999996,0.0011298333333333332
2024-05-04 05:17:00,7,336,158,5,17,4.2860000000000005,4285.8,0.0011905000000000002
2024-05-04 05:18:00,5,138,175,5,18,4.513,4353.9,0.0012094166666666666
2024-05-04 05:19:00,2,330,72,5,19,2.13,3639.0,0.0010108333333333334
2024-05-04 05:20:00,6,281,135,5,20,3.656,4096.8,0.0011380000000000001
2024-05-04 05:21:00,3,288,133,5,21,3.6130000000000004,4083.9,0.0011344166666666666
2024-05-04 05:22:00,1,276,70,5,22,2.026,3607.8,0.0010021666666666666
2024-05-04 05:23:00,3,268,137,5,23,3.6930000000000005,4107.9,0.0011410833333333331
2024-05-04 05:24:00,4,125,74,5,24,1.975,3592.5,0.0009979166666666667
2024-05-04 05:25:00,7,320,162,5,25,4.37,4311.0,0.0011975
2024-05-04 05:26:00,7,333,134,5,26,3.6830000000000003,4104.9,0.00114025
2024-05-04 05:27:00,4,131,109,5,27,2.856,3856.7999999999997,0.0010713333333333332
2024-05-04 05:28:00,7,326,98,5,28,2.7760000000000002,3832.8,0.0010646666666666667
2024-05-04 05:29:00,7,293,96,5,29,2.6930000000000005,3807.9,0.00105775
2024-05-04 05:30:00,3,262,156,5,30,4.162000000000001,4248.6,0.0011801666666666668
2024-05-04 05:31:00,9,136,164,5,31,4.236000000000001,4270.8,0.0011863333333333333
2024-05-04 05:32:00,4,216,96,5,32,2.6160000000000005,3784.8,0.0010513333333333334
2024-05-04 05:33:00,2,257,121,5,33,3.2820000000000005,3984.6,0.0011068333333333334
2024-05-04 05:34:00,4,158,158,5,34,4.1080000000000005,4232.4,0.0011756666666666667
2024-05-04 05:35:00,8,182,62,5,35,1.732,3519.6000000000004,0.0009776666666666668
2024-05-04 05:36:00,5,197,83,5,36,2.2720000000000002,3681.6000000000004,0.0010226666666666667
2024-05-04 05:37:00,3,235,133,5,37,3.56,4068.0,0.00113
2024-05-04 05:38:00,3,183,130,5,38,3.433,4029.8999999999996,0.0011194166666666666
2024-05-04 05:39:00,9,177,75,5,39,2.052,3615.6000000000004,0.0010043333333333334
2024-05-04 05:40:00,9,169,96,5,40,2.5690000000000004,3770.7,0.0010474166666666665
2024-05-04 05:41:00,5,269,60,5,41,1.7690000000000001,3530.7000000000003,0.00098075
2024-05-04 05:42:00,1,214,163,5,42,4.289000000000001,4286.7,0.00119075
2024-05-04 05:43:00,6,194,148,5,43,3.894,4168.200000000001,0.0011578333333333336
2024-05-04 05:44:00,4,144,105,5,44,2.769,3830.7000000000003,0.0010640833333333333
2024-05-04 05:45:00,6,194,81,5,45,2.219,3665.7,0.00101825
2024-05-04 05:46:00,7,247,163,5,46,4.322,4296.599999999999,0.0011935
2024-05-04 05:47:00,5,317,132,5,47,3.6170000000000004,4085.1000000000004,0.0011347500000000001
2024-05-04 05:48:00,7,149,64,5,48,1.749,3524.7,0.0009790833333333333
2024-05-04 05:49:00,8,134,162,5,49,4.184,4255.200000000001,0.001182
2024-05-04 05:50:00,1,251,63,5,50,1.826,3547.7999999999997,0.0009854999999999998
2024-05-04 05:51:00,5,245,165,5,51,4.37,4311.0,0.0011975
2024-05-04 05:52:00,6,302,102,5,52,2.8520000000000003,3855.6,0.001071
2024-05-04 05:53:00,7,296,157,5,53,4.221,4266.3,0.0011850833333333333
2024-05-04 05:54:00,9,287,69,5,54,2.012,3603.6000000000004,0.0010010000000000002
2024-05-04 05:55:00,5,128,62,5,55,1.678,3503.4000000000005,0.0009731666666666668
2024-05-04 05:56:00,2,251,99,5,56,2.726,3817.7999999999997,0.0010605
2024-05-04 05:57:00,7,219,118,5,57,3.169,3950.7000000000003,0.0010974166666666667
2024-05-04 05:58:00,9,155,151,5,58,3.93,4179.0,0.0011608333333333334
2024-05-04 05:59:00,7,276,64,5,59,1.8760000000000001,3562.8,0.0009896666666666667
2024-05-04 06:00:00,40,1293,629,6,0,17.018,8105.4,0.0022515
2024-05-04 06:01:00,10,504,179,6,1,4.979000000000001,4493.700000000001,0.0012482500000000002
2024-05-04 06:02:00,26,1194,350,6,2,9.943999999999999,5983.199999999999,0.0016619999999999996
2024-05-04 06:03:00,7,1265,430,6,3,12.015,6604.5,0.0018345833333333332
2024-05-04 06:04:00,19,588,358,6,4,9.538,5861.400000000001,0.0016281666666666669
2024-05-04 06:05:00,5,1359,551,6,5,15.134,7540.200000000001,0.0020945
2024-05-04 06:06:00,28,1337,559,6,6,15.312000000000001,7593.6,0.0021093333333333333
2024-05-04 06:07:00,22,495,706,6,7,18.145000000000003,8443.5,0.0023454166666666667
2024-05-04 06:08:00,26,401,403,6,8,10.476,6142.8,0.0017063333333333334
2024-05-04 06:09:00,31,1370,578,6,9,15.82,7746.0,0.0021516666666666667
2024-05-04 06:10:00,25,596,629,6,10,16.321,7896.300000000001,0.002193416666666667
2024-05-04 06:11:00,32,1119,535,6,11,14.494,7348.2,0.002041166666666667
2024-05-04 06:12:00,13,1236,250,6,12,7.486,5245.8,0.0014571666666666667
2024-05-04 06:13:00,10,1329,560,6,13,15.329,7598.700000000001,0.00211075
2024-05-04 06:14:00,26,1343,293,6,14,8.668,5600.4,0.0015556666666666666
2024-05-04 06:15:00,25,897,194,6,15,5.747000000000001,4724.1,0.00131225
2024-05-04 06:16:00,37,417,343,6,16,8.992,5697.6,0.0015826666666666667
2024-05-04 06:17:00,29,1289,484,6,17,13.389000000000001,7016.700000000001,0.0019490833333333335
2024-05-04 06:18:00,7,546,491,6,18,12.821,6846.299999999999,0.0019017499999999998
2024-05-04 06:19:00,29,965,277,6,19,7.890000000000001,5367.0,0.0014908333333333334
2024-05-04 06:20:00,31,1041,289,6,20,8.266,5479.8,0.0015221666666666667
2024-05-04 06:21:00,20,513,467,6,21,12.188,6656.4,0.001849
2024-05-04 06:22:00,32,977,259,6,22,7.452000000000001,5235.6,0.0014543333333333335
2024-05-04 06:23:00,19,816,596,6,23,15.716000000000001,7714.8,0.002143
2024-05-04 06:24:00,32,692,266,6,24,7.3420000000000005,5202.6,0.0014451666666666669
2024-05-04 06:25:00,20,701,398,6,25,10.651000000000002,6195.3,0.0017209166666666668
2024-05-04 06:26:00,16,1085,265,6,26,7.71,5313.0,0.0014758333333333333
2024-05-04 06:27:00,13,708,520,6,27,13.708,7112.4,0.0019756666666666664
2024-05-04 06:28:00,10,629,575,6,28,15.004,7501.2,0.002083666666666667
2024-05-04 06:29:00,26,1029,301,6,29,8.554,5566.2,0.0015461666666666666
2024-05-04 06:30:00,35,1044,281,6,30,8.069,5420.7,0.00150575
2024-05-04 06:31:00,11,452,202,6,31,5.502000000000001,4650.6,0.0012918333333333334
2024-05-04 06:32:00,34,624,697,6,32,18.049,8414.7,0.002337416666666667
2024-05-04 06:33:00,14,1031,368,6,33,10.231000000000002,6069.3,0.0016859166666666667
2024-05-04 06:34:00,19,485,346,6,34,9.135,5740.5,0.0015945833333333333
2024-05-04 06:35:00,13,699,362,6,35,9.749,5924.7,0.0016457499999999999
2024-05-04 06:36:00,5,834,418,6,36,11.284,6385.200000000001,0.0017736666666666669
2024-05-04 06:37:00,8,903,394,6,37,10.753000000000002,6225.900000000001,0.0017294166666666669
2024-05-04 06:38:00,26,744,179,6,38,5.219,4565.7,0.0012682499999999998
2024-05-04 06:39:00,35,939,502,6,39,13.489,7046.700000000001,0.0019574166666666668
2024-05-04 06:40:00,8,1287,341,6,40,9.812000000000001,5943.6,0.0016510000000000001
2024-05-04 06:41:00,35,1023,568,6,41,15.223,7566.9,0.0021019166666666664
2024-05-04 06:42:00,26,720,229,6,42,6.445,4933.5,0.0013704166666666667
2024-05-04 06:43:00,34,807,484,6,43,12.907000000000002,6872.1,0.0019089166666666668
2024-05-04 06:44:00,31,1079,313,6,44,8.904,5671.200000000001,0.0015753333333333335
2024-05-04 06:45:00,25,1146,464,6,45,12.746000000000002,6823.8,0.0018955
2024-05-04 06:46:00,17,1013,251,6,46,7.288,5186.400000000001,0.001440666666666667
2024-05-04 06:47:00,31,1097,362,6,47,10.147,6044.1,0.0016789166666666667
2024-05-04 06:48:00,16,1241,410,6,48,11.491,6447.299999999999,0.0017909166666666666
2024-05-04 06:49:00,8,453,434,6,49,11.303,6390.900000000001,0.0017752500000000001
2024-05-04 06:50:00,11,1088,445,6,50,12.213000000000001,6663.9,0.0018510833333333333
2024-05-04 06:51:00,29,1223,416,6,51,11.623000000000001,6486.9,0.0018019166666666665
2024-05-04 06:52:00,29,677,356,6,52,9.577,5873.1,0.0016314166666666669
2024-05-04 06:53:00,31,1160,412,6,53,11.46,6438.0,0.0017883333333333334
2024-05-04 06:54:00,26,536,232,6,54,6.336,4900.8,0.0013613333333333333
2024-05-04 06:55:00,19,1191,544,6,55,14.791000000000002,7437.3,0.002065916666666667
2024-05-04 06:56:00,17,669,578,6,56,15.119000000000002,7535.700000000001,0.00209325
2024-05-04 06:57:00,19,416,389,6,57,10.141000000000002,6042.300000000001,0.001678416666666667
2024-05-04 06:58:00,25,456,356,6,58,9.356,5806.799999999999,0.0016129999999999999
2024-05-04 06:59:00,19,590,617,6,59,16.015,7804.5,0.0021679166666666665
2024-05-04 07:00:00,17,648,652,7,0,16.948,8084.4,0.0022456666666666666
2024-05-04 07:01:00,7,942,488,7,1,13.142000000000001,6942.6,0.0019285
2024-05-04 07:02:00,25,438,346,7,2,9.088000000000001,5726.4,0.0015906666666666667
2024-05-04 07:03:00,8,1154,397,7,3,11.079,6323.700000000001,0.0017565833333333335
2024-05-04 07:04:00,34,399,329,7,4,8.623999999999999,5587.2,0.001552
2024-05-04 07:05:00,8,467,614,7,5,15.817000000000002,7745.1,0.002151416666666667
2024-05-04 07:06:00,7,596,586,7,6,15.246,7573.8,0.0021038333333333334
2024-05-04 07:07:00,34,428,376,7,7,9.828000000000001,5948.400000000001,0.0016523333333333336
2024-05-04 07:08:00,22,1223,334,7,8,9.573,5871.9,0.0016310833333333331
2024-05-04 07:09:00,35,803,602,7,9,15.853000000000002,7755.9,0.0021544166666666665
2024-05-04 07:10:00,5,440,319,7,10,8.415000000000001,5524.5,0.0015345833333333333
2024-05-04 07:11:00,29,1019,338,7,11,9.469000000000001,5840.700000000001,0.001622416666666667
2024-05-04 07:12:00,14,924,476,7,12,12.824,6847.2,0.001902
2024-05-04 07:13:00,32,768,388,7,13,10.468000000000002,6140.400000000001,0.0017056666666666667
2024-05-04 07:14:00,31,642,464,7,14,12.242,6672.6,0.0018535000000000001
2024-05-04 07:15:00,34,942,445,7,15,12.067,6620.1,0.0018389166666666669
2024-05-04 07:16:00,17,537,193,7,16,5.362,4608.6,0.0012801666666666669
2024-05-04 07:17:00,20,1133,560,7,17,15.133,7539.9,0.0020944166666666667
2024-05-04 07:18:00,23,506,400,7,18,10.506,6151.799999999999,0.001708833333333333
2024-05-04 07:19:00,32,932,431,7,19,11.707,6512.1,0.0018089166666666668
2024-05-04 07:20:00,19,977,190,7,20,5.727,4718.099999999999,0.001310583333333333
2024-05-04 07:21:00,20,995,193,7,21,5.82,4746.0,0.0013183333333333332
2024-05-04 07:22:00,35,1043,557,7,22,14.968,7490.4,0.0020806666666666664
2024-05-04 07:23:00,13,866,307,7,23,8.541,5562.3,0.0015450833333333334
2024-05-04 07:24:00,26,995,268,7,24,7.695,5308.5,0.0014745833333333334
2024-05-04 07:25:00,19,929,410,7,25,11.179,6353.7,0.0017649166666666666
2024-05-04 07:26:00,28,929,299,7,26,8.404,5521.200000000001,0.001533666666666667
2024-05-04 07:27:00,16,378,566,7,27,14.528,7358.4,0.002044
2024-05-04 07:28:00,19,749,218,7,28,6.199,4859.700000000001,0.0013499166666666668
2024-05-04 07:29:00,7,914,482,7,29,12.964,6889.200000000001,0.0019136666666666668
2024-05-04 07:30:00,20,1085,452,7,30,12.385000000000002,6715.5,0.0018654166666666667
2024-05-04 07:31:00,8,642,185,7,31,5.267,4580.099999999999,0.00127225
2024-05-04 07:32:00,16,390,221,7,32,5.915,4774.5,0.00132625
2024-05-04 07:33:00,25,680,527,7,33,13.855,7156.5,0.0019879166666666665
2024-05-04 07:34:00,16,765,422,7,34,11.315000000000001,6394.5,0.00177625
2024-05-04 07:35:00,26,815,566,7,35,14.965,7489.5,0.0020804166666666666
2024-05-04 07:36:00,29,804,323,7,36,8.879000000000001,5663.700000000001,0.0015732500000000002
2024-05-04 07:37:00,28,899,316,7,37,8.799,5639.7,0.0015665833333333332
2024-05-04 07:38:00,7,453,542,7,38,14.003,7200.9,0.00200025
2024-05-04 07:39:00,32,1152,289,7,39,8.377,5513.1,0.0015314166666666668
2024-05-04 07:40:00,13,417,514,7,40,13.267000000000001,6980.1,0.0019389166666666667
2024-05-04 07:41:00,13,551,338,7,41,9.001000000000001,5700.3,0.0015834166666666668
2024-05-04 07:42:00,22,1106,212,7,42,6.406000000000001,4921.800000000001,0.001367166666666667
2024-05-04 07:43:00,20,977,271,7,43,7.752000000000001,5325.6,0.0014793333333333334
2024-05-04 07:44:00,22,650,346,7,44,9.3,5790.0,0.0016083333333333334
2024-05-04 07:45:00,10,456,220,7,45,5.956,4786.8,0.0013296666666666667
2024-05-04 07:46:00,29,693,511,7,46,13.468,7040.4,0.0019556666666666668
2024-05-04 07:47:00,17,449,577,7,47,14.874,7462.200000000001,0.0020728333333333336
2024-05-04 07:48:00,31,329,262,7,48,6.8790000000000004,5063.700000000001,0.0014065833333333335
2024-05-04 07:49:00,11,1127,320,7,49,9.127,5738.1,0.0015939166666666669
2024-05-04 07:50:00,23,522,223,7,50,6.097,4829.1,0.0013414166666666668
2024-05-04 07:51:00,22,672,172,7,51,4.9719999999999995,4491.6,0.0012476666666666667
2024-05-04 07:52:00,31,360,235,7,52,6.235,4870.5,0.0013529166666666668
2024-05-04 07:53:00,22,603,371,7,53,9.878,5963.4,0.0016565
2024-05-04 07:54:00,10,1116,490,7,54,13.366,7009.799999999999,0.0019471666666666665
2024-05-04 07:55:00,25,869,211,7,55,6.144,4843.200000000001,0.0013453333333333336
2024-05-04 07:56:00,11,1086,565,7,56,15.211,7563.300000000001,0.002100916666666667
2024-05-04 07:57:00,26,687,430,7,57,11.437,6431.1,0.0017864166666666668
2024-05-04 07:58:00,25,791,287,7,58,7.966000000000001,5389.8,0.0014971666666666666
2024-05-04 07:59:00,14,546,232,7,59,6.346000000000001,4903.8,0.0013621666666666667
2024-05-04 08:00:00,26,830,296,8,0,8.23,5469.0,0.0015191666666666667
2024-05-04 08:01:00,5,341,316,8,1,8.241,5472.299999999999,0.0015200833333333331
2024-05-04 08:02:00,11,389,265,8,2,7.014,5104.2,0.0014178333333333332
2024-05-04 08:03:00,20,840,355,8,3,9.715,5914.5,0.0016429166666666667
2024-05-04 08:04:00,14,761,388,8,4,10.461,6138.3,0.0017050833333333334
2024-05-04 08:05:00,16,866,517,8,5,13.791,7137.300000000001,0.0019825833333333336
2024-05-04 08:06:00,17,906,254,8,6,7.256,5176.799999999999,0.0014379999999999998
2024-05-04 08:07:00,22,864,533,8,7,14.189000000000002,7256.700000000001,0.00201575
2024-05-04 08:08:00,29,765,167,8,8,4.9399999999999995,4482.0,0.001245
2024-05-04 08:09:00,16,687,467,8,9,12.362,6708.6,0.0018635000000000001
2024-05-04 08:10:00,8,596,440,8,10,11.596,6478.799999999999,0.0017996666666666664
2024-05-04 08:11:00,14,690,292,8,11,7.990000000000001,5397.0,0.0014991666666666667
2024-05-04 08:12:00,14,738,167,8,12,4.913,4473.900000000001,0.0012427500000000001
2024-05-04 08:13:00,14,723,229,8,13,6.448,4934.4,0.0013706666666666665
2024-05-04 08:14:00,5,1079,356,8,14,9.979000000000001,5993.700000000001,0.001664916666666667
2024-05-04 08:15:00,11,642,191,8,15,5.417000000000001,4625.1,0.00128475
2024-05-04 08:16:00,23,828,367,8,16,10.003,6000.9,0.0016669166666666666
2024-05-04 08:17:00,29,851,236,8,17,6.751,5025.3,0.0013959166666666666
2024-05-04 08:18:00,8,482,292,8,18,7.782000000000001,5334.6,0.0014818333333333335
2024-05-04 08:19:00,10,644,340,8,19,9.144,5743.200000000001,0.0015953333333333336
2024-05-04 08:20:00,10,381,437,8,20,11.306000000000001,6391.800000000001,0.0017755000000000004
2024-05-04 08:21:00,13,543,287,8,21,7.718000000000001,5315.4,0.0014765
2024-05-04 08:22:00,19,762,259,8,22,7.237,5171.1,0.0014364166666666668
2024-05-04 08:23:00,22,1026,356,8,23,9.926,5977.799999999999,0.0016604999999999999
2024-05-04 08:24:00,28,720,452,8,24,12.020000000000001,6606.000000000001,0.0018350000000000003
2024-05-04 08:25:00,7,551,248,8,25,6.751,5025.3,0.0013959166666666666
2024-05-04 08:26:00,26,1031,244,8,26,7.131,5139.299999999999,0.0014275833333333332
2024-05-04 08:27:00,10,327,560,8,27,14.327,7298.1,0.00202725
2024-05-04 08:28:00,17,707,259,8,28,7.182,5154.6,0.0014318333333333334
2024-05-04 08:29:00,16,666,463,8,29,12.241000000000001,6672.3,0.0018534166666666666
2024-05-04 08:30:00,5,1022,220,8,30,6.522,4956.6,0.0013768333333333334
2024-05-04 08:31:00,25,318,548,8,31,14.018,7205.4,0.0020015
2024-05-04 08:32:00,5,714,235,8,32,6.589,4976.700000000001,0.0013824166666666668
2024-05-04 08:33:00,11,615,289,8,33,7.840000000000001,5352.0,0.0014866666666666667
2024-05-04 08:34:00,16,656,344,8,34,9.256,5776.799999999999,0.0016046666666666666
2024-05-04 08:35:00,7,686,463,8,35,12.261000000000001,6678.3,0.0018550833333333334
2024-05-04 08:36:00,8,405,329,8,36,8.629999999999999,5589.0,0.0015525
2024-05-04 08:37:00,7,791,245,8,37,6.916,5074.8,0.0014096666666666667
2024-05-04 08:38:00,28,591,382,8,38,10.141,6042.3,0.0016784166666666668
2024-05-04 08:39:00,26,642,487,8,39,12.817,6845.1,0.0019014166666666667
2024-05-04 08:40:00,23,551,310,8,40,8.301,5490.299999999999,0.0015250833333333332
2024-05-04 08:41:00,16,743,334,8,41,9.093,5727.9,0.0015910833333333332
2024-05-04 08:42:00,20,401,452,8,42,11.701,6510.3,0.0018084166666666667
2024-05-04 08:43:00,8,513,431,8,43,11.288,6386.400000000001,0.0017740000000000002
2024-05-04 08:44:00,19,1010,355,8,44,9.885,5965.5,0.0016570833333333333
2024-05-04 08:45:00,10,348,359,8,45,9.323,5796.9,0.00161025
2024-05-04 08:46:00,4,671,515,8,46,13.546,7063.799999999999,0.0019621666666666663
2024-05-04 08:47:00,8,456,173,8,47,4.781000000000001,4434.3,0.00123175
2024-05-04 08:48:00,22,536,320,8,48,8.536,5560.799999999999,0.0015446666666666664
2024-05-04 08:49:00,5,1002,394,8,49,10.852000000000002,6255.6,0.0017376666666666669
2024-05-04 08:50:00,11,863,170,8,50,5.1129999999999995,4533.9,0.0012594166666666665
2024-05-04 08:51:00,19,675,254,8,51,7.025,5107.5,0.00141875
2024-05-04 08:52:00,11,896,247,8,52,7.071000000000001,5121.300000000001,0.0014225833333333336
2024-05-04 08:53:00,8,311,460,8,53,11.811,6543.3,0.0018175833333333334
2024-05-04 08:54:00,8,837,517,8,54,13.762,7128.6,0.001980166666666667
2024-05-04 08:55:00,17,614,287,8,55,7.789000000000001,5336.7,0.0014824166666666666
2024-05-04 08:56:00,26,525,302,8,56,8.075000000000001,5422.5,0.00150625
2024-05-04 08:57:00,13,971,518,8,57,13.921000000000001,7176.3,0.0019934166666666668
2024-05-04 08:58:00,26,320,524,8,58,13.420000000000002,7026.000000000001,0.0019516666666666669
2024-05-04 08:59:00,5,854,152,8,59,4.654,4396.2,0.0012211666666666666
2024-05-04 09:00:00,10,1610,484,9,0,13.71,7113.0,0.0019758333333333333
2024-05-04 09:01:00,37,974,454,9,1,12.324000000000002,6697.200000000001,0.0018603333333333336
2024-05-04 09:02:00,34,1310,394,9,2,11.160000000000002,6348.0,0.0017633333333333333
2024-05-04 09:03:00,28,1160,679,9,3,18.135,8440.5,0.0023445833333333335
2024-05-04 09:04:00,19,1352,892,9,4,23.652,10095.6,0.0028043333333333336
2024-05-04 09:05:00,7,710,988,9,5,25.410000000000004,10623.000000000002,0.002950833333333334
2024-05-04 09:06:00,7,1379,574,9,6,15.729000000000001,7718.700000000001,0.0021440833333333333
2024-05-04 09:07:00,55,1886,715,9,7,19.761,8928.3,0.0024800833333333333
2024-05-04 09:08:00,13,1103,394,9,8,10.953000000000001,6285.900000000001,0.0017460833333333334
2024-05-04 09:09:00,16,569,514,9,9,13.419000000000002,7025.700000000001,0.0019515833333333336
2024-05-04 09:10:00,22,1490,763,9,10,20.564999999999998,9169.5,0.0025470833333333335
2024-05-04 09:11:00,49,950,820,9,11,21.45,9435.0,0.0026208333333333335
2024-05-04 09:12:00,19,1127,787,9,12,20.802,9240.6,0.0025668333333333333
2024-05-04 09:13:00,52,1463,307,9,13,9.138000000000002,5741.400000000001,0.0015948333333333335
2024-05-04 09:14:00,31,572,442,9,14,11.622,6486.6,0.0018018333333333335
2024-05-04 09:15:00,19,1139,661,9,15,17.664,8299.2,0.0023053333333333337
2024-05-04 09:16:00,34,1316,727,9,16,19.491,8847.3,0.0024575833333333333
2024-05-04 09:17:00,49,1571,706,9,17,19.221000000000004,8766.300000000001,0.002435083333333334
2024-05-04 09:18:00,25,974,979,9,18,25.449,10634.7,0.0029540833333333337
2024-05-04 09:19:00,19,971,781,9,19,20.496000000000002,9148.8,0.002541333333333333
2024-05-04 09:20:00,19,671,805,9,20,20.796,9238.8,0.0025663333333333332
2024-05-04 09:21:00,37,983,958,9,21,24.933000000000003,10479.900000000001,0.0029110833333333337
2024-05-04 09:22:00,28,593,805,9,22,20.718,9215.4,0.0025598333333333332
2024-05-04 09:23:00,25,926,853,9,23,22.251,9675.3,0.002687583333333333
2024-05-04 09:24:00,25,692,790,9,24,20.442,9132.6,0.0025368333333333336
2024-05-04 09:25:00,37,905,304,9,25,8.505,5551.5,0.0015420833333333332
2024-05-04 09:26:00,13,1607,955,9,26,25.482,10644.599999999999,0.002956833333333333
2024-05-04 09:27:00,31,1619,754,9,27,20.469,9140.7,0.0025390833333333337
2024-05-04 09:28:00,16,893,880,9,28,22.893,9867.9,0.0027410833333333332
2024-05-04 09:29:00,46,1328,685,9,29,18.453,8535.9,0.002371083333333333
2024-05-04 09:30:00,40,1706,727,9,30,19.881,8964.300000000001,0.0024900833333333337
2024-05-04 09:31:00,46,1679,292,9,31,8.979000000000001,5693.700000000001,0.0015815833333333335
2024-05-04 09:32:00,22,1346,481,9,32,13.371,7011.3,0.0019475833333333333
2024-05-04 09:33:00,10,1658,322,9,33,9.708,5912.4,0.0016423333333333333
2024-05-04 09:34:00,7,926,295,9,34,8.301,5490.299999999999,0.0015250833333333332
2024-05-04 09:35:00,37,1388,541,9,35,14.913,7473.900000000001,0.0020760833333333334
2024-05-04 09:36:00,16,986,583,9,36,15.561000000000002,7668.3,0.0021300833333333332
2024-05-04 09:37:00,34,1313,448,9,37,12.513000000000002,6753.9,0.0018760833333333333
2024-05-04 09:38:00,43,716,742,9,38,19.266000000000002,8779.8,0.0024388333333333332
2024-05-04 09:39:00,25,1235,280,9,39,8.235,5470.5,0.0015195833333333333
2024-05-04 09:40:00,40,1691,877,9,40,23.616,10084.800000000001,0.0028013333333333336
2024-05-04 09:41:00,40,944,679,9,41,17.919,8375.7,0.0023265833333333337
2024-05-04 09:42:00,13,1346,463,9,42,12.921000000000001,6876.3,0.0019100833333333333
2024-05-04 09:43:00,49,758,391,9,43,10.533000000000001,6159.900000000001,0.0017110833333333336
2024-05-04 09:44:00,25,1679,586,9,44,16.329,7898.700000000001,0.0021940833333333335
2024-05-04 09:45:00,16,1256,451,9,45,12.531,6759.300000000001,0.0018775833333333335
2024-05-04 09:46:00,37,1241,511,9,46,14.016,7204.800000000001,0.0020013333333333337
2024-05-04 09:47:00,7,659,529,9,47,13.884000000000002,7165.200000000001,0.0019903333333333335
2024-05-04 09:48:00,28,1268,607,9,48,16.443,7932.9,0.0022035833333333334
2024-05-04 09:49:00,43,692,361,9,49,9.717,5915.1,0.0016430833333333334
2024-05-04 09:50:00,43,680,847,9,50,21.855,9556.5,0.0026545833333333334
2024-05-04 09:51:00,28,716,433,9,51,11.541,6462.3,0.0017950833333333334
2024-05-04 09:52:00,34,1412,652,9,52,17.712,8313.599999999999,0.002309333333333333
2024-05-04 09:53:00,10,1064,271,9,53,7.839,5351.700000000001,0.0014865833333333335
2024-05-04 09:54:00,28,1328,772,9,54,20.628,9188.4,0.002552333333333333
2024-05-04 09:55:00,46,866,484,9,55,12.966000000000001,6889.8,0.0019138333333333334
2024-05-04 09:56:00,22,623,829,9,56,21.348000000000003,9404.400000000001,0.0026123333333333337
2024-05-04 09:57:00,43,1433,775,9,57,20.808,9242.4,0.0025673333333333334
2024-05-04 09:58:00,22,1562,616,9,58,16.962,8088.599999999999,0.0022468333333333333
2024-05-04 09:59:00,43,1403,736,9,59,19.803,8940.9,0.0024835833333333333
2024-05-04 10:00:00,40,1241,295,10,0,8.616,5584.799999999999,0.0015513333333333332
2024-05-04 10:01:00,37,1646,421,10,1,12.171000000000001,6651.3,0.0018475833333333335
2024-05-04 10:02:00,34,1112,829,10,2,21.837000000000003,9551.1,0.0026530833333333332
2024-05-04 10:03:00,10,1307,820,10,3,21.807,9542.1,0.0026505833333333334
2024-05-04 10:04:00,37,1604,325,10,4,9.729,5918.7,0.0016440833333333333
2024-05-04 10:05:00,16,1169,571,10,5,15.444,7633.200000000001,0.0021203333333333334
2024-05-04 10:06:00,13,896,808,10,6,21.096000000000004,9328.800000000001,0.0025913333333333335
2024-05-04 10:07:00,37,1025,391,10,7,10.8,6240.0,0.0017333333333333333
2024-05-04 10:08:00,37,671,868,10,8,22.371000000000002,9711.3,0.002697583333333333
2024-05-04 10:09:00,19,671,352,10,9,9.471,5841.299999999999,0.001622583333333333
2024-05-04 10:10:00,22,1097,832,10,10,21.897000000000002,9569.1,0.0026580833333333335
2024-05-04 10:11:00,22,911,451,10,11,12.186,6655.8,0.0018488333333333334
2024-05-04 10:12:00,40,821,580,10,12,15.321,7596.299999999999,0.002110083333333333
2024-05-04 10:13:00,43,944,703,10,13,18.519,8555.7,0.0023765833333333334
2024-05-04 10:14:00,34,1049,481,10,14,13.074,6922.2,0.0019228333333333333
2024-05-04 10:15:00,13,1397,514,10,15,14.247000000000002,7274.1,0.0020205833333333334
2024-05-04 10:16:00,25,1469,295,10,16,8.844,5653.199999999999,0.001570333333333333
2024-05-04 10:17:00,25,1298,676,10,17,18.198,8459.4,0.002349833333333333
2024-05-04 10:18:00,22,521,628,10,18,16.221,7866.3,0.0021850833333333336
2024-05-04 10:19:00,13,758,298,10,19,8.208,5462.4,0.0015173333333333332
2024-05-04 10:20:00,40,1499,328,10,20,9.699000000000002,5909.700000000001,0.0016415833333333334
2024-05-04 10:21:00,40,1025,832,10,21,21.825,9547.5,0.0026520833333333335
2024-05-04 10:22:00,25,896,304,10,22,8.496,5548.8,0.0015413333333333334
2024-05-04 10:23:00,16,1535,430,10,23,12.285,6685.5,0.0018570833333333334
2024-05-04 10:24:00,10,1538,460,10,24,13.038,6911.400000000001,0.0019198333333333335
2024-05-04 10:25:00,25,1364,430,10,25,12.114,6634.200000000001,0.0018428333333333335
2024-05-04 10:26:00,25,1028,286,10,26,8.178,5453.400000000001,0.0015148333333333335
2024-05-04 10:27:00,13,821,463,10,27,12.396,6718.8,0.0018663333333333333
2024-05-04 10:28:00,28,878,781,10,28,20.403000000000002,9120.900000000001,0.002533583333333334
2024-05-04 10:29:00,19,1193,592,10,29,15.993,7797.9,0.0021660833333333332
2024-05-04 10:30:00,37,1430,616,10,30,16.830000000000002,8049.000000000001,0.0022358333333333336
2024-05-04 10:31:00,40,1169,295,10,31,8.544,5563.200000000001,0.0015453333333333335
2024-05-04 10:32:00,40,1415,556,10,32,15.315000000000001,7594.5,0.0021095833333333335
2024-05-04 10:33:00,7,1283,676,10,33,18.183000000000003,8454.900000000001,0.0023485833333333336
2024-05-04 10:34:00,16,1190,379,10,34,10.665,6199.5,0.0017220833333333333
2024-05-04 10:35:00,34,1154,688,10,35,18.354,8506.2,0.0023628333333333335
2024-05-04 10:36:00,31,1289,325,10,36,9.414,5824.2,0.0016178333333333333
2024-05-04 10:37:00,28,836,793,10,37,20.661,9198.3,0.0025550833333333333
2024-05-04 10:38:00,34,1082,529,10,38,14.307000000000002,7292.1,0.0020255833333333332
2024-05-04 10:39:00,34,863,307,10,39,8.538,5561.400000000001,0.0015448333333333334
2024-05-04 10:40:00,37,1463,379,10,40,10.937999999999999,6281.4,0.0017448333333333333
2024-05-04 10:41:00,25,623,442,10,41,11.673,6501.9,0.0018060833333333332
2024-05-04 10:42:00,40,1097,637,10,42,17.022000000000002,8106.6,0.0022518333333333336
2024-05-04 10:43:00,19,1112,550,10,43,14.862,7458.6,0.0020718333333333335
2024-05-04 10:44:00,19,1259,292,10,44,8.559000000000001,5567.700000000001,0.0015465833333333336
2024-05-04 10:45:00,16,1094,757,10,45,20.019000000000002,9005.7,0.0025015833333333335
2024-05-04 10:46:00,7,1274,298,10,46,8.724,5617.2,0.0015603333333333333
2024-05-04 10:47:00,25,560,640,10,47,16.56,7968.0,0.002213333333333333
2024-05-04 10:48:00,25,959,472,10,48,12.759,6827.700000000001,0.0018965833333333335
2024-05-04 10:49:00,31,1487,319,10,49,9.462,5838.599999999999,0.0016218333333333332
2024-05-04 10:50:00,16,671,754,10,50,19.521,8856.300000000001,0.0024600833333333337
2024-05-04 10:51:00,10,584,571,10,51,14.859,7457.699999999999,0.002071583333333333
2024-05-04 10:52:00,16,689,754,10,52,19.539,8861.7,0.0024615833333333334
2024-05-04 10:53:00,37,1445,523,10,53,14.520000000000001,7356.000000000001,0.0020433333333333336
2024-05-04 10:54:00,34,1130,361,10,54,10.155000000000001,6046.5,0.0016795833333333333
2024-05-04 10:55:00,40,1031,451,10,55,12.306000000000001,6691.800000000001,0.0018588333333333336
2024-05-04 10:56:00,34,1322,679,10,56,18.297,8489.1,0.0023580833333333336
2024-05-04 10:57:00,7,590,334,10,57,8.94,5682.0,0.0015783333333333333
2024-05-04 10:58:00,22,1382,628,10,58,17.082,8124.6,0.0022568333333333333
2024-05-04 10:59:00,13,1301,679,10,59,18.276,8482.800000000001,0.0023563333333333335
2024-05-04 11:00:00,34,1283,424,11,0,11.883000000000001,6564.9,0.0018235833333333333
2024-05-04 11:01:00,34,1142,268,11,1,7.8420000000000005,5352.6,0.0014868333333333335
2024-05-04 11:02:00,25,1427,349,11,2,10.152,6045.6,0.0016793333333333335
2024-05-04 11:03:00,25,515,484,11,3,12.615000000000002,6784.500000000001,0.0018845833333333336
2024-05-04 11:04:00,16,695,748,11,4,19.395,8818.5,0.002449583333333333
2024-05-04 11:05:00,10,1160,256,11,5,7.5600000000000005,5268.0,0.0014633333333333334
2024-05-04 11:06:00,10,1400,325,11,6,9.525,5857.5,0.0016270833333333332
2024-05-04 11:07:00,22,1403,322,11,7,9.453000000000001,5835.900000000001,0.0016210833333333335
2024-05-04 11:08:00,25,755,514,11,8,13.605000000000002,7081.500000000001,0.0019670833333333337
2024-05-04 11:09:00,37,842,358,11,9,9.792000000000002,5937.6,0.0016493333333333334
2024-05-04 11:10:00,25,1235,445,11,10,12.36,6708.0,0.0018633333333333334
2024-05-04 11:11:00,13,998,433,11,11,11.823,6546.9,0.0018185833333333333
2024-05-04 11:12:00,31,1205,583,11,12,15.780000000000001,7734.0,0.0021483333333333333
2024-05-04 11:13:00,13,914,712,11,13,18.714000000000002,8614.2,0.0023928333333333336
2024-05-04 11:14:00,10,749,295,11,14,8.124,5437.2,0.0015103333333333334
2024-05-04 11:15:00,13,932,379,11,15,10.407,6122.1,0.0017005833333333335
2024-05-04 11:16:00,13,1214,412,11,16,11.514000000000001,6454.200000000001,0.0017928333333333336
2024-05-04 11:17:00,28,566,655,11,17,16.941,8082.299999999999,0.0022450833333333333
2024-05-04 11:18:00,31,518,421,11,18,11.043000000000001,6312.9,0.0017535833333333333
2024-05-04 11:19:00,7,554,343,11,19,9.129000000000001,5738.700000000001,0.0015940833333333336
2024-05-04 11:20:00,34,761,508,11,20,13.461,7038.300000000001,0.001955083333333334
2024-05-04 11:21:00,25,1328,523,11,21,14.403,7320.9,0.0020335833333333334
2024-05-04 11:22:00,31,950,529,11,22,14.175,7252.5,0.0020145833333333335
2024-05-04 11:23:00,37,1094,388,11,23,10.794,6238.200000000001,0.0017328333333333336
2024-05-04 11:24:00,16,821,298,11,24,8.271,5481.3,0.0015225833333333335
2024-05-04 11:25:00,16,1082,385,11,25,10.707,6212.1,0.0017255833333333335
2024-05-04 11:26:00,34,653,523,11,26,13.728000000000002,7118.4,0.001977333333333333
2024-05-04 11:27:00,34,1043,454,11,27,12.393,6717.9,0.0018660833333333333
2024-05-04 11:28:00,10,560,319,11,28,8.535,5560.5,0.0015445833333333334
2024-05-04 11:29:00,16,1016,514,11,29,13.866000000000001,7159.8,0.0019888333333333333
2024-05-04 11:30:00,31,1124,634,11,30,16.974,8092.199999999999,0.002247833333333333
2024-05-04 11:31:00,10,515,265,11,31,7.14,5142.0,0.0014283333333333333
2024-05-04 11:32:00,16,1145,343,11,32,9.72,5916.0,0.0016433333333333332
2024-05-04 11:33:00,16,989,589,11,33,15.714000000000002,7714.200000000001,0.0021428333333333334
2024-05-04 11:34:00,7,635,511,11,34,13.41,7023.0,0.0019508333333333333
2024-05-04 11:35:00,7,788,667,11,35,17.463,8238.9,0.0022885833333333334
2024-05-04 11:36:00,22,1130,298,11,36,8.58,5574.0,0.0015483333333333334
2024-05-04 11:37:00,28,596,520,11,37,13.596,7078.8,0.0019663333333333334
2024-05-04 11:38:00,22,896,592,11,38,15.696000000000002,7708.800000000001,0.0021413333333333336
2024-05-04 11:39:00,28,641,649,11,39,16.866,8059.799999999999,0.002238833333333333
2024-05-04 11:40:00,22,1079,532,11,40,14.379000000000001,7313.700000000001,0.0020315833333333336
2024-05-04 11:41:00,25,785,418,11,41,11.235000000000001,6370.5,0.0017695833333333333
2024-05-04 11:42:00,31,746,661,11,42,17.271,8181.3,0.0022725833333333335
2024-05-04 11:43:00,28,623,493,11,43,12.948,6884.4,0.0019123333333333332
2024-05-04 11:44:00,28,662,484,11,44,12.762000000000002,6828.6,0.0018968333333333335
2024-05-04 11:45:00,28,659,565,11,45,14.784,7435.200000000001,0.0020653333333333335
2024-05-04 11:46:00,31,518,247,11,46,6.6930000000000005,5007.9,0.0013910833333333331
2024-05-04 11:47:00,19,1088,319,11,47,9.063,5718.9,0.0015885833333333333
2024-05-04 11:48:00,7,866,520,11,48,13.866,7159.799999999999,0.0019888333333333333
2024-05-04 11:49:00,10,977,385,11,49,10.602,6180.6,0.0017168333333333334
2024-05-04 11:50:00,10,644,235,11,50,6.519,4955.700000000001,0.0013765833333333336
2024-05-04 11:51:00,10,827,466,11,51,12.477,6743.099999999999,0.0018730833333333332
2024-05-04 11:52:00,13,512,541,11,52,14.037,7211.1,0.0020030833333333333
2024-05-04 11:53:00,31,1244,511,11,53,14.019,7205.7,0.002001583333333333
2024-05-04 11:54:00,22,890,535,11,54,14.265,7279.5,0.002022083333333333
2024-05-04 11:55:00,22,812,517,11,55,13.737,7121.1,0.0019780833333333334
2024-05-04 11:56:00,19,1064,565,11,56,15.189,7556.7,0.0020990833333333334
2024-05-04 11:57:00,25,995,250,11,57,7.245,5173.5,0.0014370833333333334
2024-05-04 11:58:00,16,473,301,11,58,7.998,5399.4,0.0014998333333333333
2024-05-04 11:59:00,25,548,340,11,59,9.048,5714.4,0.0015873333333333332
2024-05-04 12:00:00,13,476,343,12,0,9.051000000000002,5715.300000000001,0.0015875833333333336
2024-05-04 12:01:00,10,1100,274,12,1,7.950000000000001,5385.0,0.0014958333333333334
2024-05-04 12:02:00,19,611,592,12,2,15.411000000000001,7623.3,0.0021175833333333333
2024-05-04 12:03:00,19,734,289,12,3,7.9590000000000005,5387.7,0.0014965833333333333
2024-05-04 12:04:00,10,680,568,12,4,14.88,7464.0,0.0020733333333333333
2024-05-04 12:05:00,13,1025,472,12,5,12.825000000000001,6847.5,0.0019020833333333333
2024-05-04 12:06:00,25,761,502,12,6,13.311,6993.3,0.0019425833333333335
2024-05-04 12:07:00,19,512,295,12,7,7.8870000000000005,5366.1,0.0014905833333333333
2024-05-04 12:08:00,10,869,445,12,8,11.994,6598.2,0.0018328333333333332
2024-05-04 12:09:00,28,914,406,12,9,11.064,6319.200000000001,0.0017553333333333336
2024-05-04 12:10:00,16,908,415,12,10,11.283,6384.9,0.0017735833333333332
2024-05-04 12:11:00,28,812,418,12,11,11.262,6378.6,0.0017718333333333334
2024-05-04 12:12:00,25,1127,361,12,12,10.152000000000001,6045.6,0.0016793333333333335
2024-05-04 12:13:00,13,500,325,12,13,8.625,5587.5,0.0015520833333333333
2024-05-04 12:14:00,13,971,271,12,14,7.746,5323.8,0.0014788333333333333
2024-05-04 12:15:00,25,677,484,12,15,12.777000000000001,6833.1,0.0018980833333333334
2024-05-04 12:16:00,28,989,559,12,16,14.964000000000002,7489.200000000001,0.0020803333333333333
2024-05-04 12:17:00,13,1055,502,12,17,13.605,7081.5,0.0019670833333333333
2024-05-04 12:18:00,28,1112,532,12,18,14.412,7323.6,0.0020343333333333333
2024-05-04 12:19:00,16,1079,382,12,19,10.629000000000001,6188.700000000001,0.0017190833333333335
2024-05-04 12:20:00,28,887,346,12,20,9.537,5861.1,0.0016280833333333334
2024-05-04 12:21:00,16,560,544,12,21,14.160000000000002,7248.000000000001,0.0020133333333333336
2024-05-04 12:22:00,22,578,370,12,22,9.828,5948.4,0.0016523333333333331
2024-05-04 12:23:00,7,701,580,12,23,15.201,7560.3,0.0021000833333333336
2024-05-04 12:24:00,25,782,424,12,24,11.382000000000001,6414.6,0.0017818333333333334
2024-05-04 12:25:00,16,1004,349,12,25,9.729,5918.7,0.0016440833333333333
2024-05-04 12:26:00,28,488,349,12,26,9.213,5763.9,0.0016010833333333333
2024-05-04 12:27:00,16,539,577,12,27,14.964,7489.200000000001,0.0020803333333333333
2024-05-04 12:28:00,19,467,388,12,28,10.167000000000002,6050.1,0.0016805833333333334
2024-05-04 12:29:00,22,977,421,12,29,11.502,6450.6,0.0017918333333333334
2024-05-04 12:30:00,16,599,541,12,30,14.124,7237.200000000001,0.0020103333333333336
2024-05-04 12:31:00,22,596,514,12,31,13.446000000000002,7033.800000000001,0.0019538333333333335
2024-05-04 12:32:00,16,878,439,12,32,11.853000000000002,6555.9,0.0018210833333333332
2024-05-04 12:33:00,10,872,250,12,33,7.122,5136.6,0.0014268333333333333
2024-05-04 12:34:00,25,1052,550,12,34,14.802,7440.6,0.0020668333333333333
2024-05-04 12:35:00,13,914,481,12,35,12.939,6881.7,0.0019115833333333333
2024-05-04 12:36:00,19,560,325,12,36,8.685,5605.5,0.0015570833333333333
2024-05-04 12:37:00,19,842,352,12,37,9.642000000000001,5892.6,0.0016368333333333335
2024-05-04 12:38:00,10,1031,316,12,38,8.931000000000001,5679.300000000001,0.0015775833333333336
2024-05-04 12:39:00,10,926,295,12,39,8.301,5490.299999999999,0.0015250833333333332
2024-05-04 12:40:00,4,917,562,12,40,14.967,7490.1,0.0020805833333333336
2024-05-04 12:41:00,22,965,229,12,41,6.69,5007.0,0.0013908333333333333
2024-05-04 12:42:00,7,467,343,12,42,9.042000000000002,5712.6,0.0015868333333333335
2024-05-04 12:43:00,25,674,313,12,43,8.499,5549.7,0.0015415833333333334
2024-05-04 12:44:00,25,461,385,12,44,10.086,6025.8,0.0016738333333333334
2024-05-04 12:45:00,25,761,346,12,45,9.411,5823.299999999999,0.001617583333333333
2024-05-04 12:46:00,22,842,241,12,46,6.867,5060.1,0.0014055833333333333
2024-05-04 12:47:00,16,548,508,12,47,13.248000000000001,6974.4,0.0019373333333333332
2024-05-04 12:48:00,10,698,523,12,48,13.773000000000001,7131.9,0.0019810833333333334
2024-05-04 12:49:00,7,770,418,12,49,11.22,6366.0,0.0017683333333333333
2024-05-04 12:50:00,19,881,385,12,50,10.506,6151.799999999999,0.001708833333333333
2024-05-04 12:51:00,16,836,223,12,51,6.4110000000000005,4923.3,0.0013675833333333333
2024-05-04 12:52:00,7,914,382,12,52,10.464,6139.200000000001,0.0017053333333333334
2024-05-04 12:53:00,22,713,259,12,53,7.188000000000001,5156.4,0.0014323333333333332
2024-05-04 12:54:00,19,968,466,12,54,12.618,6785.4,0.0018848333333333332
2024-05-04 12:55:00,19,551,385,12,55,10.176,6052.799999999999,0.001681333333333333
2024-05-04 12:56:00,22,641,391,12,56,10.416,6124.8,0.0017013333333333333
2024-05-04 12:57:00,16,506,298,12,57,7.956,5386.8,0.0014963333333333335
2024-05-04 12:58:00,22,908,229,12,58,6.633000000000001,4989.9,0.0013860833333333331
2024-05-04 12:59:00,16,614,397,12,59,10.539000000000001,6161.700000000001,0.0017115833333333336
2024-05-04 13:00:00,25,923,265,13,0,7.548,5264.4,0.0014623333333333333
2024-05-04 13:01:00,7,848,325,13,1,8.973,5691.9,0.0015810833333333332
2024-05-04 13:02:00,22,722,400,13,2,10.722,6216.6,0.0017268333333333335
2024-05-04 13:03:00,10,560,460,13,3,12.06,6618.0,0.0018383333333333333
2024-05-04 13:04:00,10,872,364,13,4,9.972,5991.6,0.0016643333333333334
2024-05-04 13:05:00,22,695,508,13,5,13.395000000000001,7018.500000000001,0.0019495833333333335
2024-05-04 13:06:00,4,719,451,13,6,11.994,6598.2,0.0018328333333333332
2024-05-04 13:07:00,19,704,499,13,7,13.179000000000002,6953.700000000001,0.0019315833333333335
2024-05-04 13:08:00,25,494,229,13,8,6.219,4865.7,0.0013515833333333333
2024-05-04 13:09:00,19,683,451,13,9,11.958,6587.4,0.0018298333333333333
2024-05-04 13:10:00,22,935,223,13,10,6.51,4953.0,0.0013758333333333333
2024-05-04 13:11:00,16,644,280,13,11,7.644,5293.200000000001,0.0014703333333333335
2024-05-04 13:12:00,7,635,415,13,12,11.01,6303.0,0.0017508333333333334
2024-05-04 13:13:00,19,932,424,13,13,11.532000000000002,6459.6,0.0017943333333333333
2024-05-04 13:14:00,7,593,334,13,14,8.943,5682.9,0.0015785833333333333
2024-05-04 13:15:00,22,500,496,13,15,12.9,6870.0,0.0019083333333333333
2024-05-04 13:16:00,7,614,262,13,16,7.164000000000001,5149.2,0.0014303333333333334
2024-05-04 13:17:00,19,935,403,13,17,11.010000000000002,6303.0,0.0017508333333333334
2024-05-04 13:18:00,16,602,487,13,18,12.777000000000001,6833.1,0.0018980833333333334
2024-05-04 13:19:00,19,923,349,13,19,9.648,5894.4,0.0016373333333333333
2024-05-04 13:20:00,10,548,319,13,20,8.523,5556.9,0.0015435833333333332
2024-05-04 13:21:00,7,506,457,13,21,11.931000000000001,6579.300000000001,0.0018275833333333336
2024-05-04 13:22:00,7,899,376,13,22,10.299,6089.7,0.0016915833333333334
2024-05-04 13:23:00,13,482,460,13,23,11.982,6594.6,0.0018318333333333335
2024-05-04 13:24:00,10,506,415,13,24,10.881,6264.299999999999,0.001740083333333333
2024-05-04 13:25:00,7,554,469,13,25,12.279000000000002,6683.700000000001,0.0018565833333333336
2024-05-04 13:26:00,4,485,397,13,26,10.41,6123.0,0.0017008333333333333
2024-05-04 13:27:00,13,434,373,13,27,9.759,5927.700000000001,0.0016465833333333334
2024-05-04 13:28:00,10,593,451,13,28,11.868,6560.4,0.0018223333333333331
2024-05-04 13:29:00,16,521,250,13,29,6.771,5031.299999999999,0.0013975833333333331
2024-05-04 13:30:00,13,785,325,13,30,8.91,5673.0,0.0015758333333333334
2024-05-04 13:31:00,16,863,466,13,31,12.513,6753.9,0.0018760833333333333
2024-05-04 13:32:00,7,851,271,13,32,7.626,5287.8,0.0014688333333333333
2024-05-04 13:33:00,10,473,274,13,33,7.323,5196.9,0.0014435833333333332
2024-05-04 13:34:00,7,770,448,13,34,11.97,6591.0,0.0018308333333333334
2024-05-04 13:35:00,16,758,475,13,35,12.633,6789.9,0.0018860833333333331
2024-05-04 13:36:00,10,551,247,13,36,6.726000000000001,5017.8,0.0013938333333333333
2024-05-04 13:37:00,19,425,352,13,37,9.225000000000001,5767.5,0.0016020833333333334
2024-05-04 13:38:00,19,536,421,13,38,11.061,6318.299999999999,0.001755083333333333
2024-05-04 13:39:00,16,758,376,13,39,10.158000000000001,6047.400000000001,0.0016798333333333335
2024-05-04 13:40:00,4,644,253,13,40,6.969,5090.7,0.0014140833333333334
2024-05-04 13:41:00,10,878,430,13,41,11.628,6488.4,0.0018023333333333333
2024-05-04 13:42:00,13,782,394,13,42,10.632000000000001,6189.6,0.0017193333333333333
2024-05-04 13:43:00,4,536,277,13,43,7.461,5238.3,0.0014550833333333334
2024-05-04 13:44:00,13,620,382,13,44,10.17,6051.0,0.0016808333333333334
2024-05-04 13:45:00,4,851,325,13,45,8.975999999999999,5692.799999999999,0.001581333333333333
2024-05-04 13:46:00,7,641,421,13,46,11.166,6349.8,0.0017638333333333334
2024-05-04 13:47:00,10,671,271,13,47,7.446000000000001,5233.800000000001,0.0014538333333333337
2024-05-04 13:48:00,16,818,271,13,48,7.593,5277.9,0.0014660833333333331
2024-05-04 13:49:00,7,605,451,13,49,11.88,6564.0,0.0018233333333333333
2024-05-04 13:50:00,16,560,307,13,50,8.235000000000001,5470.5,0.0015195833333333333
2024-05-04 13:51:00,19,701,373,13,51,10.026000000000002,6007.8,0.0016688333333333334
2024-05-04 13:52:00,7,830,421,13,52,11.355,6406.5,0.0017795833333333333
2024-05-04 13:53:00,13,587,427,13,53,11.262,6378.6,0.0017718333333333334
2024-05-04 13:54:00,4,833,298,13,54,8.283,5484.9,0.0015235833333333332
2024-05-04 13:55:00,16,419,385,13,55,10.044,6013.200000000001,0.0016703333333333336
2024-05-04 13:56:00,19,482,262,13,56,7.032000000000001,5109.6,0.0014193333333333334
2024-05-04 13:57:00,16,578,370,13,57,9.828,5948.4,0.0016523333333333331
2024-05-04 13:58:00,19,680,268,13,58,7.38,5214.0,0.0014483333333333334
2024-05-04 13:59:00,16,707,361,13,59,9.732000000000001,5919.6,0.0016443333333333334
2024-05-04 14:00:00,19,473,214,14,0,5.823,4746.9,0.0013185833333333333
2024-05-04 14:01:00,13,728,295,14,1,8.103,5430.9,0.0015085833333333331
2024-05-04 14:02:00,16,626,289,14,2,7.851000000000001,5355.3,0.0014875833333333334
2024-05-04 14:03:00,10,638,313,14,3,8.463000000000001,5538.9,0.0015385833333333332
2024-05-04 14:04:00,10,422,355,14,4,9.297,5789.1,0.0016080833333333333
2024-05-04 14:05:00,13,770,241,14,5,6.795,5038.5,0.0013995833333333334
2024-05-04 14:06:00,19,659,337,14,6,9.084000000000001,5725.200000000001,0.0015903333333333336
2024-05-04 14:07:00,10,551,376,14,7,9.951,5985.3,0.0016625833333333334
2024-05-04 14:08:00,4,506,286,14,8,7.656000000000001,5296.800000000001,0.0014713333333333336
2024-05-04 14:09:00,7,662,256,14,9,7.062,5118.6,0.0014218333333333335
2024-05-04 14:10:00,19,674,370,14,10,9.924,5977.2,0.0016603333333333333
2024-05-04 14:11:00,10,725,388,14,11,10.425,6127.5,0.0017020833333333332
2024-05-04 14:12:00,7,581,208,14,12,5.781000000000001,4734.3,0.0013150833333333335
2024-05-04 14:13:00,16,503,220,14,13,6.003,4800.9,0.0013335833333333333
2024-05-04 14:14:00,10,536,295,14,14,7.911,5373.299999999999,0.0014925833333333332
2024-05-04 14:15:00,13,791,349,14,15,9.516,5854.8,0.0016263333333333334
2024-05-04 14:16:00,10,788,328,14,16,8.988000000000001,5696.400000000001,0.0015823333333333334
2024-05-04 14:17:00,4,464,295,14,17,7.839,5351.700000000001,0.0014865833333333335
2024-05-04 14:18:00,13,545,262,14,18,7.095000000000001,5128.5,0.0014245833333333333
2024-05-04 14:19:00,13,629,316,14,19,8.529,5558.700000000001,0.0015440833333333335
2024-05-04 14:20:00,10,512,337,14,20,8.937000000000001,5681.1,0.0015780833333333335
2024-05-04 14:21:00,4,503,394,14,21,10.353000000000002,6105.900000000001,0.0016960833333333335
2024-05-04 14:22:00,16,452,292,14,22,7.752000000000001,5325.6,0.0014793333333333334
2024-05-04 14:23:00,10,746,238,14,23,6.696,5008.8,0.0013913333333333334
2024-05-04 14:24:00,4,410,253,14,24,6.735,5020.5,0.0013945833333333334
2024-05-04 14:25:00,16,716,241,14,25,6.7410000000000005,5022.3,0.0013950833333333335
2024-05-04 14:26:00,7,572,220,14,26,6.072,4821.599999999999,0.0013393333333333332
2024-05-04 14:27:00,10,461,313,14,27,8.286,5485.799999999999,0.0015238333333333332
2024-05-04 14:28:00,10,551,304,14,28,8.151,5445.3,0.0015125833333333334
2024-05-04 14:29:00,16,545,277,14,29,7.470000000000001,5241.0,0.0014558333333333333
2024-05-04 14:30:00,13,620,301,14,30,8.145,5443.5,0.0015120833333333334
2024-05-04 14:31:00,7,695,247,14,31,6.870000000000001,5061.0,0.0014058333333333334
2024-05-04 14:32:00,7,419,214,14,32,5.769,4730.700000000001,0.0013140833333333336
2024-05-04 14:33:00,4,557,289,14,33,7.782000000000001,5334.6,0.0014818333333333335
2024-05-04 14:34:00,10,488,379,14,34,9.963,5988.9,0.0016635833333333333
2024-05-04 14:35:00,4,647,358,14,35,9.597000000000001,5879.1,0.0016330833333333334
2024-05-04 14:36:00,13,551,238,14,36,6.501,4950.3,0.0013750833333333334
2024-05-04 14:37:00,16,692,271,14,37,7.4670000000000005,5240.1,0.0014555833333333335
2024-05-04 14:38:00,7,719,241,14,38,6.744000000000001,5023.200000000001,0.0013953333333333335
2024-05-04 14:39:00,13,536,331,14,39,8.811,5643.299999999999,0.0015675833333333332
2024-05-04 14:40:00,4,536,292,14,40,7.836,5350.8,0.0014863333333333334
2024-05-04 14:41:00,13,557,283,14,41,7.632000000000001,5289.6,0.0014693333333333333
2024-05-04 14:42:00,13,701,367,14,42,9.876000000000001,5962.8,0.0016563333333333334
2024-05-04 14:43:00,13,431,274,14,43,7.281000000000001,5184.300000000001,0.0014400833333333336
2024-05-04 14:44:00,13,617,322,14,44,8.667000000000002,5600.1,0.0015555833333333335
2024-05-04 14:45:00,7,467,334,14,45,8.817,5645.1,0.0015680833333333334
2024-05-04 14:46:00,4,626,274,14,46,7.476000000000001,5242.8,0.0014563333333333334
2024-05-04 14:47:00,4,551,313,14,47,8.376,5512.8,0.0015313333333333333
2024-05-04 14:48:00,7,605,256,14,48,7.005000000000001,5101.5,0.0014170833333333333
2024-05-04 14:49:00,10,560,355,14,49,9.435,5830.5,0.0016195833333333333
2024-05-04 14:50:00,7,674,322,14,50,8.724,5617.2,0.0015603333333333333
2024-05-04 14:51:00,4,473,241,14,51,6.498,4949.4,0.0013748333333333332
2024-05-04 14:52:00,7,476,295,14,52,7.851,5355.299999999999,0.0014875833333333332
2024-05-04 14:53:00,4,674,283,14,53,7.7490000000000006,5324.7,0.0014790833333333333
2024-05-04 14:54:00,7,404,202,14,54,5.454000000000001,4636.200000000001,0.0012878333333333335
2024-05-04 14:55:00,7,638,271,14,55,7.413,5223.900000000001,0.0014510833333333335
2024-05-04 14:56:00,7,443,319,14,56,8.418000000000001,5525.4,0.0015348333333333331
2024-05-04 14:57:00,13,542,259,14,57,7.017,5105.1,0.0014180833333333335
2024-05-04 14:58:00,7,587,334,14,58,8.937,5681.1,0.0015780833333333335
2024-05-04 14:59:00,7,494,337,14,59,8.919,5675.700000000001,0.0015765833333333335
2024-05-04 15:00:00,10,557,247,15,0,6.732000000000001,5019.6,0.0013943333333333334
2024-05-04 15:01:00,10,644,343,15,1,9.219000000000001,5765.700000000001,0.0016015833333333335
2024-05-04 15:02:00,10,602,220,15,2,6.102,4830.6,0.0013418333333333333
2024-05-04 15:03:00,7,428,235,15,3,6.303,4890.900000000001,0.0013585833333333334
2024-05-04 15:04:00,10,425,265,15,4,7.05,5115.0,0.0014208333333333334
2024-05-04 15:05:00,4,455,256,15,5,6.855,5056.5,0.0014045833333333334
2024-05-04 15:06:00,13,434,265,15,6,7.059,5117.700000000001,0.0014215833333333335
2024-05-04 15:07:00,4,533,337,15,7,8.958,5687.4,0.0015798333333333333
2024-05-04 15:08:00,10,494,271,15,8,7.269,5180.700000000001,0.0014390833333333334
2024-05-04 15:09:00,4,416,196,15,9,5.316000000000001,4594.8,0.0012763333333333333
2024-05-04 15:10:00,7,536,253,15,10,6.861000000000001,5058.3,0.0014050833333333335
2024-05-04 15:11:00,13,590,208,15,11,5.79,4737.0,0.0013158333333333334
2024-05-04 15:12:00,4,527,235,15,12,6.402,4920.6,0.0013668333333333334
2024-05-04 15:13:00,7,620,301,15,13,8.145,5443.5,0.0015120833333333334
2024-05-04 15:14:00,13,533,214,15,14,5.883000000000001,4764.9,0.0013235833333333333
2024-05-04 15:15:00,7,470,232,15,15,6.2700000000000005,4881.0,0.0013558333333333332
2024-05-04 15:16:00,7,572,223,15,16,6.147,4844.1,0.0013455833333333334
2024-05-04 15:17:00,7,590,262,15,17,7.140000000000001,5142.0,0.0014283333333333333
2024-05-04 15:18:00,13,620,277,15,18,7.545000000000001,5263.5,0.0014620833333333332
2024-05-04 15:19:00,10,449,286,15,19,7.599,5279.7,0.0014665833333333332
2024-05-04 15:20:00,4,521,328,15,20,8.721000000000002,5616.300000000001,0.0015600833333333337
2024-05-04 15:21:00,13,482,235,15,21,6.357,4907.1,0.0013630833333333333
2024-05-04 15:22:00,7,494,211,15,22,5.769,4730.700000000001,0.0013140833333333336
2024-05-04 15:23:00,7,503,241,15,23,6.5280000000000005,4958.4,0.0013773333333333333
2024-05-04 15:24:00,7,407,301,15,24,7.932,5379.6,0.0014943333333333334
2024-05-04 15:25:00,7,455,295,15,25,7.83,5349.0,0.0014858333333333334
2024-05-04 15:26:00,7,545,244,15,26,6.6450000000000005,4993.5,0.0013870833333333333
2024-05-04 15:27:00,4,500,280,15,27,7.5,5250.0,0.0014583333333333334
2024-05-04 15:28:00,7,527,259,15,28,7.002000000000001,5100.6,0.0014168333333333335
2024-05-04 15:29:00,4,422,205,15,29,5.547,4664.1,0.0012955833333333335
2024-05-04 15:30:00,7,536,259,15,30,7.011000000000001,5103.3,0.0014175833333333334
2024-05-04 15:31:00,10,392,241,15,31,6.417000000000001,4925.1,0.0013680833333333333
2024-05-04 15:32:00,7,536,244,15,32,6.636000000000001,4990.8,0.0013863333333333334
2024-05-04 15:33:00,10,608,235,15,33,6.483,4944.9,0.0013735833333333332
2024-05-04 15:34:00,4,521,310,15,34,8.271,5481.3,0.0015225833333333335
2024-05-04 15:35:00,10,467,310,15,35,8.217,5465.1,0.0015180833333333335
2024-05-04 15:36:00,10,398,235,15,36,6.273,4881.9,0.0013560833333333333
2024-05-04 15:37:00,7,575,310,15,37,8.325,5497.5,0.0015270833333333334
2024-05-04 15:38:00,7,413,262,15,38,6.963000000000001,5088.9,0.0014135833333333333
2024-05-04 15:39:00,10,515,226,15,39,6.165,4849.5,0.0013470833333333334
2024-05-04 15:40:00,4,536,301,15,40,8.061,5418.299999999999,0.001505083333333333
2024-05-04 15:41:00,10,422,205,15,41,5.547,4664.1,0.0012955833333333335
2024-05-04 15:42:00,10,428,208,15,42,5.628,4688.4,0.0013023333333333333
2024-05-04 15:43:00,7,581,241,15,43,6.606,4981.799999999999,0.001383833333333333
2024-05-04 15:44:00,7,434,298,15,44,7.884,5365.200000000001,0.0014903333333333335
2024-05-04 15:45:00,4,515,265,15,45,7.14,5142.0,0.0014283333333333333
2024-05-04 15:46:00,7,461,277,15,46,7.386000000000001,5215.8,0.0014488333333333334
2024-05-04 15:47:00,7,494,208,15,47,5.694,4708.2,0.0013078333333333334
2024-05-04 15:48:00,10,392,202,15,48,5.442000000000001,4632.6,0.0012868333333333334
2024-05-04 15:49:00,7,575,217,15,49,6.000000000000001,4800.0,0.0013333333333333333
2024-05-04 15:50:00,10,476,280,15,50,7.476,5242.799999999999,0.0014563333333333331
2024-05-04 15:51:00,7,521,214,15,51,5.871,4761.3,0.0013225833333333334
2024-05-04 15:52:00,10,470,202,15,52,5.5200000000000005,4656.0,0.0012933333333333334
2024-05-04 15:53:00,7,464,256,15,53,6.864000000000001,5059.2,0.0014053333333333333
2024-05-04 15:54:00,4,386,223,15,54,5.961,4788.3,0.0013300833333333333
2024-05-04 15:55:00,4,455,265,15,55,7.08,5124.0,0.0014233333333333333
2024-05-04 15:56:00,7,467,286,15,56,7.617,5285.1,0.0014680833333333334
2024-05-04 15:57:00,7,404,196,15,57,5.304,4591.2,0.0012753333333333332
2024-05-04 15:58:00,7,386,265,15,58,7.011,5103.299999999999,0.0014175833333333332
2024-05-04 15:59:00,4,536,274,15,59,7.386000000000001,5215.8,0.0014488333333333334
2024-05-04 16:00:00,4,395,244,16,0,6.495000000000001,4948.5,0.0013745833333333333
2024-05-04 16:01:00,4,473,280,16,1,7.473,5241.9,0.0014560833333333333
2024-05-04 16:02:00,4,494,280,16,2,7.494,5248.200000000001,0.0014578333333333336
2024-05-04 16:03:00,4,377,259,16,3,6.852,5055.6,0.0014043333333333334
2024-05-04 16:04:00,4,380,214,16,4,5.73,4719.0,0.0013108333333333333
2024-05-04 16:05:00,10,527,193,16,5,5.352,4605.599999999999,0.0012793333333333333
2024-05-04 16:06:00,7,500,256,16,6,6.9,5070.0,0.0014083333333333333
2024-05-04 16:07:00,7,392,238,16,7,6.3420000000000005,4902.6,0.0013618333333333334
2024-05-04 16:08:00,4,398,274,16,8,7.248,5174.4,0.0014373333333333332
2024-05-04 16:09:00,4,467,196,16,9,5.367,4610.1,0.0012805833333333334
2024-05-04 16:10:00,7,530,238,16,10,6.48,4944.0,0.0013733333333333334
2024-05-04 16:11:00,7,401,268,16,11,7.101,5130.299999999999,0.001425083333333333
2024-05-04 16:12:00,7,407,262,16,12,6.957000000000001,5087.1,0.0014130833333333335
2024-05-04 16:13:00,4,509,226,16,13,6.159000000000001,4847.700000000001,0.0013465833333333335
2024-05-04 16:14:00,4,404,262,16,14,6.954000000000001,5086.200000000001,0.0014128333333333334
2024-05-04 16:15:00,4,509,268,16,15,7.2090000000000005,5162.7,0.0014340833333333332
2024-05-04 16:16:00,7,491,256,16,16,6.891,5067.3,0.0014075833333333334
2024-05-04 16:17:00,7,455,220,16,17,5.955,4786.5,0.0013295833333333334
2024-05-04 16:18:00,7,392,196,16,18,5.292000000000001,4587.6,0.0012743333333333335
2024-05-04 16:19:00,7,449,187,16,19,5.124,4537.2,0.0012603333333333334
2024-05-04 16:20:00,7,392,199,16,20,5.367000000000001,4610.1,0.0012805833333333334
2024-05-04 16:21:00,4,500,241,16,21,6.525,4957.5,0.0013770833333333332
2024-05-04 16:22:00,7,377,256,16,22,6.777,5033.1,0.0013980833333333334
2024-05-04 16:23:00,7,383,220,16,23,5.883,4764.9,0.0013235833333333333
2024-05-04 16:24:00,7,467,229,16,24,6.192,4857.6,0.0013493333333333335
2024-05-04 16:25:00,4,488,238,16,25,6.438000000000001,4931.4,0.0013698333333333331
2024-05-04 16:26:00,7,392,253,16,26,6.7170000000000005,5015.1,0.0013930833333333334
2024-05-04 16:27:00,4,503,223,16,27,6.078,4823.4,0.0013398333333333333
2024-05-04 16:28:00,7,461,223,16,28,6.0360000000000005,4810.8,0.0013363333333333335
2024-05-04 16:29:00,7,437,214,16,29,5.787000000000001,4736.1,0.0013155833333333335
2024-05-04 16:30:00,4,479,223,16,30,6.054,4816.2,0.0013378333333333332
2024-05-04 16:31:00,4,401,256,16,31,6.801,5040.299999999999,0.001400083333333333
2024-05-04 16:32:00,7,482,232,16,32,6.282000000000001,4884.6,0.0013568333333333334
2024-05-04 16:33:00,4,461,244,16,33,6.561000000000001,4968.3,0.0013800833333333334
2024-05-04 16:34:00,7,383,184,16,34,4.9830000000000005,4494.9,0.0012485833333333333
2024-05-04 16:35:00,4,473,235,16,35,6.348,4904.4,0.0013623333333333332
2024-05-04 16:36:00,4,410,199,16,36,5.385000000000001,4615.5,0.0012820833333333334
2024-05-04 16:37:00,7,389,208,16,37,5.589,4676.700000000001,0.0012990833333333335
2024-05-04 16:38:00,4,440,190,16,38,5.19,4557.0,0.0012658333333333334
2024-05-04 16:39:00,7,410,214,16,39,5.760000000000001,4728.0,0.0013133333333333332
2024-05-04 16:40:00,4,440,217,16,40,5.865000000000001,4759.5,0.0013220833333333333
2024-05-04 16:41:00,7,482,190,16,41,5.232,4569.6,0.0012693333333333335
2024-05-04 16:42:00,4,407,205,16,42,5.532,4659.6,0.0012943333333333335
2024-05-04 16:43:00,7,428,202,16,43,5.478000000000001,4643.4,0.0012898333333333332
2024-05-04 16:44:00,7,461,223,16,44,6.0360000000000005,4810.8,0.0013363333333333335
2024-05-04 16:45:00,4,404,232,16,45,6.204000000000001,4861.200000000001,0.0013503333333333336
2024-05-04 16:46:00,4,437,196,16,46,5.337000000000001,4601.1,0.0012780833333333333
2024-05-04 16:47:00,4,419,196,16,47,5.319,4595.7,0.0012765833333333333
2024-05-04 16:48:00,4,401,184,16,48,5.001,4500.3,0.0012500833333333333
2024-05-04 16:49:00,7,476,196,16,49,5.376,4612.8,0.0012813333333333333
2024-05-04 16:50:00,4,440,205,16,50,5.565,4669.5,0.0012970833333333332
2024-05-04 16:51:00,7,443,205,16,51,5.568,4670.4,0.0012973333333333333
2024-05-04 16:52:00,4,425,205,16,52,5.55,4665.0,0.0012958333333333333
2024-05-04 16:53:00,4,464,232,16,53,6.264000000000001,4879.200000000001,0.0013553333333333336
2024-05-04 16:54:00,7,464,226,16,54,6.114000000000001,4834.2,0.0013428333333333332
2024-05-04 16:55:00,4,389,229,16,55,6.114000000000001,4834.2,0.0013428333333333332
2024-05-04 16:56:00,4,368,193,16,56,5.1930000000000005,4557.9,0.0012660833333333333
2024-05-04 16:57:00,7,392,232,16,57,6.192000000000001,4857.6,0.0013493333333333335
2024-05-04 16:58:00,4,383,187,16,58,5.058,4517.4,0.0012548333333333333
2024-05-04 16:59:00,4,383,223,16,59,5.958,4787.4,0.0013298333333333333
2024-05-04 17:00:00,4,389,202,17,0,5.439000000000001,4631.700000000001,0.0012865833333333336
2024-05-04 17:01:00,4,410,214,17,1,5.760000000000001,4728.0,0.0013133333333333332
2024-05-04 17:02:00,4,365,208,17,2,5.565,4669.5,0.0012970833333333332
2024-05-04 17:03:00,4,404,190,17,3,5.154,4546.2,0.0012628333333333333
2024-05-04 17:04:00,4,413,205,17,4,5.538,4661.400000000001,0.0012948333333333334
2024-05-04 17:05:00,4,452,214,17,5,5.8020000000000005,4740.6,0.0013168333333333335
2024-05-04 17:06:00,4,404,193,17,6,5.229,4568.700000000001,0.0012690833333333334
2024-05-04 17:07:00,4,389,193,17,7,5.214,4564.200000000001,0.0012678333333333335
2024-05-04 17:08:00,4,371,226,17,8,6.021000000000001,4806.3,0.0013350833333333333
2024-05-04 17:09:00,4,368,196,17,9,5.268000000000001,4580.4,0.0012723333333333332
2024-05-04 17:10:00,4,377,223,17,10,5.952,4785.6,0.0013293333333333334
2024-05-04 17:11:00,4,431,217,17,11,5.856000000000001,4756.8,0.0013213333333333334
2024-05-04 17:12:00,4,380,211,17,12,5.655,4696.5,0.0013045833333333334
2024-05-04 17:13:00,4,362,211,17,13,5.6370000000000005,4691.1,0.0013030833333333334
2024-05-04 17:14:00,4,383,208,17,14,5.583,4674.9,0.0012985833333333332
2024-05-04 17:15:00,4,392,190,17,15,5.142,4542.599999999999,0.0012618333333333331
2024-05-04 17:16:00,4,434,196,17,16,5.3340000000000005,4600.2,0.0012778333333333333
2024-05-04 17:17:00,4,386,199,17,17,5.361000000000001,4608.3,0.0012800833333333334
2024-05-04 17:18:00,4,407,208,17,18,5.607,4682.1,0.0013005833333333335
2024-05-04 17:19:00,4,404,184,17,19,5.0040000000000004,4501.200000000001,0.0012503333333333335
2024-05-04 17:20:00,4,380,205,17,20,5.505,4651.5,0.0012920833333333332
2024-05-04 17:21:00,4,377,211,17,21,5.652,4695.6,0.0013043333333333333
2024-05-04 17:22:00,4,389,205,17,22,5.514,4654.2,0.0012928333333333333
2024-05-04 17:23:00,4,410,205,17,23,5.535,4660.5,0.0012945833333333333
2024-05-04 17:24:00,4,416,187,17,24,5.091,4527.3,0.0012575833333333334
2024-05-04 17:25:00,4,404,214,17,25,5.7540000000000004,4726.200000000001,0.0013128333333333336
2024-05-04 17:26:00,4,419,187,17,26,5.093999999999999,4528.2,0.0012578333333333332
2024-05-04 17:27:00,4,398,187,17,27,5.0729999999999995,4521.9,0.0012560833333333332
2024-05-04 17:28:00,4,374,211,17,28,5.649,4694.700000000001,0.0013040833333333335
2024-05-04 17:29:00,4,398,184,17,29,4.998,4499.4,0.0012498333333333333
2024-05-04 17:30:00,4,374,199,17,30,5.349,4604.7,0.0012790833333333332
2024-05-04 17:31:00,4,371,202,17,31,5.421000000000001,4626.3,0.0012850833333333334
2024-05-04 17:32:00,4,404,202,17,32,5.454000000000001,4636.200000000001,0.0012878333333333335
2024-05-04 17:33:00,4,392,199,17,33,5.367000000000001,4610.1,0.0012805833333333334
2024-05-04 17:34:00,4,380,190,17,34,5.13,4539.0,0.0012608333333333334
2024-05-04 17:35:00,4,407,202,17,35,5.457000000000001,4637.1,0.0012880833333333334
2024-05-04 17:36:00,4,389,199,17,36,5.364000000000001,4609.2,0.0012803333333333332
2024-05-04 17:37:00,4,362,202,17,37,5.412000000000001,4623.6,0.0012843333333333335
2024-05-04 17:38:00,4,383,205,17,38,5.508,4652.4,0.0012923333333333333
2024-05-04 17:39:00,4,410,205,17,39,5.535,4660.5,0.0012945833333333333
2024-05-04 17:40:00,4,395,190,17,40,5.145,4543.5,0.0012620833333333334
2024-05-04 17:41:00,4,371,196,17,41,5.271000000000001,4581.3,0.0012725833333333335
2024-05-04 17:42:00,4,380,187,17,42,5.055,4516.5,0.0012545833333333332
2024-05-04 17:43:00,4,377,202,17,43,5.4270000000000005,4628.1,0.0012855833333333335
2024-05-04 17:44:00,4,404,190,17,44,5.154,4546.2,0.0012628333333333333
2024-05-04 17:45:00,4,377,193,17,45,5.202,4560.6,0.0012668333333333334
2024-05-04 17:46:00,4,404,184,17,46,5.0040000000000004,4501.200000000001,0.0012503333333333335
2024-05-04 17:47:00,4,365,184,17,47,4.965000000000001,4489.5,0.0012470833333333333
2024-05-04 17:48:00,4,374,202,17,48,5.424,4627.200000000001,0.0012853333333333336
2024-05-04 17:49:00,4,371,181,17,49,4.896000000000001,4468.8,0.0012413333333333334
2024-05-04 17:50:00,4,395,190,17,50,5.145,4543.5,0.0012620833333333334
2024-05-04 17:51:00,4,362,187,17,51,5.037,4511.1,0.0012530833333333335
2024-05-04 17:52:00,4,389,178,17,52,4.839,4451.700000000001,0.0012365833333333335
2024-05-04 17:53:00,4,395,196,17,53,5.295,4588.5,0.0012745833333333333
2024-05-04 17:54:00,4,365,181,17,54,4.890000000000001,4467.0,0.0012408333333333334
2024-05-04 17:55:00,4,374,184,17,55,4.974,4492.2,0.0012478333333333332
2024-05-04 17:56:00,4,368,184,17,56,4.968000000000001,4490.400000000001,0.0012473333333333336
2024-05-04 17:57:00,4,365,178,17,57,4.815,4444.5,0.0012345833333333334
2024-05-04 17:58:00,4,377,184,17,58,4.977,4493.099999999999,0.0012480833333333332
2024-05-04 17:59:00,4,377,184,17,59,4.977,4493.099999999999,0.0012480833333333332
2024-05-04 18:00:00,4,374,178,18,0,4.824,4447.2,0.0012353333333333333
2024-05-04 18:01:00,4,368,181,18,1,4.893000000000001,4467.9,0.0012410833333333332
2024-05-04 18:02:00,4,380,178,18,2,4.83,4449.0,0.0012358333333333334
2024-05-04 18:03:00,4,386,187,18,3,5.061,4518.299999999999,0.001255083333333333
2024-05-04 18:04:00,4,377,181,18,4,4.902,4470.6,0.0012418333333333335
2024-05-04 18:05:00,4,377,187,18,5,5.052,4515.6,0.0012543333333333334
2024-05-04 18:06:00,4,371,190,18,6,5.121,4536.3,0.0012600833333333333
2024-05-04 18:07:00,4,365,190,18,7,5.115,4534.5,0.0012595833333333333
2024-05-04 18:08:00,4,365,187,18,8,5.04,4512.0,0.0012533333333333333
2024-05-04 18:09:00,4,371,181,18,9,4.896000000000001,4468.8,0.0012413333333333334
2024-05-04 18:10:00,4,383,184,18,10,4.9830000000000005,4494.9,0.0012485833333333333
2024-05-04 18:11:00,4,356,181,18,11,4.881,4464.3,0.0012400833333333335
2024-05-04 18:12:00,4,362,175,18,12,4.737,4421.1,0.0012280833333333334
2024-05-04 18:13:00,4,380,181,18,13,4.905,4471.5,0.0012420833333333333
2024-05-04 18:14:00,4,362,190,18,14,5.112,4533.6,0.0012593333333333334
2024-05-04 18:15:00,4,356,184,18,15,4.956,4486.8,0.0012463333333333335
2024-05-04 18:16:00,4,359,187,18,16,5.034,4510.2,0.0012528333333333332
2024-05-04 18:17:00,4,371,181,18,17,4.896000000000001,4468.8,0.0012413333333333334
2024-05-04 18:18:00,4,359,187,18,18,5.034,4510.2,0.0012528333333333332
2024-05-04 18:19:00,4,365,184,18,19,4.965000000000001,4489.5,0.0012470833333333333
2024-05-04 18:20:00,4,359,181,18,20,4.884,4465.200000000001,0.0012403333333333335
2024-05-04 18:21:00,4,374,181,18,21,4.899,4469.700000000001,0.0012415833333333335
2024-05-04 18:22:00,4,362,178,18,22,4.812,4443.6,0.0012343333333333334
2024-05-04 18:23:00,4,362,175,18,23,4.737,4421.1,0.0012280833333333334
2024-05-04 18:24:00,4,362,181,18,24,4.8870000000000005,4466.1,0.0012405833333333333
2024-05-04 18:25:00,4,371,187,18,25,5.045999999999999,4513.799999999999,0.0012538333333333331
2024-05-04 18:26:00,4,368,178,18,26,4.8180000000000005,4445.4,0.0012348333333333332
2024-05-04 18:27:00,4,356,181,18,27,4.881,4464.3,0.0012400833333333335
2024-05-04 18:28:00,4,359,178,18,28,4.809,4442.700000000001,0.0012340833333333336
2024-05-04 18:29:00,4,356,184,18,29,4.956,4486.8,0.0012463333333333335
2024-05-04 18:30:00,4,365,181,18,30,4.890000000000001,4467.0,0.0012408333333333334
2024-05-04 18:31:00,4,365,184,18,31,4.965000000000001,4489.5,0.0012470833333333333
2024-05-04 18:32:00,4,359,181,18,32,4.884,4465.200000000001,0.0012403333333333335
2024-05-04 18:33:00,4,365,184,18,33,4.965000000000001,4489.5,0.0012470833333333333
2024-05-04 18:34:00,4,365,175,18,34,4.74,4422.0,0.0012283333333333332
2024-05-04 18:35:00,4,353,175,18,35,4.728,4418.4,0.0012273333333333333
2024-05-04 18:36:00,4,353,178,18,36,4.803,4440.900000000001,0.0012335833333333335
2024-05-04 18:37:00,4,353,178,18,37,4.803,4440.900000000001,0.0012335833333333335
2024-05-04 18:38:00,4,362,181,18,38,4.8870000000000005,4466.1,0.0012405833333333333
2024-05-04 18:39:00,4,359,178,18,39,4.809,4442.700000000001,0.0012340833333333336
2024-05-04 18:40:00,4,353,175,18,40,4.728,4418.4,0.0012273333333333333
2024-05-04 18:41:00,4,353,181,18,41,4.878,4463.4,0.0012398333333333332
2024-05-04 18:42:00,4,353,181,18,42,4.878,4463.4,0.0012398333333333332
2024-05-04 18:43:00,4,353,178,18,43,4.803,4440.900000000001,0.0012335833333333335
2024-05-04 18:44:00,4,353,178,18,44,4.803,4440.900000000001,0.0012335833333333335
2024-05-04 18:45:00,4,356,178,18,45,4.806,4441.8,0.0012338333333333333
2024-05-04 18:46:00,4,359,178,18,46,4.809,4442.700000000001,0.0012340833333333336
2024-05-04 18:47:00,4,353,178,18,47,4.803,4440.900000000001,0.0012335833333333335
2024-05-04 18:48:00,4,353,178,18,48,4.803,4440.900000000001,0.0012335833333333335
2024-05-04 18:49:00,4,359,175,18,49,4.734,4420.2,0.0012278333333333334
2024-05-04 18:50:00,4,353,178,18,50,4.803,4440.900000000001,0.0012335833333333335
2024-05-04 18:51:00,4,350,178,18,51,4.8,4440.0,0.0012333333333333332
2024-05-04 18:52:00,4,356,178,18,52,4.806,4441.8,0.0012338333333333333
2024-05-04 18:53:00,4,353,175,18,53,4.728,4418.4,0.0012273333333333333
2024-05-04 18:54:00,4,350,175,18,54,4.725,4417.5,0.0012270833333333333
2024-05-04 18:55:00,4,356,175,18,55,4.731,4419.299999999999,0.0012275833333333331
2024-05-04 18:56:00,4,353,178,18,56,4.803,4440.900000000001,0.0012335833333333335
2024-05-04 18:57:00,4,350,175,18,57,4.725,4417.5,0.0012270833333333333
2024-05-04 18:58:00,4,353,175,18,58,4.728,4418.4,0.0012273333333333333
2024-05-04 18:59:00,4,356,175,18,59,4.731,4419.299999999999,0.0012275833333333331
2024-05-04 19:00:00,2,200,100,19,0,2.7,3810.0,0.0010583333333333334
2024-05-04 19:01:00,2,201,100,19,1,2.701,3810.2999999999997,0.0010584166666666665
2024-05-04 19:02:00,2,201,100,19,2,2.701,3810.2999999999997,0.0010584166666666665
2024-05-04 19:03:00,2,201,100,19,3,2.701,3810.2999999999997,0.0010584166666666665
2024-05-04 19:04:00,2,201,100,19,4,2.701,3810.2999999999997,0.0010584166666666665
2024-05-04 19:05:00,2,200,100,19,5,2.7,3810.0,0.0010583333333333334
2024-05-04 19:06:00,2,200,100,19,6,2.7,3810.0,0.0010583333333333334
2024-05-04 19:07:00,2,200,100,19,7,2.7,3810.0,0.0010583333333333334
2024-05-04 19:08:00,2,200,100,19,8,2.7,3810.0,0.0010583333333333334
2024-05-04 19:09:00,2,200,100,19,9,2.7,3810.0,0.0010583333333333334
2024-05-04 19:10:00,2,201,100,19,10,2.701,3810.2999999999997,0.0010584166666666665
2024-05-04 19:11:00,2,200,100,19,11,2.7,3810.0,0.0010583333333333334
2024-05-04 19:12:00,2,200,100,19,12,2.7,3810.0,0.0010583333333333334
2024-05-04 19:13:00,2,200,100,19,13,2.7,3810.0,0.0010583333333333334
2024-05-04 19:14:00,2,200,100,19,14,2.7,3810.0,0.0010583333333333334
2024-05-04 19:15:00,2,200,100,19,15,2.7,3810.0,0.0010583333333333334
2024-05-04 19:16:00,2,200,100,19,16,2.7,3810.0,0.0010583333333333334
2024-05-04 19:17:00,2,200,100,19,17,2.7,3810.0,0.0010583333333333334
2024-05-04 19:18:00,2,200,100,19,18,2.7,3810.0,0.0010583333333333334
2024-05-04 19:19:00,2,200,100,19,19,2.7,3810.0,0.0010583333333333334
2024-05-04 19:20:00,2,200,100,19,20,2.7,3810.0,0.0010583333333333334
2024-05-04 19:21:00,2,200,100,19,21,2.7,3810.0,0.0010583333333333334
2024-05-04 19:22:00,2,200,100,19,22,2.7,3810.0,0.0010583333333333334
2024-05-04 19:23:00,2,200,100,19,23,2.7,3810.0,0.0010583333333333334
2024-05-04 19:24:00,2,200,100,19,24,2.7,3810.0,0.0010583333333333334
2024-05-04 19:25:00,2,200,100,19,25,2.7,3810.0,0.0010583333333333334
2024-05-04 19:26:00,2,200,100,19,26,2.7,3810.0,0.0010583333333333334
2024-05-04 19:27:00,2,200,100,19,27,2.7,3810.0,0.0010583333333333334
2024-05-04 19:28:00,2,200,100,19,28,2.7,3810.0,0.0010583333333333334
2024-05-04 19:29:00,2,200,100,19,29,2.7,3810.0,0.0010583333333333334
2024-05-04 19:30:00,2,200,100,19,30,2.7,3810.0,0.0010583333333333334
2024-05-04 19:31:00,2,200,100,19,31,2.7,3810.0,0.0010583333333333334
2024-05-04 19:32:00,2,200,100,19,32,2.7,3810.0,0.0010583333333333334
2024-05-04 19:33:00,2,200,100,19,33,2.7,3810.0,0.0010583333333333334
2024-05-04 19:34:00,2,200,100,19,34,2.7,3810.0,0.0010583333333333334
2024-05-04 19:35:00,2,200,100,19,35,2.7,3810.0,0.0010583333333333334
2024-05-04 19:36:00,2,200,100,19,36,2.7,3810.0,0.0010583333333333334
2024-05-04 19:37:00,2,200,100,19,37,2.7,3810.0,0.0010583333333333334
2024-05-04 19:38:00,2,200,100,19,38,2.7,3810.0,0.0010583333333333334
2024-05-04 19:39:00,2,200,100,19,39,2.7,3810.0,0.0010583333333333334
2024-05-04 19:40:00,2,200,100,19,40,2.7,3810.0,0.0010583333333333334
2024-05-04 19:41:00,2,200,100,19,41,2.7,3810.0,0.0010583333333333334
2024-05-04 19:42:00,2,200,100,19,42,2.7,3810.0,0.0010583333333333334
2024-05-04 19:43:00,2,200,100,19,43,2.7,3810.0,0.0010583333333333334
2024-05-04 19:44:00,2,200,100,19,44,2.7,3810.0,0.0010583333333333334
2024-05-04 19:45:00,2,200,100,19,45,2.7,3810.0,0.0010583333333333334
2024-05-04 19:46:00,2,200,100,19,46,2.7,3810.0,0.0010583333333333334
2024-05-04 19:47:00,2,200,100,19,47,2.7,3810.0,0.0010583333333333334
2024-05-04 19:48:00,2,200,100,19,48,2.7,3810.0,0.0010583333333333334
2024-05-04 19:49:00,2,200,100,19,49,2.7,3810.0,0.0010583333333333334
2024-05-04 19:50:00,2,200,100,19,50,2.7,3810.0,0.0010583333333333334
2024-05-04 19:51:00,2,200,100,19,51,2.7,3810.0,0.0010583333333333334
2024-05-04 19:52:00,2,200,100,19,52,2.7,3810.0,0.0010583333333333334
2024-05-04 19:53:00,2,200,100,19,53,2.7,3810.0,0.0010583333333333334
2024-05-04 19:54:00,2,200,100,19,54,2.7,3810.0,0.0010583333333333334
2024-05-04 19:55:00,2,200,100,19,55,2.7,3810.0,0.0010583333333333334
2024-05-04 19:56:00,2,200,100,19,56,2.7,3810.0,0.0010583333333333334
2024-05-04 19:57:00,2,200,100,19,57,2.7,3810.0,0.0010583333333333334
2024-05-04 19:58:00,2,200,100,19,58,2.7,3810.0,0.0010583333333333334
2024-05-04 19:59:00,2,200,100,19,59,2.7,3810.0,0.0010583333333333334
2024-05-04 20:00:00,2,200,100,20,0,2.7,3810.0,0.0010583333333333334
2024-05-04 20:01:00,2,200,100,20,1,2.7,3810.0,0.0010583333333333334
2024-05-04 20:02:00,2,200,100,20,2,2.7,3810.0,0.0010583333333333334
2024-05-04 20:03:00,2,200,100,20,3,2.7,3810.0,0.0010583333333333334
2024-05-04 20:04:00,2,200,100,20,4,2.7,3810.0,0.0010583333333333334
2024-05-04 20:05:00,2,200,100,20,5,2.7,3810.0,0.0010583333333333334
2024-05-04 20:06:00,2,201,100,20,6,2.701,3810.2999999999997,0.0010584166666666665
2024-05-04 20:07:00,2,200,100,20,7,2.7,3810.0,0.0010583333333333334
2024-05-04 20:08:00,2,200,100,20,8,2.7,3810.0,0.0010583333333333334
2024-05-04 20:09:00,2,201,100,20,9,2.701,3810.2999999999997,0.0010584166666666665
2024-05-04 20:10:00,2,200,100,20,10,2.7,3810.0,0.0010583333333333334
2024-05-04 20:11:00,2,200,100,20,11,2.7,3810.0,0.0010583333333333334
2024-05-04 20:12:00,2,201,100,20,12,2.701,3810.2999999999997,0.0010584166666666665
2024-05-04 20:13:00,2,200,100,20,13,2.7,3810.0,0.0010583333333333334
2024-05-04 20:14:00,2,200,100,20,14,2.7,3810.0,0.0010583333333333334
2024-05-04 20:15:00,2,200,100,20,15,2.7,3810.0,0.0010583333333333334
2024-05-04 20:16:00,2,200,100,20,16,2.7,3810.0,0.0010583333333333334
2024-05-04 20:17:00,2,203,100,20,17,2.703,3810.8999999999996,0.0010585833333333333
2024-05-04 20:18:00,2,201,100,20,18,2.701,3810.2999999999997,0.0010584166666666665
2024-05-04 20:19:00,2,200,100,20,19,2.7,3810.0,0.0010583333333333334
2024-05-04 20:20:00,2,200,101,20,20,2.7250000000000005,3817.5,0.0010604166666666668
2024-05-04 20:21:00,2,203,100,20,21,2.703,3810.8999999999996,0.0010585833333333333
2024-05-04 20:22:00,2,201,100,20,22,2.701,3810.2999999999997,0.0010584166666666665
2024-05-04 20:23:00,2,203,100,20,23,2.703,3810.8999999999996,0.0010585833333333333
2024-05-04 20:24:00,2,200,100,20,24,2.7,3810.0,0.0010583333333333334
2024-05-04 20:25:00,2,200,101,20,25,2.7250000000000005,3817.5,0.0010604166666666668
2024-05-04 20:26:00,2,203,100,20,26,2.703,3810.8999999999996,0.0010585833333333333
2024-05-04 20:27:00,2,204,101,20,27,2.7290000000000005,3818.7000000000003,0.00106075
2024-05-04 20:28:00,2,204,100,20,28,2.704,3811.2000000000003,0.0010586666666666667
2024-05-04 20:29:00,2,204,101,20,29,2.7290000000000005,3818.7000000000003,0.00106075
2024-05-04 20:30:00,2,203,101,20,30,2.728,3818.4,0.0010606666666666668
2024-05-04 20:31:00,2,204,100,20,31,2.704,3811.2000000000003,0.0010586666666666667
2024-05-04 20:32:00,2,201,103,20,32,2.7760000000000002,3832.8,0.0010646666666666667
2024-05-04 20:33:00,2,204,101,20,33,2.7290000000000005,3818.7000000000003,0.00106075
2024-05-04 20:34:00,2,206,100,20,34,2.706,3811.7999999999997,0.0010588333333333333
2024-05-04 20:35:00,2,201,100,20,35,2.701,3810.2999999999997,0.0010584166666666665
2024-05-04 20:36:00,2,201,103,20,36,2.7760000000000002,3832.8,0.0010646666666666667
2024-05-04 20:37:00,2,201,103,20,37,2.7760000000000002,3832.8,0.0010646666666666667
2024-05-04 20:38:00,2,206,100,20,38,2.706,3811.7999999999997,0.0010588333333333333
2024-05-04 20:39:00,2,203,103,20,39,2.778,3833.3999999999996,0.0010648333333333332
2024-05-04 20:40:00,2,204,103,20,40,2.7790000000000004,3833.7,0.0010649166666666667
2024-05-04 20:41:00,2,203,101,20,41,2.728,3818.4,0.0010606666666666668
2024-05-04 20:42:00,2,207,103,20,42,2.782,3834.6000000000004,0.0010651666666666667
2024-05-04 20:43:00,2,206,101,20,43,2.7310000000000003,3819.3,0.0010609166666666668
2024-05-04 20:44:00,2,209,101,20,44,2.7340000000000004,3820.2,0.0010611666666666666
2024-05-04 20:45:00,2,207,101,20,45,2.732,3819.6000000000004,0.001061
2024-05-04 20:46:00,2,203,103,20,46,2.778,3833.3999999999996,0.0010648333333333332
2024-05-04 20:47:00,2,207,104,20,47,2.807,3842.1,0.00106725
2024-05-04 20:48:00,2,207,101,20,48,2.732,3819.6000000000004,0.001061
2024-05-04 20:49:00,2,206,103,20,49,2.781,3834.3,0.0010650833333333335
2024-05-04 20:50:00,2,204,103,20,50,2.7790000000000004,3833.7,0.0010649166666666667
2024-05-04 20:51:00,2,210,100,20,51,2.71,3813.0,0.0010591666666666666
2024-05-04 20:52:00,2,201,100,20,52,2.701,3810.2999999999997,0.0010584166666666665
2024-05-04 20:53:00,2,210,100,20,53,2.71,3813.0,0.0010591666666666666
2024-05-04 20:54:00,2,209,104,20,54,2.809,3842.7000000000003,0.0010674166666666668
2024-05-04 20:55:00,2,204,101,20,55,2.7290000000000005,3818.7000000000003,0.00106075
2024-05-04 20:56:00,2,209,101,20,56,2.7340000000000004,3820.2,0.0010611666666666666
2024-05-04 20:57:00,2,212,101,20,57,2.7370000000000005,3821.1000000000004,0.0010614166666666667
2024-05-04 20:58:00,2,209,106,20,58,2.8590000000000004,3857.7,0.0010715833333333332
2024-05-04 20:59:00,2,203,103,20,59,2.778,3833.3999999999996,0.0010648333333333332
2024-05-04 21:00:00,2,207,106,21,0,2.857,3857.1000000000004,0.0010714166666666667
2024-05-04 21:01:00,2,206,100,21,1,2.706,3811.7999999999997,0.0010588333333333333
2024-05-04 21:02:00,2,212,103,21,2,2.7870000000000004,3836.1000000000004,0.0010655833333333335
2024-05-04 21:03:00,2,213,106,21,3,2.8630000000000004,3858.9,0.0010719166666666668
2024-05-04 21:04:00,2,213,106,21,4,2.8630000000000004,3858.9,0.0010719166666666668
2024-05-04 21:05:00,2,215,104,21,5,2.815,3844.5,0.0010679166666666667
2024-05-04 21:06:00,2,201,106,21,6,2.8510000000000004,3855.3,0.0010709166666666666
2024-05-04 21:07:00,2,213,103,21,7,2.7880000000000003,3836.4000000000005,0.0010656666666666668
2024-05-04 21:08:00,2,207,101,21,8,2.732,3819.6000000000004,0.001061
2024-05-04 21:09:00,2,210,104,21,9,2.81,3843.0,0.0010675
2024-05-04 21:10:00,2,215,103,21,10,2.79,3837.0,0.0010658333333333333
2024-05-04 21:11:00,2,206,106,21,11,2.8560000000000003,3856.8,0.0010713333333333334
2024-05-04 21:12:00,2,209,106,21,12,2.8590000000000004,3857.7,0.0010715833333333332
2024-05-04 21:13:00,2,204,106,21,13,2.8540000000000005,3856.2000000000003,0.0010711666666666667
2024-05-04 21:14:00,2,212,106,21,14,2.8620000000000005,3858.6000000000004,0.0010718333333333335
2024-05-04 21:15:00,2,210,110,21,15,2.96,3888.0,0.00108
2024-05-04 21:16:00,2,215,109,21,16,2.94,3882.0,0.0010783333333333333
2024-05-04 21:17:00,2,215,107,21,17,2.89,3867.0,0.0010741666666666666
2024-05-04 21:18:00,2,213,107,21,18,2.8880000000000003,3866.4,0.001074
2024-05-04 21:19:00,2,222,107,21,19,2.8970000000000002,3869.1000000000004,0.0010747500000000002
2024-05-04 21:20:00,2,203,110,21,20,2.953,3885.8999999999996,0.0010794166666666665
2024-05-04 21:21:00,2,209,103,21,21,2.7840000000000003,3835.2000000000003,0.0010653333333333335
2024-05-04 21:22:00,2,213,101,21,22,2.7380000000000004,3821.4,0.0010615
2024-05-04 21:23:00,2,218,107,21,23,2.8930000000000002,3867.9,0.0010744166666666667
2024-05-04 21:24:00,2,218,112,21,24,3.0180000000000002,3905.4,0.0010848333333333333
2024-05-04 21:25:00,2,215,110,21,25,2.965,3889.5,0.0010804166666666666
2024-05-04 21:26:00,2,207,104,21,26,2.807,3842.1,0.00106725
2024-05-04 21:27:00,2,224,112,21,27,3.0240000000000005,3907.2000000000003,0.0010853333333333333
2024-05-04 21:28:00,2,224,113,21,28,3.0490000000000004,3914.7000000000003,0.0010874166666666667
2024-05-04 21:29:00,2,222,109,21,29,2.947,3884.0999999999995,0.0010789166666666666
2024-05-04 21:30:00,2,210,106,21,30,2.8600000000000003,3858.0,0.0010716666666666667
2024-05-04 21:31:00,2,206,113,21,31,3.031,3909.3,0.0010859166666666667
2024-05-04 21:32:00,2,227,106,21,32,2.8770000000000002,3863.1000000000004,0.0010730833333333334
2024-05-04 21:33:00,2,215,103,21,33,2.79,3837.0,0.0010658333333333333
2024-05-04 21:34:00,2,209,113,21,34,3.0340000000000003,3910.2000000000003,0.0010861666666666667
2024-05-04 21:35:00,2,224,109,21,35,2.9490000000000003,3884.7000000000003,0.0010790833333333334
2024-05-04 21:36:00,2,210,107,21,36,2.8850000000000002,3865.5,0.00107375
2024-05-04 21:37:00,2,218,101,21,37,2.7430000000000003,3822.9,0.0010619166666666667
2024-05-04 21:38:00,2,215,106,21,38,2.865,3859.5,0.0010720833333333333
2024-05-04 21:39:00,2,215,112,21,39,3.015,3904.5,0.0010845833333333332
2024-05-04 21:40:00,2,213,106,21,40,2.8630000000000004,3858.9,0.0010719166666666668
2024-05-04 21:41:00,2,213,107,21,41,2.8880000000000003,3866.4,0.001074
2024-05-04 21:42:00,2,219,104,21,42,2.819,3845.7,0.00106825
2024-05-04 21:43:00,2,224,110,21,43,2.974,3892.2,0.0010811666666666667
2024-05-04 21:44:00,2,209,115,21,44,3.084,3925.2,0.0010903333333333333
2024-05-04 21:45:00,2,209,107,21,45,2.8840000000000003,3865.2000000000003,0.0010736666666666668
2024-05-04 21:46:00,2,206,113,21,46,3.031,3909.3,0.0010859166666666667
2024-05-04 21:47:00,2,224,115,21,47,3.099,3929.7,0.0010915833333333333
2024-05-04 21:48:00,2,206,104,21,48,2.806,3841.8,0.0010671666666666668
2024-05-04 21:49:00,2,206,106,21,49,2.8560000000000003,3856.8,0.0010713333333333334
2024-05-04 21:50:00,2,221,106,21,50,2.8710000000000004,3861.3,0.0010725833333333334
2024-05-04 21:51:00,2,221,104,21,51,2.821,3846.3,0.0010684166666666667
2024-05-04 21:52:00,2,206,113,21,52,3.031,3909.3,0.0010859166666666667
2024-05-04 21:53:00,2,230,118,21,53,3.18,3954.0,0.0010983333333333333
2024-05-04 21:54:00,2,230,103,21,54,2.805,3841.5,0.0010670833333333333
2024-05-04 21:55:00,2,237,109,21,55,2.962,3888.5999999999995,0.0010801666666666666
2024-05-04 21:56:00,2,219,112,21,56,3.019,3905.7000000000003,0.0010849166666666668
2024-05-04 21:57:00,2,240,118,21,57,3.1900000000000004,3957.0,0.0010991666666666667
2024-05-04 21:58:00,2,213,107,21,58,2.8880000000000003,3866.4,0.001074
2024-05-04 21:59:00,2,224,103,21,59,2.7990000000000004,3839.7000000000003,0.0010665833333333334
2024-05-04 22:00:00,2,233,113,22,0,3.0580000000000003,3917.4,0.0010881666666666668
2024-05-04 22:01:00,2,230,103,22,1,2.805,3841.5,0.0010670833333333333
2024-05-04 22:02:00,2,234,116,22,2,3.1340000000000003,3940.2000000000003,0.0010945
2024-05-04 22:03:00,2,240,109,22,3,2.965,3889.5,0.0010804166666666666
2024-05-04 22:04:00,2,227,119,22,4,3.202,3960.6000000000004,0.0011001666666666668
2024-05-04 22:05:00,2,219,109,22,5,2.944,3883.2,0.0010786666666666666
2024-05-04 22:06:00,2,228,115,22,6,3.103,3930.9,0.0010919166666666666
2024-05-04 22:07:00,2,245,110,22,7,2.995,3898.5,0.0010829166666666667
2024-05-04 22:08:00,2,242,124,22,8,3.342,4002.6000000000004,0.0011118333333333334
2024-05-04 22:09:00,2,218,107,22,9,2.8930000000000002,3867.9,0.0010744166666666667
2024-05-04 22:10:00,4,218,122,22,10,3.2680000000000002,3980.4,0.0011056666666666667
2024-05-04 22:11:00,4,228,118,22,11,3.1780000000000004,3953.4000000000005,0.0010981666666666668
2024-05-04 22:12:00,2,230,118,22,12,3.18,3954.0,0.0010983333333333333
2024-05-04 22:13:00,2,215,113,22,13,3.04,3912.0,0.0010866666666666668
2024-05-04 22:14:00,2,210,124,22,14,3.31,3993.0,0.0011091666666666667
2024-05-04 22:15:00,2,225,107,22,15,2.9000000000000004,3870.0,0.001075
2024-05-04 22:16:00,2,248,115,22,16,3.123,3936.9,0.0010935833333333333
2024-05-04 22:17:00,2,218,112,22,17,3.0180000000000002,3905.4,0.0010848333333333333
2024-05-04 22:18:00,2,210,124,22,18,3.31,3993.0,0.0011091666666666667
2024-05-04 22:19:00,2,254,130,22,19,3.504,4051.2000000000003,0.0011253333333333334
2024-05-04 22:20:00,4,221,107,22,20,2.8960000000000004,3868.8,0.0010746666666666667
2024-05-04 22:21:00,2,210,104,22,21,2.81,3843.0,0.0010675
2024-05-04 22:22:00,2,233,113,22,22,3.0580000000000003,3917.4,0.0010881666666666668
2024-05-04 22:23:00,2,209,109,22,23,2.934,3880.2000000000003,0.0010778333333333334
2024-05-04 22:24:00,2,246,130,22,24,3.496,4048.7999999999997,0.0011246666666666666
2024-05-04 22:25:00,2,210,131,22,25,3.4850000000000003,4045.5,0.00112375
2024-05-04 22:26:00,2,219,118,22,26,3.169,3950.7000000000003,0.0010974166666666667
2024-05-04 22:27:00,2,213,109,22,27,2.938,3881.3999999999996,0.0010781666666666665
2024-05-04 22:28:00,2,218,128,22,28,3.418,4025.3999999999996,0.0011181666666666666
2024-05-04 22:29:00,2,252,113,22,29,3.077,3923.1000000000004,0.00108975
2024-05-04 22:30:00,2,231,109,22,30,2.956,3886.7999999999997,0.0010796666666666665
2024-05-04 22:31:00,2,248,115,22,31,3.123,3936.9,0.0010935833333333333
2024-05-04 22:32:00,4,257,130,22,32,3.507,4052.1000000000004,0.0011255833333333335
2024-05-04 22:33:00,2,246,127,22,33,3.4210000000000003,4026.3,0.0011184166666666666
2024-05-04 22:34:00,4,263,104,22,34,2.863,3858.8999999999996,0.0010719166666666665
2024-05-04 22:35:00,4,245,112,22,35,3.0450000000000004,3913.5,0.0010870833333333333
2024-05-04 22:36:00,4,267,115,22,36,3.142,3942.5999999999995,0.0010951666666666666
2024-05-04 22:37:00,2,215,133,22,37,3.54,4062.0,0.0011283333333333334
2024-05-04 22:38:00,2,270,127,22,38,3.4450000000000003,4033.5,0.0011204166666666667
2024-05-04 22:39:00,2,252,109,22,39,2.9770000000000003,3893.0999999999995,0.0010814166666666665
2024-05-04 22:40:00,2,225,122,22,40,3.2750000000000004,3982.5,0.00110625
2024-05-04 22:41:00,4,261,109,22,41,2.986,3895.8,0.0010821666666666668
2024-05-04 22:42:00,2,245,139,22,42,3.72,4116.0,0.0011433333333333334
2024-05-04 22:43:00,2,209,137,22,43,3.6340000000000003,4090.2000000000003,0.0011361666666666668
2024-05-04 22:44:00,4,218,107,22,44,2.8930000000000002,3867.9,0.0010744166666666667
2024-05-04 22:45:00,4,231,106,22,45,2.8810000000000002,3864.3,0.0010734166666666667
2024-05-04 22:46:00,2,236,134,22,46,3.5860000000000003,4075.8,0.0011321666666666667
2024-05-04 22:47:00,2,270,115,22,47,3.145,3943.5,0.0010954166666666666
2024-05-04 22:48:00,2,236,133,22,48,3.5610000000000004,4068.3,0.0011300833333333334
2024-05-04 22:49:00,2,228,136,22,49,3.6280000000000006,4088.4,0.0011356666666666668
2024-05-04 22:50:00,4,222,119,22,50,3.197,3959.0999999999995,0.0010997499999999998
2024-05-04 22:51:00,4,249,116,22,51,3.1490000000000005,3944.7000000000003,0.0010957500000000002
2024-05-04 22:52:00,2,269,140,22,52,3.769,4130.700000000001,0.0011474166666666668
2024-05-04 22:53:00,2,240,107,22,53,2.915,3874.5,0.00107625
2024-05-04 22:54:00,2,279,112,22,54,3.079,3923.7000000000003,0.0010899166666666668
2024-05-04 22:55:00,2,258,113,22,55,3.083,3924.8999999999996,0.0010902499999999999
2024-05-04 22:56:00,2,273,122,22,56,3.3230000000000004,3996.9,0.0011102500000000001
2024-05-04 22:57:00,2,239,109,22,57,2.964,3889.2000000000003,0.0010803333333333333
2024-05-04 22:58:00,2,266,143,22,58,3.841,4152.3,0.0011534166666666667
2024-05-04 22:59:00,4,263,128,22,59,3.463,4038.8999999999996,0.0011219166666666665
2024-05-04 23:00:00,1,86,49,23,0,1.3110000000000002,3393.2999999999997,0.0009425833333333333
2024-05-04 23:01:00,1,82,48,23,1,1.2820000000000003,3384.6,0.0009401666666666666
2024-05-04 23:02:00,1,82,48,23,2,1.2820000000000003,3384.6,0.0009401666666666666
2024-05-04 23:03:00,1,95,49,23,3,1.32,3396.0,0.0009433333333333334
2024-05-04 23:04:00,1,93,46,23,4,1.243,3372.9,0.0009369166666666667
2024-05-04 23:05:00,1,83,46,23,5,1.233,3369.9000000000005,0.0009360833333333335
2024-05-04 23:06:00,1,89,42,23,6,1.139,3341.7,0.0009282499999999999
2024-05-04 23:07:00,1,86,42,23,7,1.1360000000000001,3340.7999999999997,0.0009279999999999999
2024-05-04 23:08:00,1,95,45,23,8,1.22,3366.0,0.000935
2024-05-04 23:09:00,1,96,45,23,9,1.221,3366.2999999999997,0.0009350833333333332
2024-05-04 23:10:00,1,89,43,23,10,1.164,3349.2,0.0009303333333333333
2024-05-04 23:11:00,1,92,49,23,11,1.3170000000000002,3395.1000000000004,0.0009430833333333334
2024-05-04 23:12:00,1,86,48,23,12,1.2860000000000003,3385.7999999999997,0.0009404999999999999
2024-05-04 23:13:00,1,95,43,23,13,1.17,3351.0,0.0009308333333333333
2024-05-04 23:14:00,1,90,49,23,14,1.3150000000000002,3394.5,0.0009429166666666667
2024-05-04 23:15:00,1,87,49,23,15,1.312,3393.6000000000004,0.0009426666666666667
2024-05-04 23:16:00,1,89,48,23,16,1.2890000000000001,3386.7,0.00094075
2024-05-04 23:17:00,1,83,43,23,17,1.158,3347.3999999999996,0.0009298333333333332
2024-05-04 23:18:00,1,90,43,23,18,1.165,3349.5,0.0009304166666666666
2024-05-04 23:19:00,1,85,45,23,19,1.21,3363.0,0.0009341666666666667
2024-05-04 23:20:00,1,100,49,23,20,1.3250000000000002,3397.5,0.00094375
2024-05-04 23:21:00,1,92,44,23,21,1.1920000000000002,3357.6000000000004,0.0009326666666666668
2024-05-04 23:22:00,1,100,42,23,22,1.1500000000000001,3345.0,0.0009291666666666667
2024-05-04 23:23:00,1,85,46,23,23,1.235,3370.5,0.00093625
2024-05-04 23:24:00,1,101,45,23,24,1.226,3367.7999999999997,0.0009354999999999999
2024-05-04 23:25:00,1,86,49,23,25,1.3110000000000002,3393.2999999999997,0.0009425833333333333
2024-05-04 23:26:00,1,85,47,23,26,1.26,3378.0,0.0009383333333333333
2024-05-04 23:27:00,1,99,43,23,27,1.174,3352.2000000000003,0.0009311666666666667
2024-05-04 23:28:00,1,86,45,23,28,1.211,3363.3,0.0009342500000000001
2024-05-04 23:29:00,1,103,42,23,29,1.153,3345.9,0.0009294166666666667
2024-05-04 23:30:00,1,95,43,23,30,1.17,3351.0,0.0009308333333333333
2024-05-04 23:31:00,1,84,49,23,31,1.3090000000000002,3392.7000000000003,0.0009424166666666667
2024-05-04 23:32:00,1,93,45,23,32,1.218,3365.4,0.0009348333333333333
2024-05-04 23:33:00,1,91,43,23,33,1.166,3349.8,0.0009305
2024-05-04 23:34:00,1,95,45,23,34,1.22,3366.0,0.000935
2024-05-04 23:35:00,1,98,48,23,35,1.2980000000000003,3389.4,0.0009415000000000001
2024-05-04 23:36:00,1,103,42,23,36,1.153,3345.9,0.0009294166666666667
2024-05-04 23:37:00,1,101,51,23,37,1.3760000000000001,3412.8,0.0009480000000000001
2024-05-04 23:38:00,1,93,46,23,38,1.243,3372.9,0.0009369166666666667
2024-05-04 23:39:00,1,101,50,23,39,1.351,3405.2999999999997,0.0009459166666666666
2024-05-04 23:40:00,1,84,48,23,40,1.2840000000000003,3385.2000000000003,0.0009403333333333334
2024-05-04 23:41:00,1,86,51,23,41,1.3610000000000002,3408.3,0.00094675
2024-05-04 23:42:00,1,96,52,23,42,1.3960000000000001,3418.7999999999997,0.0009496666666666666
2024-05-04 23:43:00,1,92,49,23,43,1.3170000000000002,3395.1000000000004,0.0009430833333333334
2024-05-04 23:44:00,1,101,42,23,44,1.151,3345.2999999999997,0.00092925
2024-05-04 23:45:00,1,104,52,23,45,1.4040000000000001,3421.2,0.0009503333333333333
2024-05-04 23:46:00,1,88,50,23,46,1.338,3401.4,0.0009448333333333333
2024-05-04 23:47:00,1,92,45,23,47,1.217,3365.1000000000004,0.0009347500000000001
2024-05-04 23:48:00,1,105,52,23,48,1.405,3421.5,0.0009504166666666667
2024-05-04 23:49:00,1,90,52,23,49,1.3900000000000001,3417.0,0.0009491666666666666
2024-05-04 23:50:00,1,95,44,23,50,1.195,3358.5,0.0009329166666666666
2024-05-04 23:51:00,1,107,49,23,51,1.332,3399.6000000000004,0.0009443333333333335
2024-05-04 23:52:00,1,94,49,23,52,1.3190000000000002,3395.7,0.00094325
2024-05-04 23:53:00,1,104,43,23,53,1.179,3353.7,0.0009315833333333333
2024-05-04 23:54:00,1,85,51,23,54,1.36,3408.0,0.0009466666666666666
2024-05-04 23:55:00,1,89,53,23,55,1.4140000000000001,3424.2,0.0009511666666666666
2024-05-04 23:56:00,1,87,50,23,56,1.337,3401.0999999999995,0.0009447499999999998
2024-05-04 23:57:00,1,106,47,23,57,1.2810000000000001,3384.3,0.0009400833333333334
2024-05-04 23:58:00,1,95,42,23,58,1.145,3343.5,0.00092875
2024-05-04 23:59:00,1,99,43,23,59,1.174,3352.2000000000003,0.0009311666666666667
2024-05-05 00:00:00,2,107,44,0,0,1.207,3362.1000000000004,0.0009339166666666668
2024-05-05 00:01:00,1,108,42,0,1,1.1580000000000001,3347.4,0.0009298333333333334
2024-05-05 00:02:00,1,87,49,0,2,1.312,3393.6000000000004,0.0009426666666666667
2024-05-05 00:03:00,1,88,53,0,3,1.4130000000000003,3423.9000000000005,0.0009510833333333335
2024-05-05 00:04:00,1,99,44,0,4,1.199,3359.7000000000003,0.00093325
2024-05-05 00:05:00,2,86,56,0,5,1.4860000000000002,3445.8,0.0009571666666666667
2024-05-05 00:06:00,1,101,55,0,6,1.476,3442.7999999999997,0.0009563333333333332
2024-05-05 00:07:00,1,100,44,0,7,1.2000000000000002,3360.0,0.0009333333333333333
2024-05-05 00:08:00,1,100,49,0,8,1.3250000000000002,3397.5,0.00094375
2024-05-05 00:09:00,1,110,46,0,9,1.2600000000000002,3378.0,0.0009383333333333333
2024-05-05 00:10:00,1,88,52,0,10,1.3880000000000001,3416.4,0.000949
2024-05-05 00:11:00,2,95,56,0,11,1.495,3448.5,0.0009579166666666667
2024-05-05 00:12:00,1,109,57,0,12,1.534,3460.2000000000003,0.0009611666666666667
2024-05-05 00:13:00,1,98,53,0,13,1.4230000000000003,3426.9,0.0009519166666666667
2024-05-05 00:14:00,1,107,47,0,14,1.282,3384.6,0.0009401666666666666
2024-05-05 00:15:00,2,104,55,0,15,1.479,3443.7000000000003,0.0009565833333333334
2024-05-05 00:16:00,1,101,53,0,16,1.4260000000000002,3427.7999999999997,0.0009521666666666666
2024-05-05 00:17:00,2,110,46,0,17,1.2600000000000002,3378.0,0.0009383333333333333
2024-05-05 00:18:00,1,100,56,0,18,1.5000000000000002,3450.0,0.0009583333333333333
2024-05-05 00:19:00,1,110,55,0,19,1.485,3445.5,0.0009570833333333333
2024-05-05 00:20:00,1,98,47,0,20,1.2730000000000001,3381.9,0.0009394166666666667
2024-05-05 00:21:00,2,105,57,0,21,1.53,3459.0,0.0009608333333333333
2024-05-05 00:22:00,1,104,58,0,22,1.5540000000000003,3466.2,0.0009628333333333333
2024-05-05 00:23:00,1,113,56,0,23,1.5130000000000001,3453.9,0.0009594166666666667
2024-05-05 00:24:00,1,92,42,0,24,1.1420000000000001,3342.5999999999995,0.0009284999999999999
2024-05-05 00:25:00,1,108,58,0,25,1.5580000000000003,3467.4,0.0009631666666666666
2024-05-05 00:26:00,2,107,44,0,26,1.207,3362.1000000000004,0.0009339166666666668
2024-05-05 00:27:00,1,106,48,0,27,1.3060000000000003,3391.8,0.0009421666666666667
2024-05-05 00:28:00,2,88,54,0,28,1.4380000000000002,3431.4,0.0009531666666666667
2024-05-05 00:29:00,1,94,58,0,29,1.5440000000000003,3463.2000000000003,0.0009620000000000001
2024-05-05 00:30:00,2,90,52,0,30,1.3900000000000001,3417.0,0.0009491666666666666
2024-05-05 00:31:00,2,92,56,0,31,1.4920000000000002,3447.6000000000004,0.0009576666666666668
2024-05-05 00:32:00,1,111,50,0,32,1.361,3408.3,0.00094675
2024-05-05 00:33:00,2,90,58,0,33,1.5400000000000003,3462.0,0.0009616666666666667
2024-05-05 00:34:00,1,109,58,0,34,1.5590000000000002,3467.7000000000003,0.00096325
2024-05-05 00:35:00,1,89,56,0,35,1.489,3446.7000000000003,0.0009574166666666667
2024-05-05 00:36:00,1,92,42,0,36,1.1420000000000001,3342.5999999999995,0.0009284999999999999
2024-05-05 00:37:00,1,109,55,0,37,1.484,3445.2,0.000957
2024-05-05 00:38:00,1,107,57,0,38,1.532,3459.6000000000004,0.000961
2024-05-05 00:39:00,1,97,44,0,39,1.197,3359.0999999999995,0.0009330833333333332
2024-05-05 00:40:00,1,93,42,0,40,1.143,3342.9,0.0009285833333333333
2024-05-05 00:41:00,1,116,57,0,41,1.5410000000000001,3462.3,0.00096175
2024-05-05 00:42:00,1,88,57,0,42,1.5130000000000001,3453.9,0.0009594166666666667
2024-05-05 00:43:00,1,112,45,0,43,1.237,3371.1000000000004,0.0009364166666666668
2024-05-05 00:44:00,2,91,61,0,44,1.616,3484.7999999999997,0.0009679999999999999
2024-05-05 00:45:00,1,101,56,0,45,1.5010000000000001,3450.3,0.0009584166666666668
2024-05-05 00:46:00,2,121,54,0,46,1.471,3441.2999999999997,0.0009559166666666665
2024-05-05 00:47:00,1,90,43,0,47,1.165,3349.5,0.0009304166666666666
2024-05-05 00:48:00,1,112,59,0,48,1.5870000000000002,3476.0999999999995,0.0009655833333333332
2024-05-05 00:49:00,2,114,52,0,49,1.4140000000000001,3424.2,0.0009511666666666666
2024-05-05 00:50:00,2,119,52,0,50,1.419,3425.7000000000003,0.0009515833333333334
2024-05-05 00:51:00,1,101,47,0,51,1.276,3382.7999999999997,0.0009396666666666666
2024-05-05 00:52:00,1,101,44,0,52,1.201,3360.2999999999997,0.0009334166666666666
2024-05-05 00:53:00,2,100,43,0,53,1.175,3352.5,0.00093125
2024-05-05 00:54:00,1,112,53,0,54,1.4370000000000003,3431.1000000000004,0.0009530833333333335
2024-05-05 00:55:00,2,92,53,0,55,1.4170000000000003,3425.1000000000004,0.0009514166666666668
2024-05-05 00:56:00,1,89,52,0,56,1.389,3416.7,0.0009490833333333332
2024-05-05 00:57:00,1,94,57,0,57,1.5190000000000001,3455.7000000000003,0.0009599166666666668
2024-05-05 00:58:00,2,119,52,0,58,1.419,3425.7000000000003,0.0009515833333333334
2024-05-05 00:59:00,1,106,59,0,59,1.5810000000000002,3474.2999999999997,0.0009650833333333333
2024-05-05 01:00:00,1,121,57,1,0,1.546,3463.7999999999997,0.0009621666666666666
2024-05-05 01:01:00,1,95,46,1,1,1.245,3373.5,0.0009370833333333333
2024-05-05 01:02:00,1,120,46,1,2,1.27,3381.0,0.0009391666666666667
2024-05-05 01:03:00,2,113,56,1,3,1.5130000000000001,3453.9,0.0009594166666666667
2024-05-05 01:04:00,2,113,53,1,4,1.4380000000000002,3431.4,0.0009531666666666667
2024-05-05 01:05:00,1,120,53,1,5,1.4450000000000003,3433.5,0.00095375
2024-05-05 01:06:00,2,123,47,1,6,1.298,3389.4,0.0009415000000000001
2024-05-05 01:07:00,2,124,53,1,7,1.4490000000000003,3434.7000000000003,0.0009540833333333334
2024-05-05 01:08:00,2,88,52,1,8,1.3880000000000001,3416.4,0.000949
2024-05-05 01:09:00,2,116,52,1,9,1.4160000000000001,3424.8,0.0009513333333333334
2024-05-05 01:10:00,2,108,59,1,10,1.5830000000000002,3474.9,0.0009652500000000001
2024-05-05 01:11:00,2,86,52,1,11,1.3860000000000001,3415.7999999999997,0.0009488333333333332
2024-05-05 01:12:00,1,104,45,1,12,1.229,3368.7000000000003,0.0009357500000000001
2024-05-05 01:13:00,2,125,58,1,13,1.5750000000000002,3472.5,0.0009645833333333334
2024-05-05 01:14:00,1,127,43,1,14,1.202,3360.6,0.0009335
2024-05-05 01:15:00,1,113,60,1,15,1.613,3483.8999999999996,0.0009677499999999999
2024-05-05 01:16:00,2,92,54,1,16,1.4420000000000002,3432.6000000000004,0.0009535000000000001
2024-05-05 01:17:00,2,124,60,1,17,1.624,3487.2,0.0009686666666666666
2024-05-05 01:18:00,1,122,47,1,18,1.2970000000000002,3389.1000000000004,0.0009414166666666668
2024-05-05 01:19:00,1,116,60,1,19,1.616,3484.7999999999997,0.0009679999999999999
2024-05-05 01:20:00,2,109,47,1,20,1.284,3385.2000000000003,0.0009403333333333334
2024-05-05 01:21:00,2,93,60,1,21,1.593,3477.8999999999996,0.0009660833333333332
2024-05-05 01:22:00,1,128,57,1,22,1.553,3465.9000000000005,0.0009627500000000002
2024-05-05 01:23:00,2,110,56,1,23,1.5100000000000002,3453.0,0.0009591666666666667
2024-05-05 01:24:00,2,123,51,1,24,1.3980000000000001,3419.4,0.0009498333333333333
2024-05-05 01:25:00,1,99,50,1,25,1.349,3404.7000000000003,0.0009457500000000001
2024-05-05 01:26:00,2,100,45,1,26,1.225,3367.5,0.0009354166666666666
2024-05-05 01:27:00,2,95,64,1,27,1.695,3508.5,0.0009745833333333334
2024-05-05 01:28:00,1,108,53,1,28,1.4330000000000003,3429.9,0.00095275
2024-05-05 01:29:00,1,97,67,1,29,1.772,3531.6000000000004,0.000981
2024-05-05 01:30:00,1,86,51,1,30,1.3610000000000002,3408.3,0.00094675
2024-05-05 01:31:00,2,103,53,1,31,1.4280000000000002,3428.4000000000005,0.0009523333333333335
2024-05-05 01:32:00,2,132,68,1,32,1.8320000000000003,3549.6000000000004,0.0009860000000000001
2024-05-05 01:33:00,2,122,56,1,33,1.5220000000000002,3456.6000000000004,0.0009601666666666668
2024-05-05 01:34:00,2,93,62,1,34,1.643,3492.8999999999996,0.0009702499999999999
2024-05-05 01:35:00,2,128,51,1,35,1.403,3420.9,0.00095025
2024-05-05 01:36:00,1,129,59,1,36,1.604,3481.2000000000003,0.0009670000000000001
2024-05-05 01:37:00,1,118,59,1,37,1.5930000000000002,3477.9,0.0009660833333333333
2024-05-05 01:38:00,2,113,58,1,38,1.5630000000000002,3468.9,0.0009635833333333333
2024-05-05 01:39:00,1,108,51,1,39,1.3830000000000002,3414.9,0.0009485833333333334
2024-05-05 01:40:00,2,93,62,1,40,1.643,3492.8999999999996,0.0009702499999999999
2024-05-05 01:41:00,2,101,61,1,41,1.6260000000000001,3487.8,0.0009688333333333334
2024-05-05 01:42:00,1,95,65,1,42,1.72,3516.0,0.0009766666666666667
2024-05-05 01:43:00,1,95,52,1,43,1.395,3418.5,0.0009495833333333333
2024-05-05 01:44:00,1,87,58,1,44,1.5370000000000001,3461.1000000000004,0.0009614166666666667
2024-05-05 01:45:00,1,101,63,1,45,1.6760000000000002,3502.7999999999997,0.0009729999999999999
2024-05-05 01:46:00,1,111,47,1,46,1.286,3385.7999999999997,0.0009404999999999999
2024-05-05 01:47:00,1,92,61,1,47,1.6170000000000002,3485.1000000000004,0.0009680833333333334
2024-05-05 01:48:00,1,138,66,1,48,1.7880000000000003,3536.4000000000005,0.0009823333333333335
2024-05-05 01:49:00,2,105,56,1,49,1.5050000000000001,3451.5,0.00095875
2024-05-05 01:50:00,3,138,44,1,50,1.238,3371.4,0.0009365
2024-05-05 01:51:00,2,104,55,1,51,1.479,3443.7000000000003,0.0009565833333333334
2024-05-05 01:52:00,1,132,56,1,52,1.532,3459.6000000000004,0.000961
2024-05-05 01:53:00,1,123,62,1,53,1.673,3501.9,0.00097275
2024-05-05 01:54:00,1,130,55,1,54,1.505,3451.5,0.00095875
2024-05-05 01:55:00,2,114,68,1,55,1.8140000000000003,3544.2000000000003,0.0009845000000000001
2024-05-05 01:56:00,2,131,65,1,56,1.756,3526.7999999999997,0.0009796666666666667
2024-05-05 01:57:00,1,117,60,1,57,1.617,3485.1000000000004,0.0009680833333333334
2024-05-05 01:58:00,1,133,47,1,58,1.308,3392.4,0.0009423333333333333
2024-05-05 01:59:00,1,131,48,1,59,1.3310000000000002,3399.2999999999997,0.0009442499999999999
2024-05-05 02:00:00,1,99,60,2,0,1.599,3479.7000000000003,0.0009665833333333334
2024-05-05 02:01:00,1,111,66,2,1,1.7610000000000001,3528.2999999999997,0.0009800833333333332
2024-05-05 02:02:00,3,122,72,2,2,1.9220000000000002,3576.6000000000004,0.0009935
2024-05-05 02:03:00,1,98,47,2,3,1.2730000000000001,3381.9,0.0009394166666666667
2024-05-05 02:04:00,2,104,72,2,4,1.9040000000000001,3571.2,0.000992
2024-05-05 02:05:00,1,118,69,2,5,1.8430000000000002,3552.9,0.0009869166666666668
2024-05-05 02:06:00,1,112,60,2,6,1.612,3483.6000000000004,0.0009676666666666668
2024-05-05 02:07:00,2,130,60,2,7,1.63,3489.0,0.0009691666666666667
2024-05-05 02:08:00,3,131,46,2,8,1.2810000000000001,3384.3,0.0009400833333333334
2024-05-05 02:09:00,3,104,50,2,9,1.354,3406.2000000000003,0.0009461666666666668
2024-05-05 02:10:00,2,144,62,2,10,1.694,3508.2,0.0009745
2024-05-05 02:11:00,1,143,68,2,11,1.8430000000000002,3552.9,0.0009869166666666668
2024-05-05 02:12:00,1,122,66,2,12,1.7720000000000002,3531.6000000000004,0.000981
2024-05-05 02:13:00,2,123,51,2,13,1.3980000000000001,3419.4,0.0009498333333333333
2024-05-05 02:14:00,3,134,55,2,14,1.509,3452.7000000000003,0.0009590833333333334
2024-05-05 02:15:00,2,113,52,2,15,1.413,3423.9000000000005,0.0009510833333333335
2024-05-05 02:16:00,1,92,53,2,16,1.4170000000000003,3425.1000000000004,0.0009514166666666668
2024-05-05 02:17:00,2,146,52,2,17,1.446,3433.8,0.0009538333333333333
2024-05-05 02:18:00,2,104,51,2,18,1.3790000000000002,3413.7000000000003,0.0009482500000000001
2024-05-05 02:19:00,1,129,72,2,19,1.929,3578.7,0.0009940833333333334
2024-05-05 02:20:00,2,140,49,2,20,1.3650000000000002,3409.5,0.0009470833333333333
2024-05-05 02:21:00,2,140,55,2,21,1.5150000000000001,3454.5,0.0009595833333333333
2024-05-05 02:22:00,3,112,67,2,22,1.7870000000000001,3536.1000000000004,0.00098225
2024-05-05 02:23:00,2,124,53,2,23,1.4490000000000003,3434.7000000000003,0.0009540833333333334
2024-05-05 02:24:00,1,132,74,2,24,1.9820000000000002,3594.6000000000004,0.0009985
2024-05-05 02:25:00,2,115,68,2,25,1.8150000000000002,3544.5,0.0009845833333333334
2024-05-05 02:26:00,1,89,74,2,26,1.939,3581.7000000000003,0.0009949166666666667
2024-05-05 02:27:00,1,107,49,2,27,1.332,3399.6000000000004,0.0009443333333333335
2024-05-05 02:28:00,2,104,67,2,28,1.7790000000000001,3533.7,0.0009815833333333332
2024-05-05 02:29:00,1,107,72,2,29,1.907,3572.1000000000004,0.00099225
2024-05-05 02:30:00,2,148,55,2,30,1.523,3456.8999999999996,0.00096025
2024-05-05 02:31:00,2,136,70,2,31,1.8860000000000001,3565.7999999999997,0.0009904999999999998
2024-05-05 02:32:00,2,143,58,2,32,1.5930000000000002,3477.9,0.0009660833333333333
2024-05-05 02:33:00,2,144,55,2,33,1.5190000000000001,3455.7000000000003,0.0009599166666666668
2024-05-05 02:34:00,2,106,76,2,34,2.0060000000000002,3601.8,0.0010005
2024-05-05 02:35:00,1,119,61,2,35,1.6440000000000001,3493.2000000000003,0.0009703333333333334
2024-05-05 02:36:00,2,127,67,2,36,1.802,3540.6000000000004,0.0009835
2024-05-05 02:37:00,3,141,52,2,37,1.441,3432.2999999999997,0.0009534166666666665
2024-05-05 02:38:00,1,104,62,2,38,1.6540000000000001,3496.2,0.0009711666666666666
2024-05-05 02:39:00,1,105,65,2,39,1.73,3519.0,0.0009775
2024-05-05 02:40:00,2,121,71,2,40,1.8960000000000001,3568.7999999999997,0.0009913333333333332
2024-05-05 02:41:00,2,148,66,2,41,1.798,3539.4,0.0009831666666666667
2024-05-05 02:42:00,3,121,64,2,42,1.721,3516.2999999999997,0.00097675
2024-05-05 02:43:00,2,137,66,2,43,1.7870000000000001,3536.1000000000004,0.00098225
2024-05-05 02:44:00,1,156,49,2,44,1.381,3414.2999999999997,0.0009484166666666666
2024-05-05 02:45:00,2,133,54,2,45,1.483,3444.9000000000005,0.0009569166666666668
2024-05-05 02:46:00,3,113,47,2,46,1.288,3386.4000000000005,0.0009406666666666668
2024-05-05 02:47:00,3,116,61,2,47,1.6410000000000002,3492.3,0.0009700833333333334
2024-05-05 02:48:00,2,97,64,2,48,1.697,3509.0999999999995,0.0009747499999999998
2024-05-05 02:49:00,2,150,52,2,49,1.45,3435.0,0.0009541666666666666
2024-05-05 02:50:00,2,121,50,2,50,1.371,3411.2999999999997,0.0009475833333333333
2024-05-05 02:51:00,3,135,72,2,51,1.935,3580.5,0.0009945833333333334
2024-05-05 02:52:00,2,122,73,2,52,1.947,3584.0999999999995,0.0009955833333333331
2024-05-05 02:53:00,2,143,51,2,53,1.4180000000000001,3425.4,0.0009515
2024-05-05 02:54:00,1,107,64,2,54,1.707,3512.1000000000004,0.0009755833333333334
2024-05-05 02:55:00,3,149,66,2,55,1.7990000000000002,3539.7000000000003,0.0009832500000000002
2024-05-05 02:56:00,1,114,49,2,56,1.3390000000000002,3401.7000000000003,0.0009449166666666667
2024-05-05 02:57:00,2,135,66,2,57,1.7850000000000001,3535.5,0.0009820833333333333
2024-05-05 02:58:00,1,155,76,2,58,2.055,3616.5,0.0010045833333333332
2024-05-05 02:59:00,2,129,74,2,59,1.979,3593.7000000000003,0.00099825
2024-05-05 03:00:00,3,105,49,3,0,1.33,3399.0,0.0009441666666666666
2024-05-05 03:01:00,2,124,45,3,1,1.249,3374.7,0.0009374166666666666
2024-05-05 03:02:00,3,137,70,3,2,1.887,3566.1000000000004,0.0009905833333333333
2024-05-05 03:03:00,3,128,49,3,3,1.3530000000000002,3405.9,0.0009460833333333334
2024-05-05 03:04:00,3,99,75,3,4,1.974,3592.2000000000003,0.0009978333333333334
2024-05-05 03:05:00,3,105,68,3,5,1.8050000000000002,3541.5,0.00098375
2024-05-05 03:06:00,1,140,74,3,6,1.9900000000000002,3597.0,0.0009991666666666666
2024-05-05 03:07:00,1,121,61,3,7,1.6460000000000001,3493.7999999999997,0.0009704999999999999
2024-05-05 03:08:00,1,109,58,3,8,1.5590000000000002,3467.7000000000003,0.00096325
2024-05-05 03:09:00,1,146,78,3,9,2.096,3628.7999999999997,0.001008
2024-05-05 03:10:00,2,142,49,3,10,1.367,3410.1,0.00094725
2024-05-05 03:11:00,3,96,64,3,11,1.6960000000000002,3508.8,0.0009746666666666668
2024-05-05 03:12:00,4,121,80,3,12,2.121,3636.2999999999997,0.0010100833333333333
2024-05-05 03:13:00,4,104,46,3,13,1.2540000000000002,3376.2000000000003,0.0009378333333333334
2024-05-05 03:14:00,1,158,82,3,14,2.208,3662.4,0.0010173333333333334
2024-05-05 03:15:00,3,166,65,3,15,1.791,3537.3,0.0009825833333333334
2024-05-05 03:16:00,2,98,80,3,16,2.098,3629.3999999999996,0.0010081666666666665
2024-05-05 03:17:00,3,156,65,3,17,1.781,3534.3,0.00098175
2024-05-05 03:18:00,1,95,51,3,18,1.37,3411.0,0.0009475
2024-05-05 03:19:00,2,101,48,3,19,1.3010000000000002,3390.2999999999997,0.0009417499999999999
2024-05-05 03:20:00,1,108,56,3,20,1.5080000000000002,3452.4,0.000959
2024-05-05 03:21:00,3,98,66,3,21,1.7480000000000002,3524.4,0.000979
2024-05-05 03:22:00,1,159,87,3,22,2.334,3700.2,0.0010278333333333333
2024-05-05 03:23:00,3,105,67,3,23,1.78,3534.0,0.0009816666666666667
2024-05-05 03:24:00,2,111,69,3,24,1.836,3550.8,0.0009863333333333334
2024-05-05 03:25:00,1,140,52,3,25,1.44,3432.0,0.0009533333333333334
2024-05-05 03:26:00,3,145,67,3,26,1.82,3546.0,0.000985
2024-05-05 03:27:00,2,121,46,3,27,1.2710000000000001,3381.2999999999997,0.0009392499999999999
2024-05-05 03:28:00,1,158,49,3,28,1.383,3414.9,0.0009485833333333334
2024-05-05 03:29:00,1,130,59,3,29,1.605,3481.5,0.0009670833333333334
2024-05-05 03:30:00,3,92,72,3,30,1.8920000000000001,3567.5999999999995,0.000991
2024-05-05 03:31:00,2,157,47,3,31,1.332,3399.6000000000004,0.0009443333333333335
2024-05-05 03:32:00,4,135,48,3,32,1.3350000000000002,3400.5,0.0009445833333333333
2024-05-05 03:33:00,2,153,85,3,33,2.278,3683.3999999999996,0.0010231666666666666
2024-05-05 03:34:00,1,99,47,3,34,1.274,3382.2000000000003,0.0009395000000000001
2024-05-05 03:35:00,1,107,59,3,35,1.582,3474.6000000000004,0.0009651666666666668
2024-05-05 03:36:00,2,103,56,3,36,1.5030000000000001,3450.9,0.0009585833333333333
2024-05-05 03:37:00,1,111,62,3,37,1.661,3498.2999999999997,0.00097175
2024-05-05 03:38:00,4,104,82,3,38,2.1540000000000004,3646.2,0.0010128333333333333
2024-05-05 03:39:00,4,119,53,3,39,1.4440000000000002,3433.2,0.0009536666666666666
2024-05-05 03:40:00,2,155,78,3,40,2.105,3631.5,0.00100875
2024-05-05 03:41:00,1,164,89,3,41,2.3890000000000002,3716.7,0.0010324166666666665
2024-05-05 03:42:00,1,135,60,3,42,1.635,3490.5,0.0009695833333333334
2024-05-05 03:43:00,1,152,69,3,43,1.877,3563.1000000000004,0.0009897500000000002
2024-05-05 03:44:00,2,171,57,3,44,1.596,3478.7999999999997,0.0009663333333333333
2024-05-05 03:45:00,1,125,80,3,45,2.125,3637.5,0.0010104166666666666
2024-05-05 03:46:00,3,143,62,3,46,1.693,3507.9,0.0009744166666666667
2024-05-05 03:47:00,3,150,71,3,47,1.925,3577.5,0.00099375
2024-05-05 03:48:00,4,148,55,3,48,1.523,3456.8999999999996,0.00096025
2024-05-05 03:49:00,1,98,52,3,49,1.3980000000000001,3419.4,0.0009498333333333333
2024-05-05 03:50:00,3,109,56,3,50,1.5090000000000001,3452.7000000000003,0.0009590833333333334
2024-05-05 03:51:00,2,103,58,3,51,1.5530000000000002,3465.9000000000005,0.0009627500000000002
2024-05-05 03:52:00,3,132,50,3,52,1.3820000000000001,3414.6000000000004,0.0009485000000000001
2024-05-05 03:53:00,3,125,49,3,53,1.35,3405.0,0.0009458333333333334
2024-05-05 03:54:00,1,106,83,3,54,2.181,3654.3,0.0010150833333333333
2024-05-05 03:55:00,4,167,93,3,55,2.492,3747.6000000000004,0.001041
2024-05-05 03:56:00,1,127,46,3,56,1.2770000000000001,3383.1000000000004,0.00093975
2024-05-05 03:57:00,4,97,66,3,57,1.747,3524.1000000000004,0.0009789166666666668
2024-05-05 03:58:00,3,154,56,3,58,1.554,3466.2,0.0009628333333333333
2024-05-05 03:59:00,4,118,89,3,59,2.343,3702.8999999999996,0.0010285833333333332
2024-05-05 04:00:00,3,157,82,4,0,2.2070000000000003,3662.1000000000004,0.0010172500000000001
2024-05-05 04:01:00,2,126,62,4,1,1.6760000000000002,3502.7999999999997,0.0009729999999999999
2024-05-05 04:02:00,3,130,70,4,2,1.88,3564.0,0.00099
2024-05-05 04:03:00,4,142,90,4,3,2.392,3717.5999999999995,0.0010326666666666665
2024-05-05 04:04:00,3,180,75,4,4,2.055,3616.5,0.0010045833333333332
2024-05-05 04:05:00,3,175,82,4,5,2.225,3667.5,0.00101875
2024-05-05 04:06:00,3,131,55,4,6,1.506,3451.7999999999997,0.0009588333333333332
2024-05-05 04:07:00,3,153,65,4,7,1.778,3533.3999999999996,0.0009815
2024-05-05 04:08:00,3,172,48,4,8,1.372,3411.6000000000004,0.0009476666666666668
2024-05-05 04:09:00,1,111,63,4,9,1.6860000000000002,3505.7999999999997,0.0009738333333333333
2024-05-05 04:10:00,2,132,54,4,10,1.4820000000000002,3444.6000000000004,0.0009568333333333334
2024-05-05 04:11:00,2,100,82,4,11,2.1500000000000004,3645.0,0.0010125
2024-05-05 04:12:00,3,165,70,4,12,1.915,3574.5,0.0009929166666666667
2024-05-05 04:13:00,1,163,63,4,13,1.7380000000000002,3521.4,0.0009781666666666667
2024-05-05 04:14:00,4,139,67,4,14,1.814,3544.2000000000003,0.0009845000000000001
2024-05-05 04:15:00,3,136,72,4,15,1.936,3580.7999999999997,0.0009946666666666665
2024-05-05 04:16:00,2,115,80,4,16,2.115,3634.5,0.0010095833333333333
2024-05-05 04:17:00,3,167,74,4,17,2.017,3605.0999999999995,0.0010014166666666665
2024-05-05 04:18:00,4,128,82,4,18,2.1780000000000004,3653.4000000000005,0.0010148333333333335
2024-05-05 04:19:00,2,186,61,4,19,1.711,3513.3,0.0009759166666666667
2024-05-05 04:20:00,4,104,78,4,20,2.0540000000000003,3616.2,0.0010045
2024-05-05 04:21:00,4,126,84,4,21,2.226,3667.7999999999997,0.0010188333333333332
2024-05-05 04:22:00,2,136,50,4,22,1.3860000000000001,3415.7999999999997,0.0009488333333333332
2024-05-05 04:23:00,2,140,59,4,23,1.6150000000000002,3484.5,0.0009679166666666666
2024-05-05 04:24:00,2,184,56,4,24,1.584,3475.2,0.0009653333333333332
2024-05-05 04:25:00,4,103,77,4,25,2.028,3608.3999999999996,0.0010023333333333332
2024-05-05 04:26:00,1,125,67,4,26,1.8,3540.0,0.0009833333333333332
2024-05-05 04:27:00,3,104,90,4,27,2.354,3706.2000000000003,0.0010295
2024-05-05 04:28:00,4,116,93,4,28,2.4410000000000003,3732.3,0.0010367500000000001
2024-05-05 04:29:00,3,125,57,4,29,1.55,3465.0,0.0009625
2024-05-05 04:30:00,3,131,89,4,30,2.356,3706.7999999999997,0.0010296666666666666
2024-05-05 04:31:00,3,171,75,4,31,2.046,3613.7999999999997,0.0010038333333333334
2024-05-05 04:32:00,4,191,98,4,32,2.641,3792.3,0.0010534166666666667
2024-05-05 04:33:00,2,183,81,4,33,2.2079999999999997,3662.3999999999996,0.0010173333333333332
2024-05-05 04:34:00,2,140,52,4,34,1.44,3432.0,0.0009533333333333334
2024-05-05 04:35:00,2,185,64,4,35,1.7850000000000001,3535.5,0.0009820833333333333
2024-05-05 04:36:00,3,166,91,4,36,2.441,3732.2999999999997,0.00103675
2024-05-05 04:37:00,3,160,81,4,37,2.185,3655.5,0.0010154166666666666
2024-05-05 04:38:00,3,163,53,4,38,1.4880000000000002,3446.4,0.0009573333333333334
2024-05-05 04:39:00,3,152,84,4,39,2.2520000000000002,3675.6000000000004,0.0010210000000000002
2024-05-05 04:40:00,4,121,81,4,40,2.146,3643.7999999999997,0.0010121666666666666
2024-05-05 04:41:00,4,110,63,4,41,1.6850000000000003,3505.5,0.00097375
2024-05-05 04:42:00,4,167,63,4,42,1.7420000000000002,3522.6000000000004,0.0009785000000000002
2024-05-05 04:43:00,1,113,48,4,43,1.3130000000000002,3393.9,0.00094275
2024-05-05 04:44:00,2,159,67,4,44,1.834,3550.2,0.0009861666666666667
2024-05-05 04:45:00,2,136,96,4,45,2.5360000000000005,3760.8,0.0010446666666666666
2024-05-05 04:46:00,2,101,84,4,46,2.201,3660.2999999999997,0.0010167499999999999
2024-05-05 04:47:00,3,184,79,4,47,2.1590000000000003,3647.7000000000003,0.00101325
2024-05-05 04:48:00,2,140,52,4,48,1.44,3432.0,0.0009533333333333334
2024-05-05 04:49:00,4,166,74,4,49,2.016,3604.8,0.0010013333333333335
2024-05-05 04:50:00,3,177,65,4,50,1.802,3540.6000000000004,0.0009835
2024-05-05 04:51:00,1,101,93,4,51,2.426,3727.7999999999997,0.0010355
2024-05-05 04:52:00,3,145,58,4,52,1.5950000000000002,3478.5,0.00096625
2024-05-05 04:53:00,4,110,96,4,53,2.5100000000000002,3753.0,0.0010425
2024-05-05 04:54:00,4,205,74,4,54,2.055,3616.5,0.0010045833333333332
2024-05-05 04:55:00,4,141,51,4,55,1.4160000000000001,3424.8,0.0009513333333333334
2024-05-05 04:56:00,2,155,87,4,56,2.33,3699.0,0.0010275
2024-05-05 04:57:00,4,105,94,4,57,2.455,3736.5,0.0010379166666666666
2024-05-05 04:58:00,4,197,97,4,58,2.6220000000000003,3786.6000000000004,0.0010518333333333334
2024-05-05 04:59:00,2,165,82,4,59,2.2150000000000003,3664.5,0.0010179166666666668
2024-05-05 05:00:00,1,182,57,5,0,1.607,3482.1000000000004,0.0009672500000000001
2024-05-05 05:01:00,1,135,51,5,1,1.4100000000000001,3423.0,0.0009508333333333334
2024-05-05 05:02:00,2,202,98,5,2,2.652,3795.6000000000004,0.0010543333333333333
2024-05-05 05:03:00,1,147,64,5,3,1.747,3524.1000000000004,0.0009789166666666668
2024-05-05 05:04:00,4,186,49,5,4,1.411,3423.2999999999997,0.0009509166666666666
2024-05-05 05:05:00,4,125,77,5,5,2.05,3615.0,0.0010041666666666667
2024-05-05 05:06:00,1,149,96,5,6,2.5490000000000004,3764.7000000000003,0.00104575
2024-05-05 05:07:00,4,154,59,5,7,1.629,3488.7000000000003,0.0009690833333333334
2024-05-05 05:08:00,2,97,54,5,8,1.447,3434.0999999999995,0.0009539166666666665
2024-05-05 05:09:00,3,188,55,5,9,1.563,3468.8999999999996,0.0009635833333333332
2024-05-05 05:10:00,4,135,74,5,10,1.985,3595.5,0.00099875
2024-05-05 05:11:00,3,108,51,5,11,1.3830000000000002,3414.9,0.0009485833333333334
2024-05-05 05:12:00,3,195,102,5,12,2.745,3823.5,0.0010620833333333333
2024-05-05 05:13:00,3,140,52,5,13,1.44,3432.0,0.0009533333333333334
2024-05-05 05:14:00,4,155,107,5,14,2.83,3849.0,0.0010691666666666666
2024-05-05 05:15:00,4,202,105,5,15,2.827,3848.1,0.0010689166666666666
2024-05-05 05:16:00,5,169,53,5,16,1.4940000000000002,3448.2000000000003,0.0009578333333333334
2024-05-05 05:17:00,4,176,58,5,17,1.6260000000000001,3487.8,0.0009688333333333334
2024-05-05 05:18:00,4,109,95,5,18,2.484,3745.2,0.0010403333333333332
2024-05-05 05:19:00,1,137,51,5,19,1.4120000000000001,3423.6000000000004,0.0009510000000000001
2024-05-05 05:20:00,1,166,68,5,20,1.866,3559.7999999999997,0.0009888333333333333
2024-05-05 05:21:00,3,143,77,5,21,2.068,3620.4,0.0010056666666666666
2024-05-05 05:22:00,4,196,75,5,22,2.071,3621.3,0.0010059166666666667
2024-05-05 05:23:00,2,209,49,5,23,1.4340000000000002,3430.2000000000003,0.0009528333333333334
2024-05-05 05:24:00,4,117,111,5,24,2.8920000000000003,3867.6,0.0010743333333333334
2024-05-05 05:25:00,2,181,93,5,25,2.5060000000000002,3751.8,0.0010421666666666667
2024-05-05 05:26:00,4,102,107,5,26,2.777,3833.1000000000004,0.0010647500000000002
2024-05-05 05:27:00,5,202,73,5,27,2.027,3608.1000000000004,0.00100225
2024-05-05 05:28:00,3,148,57,5,28,1.573,3471.8999999999996,0.0009644166666666666
2024-05-05 05:29:00,4,141,91,5,29,2.416,3724.8,0.0010346666666666668
2024-05-05 05:30:00,3,134,107,5,30,2.809,3842.7000000000003,0.0010674166666666668
2024-05-05 05:31:00,2,198,99,5,31,2.673,3801.9,0.0010560833333333334
2024-05-05 05:32:00,3,101,63,5,32,1.6760000000000002,3502.7999999999997,0.0009729999999999999
2024-05-05 05:33:00,3,173,89,5,33,2.398,3719.4,0.0010331666666666666
2024-05-05 05:34:00,4,204,72,5,34,2.004,3601.2000000000003,0.0010003333333333333
2024-05-05 05:35:00,2,191,55,5,35,1.566,3469.7999999999997,0.0009638333333333333
2024-05-05 05:36:00,4,150,85,5,36,2.275,3682.5,0.0010229166666666668
2024-05-05 05:37:00,5,158,86,5,37,2.308,3692.3999999999996,0.0010256666666666665
2024-05-05 05:38:00,1,153,69,5,38,1.8780000000000001,3563.4,0.0009898333333333335
2024-05-05 05:39:00,4,166,89,5,39,2.391,3717.3,0.0010325833333333335
2024-05-05 05:40:00,3,218,50,5,40,1.468,3440.3999999999996,0.0009556666666666665
2024-05-05 05:41:00,2,116,78,5,41,2.0660000000000003,3619.8,0.0010055
2024-05-05 05:42:00,3,204,70,5,42,1.954,3586.2000000000003,0.0009961666666666667
2024-05-05 05:43:00,2,211,85,5,43,2.336,3700.8,0.001028
2024-05-05 05:44:00,4,181,71,5,44,1.9560000000000002,3586.7999999999997,0.0009963333333333332
2024-05-05 05:45:00,1,157,111,5,45,2.9320000000000004,3879.6000000000004,0.0010776666666666667
2024-05-05 05:46:00,3,178,92,5,46,2.478,3743.4,0.0010398333333333334
2024-05-05 05:47:00,4,215,117,5,47,3.14,3942.0,0.001095
2024-05-05 05:48:00,5,107,102,5,48,2.6570000000000005,3797.1,0.00105475
2024-05-05 05:49:00,2,156,94,5,49,2.5060000000000002,3751.8,0.0010421666666666667
2024-05-05 05:50:00,3,140,53,5,50,1.4650000000000003,3439.5,0.0009554166666666667
2024-05-05 05:51:00,5,153,91,5,51,2.428,3728.4000000000005,0.0010356666666666667
2024-05-05 05:52:00,4,116,111,5,52,2.8910000000000005,3867.3,0.0010742500000000001
2024-05-05 05:53:00,2,167,68,5,53,1.8670000000000002,3560.1000000000004,0.0009889166666666668
2024-05-05 05:54:00,3,158,67,5,54,1.833,3549.8999999999996,0.0009860833333333332
2024-05-05 05:55:00,6,151,110,5,55,2.901,3870.3,0.0010750833333333335
2024-05-05 05:56:00,5,103,81,5,56,2.128,3638.4,0.0010106666666666667
2024-05-05 05:57:00,2,128,52,5,57,1.428,3428.4000000000005,0.0009523333333333335
2024-05-05 05:58:00,4,160,118,5,58,3.1100000000000003,3933.0,0.0010925
2024-05-05 05:59:00,4,208,88,5,59,2.4080000000000004,3722.4,0.001034
2024-05-05 06:00:00,20,615,460,6,0,12.115,6634.5,0.0018429166666666667
2024-05-05 06:01:00,14,824,223,6,1,6.399,4919.700000000001,0.0013665833333333336
2024-05-05 06:02:00,7,440,181,6,2,4.965000000000001,4489.5,0.0012470833333333333
2024-05-05 06:03:00,11,920,274,6,3,7.7700000000000005,5331.0,0.0014808333333333334
2024-05-05 06:04:00,22,569,272,6,4,7.369000000000001,5210.700000000001,0.001447416666666667
2024-05-05 06:05:00,14,884,218,6,5,6.3340000000000005,4900.2,0.0013611666666666666
2024-05-05 06:06:00,25,837,464,6,6,12.437000000000001,6731.1,0.00186975
2024-05-05 06:07:00,25,605,464,6,7,12.205000000000002,6661.500000000001,0.0018504166666666669
2024-05-05 06:08:00,10,882,487,6,8,13.057,6917.1,0.0019214166666666668
2024-05-05 06:09:00,20,422,215,6,9,5.797,4739.1,0.0013164166666666667
2024-05-05 06:10:00,11,654,382,6,10,10.204,6061.200000000001,0.0016836666666666669
2024-05-05 06:11:00,16,785,331,6,11,9.06,5718.0,0.0015883333333333333
2024-05-05 06:12:00,26,371,371,6,12,9.646,5893.8,0.0016371666666666668
2024-05-05 06:13:00,25,809,484,6,13,12.909,6872.700000000001,0.0019090833333333336
2024-05-05 06:14:00,26,957,392,6,14,10.757000000000001,6227.1,0.0017297500000000002
2024-05-05 06:15:00,20,900,257,6,15,7.325000000000001,5197.5,0.00144375
2024-05-05 06:16:00,13,344,302,6,16,7.894000000000001,5368.200000000001,0.001491166666666667
2024-05-05 06:17:00,17,954,152,6,17,4.7540000000000004,4426.200000000001,0.0012295000000000001
2024-05-05 06:18:00,8,335,329,6,18,8.56,5568.0,0.0015466666666666667
2024-05-05 06:19:00,16,692,266,6,19,7.3420000000000005,5202.6,0.0014451666666666669
2024-05-05 06:20:00,28,603,199,6,20,5.578,4673.4,0.0012981666666666667
2024-05-05 06:21:00,23,324,511,6,21,13.099,6929.699999999999,0.0019249166666666664
2024-05-05 06:22:00,23,617,530,6,22,13.867,7160.1,0.0019889166666666666
2024-05-05 06:23:00,13,669,185,6,23,5.2940000000000005,4588.200000000001,0.0012745000000000002
2024-05-05 06:24:00,19,462,205,6,24,5.587,4676.099999999999,0.0012989166666666665
2024-05-05 06:25:00,4,410,455,6,25,11.785,6535.5,0.0018154166666666666
2024-05-05 06:26:00,8,581,233,6,26,6.406000000000001,4921.800000000001,0.001367166666666667
2024-05-05 06:27:00,11,380,289,6,27,7.605,5281.5,0.0014670833333333333
2024-05-05 06:28:00,22,660,508,6,28,13.360000000000001,7008.0,0.0019466666666666666
2024-05-05 06:29:00,19,372,317,6,29,8.297,5489.1,0.00152475
2024-05-05 06:30:00,20,984,221,6,30,6.509,4952.700000000001,0.0013757500000000002
2024-05-05 06:31:00,8,317,517,6,31,13.242,6972.6,0.0019368333333333334
2024-05-05 06:32:00,8,1029,539,6,32,14.504000000000001,7351.200000000001,0.0020420000000000004
2024-05-05 06:33:00,23,999,409,6,33,11.224000000000002,6367.200000000001,0.0017686666666666669
2024-05-05 06:34:00,17,558,377,6,34,9.983,5994.9,0.0016652499999999998
2024-05-05 06:35:00,10,561,284,6,35,7.6610000000000005,5298.3,0.00147175
2024-05-05 06:36:00,25,864,454,6,36,12.214000000000002,6664.200000000001,0.001851166666666667
2024-05-05 06:37:00,17,870,380,6,37,10.37,6111.0,0.0016975
2024-05-05 06:38:00,22,714,488,6,38,12.914000000000001,6874.200000000001,0.0019095000000000002
2024-05-05 06:39:00,29,353,229,6,39,6.078,4823.4,0.0013398333333333333
2024-05-05 06:40:00,7,617,320,6,40,8.617,5585.1,0.0015514166666666669
2024-05-05 06:41:00,8,369,313,6,41,8.194,5458.2,0.0015161666666666665
2024-05-05 06:42:00,23,413,370,6,42,9.663,5898.900000000001,0.0016385833333333335
2024-05-05 06:43:00,5,557,187,6,43,5.232,4569.6,0.0012693333333333335
2024-05-05 06:44:00,22,966,487,6,44,13.141,6942.300000000001,0.001928416666666667
2024-05-05 06:45:00,7,996,170,6,45,5.246,4573.8,0.0012705000000000001
2024-05-05 06:46:00,14,338,410,6,46,10.588,6176.4,0.0017156666666666666
2024-05-05 06:47:00,11,561,269,6,47,7.2860000000000005,5185.8,0.0014405000000000002
2024-05-05 06:48:00,11,513,527,6,48,13.688,7106.4,0.001974
2024-05-05 06:49:00,25,527,298,6,49,7.977,5393.1,0.0014980833333333335
2024-05-05 06:50:00,16,980,268,6,50,7.68,5304.0,0.0014733333333333334
2024-05-05 06:51:00,16,671,488,6,51,12.871,6861.3,0.0019059166666666667
2024-05-05 06:52:00,5,699,488,6,52,12.899000000000001,6869.700000000001,0.0019082500000000002
2024-05-05 06:53:00,16,743,319,6,53,8.718,5615.4,0.0015598333333333332
2024-05-05 06:54:00,13,450,397,6,54,10.375,6112.5,0.0016979166666666666
2024-05-05 06:55:00,10,803,358,6,55,9.753000000000002,5925.900000000001,0.0016460833333333334
2024-05-05 06:56:00,10,998,248,6,56,7.198,5159.4,0.0014331666666666666
2024-05-05 06:57:00,14,843,493,6,57,13.168000000000001,6950.4,0.0019306666666666665
2024-05-05 06:58:00,17,900,394,6,58,10.750000000000002,6225.0,0.0017291666666666666
2024-05-05 06:59:00,22,815,422,6,59,11.365,6409.5,0.0017804166666666667
2024-05-05 07:00:00,19,1091,530,7,0,14.341,7302.299999999999,0.0020284166666666666
2024-05-05 07:01:00,5,387,413,7,1,10.712000000000002,6213.6,0.001726
2024-05-05 07:02:00,28,809,451,7,2,12.084,6625.199999999999,0.001840333333333333
2024-05-05 07:03:00,8,540,281,7,3,7.565,5269.5,0.00146375
2024-05-05 07:04:00,19,992,226,7,4,6.642,4992.6,0.0013868333333333335
2024-05-05 07:05:00,28,420,355,7,5,9.295,5788.5,0.0016079166666666666
2024-05-05 07:06:00,23,897,316,7,6,8.797,5639.1,0.0015664166666666667
2024-05-05 07:07:00,20,720,479,7,7,12.695000000000002,6808.500000000001,0.0018912500000000004
2024-05-05 07:08:00,17,743,373,7,8,10.068000000000001,6020.400000000001,0.0016723333333333334
2024-05-05 07:09:00,13,884,572,7,9,15.184000000000001,7555.200000000001,0.002098666666666667
2024-05-05 07:10:00,22,413,425,7,10,11.038,6311.400000000001,0.0017531666666666668
2024-05-05 07:11:00,19,680,421,7,11,11.205,6361.5,0.0017670833333333334
2024-05-05 07:12:00,23,882,332,7,12,9.182,5754.6,0.0015985
2024-05-05 07:13:00,5,491,388,7,13,10.191,6057.3,0.0016825833333333335
2024-05-05 07:14:00,5,627,574,7,14,14.977000000000002,7493.1,0.0020814166666666667
2024-05-05 07:15:00,19,384,314,7,15,8.234,5470.2,0.0015195
2024-05-05 07:16:00,11,668,272,7,16,7.468000000000001,5240.4,0.0014556666666666665
2024-05-05 07:17:00,22,1010,565,7,17,15.135,7540.5,0.0020945833333333333
2024-05-05 07:18:00,31,368,209,7,18,5.593000000000001,4677.900000000001,0.0012994166666666668
2024-05-05 07:19:00,26,971,371,7,19,10.246,6073.8,0.0016871666666666667
2024-05-05 07:20:00,10,422,193,7,20,5.247,4574.1,0.0012705833333333334
2024-05-05 07:21:00,25,785,214,7,21,6.135000000000001,4840.5,0.0013445833333333333
2024-05-05 07:22:00,23,407,598,7,22,15.357000000000001,7607.1,0.0021130833333333336
2024-05-05 07:23:00,13,966,599,7,23,15.941,7782.3,0.00216175
2024-05-05 07:24:00,13,678,164,7,24,4.7780000000000005,4433.4,0.0012315
2024-05-05 07:25:00,14,393,362,7,25,9.443000000000001,5832.900000000001,0.0016202500000000002
2024-05-05 07:26:00,19,494,232,7,26,6.2940000000000005,4888.200000000001,0.0013578333333333335
2024-05-05 07:27:00,23,1107,374,7,27,10.456999999999999,6137.1,0.00170475
2024-05-05 07:28:00,14,1029,247,7,28,7.204000000000001,5161.200000000001,0.0014336666666666669
2024-05-05 07:29:00,14,425,553,7,29,14.250000000000002,7275.000000000001,0.0020208333333333337
2024-05-05 07:30:00,10,959,601,7,30,15.984,7795.199999999999,0.002165333333333333
2024-05-05 07:31:00,29,966,239,7,31,6.941000000000001,5082.3,0.00141175
2024-05-05 07:32:00,25,486,388,7,32,10.186000000000002,6055.800000000001,0.0016821666666666669
2024-05-05 07:33:00,11,669,607,7,33,15.844000000000001,7753.200000000001,0.002153666666666667
2024-05-05 07:34:00,25,882,514,7,34,13.732000000000001,7119.6,0.0019776666666666666
2024-05-05 07:35:00,11,677,199,7,35,5.652000000000001,4695.6,0.0013043333333333333
2024-05-05 07:36:00,20,801,398,7,36,10.751000000000001,6225.3,0.00172925
2024-05-05 07:37:00,29,1095,458,7,37,12.545000000000002,6763.500000000001,0.0018787500000000002
2024-05-05 07:38:00,16,429,524,7,38,13.529000000000002,7058.700000000001,0.0019607500000000003
2024-05-05 07:39:00,17,389,611,7,39,15.664,7699.199999999999,0.0021386666666666663
2024-05-05 07:40:00,7,551,380,7,40,10.051,6015.299999999999,0.0016709166666666665
2024-05-05 07:41:00,28,1089,308,7,41,8.789,5636.7,0.0015657499999999999
2024-05-05 07:42:00,7,626,301,7,42,8.151,5445.3,0.0015125833333333334
2024-05-05 07:43:00,28,864,607,7,43,16.039,7811.700000000001,0.0021699166666666668
2024-05-05 07:44:00,22,851,221,7,44,6.376,4912.8,0.0013646666666666668
2024-05-05 07:45:00,29,512,619,7,45,15.987000000000002,7796.1,0.0021655833333333336
2024-05-05 07:46:00,19,722,328,7,46,8.922,5676.6,0.0015768333333333335
2024-05-05 07:47:00,14,449,622,7,47,15.999,7799.700000000001,0.0021665833333333337
2024-05-05 07:48:00,23,887,389,7,48,10.612000000000002,6183.6,0.0017176666666666668
2024-05-05 07:49:00,20,762,307,7,49,8.437000000000001,5531.1,0.0015364166666666668
2024-05-05 07:50:00,26,1052,565,7,50,15.177,7553.1,0.0020980833333333333
2024-05-05 07:51:00,16,714,626,7,51,16.364,7909.200000000001,0.002197
2024-05-05 07:52:00,34,782,289,7,52,8.007000000000001,5402.1,0.0015005833333333334
2024-05-05 07:53:00,25,920,256,7,53,7.32,5196.0,0.0014433333333333334
2024-05-05 07:54:00,32,1058,403,7,54,11.133000000000001,6339.9,0.0017610833333333333
2024-05-05 07:55:00,7,539,358,7,55,9.489,5846.7,0.0016240833333333333
2024-05-05 07:56:00,5,924,365,7,56,10.049,6014.7,0.00167075
2024-05-05 07:57:00,10,956,350,7,57,9.706,5911.799999999999,0.0016421666666666666
2024-05-05 07:58:00,25,614,301,7,58,8.139000000000001,5441.700000000001,0.0015115833333333335
2024-05-05 07:59:00,22,1164,533,7,59,14.489,7346.700000000001,0.00204075
2024-05-05 08:00:00,29,899,614,8,0,16.249000000000002,7874.700000000001,0.002187416666666667
2024-05-05 08:01:00,29,1128,181,8,1,5.6530000000000005,4695.9,0.0013044166666666666
2024-05-05 08:02:00,8,722,446,8,2,11.872,6561.6,0.0018226666666666667
2024-05-05 08:03:00,20,1226,247,8,3,7.401000000000001,5220.3,0.0014500833333333334
2024-05-05 08:04:00,20,1127,185,8,4,5.752,4725.6,0.0013126666666666668
2024-05-05 08:05:00,25,659,560,8,5,14.659,7397.700000000001,0.0020549166666666667
2024-05-05 08:06:00,35,437,641,8,6,16.462000000000003,7938.6,0.002205166666666667
2024-05-05 08:07:00,26,645,443,8,7,11.72,6516.0,0.00181
2024-05-05 08:08:00,31,1191,434,8,8,12.041000000000002,6612.3,0.00183675
2024-05-05 08:09:00,17,1163,533,8,9,14.488000000000001,7346.4,0.0020406666666666668
2024-05-05 08:10:00,20,680,545,8,10,14.305,7291.5,0.0020254166666666667
2024-05-05 08:11:00,29,942,227,8,11,6.617000000000001,4985.1,0.0013847500000000001
2024-05-05 08:12:00,8,1154,556,8,12,15.054,7516.200000000001,0.0020878333333333335
2024-05-05 08:13:00,8,444,482,8,13,12.494000000000002,6748.200000000001,0.0018745000000000003
2024-05-05 08:14:00,31,1113,230,8,14,6.8629999999999995,5058.9,0.0014052499999999998
2024-05-05 08:15:00,26,1229,443,8,15,12.304000000000002,6691.200000000001,0.0018586666666666669
2024-05-05 08:16:00,5,915,643,8,16,16.99,8097.0,0.0022491666666666667
2024-05-05 08:17:00,10,813,452,8,17,12.113000000000001,6633.9,0.00184275
2024-05-05 08:18:00,25,405,373,8,18,9.73,5919.0,0.0016441666666666666
2024-05-05 08:19:00,22,483,668,8,19,17.183,8154.9,0.00226525
2024-05-05 08:20:00,28,1188,667,8,20,17.863,8358.9,0.0023219166666666666
2024-05-05 08:21:00,32,728,434,8,21,11.578000000000001,6473.400000000001,0.0017981666666666669
2024-05-05 08:22:00,14,1164,641,8,22,17.189000000000004,8156.700000000001,0.0022657500000000004
2024-05-05 08:23:00,13,558,473,8,23,12.383000000000001,6714.9,0.00186525
2024-05-05 08:24:00,5,864,643,8,24,16.939,8081.7,0.0022449166666666668
2024-05-05 08:25:00,26,1038,674,8,25,17.888,8366.4,0.002324
2024-05-05 08:26:00,26,392,491,8,26,12.667,6800.1,0.0018889166666666668
2024-05-05 08:27:00,7,677,548,8,27,14.377,7313.1,0.0020314166666666666
2024-05-05 08:28:00,14,633,596,8,28,15.533000000000001,7659.9,0.00212775
2024-05-05 08:29:00,10,795,382,8,29,10.345,6103.5,0.0016954166666666667
2024-05-05 08:30:00,32,1194,241,8,30,7.219,5165.7,0.0014349166666666666
2024-05-05 08:31:00,7,879,661,8,31,17.404000000000003,8221.2,0.002283666666666667
2024-05-05 08:32:00,11,753,202,8,32,5.803000000000001,4740.900000000001,0.0013169166666666668
2024-05-05 08:33:00,14,920,415,8,33,11.295,6388.5,0.0017745833333333333
2024-05-05 08:34:00,13,1004,286,8,34,8.154,5446.200000000001,0.0015128333333333335
2024-05-05 08:35:00,32,795,544,8,35,14.395000000000001,7318.500000000001,0.002032916666666667
2024-05-05 08:36:00,14,899,376,8,36,10.299,6089.7,0.0016915833333333334
2024-05-05 08:37:00,19,555,665,8,37,17.18,8154.0,0.002265
2024-05-05 08:38:00,10,837,592,8,38,15.637,7691.1,0.0021364166666666667
2024-05-05 08:39:00,10,1034,305,8,39,8.659,5597.700000000001,0.001554916666666667
2024-05-05 08:40:00,10,1089,275,8,40,7.964,5389.200000000001,0.0014970000000000003
2024-05-05 08:41:00,7,905,307,8,41,8.58,5574.0,0.0015483333333333334
2024-05-05 08:42:00,7,413,310,8,42,8.163,5448.900000000001,0.0015135833333333336
2024-05-05 08:43:00,17,1175,367,8,43,10.350000000000001,6105.0,0.0016958333333333333
2024-05-05 08:44:00,38,1272,356,8,44,10.172,6051.6,0.0016810000000000002
2024-05-05 08:45:00,29,944,245,8,45,7.069,5120.7,0.0014224166666666667
2024-05-05 08:46:00,32,1313,322,8,46,9.363000000000001,5808.900000000001,0.0016135833333333334
2024-05-05 08:47:00,26,579,571,8,47,14.854000000000001,7456.200000000001,0.002071166666666667
2024-05-05 08:48:00,32,449,653,8,48,16.774,8032.200000000001,0.002231166666666667
2024-05-05 08:49:00,17,803,467,8,49,12.478000000000002,6743.4,0.0018731666666666666
2024-05-05 08:50:00,16,1338,484,8,50,13.438000000000002,7031.4000000000015,0.0019531666666666673
2024-05-05 08:51:00,26,776,379,8,51,10.251,6075.3,0.0016875833333333335
2024-05-05 08:52:00,19,1037,305,8,52,8.661999999999999,5598.6,0.0015551666666666667
2024-05-05 08:53:00,19,1274,622,8,53,16.824,8047.200000000001,0.0022353333333333335
2024-05-05 08:54:00,26,1341,704,8,54,18.941000000000003,8682.300000000001,0.0024117500000000003
2024-05-05 08:55:00,10,411,305,8,55,8.036,5410.799999999999,0.0015029999999999998
2024-05-05 08:56:00,40,956,298,8,56,8.406,5521.800000000001,0.0015338333333333337
2024-05-05 08:57:00,25,872,568,8,57,15.072000000000001,7521.6,0.0020893333333333332
2024-05-05 08:58:00,10,536,521,8,58,13.561,7068.3,0.0019634166666666667
2024-05-05 08:59:00,25,1248,691,8,59,18.523000000000003,8556.900000000001,0.002376916666666667
2024-05-05 09:00:00,37,2543,454,9,0,13.893,7167.9,0.0019910833333333334
2024-05-05 09:01:00,34,1088,415,9,1,11.463000000000001,6438.9,0.0017885833333333332
2024-05-05 09:02:00,73,2279,1135,9,2,30.654,12196.199999999999,0.003387833333333333
2024-05-05 09:03:00,25,1475,502,9,3,14.025,7207.5,0.002002083333333333
2024-05-05 09:04:00,16,941,403,9,4,11.016000000000002,6304.800000000001,0.0017513333333333337
2024-05-05 09:05:00,13,854,1255,9,5,32.229,12668.699999999999,0.003519083333333333
2024-05-05 09:06:00,28,2654,919,9,6,25.629,10688.699999999999,0.002969083333333333
2024-05-05 09:07:00,76,2351,382,9,7,11.901,6570.300000000001,0.0018250833333333337
2024-05-05 09:08:00,76,2387,1123,9,8,30.462000000000003,12138.6,0.0033718333333333335
2024-05-05 09:09:00,25,1421,1318,9,9,34.371,13311.3,0.003697583333333333
2024-05-05 09:10:00,25,2312,334,9,10,10.661999999999999,6198.6,0.0017218333333333335
2024-05-05 09:11:00,52,797,1099,9,11,28.272000000000002,11481.6,0.0031893333333333335
2024-05-05 09:12:00,19,2534,1150,9,12,31.284,12385.199999999999,0.003440333333333333
2024-05-05 09:13:00,31,1562,397,9,13,11.487,6446.1,0.0017905833333333335
2024-05-05 09:14:00,31,1652,346,9,14,10.302,6090.6,0.0016918333333333334
2024-05-05 09:15:00,16,1235,1381,9,15,35.76,13728.0,0.0038133333333333335
2024-05-05 09:16:00,76,1970,1306,9,16,34.62,13386.0,0.0037183333333333335
2024-05-05 09:17:00,22,1703,559,9,17,15.678,7703.400000000001,0.0021398333333333334
2024-05-05 09:18:00,10,1379,1033,9,18,27.204000000000004,11161.2,0.0031003333333333334
2024-05-05 09:19:00,16,2426,376,9,19,11.826,6547.8,0.0018188333333333333
2024-05-05 09:20:00,28,1511,403,9,20,11.586000000000002,6475.800000000001,0.0017988333333333337
2024-05-05 09:21:00,79,899,544,9,21,14.499000000000002,7349.700000000001,0.0020415833333333336
2024-05-05 09:22:00,25,980,682,9,22,18.03,8409.0,0.0023358333333333334
2024-05-05 09:23:00,34,1283,1315,9,23,34.158,13247.400000000001,0.0036798333333333336
2024-05-05 09:24:00,73,1613,1177,9,24,31.038,12311.4,0.0034198333333333333
2024-05-05 09:25:00,55,1541,1306,9,25,34.190999999999995,13257.3,0.0036825833333333333
2024-05-05 09:26:00,49,2354,895,9,26,24.729,10418.699999999999,0.002894083333333333
2024-05-05 09:27:00,19,2786,1165,9,27,31.911,12573.3,0.0034925833333333332
2024-05-05 09:28:00,28,827,1399,9,28,35.802,13740.6,0.0038168333333333335
2024-05-05 09:29:00,37,1541,1012,9,29,26.841,11052.300000000001,0.0030700833333333335
2024-05-05 09:30:00,34,2606,739,9,30,21.081000000000003,9324.300000000001,0.0025900833333333336
2024-05-05 09:31:00,34,1340,1075,9,31,28.215,11464.5,0.0031845833333333335
2024-05-05 09:32:00,13,2060,370,9,32,11.31,6393.0,0.0017758333333333333
2024-05-05 09:33:00,67,2612,1009,9,33,27.837000000000003,11351.1,0.0031530833333333333
2024-05-05 09:34:00,40,2147,1093,9,34,29.472,11841.6,0.0032893333333333333
2024-05-05 09:35:00,73,2816,1072,9,35,29.616,11884.800000000001,0.0033013333333333336
2024-05-05 09:36:00,43,1379,778,9,36,20.829000000000004,9248.7,0.0025690833333333334
2024-05-05 09:37:00,28,1463,1435,9,37,37.338,14201.400000000001,0.003944833333333334
2024-05-05 09:38:00,76,2165,643,9,38,18.24,8472.0,0.002353333333333333
2024-05-05 09:39:00,13,1592,718,9,39,19.541999999999998,8862.599999999999,0.002461833333333333
2024-05-05 09:40:00,67,1736,1255,9,40,33.111,12933.3,0.003592583333333333
2024-05-05 09:41:00,40,2417,751,9,41,21.192000000000004,9357.600000000002,0.002599333333333334
2024-05-05 09:42:00,34,1985,463,9,42,13.56,7068.0,0.0019633333333333334
2024-05-05 09:43:00,52,1295,592,9,43,16.095,7828.5,0.0021745833333333335
2024-05-05 09:44:00,34,884,1204,9,44,30.984,12295.2,0.0034153333333333336
2024-05-05 09:45:00,61,2810,457,9,45,14.235000000000001,7270.5,0.0020195833333333333
2024-05-05 09:46:00,37,1607,730,9,46,19.857,8957.1,0.0024880833333333335
2024-05-05 09:47:00,40,2702,463,9,47,14.277000000000001,7283.1,0.0020230833333333333
2024-05-05 09:48:00,61,1571,1372,9,48,35.871,13761.3,0.003822583333333333
2024-05-05 09:49:00,82,1763,1015,9,49,27.138,11141.400000000001,0.0030948333333333336
2024-05-05 09:50:00,40,2324,484,9,50,14.424000000000001,7327.200000000001,0.0020353333333333334
2024-05-05 09:51:00,70,2318,850,9,51,23.568,10070.400000000001,0.0027973333333333335
2024-05-05 09:52:00,31,2195,841,9,52,23.220000000000002,9966.0,0.002768333333333333
2024-05-05 09:53:00,34,2021,724,9,53,20.121000000000002,9036.3,0.002510083333333333
2024-05-05 09:54:00,70,2180,712,9,54,19.98,8994.0,0.0024983333333333333
2024-05-05 09:55:00,40,1574,739,9,55,20.049000000000003,9014.7,0.0025040833333333334
2024-05-05 09:56:00,19,2300,1039,9,56,28.275000000000002,11482.5,0.0031895833333333333
2024-05-05 09:57:00,34,2180,634,9,57,18.03,8409.0,0.0023358333333333334
2024-05-05 09:58:00,52,875,910,9,58,23.625,10087.5,0.0028020833333333335
2024-05-05 09:59:00,85,2606,1081,9,59,29.631,11889.300000000001,0.0033025833333333336
2024-05-05 10:00:00,76,1064,1303,10,0,33.639,13091.7,0.0036365833333333337
2024-05-05 10:01:00,31,2678,685,10,1,19.803,8940.9,0.0024835833333333333
2024-05-05 10:02:00,79,2699,1399,10,2,37.674,14302.199999999999,0.003972833333333333
2024-05-05 10:03:00,58,2171,1261,10,3,33.696000000000005,13108.800000000003,0.003641333333333334
2024-05-05 10:04:00,70,1037,1435,10,4,36.912,14073.599999999999,0.003909333333333333
2024-05-05 10:05:00,10,728,481,10,5,12.753,6825.9,0.0018960833333333332
2024-05-05 10:06:00,16,1817,829,10,6,22.542,9762.6,0.0027118333333333335
2024-05-05 10:07:00,85,2510,1162,10,7,31.560000000000002,12468.0,0.0034633333333333335
2024-05-05 10:08:00,22,2636,1132,10,8,30.936,12280.800000000001,0.0034113333333333335
2024-05-05 10:09:00,25,1277,910,10,9,24.027,10208.1,0.0028355833333333336
2024-05-05 10:10:00,73,2222,628,10,10,17.922,8376.6,0.0023268333333333335
2024-05-05 10:11:00,49,2063,1216,10,11,32.463,12738.900000000001,0.0035385833333333337
2024-05-05 10:12:00,52,1391,901,10,12,23.916000000000004,10174.800000000003,0.0028263333333333343
2024-05-05 10:13:00,28,1826,1465,10,13,38.451,14535.300000000001,0.004037583333333334
2024-05-05 10:14:00,31,1244,634,10,14,17.094,8128.200000000001,0.0022578333333333335
2024-05-05 10:15:00,43,2993,895,10,15,25.368,10610.4,0.002947333333333333
2024-05-05 10:16:00,67,2291,610,10,16,17.541,8262.300000000001,0.0022950833333333334
2024-05-05 10:17:00,52,1862,1552,10,17,40.662000000000006,15198.600000000002,0.0042218333333333335
2024-05-05 10:18:00,49,2204,1057,10,18,28.629,11588.699999999999,0.003219083333333333
2024-05-05 10:19:00,16,2537,1585,10,19,42.162,15648.599999999999,0.004346833333333333
2024-05-05 10:20:00,82,1634,511,10,20,14.409,7322.700000000001,0.0020340833333333335
2024-05-05 10:21:00,58,1844,904,10,21,24.444000000000003,10333.2,0.0028703333333333337
2024-05-05 10:22:00,43,2033,1330,10,22,35.283,13584.900000000001,0.0037735833333333337
2024-05-05 10:23:00,25,1550,1018,10,23,27.000000000000004,11100.000000000002,0.0030833333333333338
2024-05-05 10:24:00,34,1088,1165,10,24,30.213,12063.900000000001,0.003351083333333334
2024-05-05 10:25:00,13,2756,652,10,25,19.056,8716.800000000001,0.0024213333333333335
2024-05-05 10:26:00,76,2573,1060,10,26,29.073,11721.9,0.003256083333333333
2024-05-05 10:27:00,61,2162,1504,10,27,39.762,14928.6,0.004146833333333333
2024-05-05 10:28:00,31,1574,1243,10,28,32.649,12794.699999999999,0.003554083333333333
2024-05-05 10:29:00,70,2297,625,10,29,17.922,8376.6,0.0023268333333333335
2024-05-05 10:30:00,16,1547,1204,10,30,31.647000000000002,12494.1,0.0034705833333333333
2024-05-05 10:31:00,16,1172,433,10,31,11.997000000000002,6599.1,0.0018330833333333335
2024-05-05 10:32:00,13,2084,406,10,32,12.234,6670.199999999999,0.001852833333333333
2024-05-05 10:33:00,55,2504,1510,10,33,40.254,15076.199999999999,0.004187833333333333
2024-05-05 10:34:00,58,2276,412,10,34,12.576,6772.8,0.0018813333333333334
2024-05-05 10:35:00,31,1145,1624,10,35,41.745000000000005,15523.500000000002,0.004312083333333334
2024-05-05 10:36:00,52,1592,1591,10,36,41.367000000000004,15410.1,0.004280583333333333
2024-05-05 10:37:00,13,1964,592,10,37,16.764,8029.2,0.0022303333333333333
2024-05-05 10:38:00,46,2636,898,10,38,25.086000000000002,10525.800000000001,0.002923833333333334
2024-05-05 10:39:00,64,1115,1168,10,39,30.315,12094.5,0.0033595833333333333
2024-05-05 10:40:00,85,2297,1072,10,40,29.097,11729.1,0.0032580833333333333
2024-05-05 10:41:00,16,965,1543,10,41,39.540000000000006,14862.000000000002,0.004128333333333334
2024-05-05 10:42:00,40,2393,1327,10,42,35.568000000000005,13670.400000000001,0.0037973333333333336
2024-05-05 10:43:00,79,2858,1372,10,43,37.158,14147.400000000001,0.003929833333333334
2024-05-05 10:44:00,61,1481,562,10,44,15.531,7659.300000000001,0.0021275833333333338
2024-05-05 10:45:00,19,3083,970,10,45,27.333,11199.9,0.0031110833333333333
2024-05-05 10:46:00,37,881,1114,10,46,28.731,11619.3,0.003227583333333333
2024-05-05 10:47:00,52,1760,817,10,47,22.185000000000002,9655.5,0.002682083333333333
2024-05-05 10:48:00,16,1427,664,10,48,18.027,8408.1,0.0023355833333333336
2024-05-05 10:49:00,43,2735,1408,10,49,37.935,14380.5,0.0039945833333333335
2024-05-05 10:50:00,91,1175,1108,10,50,28.875000000000004,11662.500000000002,0.003239583333333334
2024-05-05 10:51:00,58,2450,1456,10,51,38.85,14655.0,0.004070833333333333
2024-05-05 10:52:00,22,1223,1111,10,52,28.998,11699.400000000001,0.0032498333333333337
2024-05-05 10:53:00,94,2879,1288,10,53,35.079,13523.699999999999,0.003756583333333333
2024-05-05 10:54:00,43,2069,1579,10,54,41.544000000000004,15463.2,0.004295333333333333
2024-05-05 10:55:00,82,3131,814,10,55,23.481,10044.3,0.0027900833333333332
2024-05-05 10:56:00,91,857,1243,10,56,31.932000000000002,12579.6,0.0034943333333333332
2024-05-05 10:57:00,61,833,1462,10,57,37.383,14214.900000000001,0.0039485833333333335
2024-05-05 10:58:00,49,800,421,10,58,11.325000000000001,6397.5,0.0017770833333333334
2024-05-05 10:59:00,22,2252,595,10,59,17.127,8138.1,0.0022605833333333336
2024-05-05 11:00:00,76,2714,1381,11,0,37.239,14171.7,0.003936583333333334
2024-05-05 11:01:00,34,2126,1636,11,1,43.026,15907.8,0.004418833333333333
2024-05-05 11:02:00,16,2306,574,11,2,16.656000000000002,7996.800000000001,0.002221333333333334
2024-05-05 11:03:00,19,2177,883,11,3,24.252000000000002,10275.6,0.0028543333333333333
2024-05-05 11:04:00,97,1406,1093,11,4,28.731,11619.3,0.003227583333333333
2024-05-05 11:05:00,19,1274,940,11,5,24.774,10432.199999999999,0.002897833333333333
2024-05-05 11:06:00,19,944,1570,11,6,40.194,15058.2,0.0041828333333333335
2024-05-05 11:07:00,85,2690,844,11,7,23.790000000000003,10137.000000000002,0.002815833333333334
2024-05-05 11:08:00,52,3053,1369,11,8,37.278,14183.4,0.003939833333333333
2024-05-05 11:09:00,94,1784,430,11,9,12.534,6760.200000000001,0.0018778333333333336
2024-05-05 11:10:00,13,782,805,11,10,20.907,9272.1,0.0025755833333333334
2024-05-05 11:11:00,40,2366,1498,11,11,39.816,14944.8,0.004151333333333333
2024-05-05 11:12:00,25,2270,1141,11,12,30.795,12238.5,0.0033995833333333334
2024-05-05 11:13:00,46,2168,1501,11,13,39.693,14907.9,0.004141083333333333
2024-05-05 11:14:00,94,848,1474,11,14,37.698,14309.4,0.003974833333333333
2024-05-05 11:15:00,76,1088,796,11,15,20.988000000000003,9296.400000000001,0.0025823333333333336
2024-05-05 11:16:00,28,1190,1090,11,16,28.44,11532.0,0.003203333333333333
2024-05-05 11:17:00,82,1409,1399,11,17,36.384,13915.199999999999,0.003865333333333333
2024-05-05 11:18:00,43,1670,514,11,18,14.520000000000001,7356.000000000001,0.0020433333333333336
2024-05-05 11:19:00,64,1868,1579,11,19,41.343,15402.900000000001,0.004278583333333334
2024-05-05 11:20:00,76,1631,634,11,20,17.481,8244.3,0.002290083333333333
2024-05-05 11:21:00,34,3209,514,11,21,16.059,7817.700000000001,0.0021715833333333335
2024-05-05 11:22:00,100,1310,868,11,22,23.01,9903.0,0.0027508333333333334
2024-05-05 11:23:00,31,3179,403,11,23,13.254000000000001,6976.200000000001,0.0019378333333333335
2024-05-05 11:24:00,37,1250,454,11,24,12.600000000000001,6780.000000000001,0.0018833333333333336
2024-05-05 11:25:00,73,1790,469,11,25,13.515,7054.5,0.001959583333333333
2024-05-05 11:26:00,37,2102,1390,11,26,36.852,14055.599999999999,0.003904333333333333
2024-05-05 11:27:00,85,2585,1501,11,27,40.11,15033.0,0.0041758333333333335
2024-05-05 11:28:00,61,1199,1513,11,28,39.024,14707.199999999999,0.004085333333333333
2024-05-05 11:29:00,73,3230,1528,11,29,41.43,15429.0,0.004285833333333333
2024-05-05 11:30:00,55,1931,973,11,30,26.256000000000004,10876.800000000003,0.003021333333333334
2024-05-05 11:31:00,22,1613,655,11,31,17.988,8396.4,0.0023323333333333334
2024-05-05 11:32:00,49,2507,775,11,32,21.882,9564.6,0.0026568333333333335
2024-05-05 11:33:00,52,2789,784,11,33,22.389000000000003,9716.7,0.0026990833333333337
2024-05-05 11:34:00,31,1553,1204,11,34,31.653000000000002,12495.900000000001,0.003471083333333334
2024-05-05 11:35:00,49,1994,814,11,35,22.344,9703.2,0.0026953333333333334
2024-05-05 11:36:00,82,926,1099,11,36,28.401,11520.300000000001,0.0032000833333333334
2024-05-05 11:37:00,64,1922,535,11,37,15.297,7589.1,0.0021080833333333333
2024-05-05 11:38:00,25,1373,1507,11,38,39.048,14714.400000000001,0.0040873333333333334
2024-05-05 11:39:00,85,2576,949,11,39,26.301000000000002,10890.3,0.003025083333333333
2024-05-05 11:40:00,28,1442,1120,11,40,29.442,11832.6,0.0032868333333333334
2024-05-05 11:41:00,22,1634,1369,11,41,35.859,13757.7,0.0038215833333333335
2024-05-05 11:42:00,100,1109,1075,11,42,27.984,11395.2,0.0031653333333333334
2024-05-05 11:43:00,85,1034,787,11,43,20.709,9212.699999999999,0.002559083333333333
2024-05-05 11:44:00,67,1148,424,11,44,11.748000000000001,6524.4,0.0018123333333333333
2024-05-05 11:45:00,16,3215,1498,11,45,40.665000000000006,15199.500000000002,0.004222083333333334
2024-05-05 11:46:00,91,3284,517,11,46,16.209,7862.699999999999,0.002184083333333333
2024-05-05 11:47:00,28,3176,1429,11,47,38.901,14670.3,0.004075083333333333
2024-05-05 11:48:00,40,3173,1381,11,48,37.698,14309.4,0.003974833333333333
2024-05-05 11:49:00,67,2684,868,11,49,24.384000000000004,10315.2,0.0028653333333333334
2024-05-05 11:50:00,85,1832,1114,11,50,29.682000000000002,11904.6,0.0033068333333333335
2024-05-05 11:51:00,43,2942,1282,11,51,34.992000000000004,13497.6,0.0037493333333333333
2024-05-05 11:52:00,64,2636,439,11,52,13.611,7083.3,0.0019675833333333333
2024-05-05 11:53:00,103,1190,1669,11,53,42.915,15874.5,0.004409583333333333
2024-05-05 11:54:00,100,2285,1618,11,54,42.735,15820.5,0.004394583333333334
2024-05-05 11:55:00,19,2537,1801,11,55,47.562000000000005,17268.600000000002,0.004796833333333334
2024-05-05 11:56:00,37,3440,1735,11,56,46.815,17044.5,0.004734583333333334
2024-05-05 11:57:00,46,2732,1045,11,57,28.857,11657.099999999999,0.003238083333333333
2024-05-05 11:58:00,97,3398,1090,11,58,30.648,12194.4,0.0033873333333333333
2024-05-05 11:59:00,103,2486,1489,11,59,39.711,14913.300000000001,0.004142583333333334
2024-05-05 12:00:00,64,1052,1117,12,0,28.977,11693.1,0.0032480833333333333
2024-05-05 12:01:00,76,2408,1357,12,1,36.333000000000006,13899.900000000001,0.0038610833333333336
2024-05-05 12:02:00,43,1898,598,12,2,16.848000000000003,8054.4000000000015,0.002237333333333334
2024-05-05 12:03:00,82,2882,1051,12,3,29.157000000000004,11747.1,0.0032630833333333335
2024-05-05 12:04:00,70,884,1573,12,4,40.209,15062.7,0.004184083333333334
2024-05-05 12:05:00,31,998,1480,12,5,37.998,14399.4,0.0039998333333333335
2024-05-05 12:06:00,40,776,1435,12,6,36.651,13995.3,0.003887583333333333
2024-05-05 12:07:00,85,3290,559,12,7,17.265,8179.5,0.0022720833333333334
2024-05-05 12:08:00,19,2942,874,12,8,24.792,10437.6,0.0028993333333333336
2024-05-05 12:09:00,91,3461,934,12,9,26.811,11043.300000000001,0.0030675833333333336
2024-05-05 12:10:00,88,956,394,12,10,10.806000000000001,6241.800000000001,0.0017338333333333335
2024-05-05 12:11:00,61,2066,1423,12,11,37.641000000000005,14292.300000000003,0.003970083333333334
2024-05-05 12:12:00,46,2648,991,12,12,27.423000000000002,11226.900000000001,0.003118583333333334
2024-05-05 12:13:00,37,2243,1585,12,13,41.868,15560.400000000001,0.004322333333333333
2024-05-05 12:14:00,52,3461,1771,12,14,47.736000000000004,17320.800000000003,0.004811333333333334
2024-05-05 12:15:00,46,3476,1555,12,15,42.351,15705.300000000001,0.004362583333333334
2024-05-05 12:16:00,67,2672,1126,12,16,30.822000000000003,12246.6,0.0034018333333333335
2024-05-05 12:17:00,82,2831,808,12,17,23.031000000000002,9909.300000000001,0.0027525833333333334
2024-05-05 12:18:00,55,3176,1840,12,18,49.176,17752.800000000003,0.0049313333333333344
2024-05-05 12:19:00,46,2192,1096,12,19,29.592000000000002,11877.6,0.0032993333333333334
2024-05-05 12:20:00,58,2039,1678,12,20,43.989000000000004,16196.7,0.004499083333333333
2024-05-05 12:21:00,64,2030,847,12,21,23.205000000000002,9961.5,0.002767083333333333
2024-05-05 12:22:00,16,1808,1714,12,22,44.658,16397.4,0.0045548333333333335
2024-05-05 12:23:00,70,2873,1141,12,23,31.398000000000003,12419.400000000001,0.003449833333333334
2024-05-05 12:24:00,70,2855,1867,12,24,49.53,17859.0,0.004960833333333334
2024-05-05 12:25:00,37,3524,1834,12,25,49.374,17812.2,0.004947833333333334
2024-05-05 12:26:00,43,2147,1741,12,26,45.672000000000004,16701.600000000002,0.004639333333333334
2024-05-05 12:27:00,94,2918,1084,12,27,30.018,12005.400000000001,0.0033348333333333337
2024-05-05 12:28:00,55,1385,877,12,28,23.310000000000002,9993.0,0.0027758333333333333
2024-05-05 12:29:00,58,2903,700,12,29,20.403,9120.9,0.0025335833333333334
2024-05-05 12:30:00,16,3176,1051,12,30,29.451,11835.300000000001,0.0032875833333333338
2024-05-05 12:31:00,19,3431,1801,12,31,48.456,17536.800000000003,0.004871333333333334
2024-05-05 12:32:00,109,812,1759,12,32,44.787,16436.1,0.004565583333333333
2024-05-05 12:33:00,40,3323,1006,12,33,28.473000000000003,11541.900000000001,0.003206083333333334
2024-05-05 12:34:00,82,2810,1237,12,34,33.735,13120.5,0.0036445833333333334
2024-05-05 12:35:00,58,1331,1171,12,35,30.606,12181.8,0.0033838333333333333
2024-05-05 12:36:00,67,3416,748,12,36,22.116,9634.8,0.002676333333333333
2024-05-05 12:37:00,70,1499,1654,12,37,42.849000000000004,15854.7,0.004404083333333334
2024-05-05 12:38:00,49,1967,877,12,38,23.892,10167.599999999999,0.0028243333333333328
2024-05-05 12:39:00,25,2492,661,12,39,19.017000000000003,8705.1,0.0024180833333333333
2024-05-05 12:40:00,106,2960,1141,12,40,31.485000000000003,12445.500000000002,0.0034570833333333337
2024-05-05 12:41:00,46,2633,1537,12,41,41.05800000000001,15317.400000000003,0.004254833333333334
2024-05-05 12:42:00,28,3395,505,12,42,16.02,7806.0,0.0021683333333333333
2024-05-05 12:43:00,85,1586,673,12,43,18.410999999999998,8523.3,0.002367583333333333
2024-05-05 12:44:00,34,3422,688,12,44,20.622,9186.6,0.0025518333333333335
2024-05-05 12:45:00,85,2225,1834,12,45,48.075,17422.5,0.004839583333333334
2024-05-05 12:46:00,52,2459,670,12,46,19.209,8762.699999999999,0.0024340833333333332
2024-05-05 12:47:00,43,2195,547,12,47,15.870000000000001,7761.0,0.0021558333333333334
2024-05-05 12:48:00,19,3134,994,12,48,27.984,11395.2,0.0031653333333333334
2024-05-05 12:49:00,103,2828,805,12,49,22.953,9885.9,0.0027460833333333334
2024-05-05 12:50:00,61,1709,400,12,50,11.709,6512.699999999999,0.0018090833333333331
2024-05-05 12:51:00,100,1352,1024,12,51,26.952,11085.6,0.0030793333333333332
2024-05-05 12:52:00,37,3377,442,12,52,14.427000000000001,7328.1,0.0020355833333333333
2024-05-05 12:53:00,25,2366,760,12,53,21.366,9409.8,0.002613833333333333
2024-05-05 12:54:00,88,2072,1081,12,54,29.097,11729.1,0.0032580833333333333
2024-05-05 12:55:00,13,2792,1453,12,55,39.117000000000004,14735.1,0.004093083333333333
2024-05-05 12:56:00,88,815,1504,12,56,38.415,14524.5,0.004034583333333334
2024-05-05 12:57:00,67,851,1363,12,57,34.926,13477.8,0.003743833333333333
2024-05-05 12:58:00,76,2927,916,12,58,25.827,10748.1,0.0029855833333333336
2024-05-05 12:59:00,64,1733,1891,12,59,49.008,17702.399999999998,0.004917333333333333
2024-05-05 13:00:00,52,3578,1879,13,0,50.553000000000004,18165.9,0.005046083333333334
2024-05-05 13:01:00,43,1904,1237,13,1,32.829,12848.699999999999,0.003569083333333333
2024-05-05 13:02:00,49,3623,946,13,2,27.273000000000003,11181.900000000001,0.0031060833333333335
2024-05-05 13:03:00,16,1328,1075,13,3,28.203,11460.9,0.0031835833333333334
2024-05-05 13:04:00,82,3062,1306,13,4,35.711999999999996,13713.599999999999,0.003809333333333333
2024-05-05 13:05:00,55,1289,1888,13,5,48.489000000000004,17546.7,0.0048740833333333336
2024-05-05 13:06:00,85,1835,445,13,6,12.96,6888.0,0.0019133333333333333
2024-05-05 13:07:00,76,2294,976,13,7,26.694000000000003,11008.2,0.0030578333333333334
2024-05-05 13:08:00,103,2231,1297,13,8,34.656000000000006,13396.800000000003,0.0037213333333333343
2024-05-05 13:09:00,31,3437,1594,13,9,43.287,15986.099999999999,0.004440583333333333
2024-05-05 13:10:00,106,3038,514,13,10,15.888000000000002,7766.4,0.002157333333333333
2024-05-05 13:11:00,103,1229,1411,13,11,36.504,13951.2,0.0038753333333333335
2024-05-05 13:12:00,103,1379,1009,13,12,26.604000000000003,10981.2,0.0030503333333333337
2024-05-05 13:13:00,100,956,1750,13,13,44.706,16411.8,0.004558833333333333
2024-05-05 13:14:00,61,2201,1843,13,14,48.276,17482.800000000003,0.004856333333333334
2024-05-05 13:15:00,67,1565,994,13,15,26.415000000000003,10924.500000000002,0.003034583333333334
2024-05-05 13:16:00,97,2330,1231,13,16,33.105000000000004,12931.500000000002,0.003592083333333334
2024-05-05 13:17:00,16,2675,511,13,17,15.450000000000001,7635.0,0.0021208333333333335
2024-05-05 13:18:00,106,2798,1582,13,18,42.348000000000006,15704.400000000003,0.004362333333333334
2024-05-05 13:19:00,106,1490,1837,13,19,47.415000000000006,17224.500000000004,0.004784583333333334
2024-05-05 13:20:00,55,1622,670,13,20,18.372,8511.6,0.0023643333333333333
2024-05-05 13:21:00,106,1391,1438,13,21,37.341,14202.300000000001,0.003945083333333333
2024-05-05 13:22:00,16,3116,1870,13,22,49.866,17959.8,0.004988833333333333
2024-05-05 13:23:00,76,1616,1312,13,23,34.416000000000004,13324.800000000003,0.0037013333333333343
2024-05-05 13:24:00,85,2012,1972,13,24,51.312000000000005,18393.600000000002,0.005109333333333334
2024-05-05 13:25:00,55,2993,463,13,25,14.568000000000001,7370.4,0.0020473333333333333
2024-05-05 13:26:00,49,2549,1258,13,26,33.999,13199.7,0.0036665833333333333
2024-05-05 13:27:00,82,1463,625,13,27,17.088,8126.4,0.0022573333333333334
2024-05-05 13:28:00,64,1037,1624,13,28,41.637,15491.1,0.004303083333333333
2024-05-05 13:29:00,43,1265,1987,13,29,50.940000000000005,18282.0,0.005078333333333333
2024-05-05 13:30:00,13,1925,1822,13,30,47.475,17242.5,0.004789583333333333
2024-05-05 13:31:00,115,2843,835,13,31,23.718,10115.4,0.002809833333333333
2024-05-05 13:32:00,16,3710,2017,13,32,54.135000000000005,19240.5,0.005344583333333333
2024-05-05 13:33:00,64,2237,901,13,33,24.762,10428.6,0.0028968333333333333
2024-05-05 13:34:00,88,2246,988,13,34,26.946,11083.800000000001,0.0030788333333333336
2024-05-05 13:35:00,46,1667,907,13,35,24.342000000000002,10302.6,0.0028618333333333334
2024-05-05 13:36:00,106,2141,472,13,36,13.941,7182.3,0.0019950833333333335
2024-05-05 13:37:00,64,2189,643,13,37,18.264,8479.2,0.0023553333333333334
2024-05-05 13:38:00,106,3377,691,13,38,20.652,9195.6,0.0025543333333333334
2024-05-05 13:39:00,103,3305,532,13,39,16.605,7981.5,0.0022170833333333335
2024-05-05 13:40:00,109,1802,1066,13,40,28.452,11535.6,0.0032043333333333333
2024-05-05 13:41:00,109,2771,1843,13,41,48.846000000000004,17653.800000000003,0.004903833333333334
2024-05-05 13:42:00,37,3641,679,13,42,20.616,9184.8,0.002551333333333333
2024-05-05 13:43:00,22,2093,1852,13,43,48.393,17517.899999999998,0.0048660833333333325
2024-05-05 13:44:00,28,983,1714,13,44,43.833,16149.9,0.004486083333333333
2024-05-05 13:45:00,61,3470,673,13,45,20.294999999999998,9088.5,0.0025245833333333335
2024-05-05 13:46:00,28,3698,1684,13,46,45.798,16739.4,0.004649833333333334
2024-05-05 13:47:00,22,3467,1999,13,47,53.442,19032.600000000002,0.005286833333333334
2024-05-05 13:48:00,40,2630,1099,13,48,30.105,12031.5,0.003342083333333333
2024-05-05 13:49:00,76,1544,868,13,49,23.244000000000003,9973.2,0.0027703333333333334
2024-05-05 13:50:00,52,1709,1099,13,50,29.184,11755.199999999999,0.003265333333333333
2024-05-05 13:51:00,58,2369,1024,13,51,27.969,11390.699999999999,0.003164083333333333
2024-05-05 13:52:00,85,2426,898,13,52,24.876000000000005,10462.800000000003,0.002906333333333334
2024-05-05 13:53:00,73,1766,1747,13,53,45.441,16632.3,0.004620083333333333
2024-05-05 13:54:00,85,1346,526,13,54,14.496,7348.8,0.0020413333333333334
2024-05-05 13:55:00,94,1253,424,13,55,11.853000000000002,6555.9,0.0018210833333333332
2024-05-05 13:56:00,34,1553,1309,13,56,34.278,13283.4,0.003689833333333333
2024-05-05 13:57:00,25,2066,1348,13,57,35.766000000000005,13729.800000000003,0.003813833333333334
2024-05-05 13:58:00,31,3239,943,13,58,26.814000000000004,11044.2,0.0030678333333333334
2024-05-05 13:59:00,61,833,466,13,59,12.483,6744.9,0.0018735833333333332
2024-05-05 14:00:00,49,2885,1978,14,0,52.335,18700.5,0.005194583333333333
2024-05-05 14:01:00,49,2852,673,14,1,19.677,8903.1,0.0024730833333333336
2024-05-05 14:02:00,55,2750,1735,14,2,46.125,16837.5,0.0046770833333333334
2024-05-05 14:03:00,79,1340,1366,14,3,35.49,13647.0,0.003790833333333333
2024-05-05 14:04:00,55,3155,823,14,4,23.730000000000004,10119.000000000002,0.002810833333333334
2024-05-05 14:05:00,46,1070,2086,14,5,53.220000000000006,18966.000000000004,0.005268333333333334
2024-05-05 14:06:00,100,3140,1147,14,6,31.815,12544.5,0.0034845833333333335
2024-05-05 14:07:00,109,2204,1768,14,7,46.404,16921.2,0.004700333333333333
2024-05-05 14:08:00,52,2411,1813,14,8,47.736000000000004,17320.800000000003,0.004811333333333334
2024-05-05 14:09:00,64,3092,775,14,9,22.467,9740.1,0.0027055833333333333
2024-05-05 14:10:00,16,3449,1444,14,10,39.549,14864.699999999999,0.004129083333333333
2024-05-05 14:11:00,40,1376,1912,14,11,49.176,17752.800000000003,0.0049313333333333344
2024-05-05 14:12:00,40,1082,1540,14,12,39.582,14874.6,0.004131833333333334
2024-05-05 14:13:00,16,2699,1936,14,13,51.099000000000004,18329.7,0.005091583333333333
2024-05-05 14:14:00,91,3929,1882,14,14,50.979000000000006,18293.7,0.005081583333333334
2024-05-05 14:15:00,58,1871,1762,14,15,45.92100000000001,16776.300000000003,0.004660083333333334
2024-05-05 14:16:00,25,1883,577,14,16,16.308,7892.4,0.002192333333333333
2024-05-05 14:17:00,19,3821,793,14,17,23.646000000000004,10093.800000000003,0.002803833333333334
2024-05-05 14:18:00,79,3389,916,14,18,26.289,10886.699999999999,0.003024083333333333
2024-05-05 14:19:00,76,2492,793,14,19,22.317000000000004,9695.100000000002,0.002693083333333334
2024-05-05 14:20:00,67,2264,2098,14,20,54.714000000000006,19414.2,0.005392833333333334
2024-05-05 14:21:00,85,3500,1657,14,21,44.925000000000004,16477.5,0.004577083333333333
2024-05-05 14:22:00,31,2948,1810,14,22,48.198,17459.399999999998,0.004849833333333333
2024-05-05 14:23:00,100,2657,595,14,23,17.532,8259.6,0.0022943333333333336
2024-05-05 14:24:00,82,3746,535,14,24,17.121,8136.299999999999,0.002260083333333333
2024-05-05 14:25:00,43,2951,1558,14,25,41.901,15570.3,0.0043250833333333336
2024-05-05 14:26:00,73,1739,1849,14,26,47.964,17389.199999999997,0.004830333333333332
2024-05-05 14:27:00,67,1451,856,14,27,22.851000000000003,9855.300000000001,0.0027375833333333336
2024-05-05 14:28:00,94,2945,535,14,28,16.32,7896.0,0.002193333333333333
2024-05-05 14:29:00,103,2939,595,14,29,17.814,8344.2,0.0023178333333333336
2024-05-05 14:30:00,31,3773,694,14,30,21.123,9336.9,0.002593583333333333
2024-05-05 14:31:00,70,3581,808,14,31,23.781000000000002,10134.3,0.002815083333333333
2024-05-05 14:32:00,28,2222,490,14,32,14.472,7341.6,0.0020393333333333335
2024-05-05 14:33:00,49,1565,658,14,33,18.015,8404.5,0.0023345833333333335
2024-05-05 14:34:00,49,3107,1036,14,34,29.007,11702.1,0.0032505833333333336
2024-05-05 14:35:00,112,3740,1699,14,35,46.215,16864.5,0.004684583333333333
2024-05-05 14:36:00,97,3698,646,14,36,19.848000000000003,8954.400000000001,0.0024873333333333336
2024-05-05 14:37:00,46,1913,697,14,37,19.338,8801.4,0.002444833333333333
2024-05-05 14:38:00,85,989,1060,14,38,27.489,11246.699999999999,0.003124083333333333
2024-05-05 14:39:00,52,3245,685,14,39,20.37,9111.0,0.0025308333333333333
2024-05-05 14:40:00,85,2918,1846,14,40,49.068000000000005,17720.4,0.004922333333333334
2024-05-05 14:41:00,70,1337,1387,14,41,36.01200000000001,13803.600000000002,0.003834333333333334
2024-05-05 14:42:00,37,1379,1309,14,42,34.104,13231.199999999999,0.003675333333333333
2024-05-05 14:43:00,22,3080,916,14,43,25.980000000000004,10794.000000000002,0.0029983333333333338
2024-05-05 14:44:00,43,2021,1483,14,44,39.096000000000004,14728.800000000003,0.004091333333333334
2024-05-05 14:45:00,118,1460,1612,14,45,41.760000000000005,15528.000000000002,0.004313333333333334
2024-05-05 14:46:00,97,1799,1675,14,46,43.674,16102.199999999999,0.004472833333333333
2024-05-05 14:47:00,22,3320,2065,14,47,54.945,19483.5,0.005412083333333333
2024-05-05 14:48:00,61,4004,1852,14,48,50.304,18091.2,0.005025333333333334
2024-05-05 14:49:00,82,3167,721,14,49,21.192000000000004,9357.600000000002,0.002599333333333334
2024-05-05 14:50:00,82,3833,1855,14,50,50.208,18062.399999999998,0.005017333333333333
2024-05-05 14:51:00,28,2252,1195,14,51,32.127,12638.1,0.0035105833333333334
2024-05-05 14:52:00,49,3545,1771,14,52,47.82000000000001,17346.000000000004,0.004818333333333334
2024-05-05 14:53:00,100,2579,1996,14,53,52.479000000000006,18743.7,0.005206583333333334
2024-05-05 14:54:00,16,1805,1615,14,54,42.18,15654.0,0.004348333333333333
2024-05-05 14:55:00,61,2042,1810,14,55,47.292,17187.600000000002,0.0047743333333333336
2024-05-05 14:56:00,16,3629,1288,14,56,35.829,13748.699999999999,0.003819083333333333
2024-05-05 14:57:00,46,2606,2005,14,57,52.731,18819.300000000003,0.005227583333333334
2024-05-05 14:58:00,34,3149,766,14,58,22.299000000000003,9689.7,0.0026915833333333336
2024-05-05 14:59:00,58,3275,1123,14,59,31.35,12405.0,0.0034458333333333333
2024-05-05 15:00:00,100,2060,1771,15,0,46.33500000000001,16900.500000000004,0.0046945833333333345
2024-05-05 15:01:00,70,3389,502,15,1,15.939,7781.7,0.0021615833333333335
2024-05-05 15:02:00,79,3197,1048,15,2,29.397000000000002,11819.1,0.0032830833333333336
2024-05-05 15:03:00,115,2642,1465,15,3,39.267,14780.1,0.0041055833333333335
2024-05-05 15:04:00,109,3992,493,15,4,16.317,7895.1,0.0021930833333333333
2024-05-05 15:05:00,64,3020,610,15,5,18.27,8481.0,0.0023558333333333335
2024-05-05 15:06:00,19,3743,670,15,6,20.493,9147.9,0.002541083333333333
2024-05-05 15:07:00,79,3440,2137,15,7,56.865,20059.5,0.005572083333333333
2024-05-05 15:08:00,103,2774,1306,15,8,35.424,13627.199999999999,0.003785333333333333
2024-05-05 15:09:00,76,2135,1636,15,9,43.035000000000004,15910.500000000002,0.0044195833333333335
2024-05-05 15:10:00,88,2936,1189,15,10,32.661,12798.3,0.0035550833333333333
2024-05-05 15:11:00,58,2357,1189,15,11,32.082,12624.6,0.0035068333333333336
2024-05-05 15:12:00,31,2663,1159,15,12,31.638,12491.400000000001,0.003469833333333334
2024-05-05 15:13:00,82,3584,1573,15,13,42.909000000000006,15872.7,0.004409083333333333
2024-05-05 15:14:00,40,4103,970,15,14,28.353,11505.900000000001,0.0031960833333333338
2024-05-05 15:15:00,106,3692,622,15,15,19.242,8772.6,0.0024368333333333334
2024-05-05 15:16:00,34,1388,1453,15,16,37.713,14313.900000000001,0.003976083333333334
2024-05-05 15:17:00,40,1247,2107,15,17,53.922000000000004,19176.600000000002,0.005326833333333334
2024-05-05 15:18:00,73,2573,514,15,18,15.423000000000002,7626.9000000000015,0.002118583333333334
2024-05-05 15:19:00,91,2216,1705,15,19,44.841,16452.3,0.004570083333333333
2024-05-05 15:20:00,91,1283,1753,15,20,45.108000000000004,16532.4,0.004592333333333334
2024-05-05 15:21:00,52,3218,1273,15,21,35.043000000000006,13512.900000000003,0.003753583333333334
2024-05-05 15:22:00,103,3869,679,15,22,20.844,9253.2,0.0025703333333333333
2024-05-05 15:23:00,112,3461,1372,15,23,37.761,14328.3,0.003980083333333333
2024-05-05 15:24:00,76,956,1621,15,24,41.48100000000001,15444.300000000001,0.004290083333333333
2024-05-05 15:25:00,34,1721,502,15,25,14.271,7281.3,0.0020225833333333333
2024-05-05 15:26:00,124,1904,1426,15,26,37.554,14266.2,0.003962833333333334
2024-05-05 15:27:00,121,1931,1135,15,27,30.306,12091.800000000001,0.0033588333333333335
2024-05-05 15:28:00,64,980,757,15,28,19.905,8971.5,0.002492083333333333
2024-05-05 15:29:00,118,1397,952,15,29,25.197,10559.099999999999,0.002933083333333333
2024-05-05 15:30:00,79,1025,1780,15,30,45.525,16657.5,0.004627083333333334
2024-05-05 15:31:00,76,1952,1174,15,31,31.302,12390.6,0.0034418333333333336
2024-05-05 15:32:00,70,3116,1597,15,32,43.041000000000004,15912.300000000003,0.004420083333333334
2024-05-05 15:33:00,25,2993,658,15,33,19.442999999999998,8832.9,0.0024535833333333332
2024-05-05 15:34:00,52,914,1258,15,34,32.364000000000004,12709.2,0.0035303333333333337
2024-05-05 15:35:00,106,1814,481,15,35,13.839,7151.700000000001,0.0019865833333333337
2024-05-05 15:36:00,109,3551,1975,15,36,52.926,18877.800000000003,0.005243833333333334
2024-05-05 15:37:00,88,1982,709,15,37,19.707,8912.1,0.0024755833333333335
2024-05-05 15:38:00,52,3842,1624,15,38,44.442,16332.6,0.004536833333333334
2024-05-05 15:39:00,82,2381,1243,15,39,33.456,13036.8,0.003621333333333333
2024-05-05 15:40:00,34,2294,1507,15,40,39.969,14990.699999999999,0.004164083333333333
2024-05-05 15:41:00,88,1718,2062,15,41,53.268,18980.399999999998,0.005272333333333333
2024-05-05 15:42:00,64,1013,2092,15,42,53.313,18993.899999999998,0.005276083333333333
2024-05-05 15:43:00,94,2906,1735,15,43,46.281,16884.3,0.004690083333333333
2024-05-05 15:44:00,37,3467,1072,15,44,30.267,12080.099999999999,0.003355583333333333
2024-05-05 15:45:00,40,980,2242,15,45,57.03,20109.0,0.005585833333333333
2024-05-05 15:46:00,109,1475,1945,15,46,50.1,18030.0,0.005008333333333333
2024-05-05 15:47:00,40,2060,1432,15,47,37.86000000000001,14358.000000000002,0.003988333333333334
2024-05-05 15:48:00,100,1907,1786,15,48,46.557,16967.100000000002,0.004713083333333334
2024-05-05 15:49:00,79,3899,979,15,49,28.374000000000002,11512.2,0.0031978333333333333
2024-05-05 15:50:00,25,2690,1471,15,50,39.464999999999996,14839.499999999998,0.004122083333333333
2024-05-05 15:51:00,25,1904,490,15,51,14.154,7246.2,0.0020128333333333335
2024-05-05 15:52:00,73,4079,1822,15,52,49.629000000000005,17888.7,0.004969083333333333
2024-05-05 15:53:00,115,2465,1339,15,53,35.94,13782.0,0.0038283333333333333
2024-05-05 15:54:00,25,3197,967,15,54,27.372,11211.6,0.0031143333333333335
2024-05-05 15:55:00,34,3785,751,15,55,22.560000000000002,9768.0,0.0027133333333333332
2024-05-05 15:56:00,58,1100,2149,15,56,54.825,19447.5,0.005402083333333333
2024-05-05 15:57:00,16,3662,1465,15,57,40.287,15086.099999999999,0.004190583333333333
2024-05-05 15:58:00,46,1004,1855,15,58,47.379,17213.699999999997,0.004781583333333332
2024-05-05 15:59:00,106,3971,1054,15,59,30.321,12096.3,0.003360083333333333
2024-05-05 16:00:00,49,1058,2113,16,0,53.883,19164.899999999998,0.005323583333333333
2024-05-05 16:01:00,61,3746,2032,16,1,54.54600000000001,19363.800000000003,0.005378833333333334
2024-05-05 16:02:00,40,2726,1285,16,2,34.851,13455.300000000001,0.0037375833333333336
2024-05-05 16:03:00,52,2150,913,16,3,24.975,10492.5,0.0029145833333333333
2024-05-05 16:04:00,124,3056,1414,16,4,38.406,14521.800000000001,0.004033833333333334
2024-05-05 16:05:00,100,4055,640,16,5,20.055,9016.5,0.0025045833333333335
2024-05-05 16:06:00,64,1268,2164,16,6,55.368,19610.399999999998,0.005447333333333333
2024-05-05 16:07:00,103,3584,2167,16,7,57.75900000000001,20327.7,0.005646583333333333
2024-05-05 16:08:00,133,2501,1759,16,8,46.476,16942.8,0.004706333333333333
2024-05-05 16:09:00,79,2069,1831,16,9,47.84400000000001,17353.2,0.004820333333333334
2024-05-05 16:10:00,55,1469,973,16,10,25.794000000000004,10738.2,0.0029828333333333334
2024-05-05 16:11:00,34,4325,1363,16,11,38.400000000000006,14520.000000000002,0.004033333333333334
2024-05-05 16:12:00,106,1133,1729,16,12,44.358000000000004,16307.400000000001,0.004529833333333334
2024-05-05 16:13:00,70,1583,1024,16,13,27.183,11154.9,0.0030985833333333334
2024-05-05 16:14:00,64,3281,598,16,14,18.231,8469.3,0.0023525833333333333
2024-05-05 16:15:00,43,3815,2203,16,15,58.89,20667.0,0.005740833333333333
2024-05-05 16:16:00,130,1469,2098,16,16,53.919000000000004,19175.7,0.005326583333333333
2024-05-05 16:17:00,43,1130,1915,16,17,49.005,17701.5,0.004917083333333333
2024-05-05 16:18:00,43,1223,2173,16,18,55.548,19664.399999999998,0.005462333333333333
2024-05-05 16:19:00,73,1097,1033,16,19,26.922000000000004,11076.6,0.0030768333333333333
2024-05-05 16:20:00,70,4274,1789,16,20,48.999,17699.7,0.004916583333333334
2024-05-05 16:21:00,85,3527,796,16,21,23.427000000000003,10028.1,0.0027855833333333335
2024-05-05 16:22:00,61,3350,583,16,22,17.925,8377.5,0.0023270833333333333
2024-05-05 16:23:00,127,2192,1651,16,23,43.467000000000006,16040.100000000002,0.004455583333333334
2024-05-05 16:24:00,121,2756,607,16,24,17.931,8379.300000000001,0.002327583333333334
2024-05-05 16:25:00,115,953,502,16,25,13.503,7050.9,0.0019585833333333334
2024-05-05 16:26:00,94,1307,559,16,26,15.282000000000002,7584.6,0.0021068333333333334
2024-05-05 16:27:00,136,2591,1948,16,27,51.291000000000004,18387.300000000003,0.005107583333333334
2024-05-05 16:28:00,136,3806,2221,16,28,59.331,20799.300000000003,0.005777583333333334
2024-05-05 16:29:00,103,938,568,16,29,15.138000000000002,7541.4,0.002094833333333333
2024-05-05 16:30:00,70,4181,505,16,30,16.806,8041.800000000001,0.0022338333333333338
2024-05-05 16:31:00,19,1529,2221,16,31,57.05400000000001,20116.2,0.0055878333333333335
2024-05-05 16:32:00,49,1637,682,16,32,18.687,8606.1,0.0023905833333333335
2024-05-05 16:33:00,19,4280,913,16,33,27.105000000000004,11131.500000000002,0.003092083333333334
2024-05-05 16:34:00,130,2909,2005,16,34,53.034,18910.199999999997,0.0052528333333333324
2024-05-05 16:35:00,136,2387,766,16,35,21.537000000000003,9461.1,0.0026280833333333334
2024-05-05 16:36:00,97,4085,2257,16,36,60.0,21000.0,0.005833333333333334
2024-05-05 16:37:00,40,2627,925,16,37,25.752,10725.599999999999,0.002979333333333333
2024-05-05 16:38:00,76,1535,1372,16,38,35.83500000000001,13750.500000000004,0.0038195833333333346
2024-05-05 16:39:00,73,3605,1990,16,39,53.355,19006.5,0.005279583333333333
2024-05-05 16:40:00,91,1040,604,16,40,16.14,7842.0,0.0021783333333333333
2024-05-05 16:41:00,103,2756,1636,16,41,43.656000000000006,16096.800000000001,0.004471333333333333
2024-05-05 16:42:00,97,1187,1609,16,42,41.412,15423.599999999999,0.004284333333333333
2024-05-05 16:43:00,52,4187,1606,16,43,44.337,16301.1,0.004528083333333334
2024-05-05 16:44:00,40,4229,1483,16,44,41.304,15391.2,0.004275333333333333
2024-05-05 16:45:00,64,1910,1771,16,45,46.185,16855.5,0.004682083333333333
2024-05-05 16:46:00,43,3551,949,16,46,27.276000000000003,11182.8,0.0031063333333333333
2024-05-05 16:47:00,121,1442,1972,16,47,50.742000000000004,18222.600000000002,0.005061833333333334
2024-05-05 16:48:00,22,3218,1702,16,48,45.768,16730.4,0.004647333333333334
2024-05-05 16:49:00,19,2288,724,16,49,20.388,9116.4,0.002532333333333333
2024-05-05 16:50:00,34,1646,1969,16,50,50.871,18261.300000000003,0.005072583333333334
2024-05-05 16:51:00,97,1472,487,16,51,13.647,7094.1,0.0019705833333333333
2024-05-05 16:52:00,34,2276,586,16,52,16.926000000000002,8077.8,0.0022438333333333334
2024-05-05 16:53:00,133,4031,1294,16,53,36.381,13914.300000000001,0.0038650833333333337
2024-05-05 16:54:00,19,2825,538,16,54,16.275000000000002,7882.5,0.0021895833333333333
2024-05-05 16:55:00,73,1010,2194,16,55,55.86,19758.0,0.005488333333333333
2024-05-05 16:56:00,28,1763,2065,16,56,53.388,19016.399999999998,0.0052823333333333325
2024-05-05 16:57:00,34,3065,2194,16,57,57.915,20374.5,0.005659583333333333
2024-05-05 16:58:00,70,1802,1012,16,58,27.102,11130.6,0.0030918333333333336
2024-05-05 16:59:00,91,3764,640,16,59,19.764,8929.2,0.0024803333333333335
2024-05-05 17:00:00,49,1676,1081,17,0,28.701,11610.300000000001,0.0032250833333333337
2024-05-05 17:01:00,19,3500,1771,17,1,47.775000000000006,17332.500000000004,0.004814583333333335
2024-05-05 17:02:00,103,1610,1918,17,2,49.56,17868.0,0.0049633333333333335
2024-05-05 17:03:00,85,2486,745,17,3,21.111,9333.3,0.002592583333333333
2024-05-05 17:04:00,22,2486,1114,17,4,30.336000000000002,12100.8,0.003361333333333333
2024-05-05 17:05:00,127,2591,1141,17,5,31.116000000000003,12334.8,0.0034263333333333333
2024-05-05 17:06:00,130,3785,820,17,6,24.285,10285.5,0.0028570833333333334
2024-05-05 17:07:00,49,3218,697,17,7,20.643,9192.9,0.002553583333333333
2024-05-05 17:08:00,73,2072,2086,17,8,54.22200000000001,19266.600000000002,0.005351833333333334
2024-05-05 17:09:00,139,3002,1666,17,9,44.65200000000001,16395.600000000002,0.004554333333333334
2024-05-05 17:10:00,115,3017,2359,17,10,60.0,21000.0,0.005833333333333334
2024-05-05 17:11:00,76,3968,1276,17,11,35.868,13760.400000000001,0.003822333333333334
2024-05-05 17:12:00,34,2078,1579,17,12,41.553000000000004,15465.900000000001,0.004296083333333334
2024-05-05 17:13:00,61,2093,1303,17,13,34.668000000000006,13400.400000000003,0.0037223333333333344
2024-05-05 17:14:00,91,1469,733,17,14,19.794,8938.2,0.0024828333333333334
2024-05-05 17:15:00,97,1448,1453,17,15,37.773,14331.900000000001,0.003981083333333334
2024-05-05 17:16:00,28,2927,2185,17,16,57.552,20265.600000000002,0.005629333333333334
2024-05-05 17:17:00,79,1697,2380,17,17,60.0,21000.0,0.005833333333333334
2024-05-05 17:18:00,34,1448,2164,17,18,55.548,19664.399999999998,0.005462333333333333
2024-05-05 17:19:00,109,1760,1921,17,19,49.785000000000004,17935.5,0.004982083333333333
2024-05-05 17:20:00,130,944,2146,17,20,54.59400000000001,19378.2,0.005382833333333333
2024-05-05 17:21:00,106,4169,1267,17,21,35.844,13753.199999999999,0.003820333333333333
2024-05-05 17:22:00,88,3923,856,17,22,25.323,10596.9,0.002943583333333333
2024-05-05 17:23:00,52,2924,1579,17,23,42.399,15719.699999999999,0.004366583333333333
2024-05-05 17:24:00,67,3086,457,17,24,14.511000000000001,7353.3,0.0020425833333333333
2024-05-05 17:25:00,121,4355,784,17,25,23.955000000000002,10186.5,0.0028295833333333333
2024-05-05 17:26:00,46,2384,2146,17,26,56.034000000000006,19810.2,0.0055028333333333335
2024-05-05 17:27:00,22,3140,985,17,27,27.765,11329.5,0.0031470833333333333
2024-05-05 17:28:00,34,1868,460,17,28,13.368,7010.4,0.0019473333333333333
2024-05-05 17:29:00,112,1493,1816,17,29,46.89300000000001,17067.9,0.004741083333333334
2024-05-05 17:30:00,85,2705,2197,17,30,57.63,20289.0,0.005635833333333333
2024-05-05 17:31:00,55,1613,949,17,31,25.338,10601.400000000001,0.0029448333333333336
2024-05-05 17:32:00,67,4526,1174,17,32,33.876000000000005,13162.800000000003,0.0036563333333333344
2024-05-05 17:33:00,67,1667,1951,17,33,50.44200000000001,18132.600000000006,0.005036833333333335
2024-05-05 17:34:00,79,3494,1792,17,34,48.294000000000004,17488.2,0.004857833333333334
2024-05-05 17:35:00,46,2087,1570,17,35,41.337,15401.1,0.004278083333333333
2024-05-05 17:36:00,73,3143,1846,17,36,49.293000000000006,17787.9,0.004941083333333334
2024-05-05 17:37:00,109,4385,1072,17,37,31.185000000000002,12355.5,0.0034320833333333334
2024-05-05 17:38:00,124,4007,940,17,38,27.506999999999998,11252.099999999999,0.003125583333333333
2024-05-05 17:39:00,34,2951,1552,17,39,41.751000000000005,15525.300000000003,0.004312583333333334
2024-05-05 17:40:00,133,2129,1867,17,40,48.804,17641.2,0.004900333333333334
2024-05-05 17:41:00,139,1217,2080,17,41,53.217,18965.100000000002,0.005268083333333334
2024-05-05 17:42:00,91,2717,1186,17,42,32.367000000000004,12710.1,0.0035305833333333335
2024-05-05 17:43:00,79,3932,823,17,43,24.507,10352.1,0.0028755833333333333
2024-05-05 17:44:00,121,1982,772,17,44,21.282,9384.6,0.0026068333333333334
2024-05-05 17:45:00,70,4076,511,17,45,16.851,8055.299999999999,0.002237583333333333
2024-05-05 17:46:00,91,3620,1060,17,46,30.12,12036.0,0.003343333333333333
2024-05-05 17:47:00,37,1202,1330,17,47,34.452,13335.599999999999,0.003704333333333333
2024-05-05 17:48:00,118,3437,1165,17,48,32.562,12768.599999999999,0.003546833333333333
2024-05-05 17:49:00,22,3329,1834,17,49,49.179,17753.7,0.004931583333333334
2024-05-05 17:50:00,19,4226,1537,17,50,42.651,15795.3,0.004387583333333333
2024-05-05 17:51:00,76,3890,1612,17,51,44.190000000000005,16257.000000000002,0.0045158333333333335
2024-05-05 17:52:00,31,2414,1222,17,52,32.964,12889.2,0.0035803333333333334
2024-05-05 17:53:00,124,2840,1609,17,53,43.065,15919.5,0.004422083333333333
2024-05-05 17:54:00,127,3719,2419,17,54,60.0,21000.0,0.005833333333333334
2024-05-05 17:55:00,115,4055,1006,17,55,29.205000000000002,11761.5,0.003267083333333333
2024-05-05 17:56:00,139,2129,1708,17,56,44.829,16448.7,0.004569083333333334
2024-05-05 17:57:00,82,3251,1345,17,57,36.876,14062.8,0.003906333333333333
2024-05-05 17:58:00,49,4286,679,17,58,21.261000000000003,9378.300000000001,0.002605083333333334
2024-05-05 17:59:00,61,3566,967,17,59,27.741,11322.300000000001,0.0031450833333333335
2024-05-05 18:00:00,76,3938,2377,18,0,60.0,21000.0,0.005833333333333334
2024-05-05 18:01:00,67,2369,496,18,1,14.769,7430.7,0.002064083333333333
2024-05-05 18:02:00,40,2036,1156,18,2,30.936000000000003,12280.8,0.003411333333333333
2024-05-05 18:03:00,49,2948,496,18,3,15.348,7604.4,0.0021123333333333333
2024-05-05 18:04:00,106,2324,739,18,4,20.799,9239.699999999999,0.002566583333333333
2024-05-05 18:05:00,103,4409,550,18,5,18.159,8447.7,0.0023465833333333333
2024-05-05 18:06:00,61,4565,1699,18,6,47.04,17112.0,0.004753333333333333
2024-05-05 18:07:00,79,4352,1189,18,7,34.077,13223.099999999999,0.003673083333333333
2024-05-05 18:08:00,43,2480,553,18,8,16.305,7891.5,0.002192083333333333
2024-05-05 18:09:00,100,2615,511,18,9,15.39,7617.0,0.0021158333333333333
2024-05-05 18:10:00,67,2030,2356,18,10,60.0,21000.0,0.005833333333333334
2024-05-05 18:11:00,88,1370,1201,18,11,31.395000000000003,12418.500000000002,0.003449583333333334
2024-05-05 18:12:00,88,3860,2392,18,12,60.0,21000.0,0.005833333333333334
2024-05-05 18:13:00,46,1397,2143,18,13,54.972,19491.600000000002,0.005414333333333334
2024-05-05 18:14:00,70,3668,1648,18,14,44.868,16460.4,0.004572333333333334
2024-05-05 18:15:00,142,2090,850,18,15,23.34,10002.0,0.002778333333333333
2024-05-05 18:16:00,25,4439,1486,18,16,41.589,15476.699999999999,0.004299083333333333
2024-05-05 18:17:00,49,1475,2119,18,17,54.45,19335.0,0.005370833333333333
2024-05-05 18:18:00,85,1595,790,18,18,21.345,9403.5,0.0026120833333333334
2024-05-05 18:19:00,43,2981,1618,18,19,43.431000000000004,16029.300000000003,0.0044525833333333344
2024-05-05 18:20:00,76,4292,1039,18,20,30.267000000000003,12080.1,0.0033555833333333332
2024-05-05 18:21:00,34,4319,1537,18,21,42.74400000000001,15823.200000000003,0.004395333333333334
2024-05-05 18:22:00,82,3266,1177,18,22,32.691,12807.3,0.003557583333333333
2024-05-05 18:23:00,19,2081,1741,18,23,45.60600000000001,16681.800000000003,0.004633833333333334
2024-05-05 18:24:00,106,3488,1258,18,24,34.938,13481.400000000001,0.0037448333333333335
2024-05-05 18:25:00,73,2873,781,18,25,22.398000000000003,9719.400000000001,0.0026998333333333336
2024-05-05 18:26:00,34,1118,1819,18,26,46.593,16977.9,0.004716083333333333
2024-05-05 18:27:00,37,1175,2440,18,27,60.0,21000.0,0.005833333333333334
2024-05-05 18:28:00,124,1547,1588,18,28,41.247,15374.1,0.004270583333333334
2024-05-05 18:29:00,76,926,871,18,29,22.701,9810.300000000001,0.0027250833333333337
2024-05-05 18:30:00,37,4265,550,18,30,18.015,8404.5,0.0023345833333333335
2024-05-05 18:31:00,85,1325,982,18,31,25.875,10762.5,0.0029895833333333332
2024-05-05 18:32:00,94,2705,2131,18,32,55.980000000000004,19794.0,0.005498333333333333
2024-05-05 18:33:00,94,1307,1948,18,33,50.007000000000005,18002.100000000002,0.005000583333333334
2024-05-05 18:34:00,103,1436,1237,18,34,32.361000000000004,12708.300000000003,0.0035300833333333343
2024-05-05 18:35:00,118,3263,1141,18,35,31.788000000000004,12536.400000000001,0.003482333333333334
2024-05-05 18:36:00,85,2021,1261,18,36,33.546,13063.800000000001,0.0036288333333333337
2024-05-05 18:37:00,133,3548,2059,18,37,55.023,19506.9,0.005418583333333333
2024-05-05 18:38:00,121,2828,2290,18,38,60.0,21000.0,0.005833333333333334
2024-05-05 18:39:00,124,2225,1255,18,39,33.6,13080.0,0.0036333333333333335
2024-05-05 18:40:00,49,2621,709,18,40,20.346,9103.8,0.002528833333333333
2024-05-05 18:41:00,121,2264,643,18,41,18.339,8501.7,0.0023615833333333336
2024-05-05 18:42:00,121,3794,1630,18,42,44.544,16363.2,0.0045453333333333335
2024-05-05 18:43:00,103,4205,1018,18,43,29.655,11896.5,0.0033045833333333334
2024-05-05 18:44:00,67,1280,1309,18,44,34.005,13201.5,0.0036670833333333334
2024-05-05 18:45:00,91,974,550,18,45,14.724,7417.199999999999,0.002060333333333333
2024-05-05 18:46:00,31,4466,1417,18,46,39.891000000000005,14967.300000000001,0.0041575833333333334
2024-05-05 18:47:00,40,1874,2371,18,47,60.0,21000.0,0.005833333333333334
2024-05-05 18:48:00,46,1850,772,18,48,21.150000000000002,9345.0,0.0025958333333333332
2024-05-05 18:49:00,103,3275,2266,18,49,59.925000000000004,20977.5,0.005827083333333333
2024-05-05 18:50:00,19,4634,1264,18,50,36.234,13870.2,0.0038528333333333335
2024-05-05 18:51:00,97,2390,2353,18,51,60.0,21000.0,0.005833333333333334
2024-05-05 18:52:00,136,1274,2200,18,52,56.274,19882.2,0.005522833333333334
2024-05-05 18:53:00,28,2993,2080,18,53,54.993,19497.899999999998,0.005416083333333333
2024-05-05 18:54:00,82,1058,700,18,54,18.558,8567.4,0.002379833333333333
2024-05-05 18:55:00,118,1841,649,18,55,18.066000000000003,8419.800000000001,0.002338833333333334
2024-05-05 18:56:00,34,4430,2113,18,56,57.255,20176.5,0.005604583333333333
2024-05-05 18:57:00,52,2147,2170,18,57,56.397,19919.100000000002,0.005533083333333334
2024-05-05 18:58:00,136,2549,838,18,58,23.499000000000002,10049.7,0.0027915833333333334
2024-05-05 18:59:00,43,4139,1207,18,59,34.314,13294.199999999999,0.003692833333333333
2024-05-05 19:00:00,59,965,580,19,0,15.465,7639.5,0.0021220833333333335
2024-05-05 19:01:00,31,1241,968,19,1,25.441000000000003,10632.3,0.0029534166666666663
2024-05-05 19:02:00,29,801,443,19,2,11.876000000000001,6562.8,0.001823
2024-05-05 19:03:00,70,597,907,19,3,23.272000000000002,9981.6,0.0027726666666666668
2024-05-05 19:04:00,35,1232,761,19,4,20.257,9077.1,0.0025214166666666666
2024-05-05 19:05:00,38,974,1154,19,5,29.824,11947.2,0.003318666666666667
2024-05-05 19:06:00,58,2121,952,19,6,25.921,10776.300000000001,0.002993416666666667
2024-05-05 19:07:00,29,1496,457,19,7,12.921000000000001,6876.3,0.0019100833333333333
2024-05-05 19:08:00,28,1451,292,19,8,8.751000000000001,5625.3,0.0015625833333333334
2024-05-05 19:09:00,50,2381,623,19,9,17.956000000000003,8386.800000000001,0.002329666666666667
2024-05-05 19:10:00,14,1994,371,19,10,11.269,6380.700000000001,0.001772416666666667
2024-05-05 19:11:00,34,2190,632,19,11,17.990000000000002,8397.0,0.0023325
2024-05-05 19:12:00,8,2327,1037,19,12,28.252000000000002,11475.6,0.0031876666666666668
2024-05-05 19:13:00,47,1368,818,19,13,21.818,9545.4,0.0026514999999999998
2024-05-05 19:14:00,47,2066,584,19,14,16.666,7999.800000000001,0.002222166666666667
2024-05-05 19:15:00,44,966,1105,19,15,28.591,11577.300000000001,0.003215916666666667
2024-05-05 19:16:00,67,1944,899,19,16,24.419,10325.7,0.00286825
2024-05-05 19:17:00,38,1542,433,19,17,12.367,6710.1,0.0018639166666666667
2024-05-05 19:18:00,28,1551,641,19,18,17.576,8272.8,0.0022979999999999997
2024-05-05 19:19:00,37,897,374,19,19,10.247,6074.1,0.0016872500000000002
2024-05-05 19:20:00,49,1277,928,19,20,24.477000000000004,10343.1,0.0028730833333333334
2024-05-05 19:21:00,38,714,494,19,21,13.064000000000002,6919.200000000001,0.001922
2024-05-05 19:22:00,41,1893,433,19,22,12.718000000000002,6815.4,0.0018931666666666665
2024-05-05 19:23:00,23,872,500,19,23,13.372,7011.6,0.0019476666666666668
2024-05-05 19:24:00,10,968,283,19,24,8.043,5412.9,0.0015035833333333333
2024-05-05 19:25:00,37,1986,1087,19,25,29.161,11748.3,0.0032634166666666666
2024-05-05 19:26:00,43,1769,995,19,26,26.644,10993.2,0.0030536666666666668
2024-05-05 19:27:00,44,2244,962,19,27,26.294,10888.2,0.0030245000000000003
2024-05-05 19:28:00,62,1503,1096,19,28,28.903000000000002,11670.900000000001,0.0032419166666666673
2024-05-05 19:29:00,40,948,842,19,29,21.998,9599.4,0.0026665
2024-05-05 19:30:00,43,1673,283,19,30,8.748000000000001,5624.4,0.0015623333333333333
2024-05-05 19:31:00,29,2081,367,19,31,11.256,6376.799999999999,0.001771333333333333
2024-05-05 19:32:00,25,1404,781,19,32,20.929000000000002,9278.7,0.0025774166666666667
2024-05-05 19:33:00,53,1188,785,19,33,20.813,9243.9,0.0025677499999999997
2024-05-05 19:34:00,71,1172,334,19,34,9.522,5856.6,0.0016268333333333334
2024-05-05 19:35:00,53,1692,1057,19,35,28.117,11435.1,0.003176416666666667
2024-05-05 19:36:00,52,1739,1181,19,36,31.264000000000003,12379.2,0.0034386666666666667
2024-05-05 19:37:00,68,2210,676,19,37,19.110000000000003,8733.0,0.0024258333333333332
2024-05-05 19:38:00,37,1476,527,19,38,14.651,7395.300000000001,0.00205425
2024-05-05 19:39:00,19,879,925,19,39,24.004,10201.199999999999,0.002833666666666666
2024-05-05 19:40:00,73,2358,1225,19,40,32.983,12894.9,0.0035819166666666664
2024-05-05 19:41:00,52,1017,589,19,41,15.742,7722.6,0.0021451666666666667
2024-05-05 19:42:00,59,1629,944,19,42,25.229000000000003,10568.7,0.00293575
2024-05-05 19:43:00,38,759,844,19,43,21.859,9557.7,0.002654916666666667
2024-05-05 19:44:00,67,590,1217,19,44,31.015,12304.5,0.0034179166666666668
2024-05-05 19:45:00,49,1704,646,19,45,17.854000000000003,8356.2,0.0023211666666666667
2024-05-05 19:46:00,65,746,443,19,46,11.821000000000002,6546.300000000001,0.001818416666666667
2024-05-05 19:47:00,32,1194,499,19,47,13.669,7100.700000000001,0.001972416666666667
2024-05-05 19:48:00,25,1283,859,19,48,22.758000000000003,9827.400000000001,0.0027298333333333337
2024-05-05 19:49:00,34,2166,287,19,49,9.341000000000001,5802.3,0.0016117500000000001
2024-05-05 19:50:00,49,1143,446,19,50,12.293000000000001,6687.9,0.0018577499999999998
2024-05-05 19:51:00,11,1728,845,19,51,22.853,9855.9,0.0027377499999999997
2024-05-05 19:52:00,29,830,992,19,52,25.630000000000003,10689.0,0.002969166666666667
2024-05-05 19:53:00,31,1148,602,19,53,16.198,7859.4,0.0021831666666666666
2024-05-05 19:54:00,40,1080,902,19,54,23.630000000000003,10089.0,0.0028025
2024-05-05 19:55:00,53,1572,889,19,55,23.797,10139.1,0.0028164166666666667
2024-05-05 19:56:00,53,618,583,19,56,15.193000000000001,7557.9,0.0020994166666666665
2024-05-05 19:57:00,8,2030,1000,19,57,27.03,11109.0,0.0030858333333333332
2024-05-05 19:58:00,23,1521,695,19,58,18.896,8668.8,0.002408
2024-05-05 19:59:00,16,1224,296,19,59,8.624,5587.2,0.001552
2024-05-05 20:00:00,41,2409,248,20,0,8.609,5582.7,0.00155075
2024-05-05 20:01:00,20,2190,782,20,1,21.740000000000002,9522.0,0.002645
2024-05-05 20:02:00,31,1932,535,20,2,15.307,7592.1,0.002108916666666667
2024-05-05 20:03:00,64,1017,1145,20,3,29.642,11892.599999999999,0.0033034999999999996
2024-05-05 20:04:00,73,2099,703,20,4,19.674,8902.199999999999,0.002472833333333333
2024-05-05 20:05:00,35,554,1207,20,5,30.729,12218.699999999999,0.003394083333333333
2024-05-05 20:06:00,74,1445,617,20,6,16.87,8061.0,0.0022391666666666666
2024-05-05 20:07:00,26,752,464,20,7,12.352000000000002,6705.6,0.0018626666666666668
2024-05-05 20:08:00,55,879,760,20,8,19.879,8963.7,0.0024899166666666668
2024-05-05 20:09:00,61,1262,763,20,9,20.337,9101.1,0.0025280833333333336
2024-05-05 20:10:00,20,1580,623,20,10,17.155,8146.5,0.0022629166666666665
2024-05-05 20:11:00,62,1272,839,20,11,22.247,9674.1,0.00268725
2024-05-05 20:12:00,53,1742,742,20,12,20.292,9087.6,0.0025243333333333333
2024-05-05 20:13:00,53,669,508,20,13,13.369000000000002,7010.700000000001,0.001947416666666667
2024-05-05 20:14:00,35,768,433,20,14,11.593000000000002,6477.900000000001,0.0017994166666666668
2024-05-05 20:15:00,10,2190,838,20,15,23.140000000000004,9942.000000000002,0.002761666666666667
2024-05-05 20:16:00,74,735,442,20,16,11.785,6535.5,0.0018154166666666666
2024-05-05 20:17:00,55,1302,1082,20,17,28.352,11505.6,0.003196
2024-05-05 20:18:00,71,2372,1147,20,18,31.047,12314.1,0.0034205833333333336
2024-05-05 20:19:00,58,1743,851,20,19,23.018,9905.4,0.0027515
2024-05-05 20:20:00,8,2117,743,20,20,20.692,9207.6,0.002557666666666667
2024-05-05 20:21:00,38,2124,277,20,21,9.049000000000001,5714.700000000001,0.0015874166666666669
2024-05-05 20:22:00,11,1161,551,20,22,14.936,7480.8,0.002078
2024-05-05 20:23:00,47,1115,1144,20,23,29.715,11914.5,0.003309583333333333
2024-05-05 20:24:00,73,1287,775,20,24,20.662,9198.6,0.002555166666666667
2024-05-05 20:25:00,17,1152,505,20,25,13.777000000000001,7133.1,0.001981416666666667
2024-05-05 20:26:00,56,1595,529,20,26,14.820000000000002,7446.000000000001,0.0020683333333333335
2024-05-05 20:27:00,20,1187,250,20,27,7.437,5231.1,0.0014530833333333334
2024-05-05 20:28:00,52,1086,497,20,28,13.511000000000001,7053.3,0.00195925
2024-05-05 20:29:00,34,1556,796,20,29,21.456000000000003,9436.800000000001,0.0026213333333333336
2024-05-05 20:30:00,46,1085,1046,20,30,27.235000000000003,11170.500000000002,0.003102916666666667
2024-05-05 20:31:00,37,981,1111,20,31,28.756000000000004,11626.800000000003,0.0032296666666666676
2024-05-05 20:32:00,64,2159,799,20,32,22.134,9640.2,0.0026778333333333337
2024-05-05 20:33:00,68,1614,1136,20,33,30.014000000000003,12004.2,0.0033345000000000002
2024-05-05 20:34:00,53,2127,899,20,34,24.602,10380.6,0.0028835
2024-05-05 20:35:00,19,2271,556,20,35,16.171,7851.299999999999,0.0021809166666666665
2024-05-05 20:36:00,41,1454,320,20,36,9.454,5836.200000000001,0.0016211666666666668
2024-05-05 20:37:00,44,815,1058,20,37,27.265000000000004,11179.500000000002,0.0031054166666666673
2024-05-05 20:38:00,8,1047,1265,20,38,32.672,12801.599999999999,0.0035559999999999997
2024-05-05 20:39:00,34,569,439,20,39,11.544000000000002,6463.200000000001,0.0017953333333333335
2024-05-05 20:40:00,35,2103,914,20,40,24.953000000000003,10485.900000000001,0.0029127500000000004
2024-05-05 20:41:00,70,2382,1163,20,41,31.457000000000004,12437.1,0.00345475
2024-05-05 20:42:00,16,695,299,20,42,8.17,5451.0,0.0015141666666666667
2024-05-05 20:43:00,32,1988,544,20,43,15.588000000000001,7676.4,0.0021323333333333333
2024-05-05 20:44:00,74,1670,362,20,44,10.72,6216.0,0.0017266666666666667
2024-05-05 20:45:00,19,2274,799,20,45,22.249000000000002,9674.7,0.002687416666666667
2024-05-05 20:46:00,70,1053,1033,20,46,26.878000000000004,11063.400000000001,0.003073166666666667
2024-05-05 20:47:00,20,1212,769,20,47,20.437,9131.1,0.002536416666666667
2024-05-05 20:48:00,62,1740,1003,20,48,26.815,11044.5,0.0030679166666666667
2024-05-05 20:49:00,47,1467,1208,20,49,31.667,12500.1,0.00347225
2024-05-05 20:50:00,61,1515,602,20,50,16.565,7969.5,0.00221375
2024-05-05 20:51:00,16,1526,665,20,51,18.151,8445.300000000001,0.002345916666666667
2024-05-05 20:52:00,16,620,1109,20,52,28.345000000000002,11503.5,0.0031954166666666667
2024-05-05 20:53:00,74,627,893,20,53,22.952,9885.6,0.002746
2024-05-05 20:54:00,13,833,454,20,54,12.183000000000002,6654.9,0.0018485833333333332
2024-05-05 20:55:00,40,521,649,20,55,16.746000000000002,8023.8,0.0022288333333333335
2024-05-05 20:56:00,67,1727,548,20,56,15.427000000000001,7628.1,0.002118916666666667
2024-05-05 20:57:00,47,741,460,20,57,12.241,6672.299999999999,0.0018534166666666664
2024-05-05 20:58:00,62,1266,1163,20,58,30.341,12102.300000000001,0.00336175
2024-05-05 20:59:00,10,1020,1220,20,59,31.52,12456.0,0.00346
2024-05-05 21:00:00,20,1515,1265,21,0,33.14,12942.0,0.003595
2024-05-05 21:01:00,23,2168,1162,21,1,31.218,12365.4,0.003434833333333333
2024-05-05 21:02:00,37,768,779,21,2,20.243000000000002,9072.900000000001,0.0025202500000000004
2024-05-05 21:03:00,71,1610,1112,21,3,29.41,11823.0,0.0032841666666666666
2024-05-05 21:04:00,65,1485,740,21,4,19.985,8995.5,0.00249875
2024-05-05 21:05:00,28,2313,1084,21,5,29.413,11823.9,0.0032844166666666664
2024-05-05 21:06:00,46,1235,593,21,6,16.060000000000002,7818.000000000001,0.002171666666666667
2024-05-05 21:07:00,64,1880,709,21,7,19.605,8881.5,0.0024670833333333333
2024-05-05 21:08:00,52,689,1232,21,8,31.489,12446.699999999999,0.0034574166666666664
2024-05-05 21:09:00,61,1343,466,21,9,12.993,6897.9,0.0019160833333333332
2024-05-05 21:10:00,64,2310,475,21,10,14.185,7255.5,0.0020154166666666667
2024-05-05 21:11:00,59,1320,457,21,11,12.745000000000001,6823.5,0.0018954166666666666
2024-05-05 21:12:00,16,1176,1240,21,12,32.176,12652.8,0.0035146666666666664
2024-05-05 21:13:00,11,1203,278,21,13,8.153,5445.9,0.00151275
2024-05-05 21:14:00,8,1977,628,21,14,17.677,8303.1,0.0023064166666666667
2024-05-05 21:15:00,34,1602,343,21,15,10.177000000000001,6053.1,0.0016814166666666668
2024-05-05 21:16:00,41,833,574,21,16,15.183000000000002,7554.9,0.0020985833333333334
2024-05-05 21:17:00,55,728,355,21,17,9.603,5880.9,0.0016335833333333332
2024-05-05 21:18:00,50,1337,490,21,18,13.587,7076.099999999999,0.001965583333333333
2024-05-05 21:19:00,41,1023,442,21,19,12.073,6621.9,0.0018394166666666665
2024-05-05 21:20:00,61,2252,1118,21,20,30.202,12060.6,0.0033501666666666667
2024-05-05 21:21:00,16,1020,584,21,21,15.620000000000001,7686.0,0.002135
2024-05-05 21:22:00,32,770,1117,21,22,28.695,11608.5,0.003224583333333333
2024-05-05 21:23:00,34,1452,928,21,23,24.652,10395.6,0.002887666666666667
2024-05-05 21:24:00,53,2024,823,21,24,22.599000000000004,9779.7,0.0027165833333333334
2024-05-05 21:25:00,16,765,407,21,25,10.940000000000001,6282.0,0.001745
2024-05-05 21:26:00,58,2091,1178,21,26,31.541000000000004,12462.300000000003,0.003461750000000001
2024-05-05 21:27:00,73,1655,401,21,27,11.68,6504.0,0.0018066666666666667
2024-05-05 21:28:00,73,1838,458,21,28,13.288,6986.400000000001,0.0019406666666666667
2024-05-05 21:29:00,47,2037,1112,21,29,29.837,11951.1,0.0033197500000000002
2024-05-05 21:30:00,61,2021,448,21,30,13.221,6966.3,0.0019350833333333334
2024-05-05 21:31:00,70,593,545,21,31,14.218,7265.4,0.0020181666666666664
2024-05-05 21:32:00,44,540,1012,21,32,25.84,10752.0,0.0029866666666666665
2024-05-05 21:33:00,22,1055,1247,21,33,32.230000000000004,12669.000000000002,0.003519166666666667
2024-05-05 21:34:00,65,642,365,21,34,9.767,5930.1,0.00164725
2024-05-05 21:35:00,65,2337,970,21,35,26.587,10976.1,0.003048916666666667
2024-05-05 21:36:00,25,1986,1015,21,36,27.361,11208.3,0.0031134166666666667
2024-05-05 21:37:00,23,528,622,21,37,16.078,7823.4,0.0021731666666666666
2024-05-05 21:38:00,71,1599,1145,21,38,30.224,12067.199999999999,0.0033519999999999995
2024-05-05 21:39:00,11,2186,1147,21,39,30.861,12258.300000000001,0.0034050833333333337
2024-05-05 21:40:00,40,2102,971,21,40,26.377000000000002,10913.1,0.0030314166666666666
2024-05-05 21:41:00,13,596,505,21,41,13.221,6966.3,0.0019350833333333334
2024-05-05 21:42:00,19,1401,272,21,42,8.201,5460.3,0.00151675
2024-05-05 21:43:00,28,2279,688,21,43,19.479,8843.699999999999,0.002456583333333333
2024-05-05 21:44:00,37,2199,838,21,44,23.149,9944.7,0.002762416666666667
2024-05-05 21:45:00,43,1004,994,21,45,25.854000000000003,10756.2,0.0029878333333333337
2024-05-05 21:46:00,28,681,575,21,46,15.056000000000001,7516.800000000001,0.0020880000000000004
2024-05-05 21:47:00,49,1167,598,21,47,16.117,7835.1,0.0021764166666666668
2024-05-05 21:48:00,31,1413,832,21,48,22.213,9663.9,0.0026844166666666665
2024-05-05 21:49:00,55,1503,619,21,49,16.978,8093.4,0.0022481666666666665
2024-05-05 21:50:00,25,1419,325,21,50,9.544,5863.200000000001,0.001628666666666667
2024-05-05 21:51:00,31,1842,269,21,51,8.567,5570.1,0.00154725
2024-05-05 21:52:00,35,918,733,21,52,19.243,8772.9,0.0024369166666666667
2024-05-05 21:53:00,14,2097,908,21,53,24.797000000000004,10439.1,0.00289975
2024-05-05 21:54:00,25,1391,415,21,54,11.766,6529.800000000001,0.0018138333333333335
2024-05-05 21:55:00,50,1551,1291,21,55,33.826,13147.800000000001,0.003652166666666667
2024-05-05 21:56:00,14,2109,257,21,56,8.534,5560.200000000001,0.0015445000000000003
2024-05-05 21:57:00,70,812,1091,21,57,28.087000000000003,11426.1,0.003173916666666667
2024-05-05 21:58:00,32,686,614,21,58,16.036,7810.8,0.0021696666666666665
2024-05-05 21:59:00,19,1235,919,21,59,24.21,10263.0,0.0028508333333333333
2024-05-05 22:00:00,67,1937,794,22,0,21.787000000000003,9536.1,0.0026489166666666666
2024-05-05 22:01:00,67,1952,797,22,1,21.877000000000002,9563.1,0.0026564166666666667
2024-05-05 22:02:00,52,1368,1294,22,2,33.718,13115.400000000001,0.003643166666666667
2024-05-05 22:03:00,22,1662,677,22,3,18.587,8576.099999999999,0.0023822499999999994
2024-05-05 22:04:00,37,884,1153,22,4,29.709000000000003,11912.7,0.0033090833333333336
2024-05-05 22:05:00,74,2315,406,22,5,12.465,6739.5,0.0018720833333333332
2024-05-05 22:06:00,31,842,266,22,6,7.492,5247.6,0.0014576666666666668
2024-05-05 22:07:00,68,780,466,22,7,12.43,6729.0,0.0018691666666666668
2024-05-05 22:08:00,31,512,964,22,8,24.612000000000002,10383.6,0.0028843333333333334
2024-05-05 22:09:00,70,2204,1193,22,9,32.029,12608.7,0.0035024166666666667
2024-05-05 22:10:00,11,2147,1226,22,10,32.797000000000004,12839.1,0.003566416666666667
2024-05-05 22:11:00,41,1511,419,22,11,11.986,6595.8,0.0018321666666666666
2024-05-05 22:12:00,40,1250,1010,22,12,26.5,10950.0,0.0030416666666666665
2024-05-05 22:13:00,49,624,475,22,13,12.499,6749.700000000001,0.0018749166666666669
2024-05-05 22:14:00,74,570,332,22,14,8.870000000000001,5661.0,0.0015725
2024-05-05 22:15:00,61,1754,820,22,15,22.254,9676.2,0.0026878333333333337
2024-05-05 22:16:00,13,2009,482,22,16,14.059000000000001,7217.700000000001,0.002004916666666667
2024-05-05 22:17:00,64,1530,446,22,17,12.68,6804.0,0.00189
2024-05-05 22:18:00,43,1077,491,22,18,13.352,7005.599999999999,0.0019459999999999998
2024-05-05 22:19:00,35,1950,659,22,19,18.425,8527.5,0.00236875
2024-05-05 22:20:00,23,2004,1289,22,20,34.229,13268.699999999999,0.00368575
2024-05-05 22:21:00,67,824,362,22,21,9.874,5962.2,0.0016561666666666667
2024-05-05 22:22:00,67,2003,313,22,22,9.828,5948.4,0.0016523333333333331
2024-05-05 22:23:00,65,2376,1072,22,23,29.176000000000002,11752.8,0.0032646666666666666
2024-05-05 22:24:00,34,879,724,22,24,18.979000000000003,8693.7,0.0024149166666666668
2024-05-05 22:25:00,25,851,1048,22,25,27.051000000000002,11115.3,0.0030875833333333332
2024-05-05 22:26:00,28,2070,1124,22,26,30.17,12051.0,0.0033475
2024-05-05 22:27:00,34,2421,478,22,27,14.371000000000002,7311.3,0.0020309166666666665
2024-05-05 22:28:00,73,903,602,22,28,15.953000000000001,7785.9,0.0021627499999999997
2024-05-05 22:29:00,70,681,1021,22,29,26.206000000000003,10861.8,0.0030171666666666663
2024-05-05 22:30:00,25,1479,578,22,30,15.929000000000002,7778.700000000001,0.0021607500000000003
2024-05-05 22:31:00,67,2415,712,22,31,20.215,9064.5,0.0025179166666666666
2024-05-05 22:32:00,47,885,1142,22,32,29.435000000000002,11830.5,0.00328625
2024-05-05 22:33:00,16,1916,512,22,33,14.716000000000001,7414.8,0.0020596666666666667
2024-05-05 22:34:00,43,567,577,22,34,14.992,7497.6,0.0020826666666666667
2024-05-05 22:35:00,56,1788,304,22,35,9.388,5816.4,0.0016156666666666665
2024-05-05 22:36:00,74,1283,1226,22,36,31.933000000000003,12579.900000000001,0.003494416666666667
2024-05-05 22:37:00,31,1826,892,22,37,24.126,10237.8,0.002843833333333333
2024-05-05 22:38:00,25,809,551,22,38,14.584,7375.199999999999,0.0020486666666666665
2024-05-05 22:39:00,53,1614,917,22,39,24.539,10361.699999999999,0.0028782499999999997
2024-05-05 22:40:00,62,720,988,22,40,25.42,10626.0,0.0029516666666666667
2024-05-05 22:41:00,26,1152,1270,22,41,32.902,12870.6,0.0035751666666666666
2024-05-05 22:42:00,19,728,434,22,42,11.578000000000001,6473.400000000001,0.0017981666666666669
2024-05-05 22:43:00,64,2163,344,22,43,10.763,6228.9,0.0017302499999999998
2024-05-05 22:44:00,11,1032,611,22,44,16.307000000000002,7892.1,0.00219225
2024-05-05 22:45:00,37,2288,1036,22,45,28.188000000000002,11456.400000000001,0.003182333333333334
2024-05-05 22:46:00,13,2352,584,22,46,16.952,8085.6,0.002246
2024-05-05 22:47:00,73,1178,943,22,47,24.753000000000004,10425.900000000001,0.002896083333333334
2024-05-05 22:48:00,74,1656,1208,22,48,31.856,12556.8,0.0034879999999999998
2024-05-05 22:49:00,10,1436,685,22,49,18.561,8568.3,0.002380083333333333
2024-05-05 22:50:00,61,2324,817,22,50,22.749000000000002,9824.7,0.0027290833333333334
2024-05-05 22:51:00,41,1739,1181,22,51,31.264000000000003,12379.2,0.0034386666666666667
2024-05-05 22:52:00,74,1223,494,22,52,13.573000000000002,7071.9000000000015,0.0019644166666666673
2024-05-05 22:53:00,35,1292,572,22,53,15.592,7677.6,0.002132666666666667
2024-05-05 22:54:00,67,795,658,22,54,17.245,8173.5,0.0022704166666666667
2024-05-05 22:55:00,19,1050,325,22,55,9.175,5752.5,0.0015979166666666668
2024-05-05 22:56:00,31,2010,805,22,56,22.135,9640.5,0.0026779166666666666
2024-05-05 22:57:00,71,1770,1247,22,57,32.945,12883.5,0.00357875
2024-05-05 22:58:00,34,866,788,22,58,20.566000000000003,9169.800000000001,0.0025471666666666668
2024-05-05 22:59:00,61,1673,1093,22,59,28.998000000000005,11699.400000000001,0.0032498333333333337
2024-05-05 23:00:00,9,218,73,23,0,2.043,3612.9,0.0010035833333333333
2024-05-05 23:01:00,2,462,170,23,1,4.712,4413.599999999999,0.0012259999999999999
2024-05-05 23:02:00,2,148,249,23,2,6.373,4911.9,0.0013644166666666666
2024-05-05 23:03:00,13,518,230,23,3,6.268,4880.4,0.0013556666666666665
2024-05-05 23:04:00,5,319,95,23,4,2.694,3808.2,0.0010578333333333334
2024-05-05 23:05:00,7,525,81,23,5,2.55,3765.0,0.0010458333333333333
2024-05-05 23:06:00,7,288,160,23,6,4.288,4286.400000000001,0.001190666666666667
2024-05-05 23:07:00,7,469,149,23,7,4.194,4258.2,0.0011828333333333333
2024-05-05 23:08:00,9,403,110,23,8,3.153,3945.8999999999996,0.0010960833333333332
2024-05-05 23:09:00,12,302,71,23,9,2.077,3623.1,0.0010064166666666667
2024-05-05 23:10:00,3,389,141,23,10,3.9140000000000006,4174.2,0.0011595
2024-05-05 23:11:00,12,472,117,23,11,3.3970000000000002,4019.1000000000004,0.0011164166666666668
2024-05-05 23:12:00,6,391,275,23,12,7.266,5179.8,0.0014388333333333334
2024-05-05 23:13:00,2,322,223,23,13,5.897,4769.1,0.0013247500000000002
2024-05-05 23:14:00,11,261,188,23,14,4.961,4488.3,0.00124675
2024-05-05 23:15:00,4,267,115,23,15,3.142,3942.5999999999995,0.0010951666666666666
2024-05-05 23:16:00,5,341,94,23,16,2.6910000000000003,3807.3,0.0010575833333333333
2024-05-05 23:17:00,9,186,72,23,17,1.986,3595.8,0.0009988333333333333
2024-05-05 23:18:00,3,143,110,23,18,2.893,3867.8999999999996,0.0010744166666666667
2024-05-05 23:19:00,6,250,115,23,19,3.125,3937.5,0.00109375
2024-05-05 23:20:00,14,206,190,23,20,4.956,4486.8,0.0012463333333333335
2024-05-05 23:21:00,13,465,136,23,21,3.865,4159.5,0.0011554166666666666
2024-05-05 23:22:00,14,517,241,23,22,6.542000000000001,4962.6,0.0013785000000000002
2024-05-05 23:23:00,2,290,124,23,23,3.39,4017.0,0.0011158333333333333
2024-05-05 23:24:00,7,318,127,23,24,3.4930000000000003,4047.9,0.0011244166666666668
2024-05-05 23:25:00,10,203,233,23,25,6.0280000000000005,4808.4,0.0013356666666666666
2024-05-05 23:26:00,8,432,187,23,26,5.107,4532.1,0.0012589166666666669
2024-05-05 23:27:00,4,508,266,23,27,7.158,5147.4,0.0014298333333333333
2024-05-05 23:28:00,13,388,246,23,28,6.538,4961.400000000001,0.0013781666666666669
2024-05-05 23:29:00,10,354,109,23,29,3.079,3923.7000000000003,0.0010899166666666668
2024-05-05 23:30:00,13,508,160,23,30,4.508,4352.4,0.001209
2024-05-05 23:31:00,3,303,230,23,31,6.053,4815.900000000001,0.0013377500000000002
2024-05-05 23:32:00,12,455,71,23,32,2.23,3669.0,0.0010191666666666667
2024-05-05 23:33:00,8,339,119,23,33,3.314,3994.2000000000003,0.0011095
2024-05-05 23:34:00,4,398,155,23,34,4.273,4281.900000000001,0.0011894166666666667
2024-05-05 23:35:00,12,222,118,23,35,3.172,3951.6000000000004,0.0010976666666666667
2024-05-05 23:36:00,10,459,171,23,36,4.734,4420.2,0.0012278333333333334
2024-05-05 23:37:00,9,386,216,23,37,5.7860000000000005,4735.8,0.0013155
2024-05-05 23:38:00,3,298,112,23,38,3.0980000000000003,3929.4,0.0010915
2024-05-05 23:39:00,2,464,191,23,39,5.239000000000001,4571.7,0.0012699166666666666
2024-05-05 23:40:00,6,412,243,23,40,6.487,4946.1,0.0013739166666666667
2024-05-05 23:41:00,5,480,273,23,41,7.305,5191.5,0.0014420833333333334
2024-05-05 23:42:00,12,388,204,23,42,5.488,4646.4,0.0012906666666666665
2024-05-05 23:43:00,13,419,158,23,43,4.369,4310.7,0.0011974166666666665
2024-05-05 23:44:00,5,335,82,23,44,2.3850000000000002,3715.5,0.0010320833333333334
2024-05-05 23:45:00,15,478,74,23,45,2.3280000000000003,3698.4,0.0010273333333333334
2024-05-05 23:46:00,5,158,240,23,46,6.158,4847.4,0.0013464999999999998
2024-05-05 23:47:00,4,140,175,23,47,4.515,4354.5,0.0012095833333333333
2024-05-05 23:48:00,3,327,146,23,48,3.9770000000000003,4193.099999999999,0.0011647499999999998
2024-05-05 23:49:00,9,231,105,23,49,2.856,3856.7999999999997,0.0010713333333333332
2024-05-05 23:50:00,12,305,137,23,50,3.7300000000000004,4119.0,0.0011441666666666666
2024-05-05 23:51:00,11,382,257,23,51,6.807,5042.1,0.0014005833333333335
2024-05-05 23:52:00,7,288,102,23,52,2.838,3851.4,0.0010698333333333334
2024-05-05 23:53:00,3,465,244,23,53,6.565,4969.5,0.0013804166666666667
2024-05-05 23:54:00,10,441,141,23,54,3.966,4189.8,0.0011638333333333333
2024-05-05 23:55:00,15,198,184,23,55,4.798000000000001,4439.400000000001,0.001233166666666667
2024-05-05 23:56:00,6,334,184,23,56,4.934,4480.200000000001,0.0012445000000000002
2024-05-05 23:57:00,5,376,165,23,57,4.501,4350.3,0.0012084166666666667
2024-05-05 23:58:00,8,257,132,23,58,3.5570000000000004,4067.1000000000004,0.0011297500000000001
2024-05-05 23:59:00,7,470,177,23,59,4.895,4468.5,0.00124125
2024-05-06 00:00:00,15,296,93,0,0,2.621,3786.2999999999997,0.00105175
2024-05-06 00:01:00,2,502,91,0,1,2.777,3833.1000000000004,0.0010647500000000002
2024-05-06 00:02:00,9,308,224,0,2,5.908,4772.4,0.0013256666666666666
2024-05-06 00:03:00,10,501,217,0,3,5.926000000000001,4777.8,0.0013271666666666668
2024-05-06 00:04:00,15,363,210,0,4,5.6129999999999995,4683.9,0.0013010833333333331
2024-05-06 00:05:00,4,173,178,0,5,4.623,4386.9,0.0012185833333333332
2024-05-06 00:06:00,4,323,147,0,6,3.998,4199.4,0.0011665
2024-05-06 00:07:00,10,358,146,0,7,4.008,4202.4,0.0011673333333333332
2024-05-06 00:08:00,15,169,101,0,8,2.6940000000000004,3808.2,0.0010578333333333334
2024-05-06 00:09:00,7,284,159,0,9,4.259,4277.700000000001,0.0011882500000000003
2024-05-06 00:10:00,4,152,127,0,10,3.3270000000000004,3998.1000000000004,0.0011105833333333334
2024-05-06 00:11:00,4,380,135,0,11,3.755,4126.5,0.00114625
2024-05-06 00:12:00,15,502,123,0,12,3.577,4073.1000000000004,0.0011314166666666669
2024-05-06 00:13:00,8,426,78,0,13,2.3760000000000003,3712.8,0.0010313333333333333
2024-05-06 00:14:00,5,420,249,0,14,6.6450000000000005,4993.5,0.0013870833333333333
2024-05-06 00:15:00,4,386,97,0,15,2.8110000000000004,3843.3,0.0010675833333333334
2024-05-06 00:16:00,5,270,168,0,16,4.470000000000001,4341.0,0.0012058333333333333
2024-05-06 00:17:00,12,295,147,0,17,3.97,4191.0,0.0011641666666666666
2024-05-06 00:18:00,11,288,260,0,18,6.788,5036.400000000001,0.001399
2024-05-06 00:19:00,12,296,171,0,19,4.571000000000001,4371.3,0.00121425
2024-05-06 00:20:00,7,143,228,0,20,5.843,4752.9,0.0013202499999999998
2024-05-06 00:21:00,12,209,202,0,21,5.259,4577.700000000001,0.0012715833333333335
2024-05-06 00:22:00,7,498,94,0,22,2.848,3854.3999999999996,0.0010706666666666666
2024-05-06 00:23:00,9,405,87,0,23,2.58,3774.0,0.0010483333333333334
2024-05-06 00:24:00,10,517,182,0,24,5.067,4520.1,0.0012555833333333334
2024-05-06 00:25:00,15,360,203,0,25,5.4350000000000005,4630.5,0.00128625
2024-05-06 00:26:00,15,344,240,0,26,6.344,4903.2,0.001362
2024-05-06 00:27:00,14,171,254,0,27,6.521000000000001,4956.3,0.0013767500000000002
2024-05-06 00:28:00,13,254,147,0,28,3.9290000000000003,4178.7,0.0011607499999999999
2024-05-06 00:29:00,4,253,253,0,29,6.578,4973.4,0.0013815
2024-05-06 00:30:00,11,459,169,0,30,4.684,4405.200000000001,0.001223666666666667
2024-05-06 00:31:00,6,423,261,0,31,6.948,5084.4,0.0014123333333333331
2024-05-06 00:32:00,14,467,91,0,32,2.742,3822.6000000000004,0.0010618333333333335
2024-05-06 00:33:00,7,224,175,0,33,4.599,4379.7,0.0012165833333333332
2024-05-06 00:34:00,2,430,72,0,34,2.23,3669.0,0.0010191666666666667
2024-05-06 00:35:00,11,189,108,0,35,2.8890000000000002,3866.7,0.0010740833333333334
2024-05-06 00:36:00,14,499,157,0,36,4.424,4327.200000000001,0.0012020000000000002
2024-05-06 00:37:00,7,419,184,0,37,5.019,4505.700000000001,0.0012515833333333335
2024-05-06 00:38:00,5,229,91,0,38,2.504,3751.2000000000003,0.0010420000000000002
2024-05-06 00:39:00,6,447,190,0,39,5.197,4559.099999999999,0.0012664166666666666
2024-05-06 00:40:00,9,213,139,0,40,3.688,4106.4,0.0011406666666666666
2024-05-06 00:41:00,4,139,83,0,41,2.2140000000000004,3664.2000000000003,0.0010178333333333335
2024-05-06 00:42:00,6,152,180,0,42,4.652,4395.6,0.001221
2024-05-06 00:43:00,10,184,177,0,43,4.609,4382.7,0.0012174166666666666
2024-05-06 00:44:00,11,188,128,0,44,3.3880000000000003,4016.4,0.0011156666666666667
2024-05-06 00:45:00,9,436,210,0,45,5.686,4705.799999999999,0.0013071666666666665
2024-05-06 00:46:00,9,428,179,0,46,4.9030000000000005,4470.9,0.0012419166666666666
2024-05-06 00:47:00,4,269,159,0,47,4.244,4273.2,0.001187
2024-05-06 00:48:00,10,217,177,0,48,4.6419999999999995,4392.6,0.0012201666666666667
2024-05-06 00:49:00,12,282,252,0,49,6.582000000000001,4974.6,0.0013818333333333334
2024-05-06 00:50:00,6,333,240,0,50,6.333,4899.9,0.0013610833333333333
2024-05-06 00:51:00,10,442,80,0,51,2.442,3732.6000000000004,0.0010368333333333334
2024-05-06 00:52:00,10,434,223,0,52,6.009,4802.700000000001,0.0013340833333333336
2024-05-06 00:53:00,12,488,220,0,53,5.9879999999999995,4796.4,0.0013323333333333332
2024-05-06 00:54:00,12,153,112,0,54,2.9530000000000003,3885.9,0.0010794166666666667
2024-05-06 00:55:00,8,296,158,0,55,4.246,4273.8,0.0011871666666666667
2024-05-06 00:56:00,13,466,153,0,56,4.291,4287.3,0.0011909166666666667
2024-05-06 00:57:00,5,147,241,0,57,6.172000000000001,4851.6,0.0013476666666666667
2024-05-06 00:58:00,11,264,101,0,58,2.7890000000000006,3836.7,0.0010657499999999999
2024-05-06 00:59:00,6,309,100,0,59,2.809,3842.7000000000003,0.0010674166666666668
2024-05-06 01:00:00,5,226,119,1,0,3.201,3960.3,0.0011000833333333333
2024-05-06 01:01:00,9,316,155,1,1,4.191,4257.299999999999,0.0011825833333333332
2024-05-06 01:02:00,13,464,217,1,2,5.889000000000001,4766.700000000001,0.0013240833333333336
2024-05-06 01:03:00,5,240,132,1,3,3.54,4062.0,0.0011283333333333334
2024-05-06 01:04:00,7,189,117,1,4,3.1140000000000003,3934.2000000000003,0.0010928333333333335
2024-05-06 01:05:00,2,156,160,1,5,4.156,4246.8,0.0011796666666666668
2024-05-06 01:06:00,7,221,129,1,6,3.446,4033.8,0.0011205
2024-05-06 01:07:00,13,336,141,1,7,3.861,4158.3,0.0011550833333333335
2024-05-06 01:08:00,7,189,104,1,8,2.789,3836.7,0.0010657499999999999
2024-05-06 01:09:00,9,262,252,1,9,6.562000000000001,4968.6,0.0013801666666666667
2024-05-06 01:10:00,14,400,129,1,10,3.625,4087.5,0.0011354166666666667
2024-05-06 01:11:00,14,156,247,1,11,6.331,4899.3,0.0013609166666666667
2024-05-06 01:12:00,6,437,92,1,12,2.737,3821.1000000000004,0.0010614166666666667
2024-05-06 01:13:00,4,247,216,1,13,5.647,4694.1,0.0013039166666666668
2024-05-06 01:14:00,10,148,87,1,14,2.3230000000000004,3696.9,0.0010269166666666666
2024-05-06 01:15:00,6,373,159,1,15,4.348,4304.4,0.0011956666666666665
2024-05-06 01:16:00,11,310,167,1,16,4.484999999999999,4345.5,0.0012070833333333332
2024-05-06 01:17:00,14,362,249,1,17,6.587000000000001,4976.1,0.00138225
2024-05-06 01:18:00,4,485,138,1,18,3.935,4180.5,0.00116125
2024-05-06 01:19:00,7,329,107,1,19,3.0040000000000004,3901.2000000000003,0.0010836666666666668
2024-05-06 01:20:00,5,500,139,1,20,3.975,4192.5,0.0011645833333333332
2024-05-06 01:21:00,2,451,194,1,21,5.301,4590.3,0.0012750833333333334
2024-05-06 01:22:00,10,274,81,1,22,2.299,3689.7000000000003,0.0010249166666666668
2024-05-06 01:23:00,8,297,256,1,23,6.697,5009.099999999999,0.0013914166666666665
2024-05-06 01:24:00,4,165,265,1,24,6.79,5037.0,0.0013991666666666666
2024-05-06 01:25:00,10,284,226,1,25,5.934,4780.200000000001,0.0013278333333333336
2024-05-06 01:26:00,5,187,93,1,26,2.512,3753.6000000000004,0.0010426666666666668
2024-05-06 01:27:00,7,204,133,1,27,3.5290000000000004,4058.7,0.0011274166666666665
2024-05-06 01:28:00,6,396,151,1,28,4.171,4251.3,0.0011809166666666667
2024-05-06 01:29:00,5,446,188,1,29,5.146,4543.799999999999,0.0012621666666666664
2024-05-06 01:30:00,13,457,87,1,30,2.632,3789.6000000000004,0.0010526666666666668
2024-05-06 01:31:00,8,385,139,1,31,3.8600000000000003,4158.0,0.001155
2024-05-06 01:32:00,10,277,79,1,32,2.2520000000000002,3675.6000000000004,0.0010210000000000002
2024-05-06 01:33:00,11,406,96,1,33,2.8060000000000005,3841.8,0.0010671666666666668
2024-05-06 01:34:00,5,351,155,1,34,4.226,4267.799999999999,0.0011854999999999997
2024-05-06 01:35:00,7,196,198,1,35,5.146,4543.799999999999,0.0012621666666666664
2024-05-06 01:36:00,7,463,236,1,36,6.363,4908.9,0.0013635833333333332
2024-05-06 01:37:00,14,493,153,1,37,4.3180000000000005,4295.4,0.0011931666666666666
2024-05-06 01:38:00,8,176,124,1,38,3.2760000000000002,3982.8,0.0011063333333333333
2024-05-06 01:39:00,14,290,255,1,39,6.665,4999.5,0.00138875
2024-05-06 01:40:00,13,213,206,1,40,5.363,4608.9,0.00128025
2024-05-06 01:41:00,11,430,98,1,41,2.8800000000000003,3864.0,0.0010733333333333333
2024-05-06 01:42:00,7,280,181,1,42,4.805000000000001,4441.5,0.00123375
2024-05-06 01:43:00,3,457,203,1,43,5.532,4659.6,0.0012943333333333335
2024-05-06 01:44:00,11,145,102,1,44,2.6950000000000003,3808.5,0.0010579166666666666
2024-05-06 01:45:00,2,447,89,1,45,2.672,3801.6000000000004,0.001056
2024-05-06 01:46:00,6,474,156,1,46,4.3740000000000006,4312.2,0.0011978333333333333
2024-05-06 01:47:00,3,445,99,1,47,2.92,3876.0,0.0010766666666666667
2024-05-06 01:48:00,5,366,261,1,48,6.891,5067.3,0.0014075833333333334
2024-05-06 01:49:00,10,238,214,1,49,5.588000000000001,4676.400000000001,0.0012990000000000002
2024-05-06 01:50:00,10,398,123,1,50,3.4730000000000003,4041.9,0.00112275
2024-05-06 01:51:00,13,164,95,1,51,2.539,3761.7,0.0010449166666666666
2024-05-06 01:52:00,12,138,197,1,52,5.063000000000001,4518.9,0.0012552499999999999
2024-05-06 01:53:00,2,332,132,1,53,3.632,4089.6000000000004,0.001136
2024-05-06 01:54:00,8,433,115,1,54,3.308,3992.3999999999996,0.001109
2024-05-06 01:55:00,8,457,70,1,55,2.207,3662.1,0.00101725
2024-05-06 01:56:00,13,266,116,1,56,3.1660000000000004,3949.8,0.0010971666666666666
2024-05-06 01:57:00,10,395,169,1,57,4.620000000000001,4386.0,0.0012183333333333334
2024-05-06 01:58:00,15,464,122,1,58,3.5140000000000002,4054.2,0.0011261666666666666
2024-05-06 01:59:00,6,245,143,1,59,3.8200000000000003,4146.0,0.0011516666666666667
2024-05-06 02:00:00,10,313,73,2,0,2.1380000000000003,3641.4,0.0010115
2024-05-06 02:01:00,12,327,167,2,1,4.502,4350.6,0.0012085000000000002
2024-05-06 02:02:00,4,179,81,2,2,2.2039999999999997,3661.2,0.001017
2024-05-06 02:03:00,11,230,198,2,3,5.180000000000001,4554.0,0.001265
2024-05-06 02:04:00,10,208,167,2,4,4.383,4314.9,0.0011985833333333332
2024-05-06 02:05:00,5,158,112,2,5,2.958,3887.3999999999996,0.0010798333333333333
2024-05-06 02:06:00,9,347,86,2,6,2.497,3749.1,0.0010414166666666666
2024-05-06 02:07:00,14,470,227,2,7,6.1450000000000005,4843.5,0.0013454166666666666
2024-05-06 02:08:00,11,487,154,2,8,4.337,4301.099999999999,0.0011947499999999998
2024-05-06 02:09:00,5,337,162,2,9,4.387,4316.1,0.0011989166666666667
2024-05-06 02:10:00,12,156,255,2,10,6.531,4959.3,0.0013775833333333333
2024-05-06 02:11:00,4,497,101,2,11,3.0220000000000002,3906.6000000000004,0.0010851666666666668
2024-05-06 02:12:00,4,310,180,2,12,4.81,4443.0,0.0012341666666666666
2024-05-06 02:13:00,4,152,248,2,13,6.352,4905.6,0.0013626666666666668
2024-05-06 02:14:00,11,379,226,2,14,6.029,4808.700000000001,0.0013357500000000001
2024-05-06 02:15:00,7,224,94,2,15,2.5740000000000003,3772.2000000000003,0.0010478333333333333
2024-05-06 02:16:00,7,163,99,2,16,2.638,3791.3999999999996,0.0010531666666666667
2024-05-06 02:17:00,13,379,187,2,17,5.054,4516.2,0.0012545
2024-05-06 02:18:00,9,401,217,2,18,5.8260000000000005,4747.8,0.0013188333333333333
2024-05-06 02:19:00,3,206,67,2,19,1.881,3564.2999999999997,0.0009900833333333333
2024-05-06 02:20:00,10,293,126,2,20,3.4430000000000005,4032.9,0.00112025
2024-05-06 02:21:00,9,166,228,2,21,5.8660000000000005,4759.8,0.0013221666666666668
2024-05-06 02:22:00,9,409,245,2,22,6.534,4960.200000000001,0.0013778333333333336
2024-05-06 02:23:00,12,412,160,2,23,4.412,4323.6,0.001201
2024-05-06 02:24:00,6,263,73,2,24,2.088,3626.4,0.0010073333333333334
2024-05-06 02:25:00,3,331,169,2,25,4.556000000000001,4366.800000000001,0.0012130000000000003
2024-05-06 02:26:00,6,381,207,2,26,5.556000000000001,4666.800000000001,0.0012963333333333336
2024-05-06 02:27:00,7,444,116,2,27,3.3440000000000003,4003.2,0.001112
2024-05-06 02:28:00,8,433,186,2,28,5.083,4524.9,0.0012569166666666666
2024-05-06 02:29:00,6,278,189,2,29,5.003,4500.9,0.0012502499999999998
2024-05-06 02:30:00,9,359,219,2,30,5.8340000000000005,4750.2,0.0013195
2024-05-06 02:31:00,4,445,209,2,31,5.670000000000001,4701.0,0.0013058333333333333
2024-05-06 02:32:00,2,200,167,2,32,4.375,4312.5,0.0011979166666666666
2024-05-06 02:33:00,14,391,142,2,33,3.9410000000000003,4182.3,0.00116175
2024-05-06 02:34:00,6,288,116,2,34,3.1880000000000006,3956.4,0.001099
2024-05-06 02:35:00,11,314,140,2,35,3.814,4144.200000000001,0.0011511666666666669
2024-05-06 02:36:00,8,199,118,2,36,3.149,3944.7000000000003,0.0010957500000000002
2024-05-06 02:37:00,12,425,212,2,37,5.7250000000000005,4717.5,0.0013104166666666668
2024-05-06 02:38:00,6,294,144,2,38,3.894,4168.200000000001,0.0011578333333333336
2024-05-06 02:39:00,12,284,121,2,39,3.309,3992.7000000000003,0.0011090833333333334
2024-05-06 02:40:00,12,166,163,2,40,4.2410000000000005,4272.3,0.00118675
2024-05-06 02:41:00,4,190,182,2,41,4.74,4422.0,0.0012283333333333332
2024-05-06 02:42:00,7,424,151,2,42,4.199000000000001,4259.700000000001,0.0011832500000000003
2024-05-06 02:43:00,8,311,84,2,43,2.411,3723.2999999999997,0.00103425
2024-05-06 02:44:00,7,264,146,2,44,3.9140000000000006,4174.2,0.0011595
2024-05-06 02:45:00,2,325,72,2,45,2.125,3637.5,0.0010104166666666666
2024-05-06 02:46:00,10,203,84,2,46,2.303,3690.9000000000005,0.0010252500000000001
2024-05-06 02:47:00,7,382,157,2,47,4.307,4292.1,0.0011922500000000002
2024-05-06 02:48:00,2,240,71,2,48,2.015,3604.5,0.00100125
2024-05-06 02:49:00,4,151,188,2,49,4.851,4455.299999999999,0.0012375833333333332
2024-05-06 02:50:00,5,275,105,2,50,2.9,3870.0,0.001075
2024-05-06 02:51:00,12,251,151,2,51,4.026000000000001,4207.8,0.0011688333333333334
2024-05-06 02:52:00,12,292,188,2,52,4.992,4497.6,0.0012493333333333334
2024-05-06 02:53:00,10,452,202,2,53,5.502000000000001,4650.6,0.0012918333333333334
2024-05-06 02:54:00,10,336,183,2,54,4.9110000000000005,4473.3,0.0012425833333333334
2024-05-06 02:55:00,8,318,196,2,55,5.218,4565.4,0.0012681666666666666
2024-05-06 02:56:00,10,218,133,2,56,3.543,4062.8999999999996,0.0011285833333333332
2024-05-06 02:57:00,4,262,189,2,57,4.987,4496.1,0.0012489166666666668
2024-05-06 02:58:00,9,354,162,2,58,4.404,4321.2,0.0012003333333333332
2024-05-06 02:59:00,12,180,229,2,59,5.905,4771.5,0.0013254166666666666
2024-05-06 03:00:00,9,290,110,3,0,3.04,3912.0,0.0010866666666666668
2024-05-06 03:01:00,9,142,104,3,1,2.742,3822.6000000000004,0.0010618333333333335
2024-05-06 03:02:00,14,146,200,3,2,5.146,4543.799999999999,0.0012621666666666664
2024-05-06 03:03:00,5,169,226,3,3,5.819,4745.7,0.00131825
2024-05-06 03:04:00,6,229,210,3,4,5.479,4643.700000000001,0.0012899166666666669
2024-05-06 03:05:00,13,398,173,3,5,4.723,4416.9,0.0012269166666666665
2024-05-06 03:06:00,3,149,175,3,6,4.524,4357.200000000001,0.0012103333333333334
2024-05-06 03:07:00,8,439,80,3,7,2.439,3731.7000000000003,0.0010365833333333334
2024-05-06 03:08:00,11,353,146,3,8,4.003,4200.9,0.0011669166666666666
2024-05-06 03:09:00,5,341,181,3,9,4.8660000000000005,4459.8,0.0012388333333333333
2024-05-06 03:10:00,5,317,69,3,10,2.0420000000000003,3612.6000000000004,0.0010035
2024-05-06 03:11:00,4,453,157,3,11,4.378,4313.4,0.0011981666666666666
2024-05-06 03:12:00,6,402,70,3,12,2.152,3645.6000000000004,0.0010126666666666667
2024-05-06 03:13:00,14,210,74,3,13,2.06,3618.0,0.001005
2024-05-06 03:14:00,12,428,171,3,14,4.703,4410.9,0.00122525
2024-05-06 03:15:00,3,371,145,3,15,3.996,4198.799999999999,0.001166333333333333
2024-05-06 03:16:00,7,240,133,3,16,3.5650000000000004,4069.5,0.0011304166666666667
2024-05-06 03:17:00,5,140,202,3,17,5.19,4557.0,0.0012658333333333334
2024-05-06 03:18:00,4,217,92,3,18,2.5170000000000003,3755.1,0.0010430833333333334
2024-05-06 03:19:00,11,167,157,3,19,4.0920000000000005,4227.6,0.0011743333333333334
2024-05-06 03:20:00,9,461,76,3,20,2.361,3708.3,0.0010300833333333334
2024-05-06 03:21:00,5,350,76,3,21,2.25,3675.0,0.0010208333333333332
2024-05-06 03:22:00,5,183,146,3,22,3.833,4149.9,0.00115275
2024-05-06 03:23:00,4,320,114,3,23,3.17,3951.0,0.0010975
2024-05-06 03:24:00,13,349,229,3,24,6.074000000000001,4822.200000000001,0.0013395000000000002
2024-05-06 03:25:00,9,324,191,3,25,5.099,4529.7,0.00125825
2024-05-06 03:26:00,5,253,141,3,26,3.7780000000000005,4133.4,0.0011481666666666665
2024-05-06 03:27:00,7,272,110,3,27,3.0220000000000002,3906.6000000000004,0.0010851666666666668
2024-05-06 03:28:00,5,395,187,3,28,5.07,4521.0,0.0012558333333333334
2024-05-06 03:29:00,9,308,92,3,29,2.608,3782.4000000000005,0.0010506666666666668
2024-05-06 03:30:00,9,291,148,3,30,3.991,4197.3,0.0011659166666666667
2024-05-06 03:31:00,10,159,136,3,31,3.559,4067.7000000000003,0.0011299166666666667
2024-05-06 03:32:00,10,296,144,3,32,3.896,4168.799999999999,0.0011579999999999997
2024-05-06 03:33:00,8,384,132,3,33,3.684,4105.200000000001,0.0011403333333333335
2024-05-06 03:34:00,4,280,131,3,34,3.5550000000000006,4066.5,0.0011295833333333334
2024-05-06 03:35:00,8,206,132,3,35,3.5060000000000002,4051.8,0.0011255
2024-05-06 03:36:00,13,263,98,3,36,2.713,3813.9,0.0010594166666666666
2024-05-06 03:37:00,7,200,152,3,37,4.0,4200.0,0.0011666666666666668
2024-05-06 03:38:00,12,233,246,3,38,6.383,4914.9,0.00136525
2024-05-06 03:39:00,10,368,198,3,39,5.3180000000000005,4595.4,0.0012764999999999999
2024-05-06 03:40:00,12,275,247,3,40,6.450000000000001,4935.0,0.0013708333333333333
2024-05-06 03:41:00,6,472,83,3,41,2.547,3764.1000000000004,0.0010455833333333335
2024-05-06 03:42:00,10,350,81,3,42,2.375,3712.5,0.00103125
2024-05-06 03:43:00,10,364,197,3,43,5.289000000000001,4586.7,0.0012740833333333332
2024-05-06 03:44:00,11,432,164,3,44,4.532000000000001,4359.6,0.001211
2024-05-06 03:45:00,4,474,136,3,45,3.8740000000000006,4162.2,0.0011561666666666667
2024-05-06 03:46:00,11,206,237,3,46,6.131000000000001,4839.3,0.00134425
2024-05-06 03:47:00,3,473,127,3,47,3.648,4094.3999999999996,0.0011373333333333333
2024-05-06 03:48:00,11,335,123,3,48,3.41,4023.0,0.0011175
2024-05-06 03:49:00,5,353,204,3,49,5.453,4635.9,0.0012877499999999998
2024-05-06 03:50:00,4,320,181,3,50,4.845000000000001,4453.5,0.0012370833333333333
2024-05-06 03:51:00,7,218,236,3,51,6.118,4835.4,0.0013431666666666666
2024-05-06 03:52:00,8,187,172,3,52,4.487,4346.1,0.0012072500000000002
2024-05-06 03:53:00,13,322,223,3,53,5.897,4769.1,0.0013247500000000002
2024-05-06 03:54:00,9,373,220,3,54,5.873,4761.9,0.00132275
2024-05-06 03:55:00,6,276,235,3,55,6.151,4845.3,0.0013459166666666667
2024-05-06 03:56:00,9,138,188,3,56,4.838,4451.4,0.0012365
2024-05-06 03:57:00,12,138,94,3,57,2.488,3746.3999999999996,0.0010406666666666665
2024-05-06 03:58:00,12,314,157,3,58,4.239,4271.7,0.0011865833333333333
2024-05-06 03:59:00,8,420,89,3,59,2.645,3793.5,0.00105375
2024-05-06 04:00:00,11,309,173,4,0,4.634,4390.200000000001,0.0012195
2024-05-06 04:01:00,3,239,84,4,1,2.339,3701.7000000000003,0.00102825
2024-05-06 04:02:00,4,175,243,4,2,6.25,4875.0,0.0013541666666666667
2024-05-06 04:03:00,8,175,207,4,3,5.3500000000000005,4605.0,0.0012791666666666667
2024-05-06 04:04:00,8,191,142,4,4,3.741,4122.3,0.0011450833333333335
2024-05-06 04:05:00,2,226,232,4,5,6.026000000000001,4807.8,0.0013355
2024-05-06 04:06:00,7,268,139,4,6,3.7430000000000003,4122.9,0.00114525
2024-05-06 04:07:00,3,336,196,4,7,5.236000000000001,4570.8,0.0012696666666666668
2024-05-06 04:08:00,9,266,116,4,8,3.1660000000000004,3949.8,0.0010971666666666666
2024-05-06 04:09:00,5,414,73,4,9,2.2390000000000003,3671.7000000000003,0.0010199166666666668
2024-05-06 04:10:00,10,158,232,4,10,5.958000000000001,4787.4,0.0013298333333333333
2024-05-06 04:11:00,3,320,153,4,11,4.1450000000000005,4243.5,0.00117875
2024-05-06 04:12:00,13,380,235,4,12,6.255,4876.5,0.0013545833333333333
2024-05-06 04:13:00,4,165,151,4,13,3.9400000000000004,4182.0,0.0011616666666666668
2024-05-06 04:14:00,12,268,102,4,14,2.8180000000000005,3845.4,0.0010681666666666667
2024-05-06 04:15:00,10,382,170,4,15,4.632,4389.6,0.0012193333333333333
2024-05-06 04:16:00,3,200,76,4,16,2.1,3630.0,0.0010083333333333333
2024-05-06 04:17:00,2,303,73,4,17,2.128,3638.4,0.0010106666666666667
2024-05-06 04:18:00,8,334,72,4,18,2.134,3640.2000000000003,0.0010111666666666667
2024-05-06 04:19:00,10,135,173,4,19,4.46,4338.0,0.001205
2024-05-06 04:20:00,6,161,191,4,20,4.936,4480.799999999999,0.0012446666666666665
2024-05-06 04:21:00,9,335,106,4,21,2.9850000000000003,3895.5,0.0010820833333333333
2024-05-06 04:22:00,13,429,118,4,22,3.379,4013.7000000000003,0.0011149166666666668
2024-05-06 04:23:00,3,271,69,4,23,1.996,3598.7999999999997,0.0009996666666666665
2024-05-06 04:24:00,4,368,91,4,24,2.643,3792.8999999999996,0.0010535833333333332
2024-05-06 04:25:00,8,323,213,4,25,5.648000000000001,4694.4,0.0013039999999999998
2024-05-06 04:26:00,4,238,226,4,26,5.888000000000001,4766.4,0.0013239999999999999
2024-05-06 04:27:00,10,295,231,4,27,6.07,4821.0,0.0013391666666666667
2024-05-06 04:28:00,12,272,236,4,28,6.172000000000001,4851.6,0.0013476666666666667
2024-05-06 04:29:00,3,143,124,4,29,3.2430000000000003,3972.9,0.0011035833333333334
2024-05-06 04:30:00,5,302,232,4,30,6.102,4830.6,0.0013418333333333333
2024-05-06 04:31:00,10,157,172,4,31,4.457,4337.1,0.00120475
2024-05-06 04:32:00,4,445,203,4,32,5.5200000000000005,4656.0,0.0012933333333333334
2024-05-06 04:33:00,11,297,125,4,33,3.422,4026.6000000000004,0.0011185000000000001
2024-05-06 04:34:00,13,407,149,4,34,4.132,4239.6,0.0011776666666666667
2024-05-06 04:35:00,11,380,102,4,35,2.93,3879.0,0.0010775
2024-05-06 04:36:00,13,343,222,4,36,5.893000000000001,4767.9,0.0013244166666666667
2024-05-06 04:37:00,7,242,168,4,37,4.442,4332.6,0.0012035000000000001
2024-05-06 04:38:00,2,435,69,4,38,2.16,3648.0,0.0010133333333333333
2024-05-06 04:39:00,3,147,121,4,39,3.172,3951.6000000000004,0.0010976666666666667
2024-05-06 04:40:00,11,167,229,4,40,5.892,4767.6,0.0013243333333333334
2024-05-06 04:41:00,4,449,229,4,41,6.174,4852.200000000001,0.0013478333333333335
2024-05-06 04:42:00,8,324,130,4,42,3.574,4072.2,0.0011311666666666666
2024-05-06 04:43:00,9,412,234,4,43,6.2620000000000005,4878.6,0.0013551666666666668
2024-05-06 04:44:00,11,366,216,4,44,5.766,4729.8,0.0013138333333333333
2024-05-06 04:45:00,11,243,108,4,45,2.943,3882.8999999999996,0.0010785833333333333
2024-05-06 04:46:00,11,412,116,4,46,3.3120000000000003,3993.6000000000004,0.0011093333333333335
2024-05-06 04:47:00,13,366,168,4,47,4.566,4369.799999999999,0.001213833333333333
2024-05-06 04:48:00,12,280,191,4,48,5.055000000000001,4516.5,0.0012545833333333332
2024-05-06 04:49:00,3,293,103,4,49,2.8680000000000003,3860.4,0.0010723333333333333
2024-05-06 04:50:00,5,310,90,4,50,2.56,3768.0,0.0010466666666666667
2024-05-06 04:51:00,11,187,80,4,51,2.187,3656.1,0.0010155833333333334
2024-05-06 04:52:00,13,192,93,4,52,2.5170000000000003,3755.1,0.0010430833333333334
2024-05-06 04:53:00,8,149,230,4,53,5.899,4769.700000000001,0.001324916666666667
2024-05-06 04:54:00,2,397,103,4,54,2.9720000000000004,3891.6000000000004,0.0010810000000000001
2024-05-06 04:55:00,10,352,232,4,55,6.152000000000001,4845.6,0.0013460000000000002
2024-05-06 04:56:00,11,358,84,4,56,2.458,3737.4,0.0010381666666666666
2024-05-06 04:57:00,2,323,193,4,57,5.148000000000001,4544.4,0.0012623333333333332
2024-05-06 04:58:00,4,185,81,4,58,2.21,3663.0,0.0010175
2024-05-06 04:59:00,2,395,123,4,59,3.47,4041.0,0.0011225
2024-05-06 05:00:00,3,428,208,5,0,5.628,4688.4,0.0013023333333333333
2024-05-06 05:01:00,7,390,214,5,1,5.74,4722.0,0.0013116666666666667
2024-05-06 05:02:00,5,327,145,5,2,3.952,4185.6,0.0011626666666666667
2024-05-06 05:03:00,7,312,209,5,3,5.537000000000001,4661.1,0.0012947500000000001
2024-05-06 05:04:00,9,161,80,5,4,2.161,3648.2999999999997,0.0010134166666666666
2024-05-06 05:05:00,10,380,107,5,5,3.055,3916.5,0.0010879166666666667
2024-05-06 05:06:00,11,284,232,5,6,6.0840000000000005,4825.2,0.0013403333333333334
2024-05-06 05:07:00,12,335,181,5,7,4.86,4458.0,0.0012383333333333333
2024-05-06 05:08:00,10,315,126,5,8,3.4650000000000003,4039.5,0.0011220833333333334
2024-05-06 05:09:00,13,301,79,5,9,2.2760000000000002,3682.8,0.001023
2024-05-06 05:10:00,5,250,163,5,10,4.325,4297.5,0.00119375
2024-05-06 05:11:00,3,207,111,5,11,2.982,3894.6000000000004,0.0010818333333333335
2024-05-06 05:12:00,3,430,144,5,12,4.03,4209.0,0.0011691666666666667
2024-05-06 05:13:00,9,278,81,5,13,2.303,3690.9000000000005,0.0010252500000000001
2024-05-06 05:14:00,4,208,79,5,14,2.1830000000000003,3654.9,0.00101525
2024-05-06 05:15:00,4,161,136,5,15,3.5610000000000004,4068.3,0.0011300833333333334
2024-05-06 05:16:00,3,332,123,5,16,3.407,4022.1000000000004,0.0011172500000000002
2024-05-06 05:17:00,6,287,190,5,17,5.037,4511.1,0.0012530833333333335
2024-05-06 05:18:00,11,157,159,5,18,4.132,4239.6,0.0011776666666666667
2024-05-06 05:19:00,7,275,210,5,19,5.525,4657.5,0.00129375
2024-05-06 05:20:00,10,362,106,5,20,3.0120000000000005,3903.6000000000004,0.0010843333333333334
2024-05-06 05:21:00,12,159,113,5,21,2.984,3895.2,0.0010819999999999998
2024-05-06 05:22:00,10,398,220,5,22,5.898,4769.4,0.0013248333333333332
2024-05-06 05:23:00,13,135,207,5,23,5.3100000000000005,4593.0,0.0012758333333333332
2024-05-06 05:24:00,3,302,192,5,24,5.102,4530.599999999999,0.0012584999999999999
2024-05-06 05:25:00,9,208,94,5,25,2.5580000000000003,3767.4,0.0010465000000000001
2024-05-06 05:26:00,12,406,110,5,26,3.156,3946.8,0.0010963333333333335
2024-05-06 05:27:00,11,416,110,5,27,3.166,3949.8,0.0010971666666666666
2024-05-06 05:28:00,3,355,108,5,28,3.055,3916.5,0.0010879166666666667
2024-05-06 05:29:00,2,380,123,5,29,3.455,4036.5,0.00112125
2024-05-06 05:30:00,7,397,141,5,30,3.9220000000000006,4176.6,0.0011601666666666668
2024-05-06 05:31:00,8,213,102,5,31,2.7630000000000003,3828.9,0.0010635833333333333
2024-05-06 05:32:00,7,161,212,5,32,5.461,4638.3,0.0012884166666666667
2024-05-06 05:33:00,7,414,79,5,33,2.3890000000000002,3716.7,0.0010324166666666665
2024-05-06 05:34:00,10,134,124,5,34,3.234,3970.2,0.0011028333333333333
2024-05-06 05:35:00,9,350,131,5,35,3.6250000000000004,4087.5,0.0011354166666666667
2024-05-06 05:36:00,12,245,77,5,36,2.17,3651.0,0.0010141666666666667
2024-05-06 05:37:00,12,369,91,5,37,2.644,3793.2000000000003,0.0010536666666666667
2024-05-06 05:38:00,5,283,164,5,38,4.383000000000001,4314.900000000001,0.0011985833333333334
2024-05-06 05:39:00,3,324,196,5,39,5.224,4567.2,0.0012686666666666666
2024-05-06 05:40:00,4,210,72,5,40,2.0100000000000002,3603.0,0.0010008333333333334
2024-05-06 05:41:00,8,259,189,5,41,4.984000000000001,4495.2,0.0012486666666666666
2024-05-06 05:42:00,3,198,85,5,42,2.323,3696.8999999999996,0.0010269166666666666
2024-05-06 05:43:00,9,415,134,5,43,3.765,4129.5,0.0011470833333333333
2024-05-06 05:44:00,7,142,114,5,44,2.992,3897.6000000000004,0.0010826666666666667
2024-05-06 05:45:00,6,305,86,5,45,2.455,3736.5,0.0010379166666666666
2024-05-06 05:46:00,6,309,171,5,46,4.5840000000000005,4375.2,0.0012153333333333332
2024-05-06 05:47:00,3,419,188,5,47,5.119,4535.7,0.0012599166666666666
2024-05-06 05:48:00,4,323,190,5,48,5.073,4521.9,0.0012560833333333332
2024-05-06 05:49:00,8,166,69,5,49,1.891,3567.3,0.0009909166666666666
2024-05-06 05:50:00,5,422,199,5,50,5.397,4619.1,0.0012830833333333333
2024-05-06 05:51:00,9,413,139,5,51,3.888,4166.4,0.0011573333333333331
2024-05-06 05:52:00,11,245,115,5,52,3.12,3936.0,0.0010933333333333333
2024-05-06 05:53:00,5,312,82,5,53,2.362,3708.6000000000004,0.0010301666666666669
2024-05-06 05:54:00,7,322,195,5,54,5.197,4559.099999999999,0.0012664166666666666
2024-05-06 05:55:00,10,327,170,5,55,4.577,4373.1,0.0012147500000000001
2024-05-06 05:56:00,12,315,206,5,56,5.465000000000001,4639.5,0.00128875
2024-05-06 05:57:00,7,400,104,5,57,3.0,3900.0,0.0010833333333333333
2024-05-06 05:58:00,4,304,184,5,58,4.904000000000001,4471.2,0.001242
2024-05-06 05:59:00,5,320,169,5,59,4.545000000000001,4363.5,0.0012120833333333332
2024-05-06 06:00:00,53,761,707,6,0,18.436,8530.8,0.0023696666666666666
2024-05-06 06:01:00,13,872,331,6,1,9.147,5744.1,0.0015955833333333334
2024-05-06 06:02:00,32,660,683,6,2,17.735,8320.5,0.00231125
2024-05-06 06:03:00,35,1610,884,6,3,23.71,10113.0,0.002809166666666667
2024-05-06 06:04:00,43,1619,655,6,4,17.994,8398.2,0.0023328333333333335
2024-05-06 06:05:00,40,1074,830,6,5,21.824,9547.2,0.0026520000000000003
2024-05-06 06:06:00,32,842,598,6,6,15.792000000000002,7737.6,0.0021493333333333334
2024-05-06 06:07:00,17,1634,581,6,7,16.159,7847.7,0.002179916666666667
2024-05-06 06:08:00,17,1167,968,6,8,25.367000000000004,10610.1,0.00294725
2024-05-06 06:09:00,22,866,833,6,9,21.691000000000003,9507.300000000001,0.002640916666666667
2024-05-06 06:10:00,43,1212,316,6,10,9.112,5733.6,0.0015926666666666667
2024-05-06 06:11:00,58,1011,908,6,11,23.711000000000002,10113.300000000001,0.00280925
2024-05-06 06:12:00,53,1463,802,6,12,21.513,9453.9,0.002626083333333333
2024-05-06 06:13:00,7,515,262,6,13,7.065,5119.5,0.0014220833333333334
2024-05-06 06:14:00,7,693,659,6,14,17.168000000000003,8150.400000000001,0.002264
2024-05-06 06:15:00,49,1530,305,6,15,9.155,5746.5,0.00159625
2024-05-06 06:16:00,52,1884,673,6,16,18.709,8612.699999999999,0.0023924166666666664
2024-05-06 06:17:00,26,773,335,6,17,9.148,5744.4,0.0015956666666666665
2024-05-06 06:18:00,47,1257,340,6,18,9.757,5927.1,0.0016464166666666667
2024-05-06 06:19:00,41,672,529,6,19,13.897000000000002,7169.1,0.001991416666666667
2024-05-06 06:20:00,7,1775,457,6,20,13.200000000000001,6960.0,0.0019333333333333333
2024-05-06 06:21:00,47,504,788,6,21,20.204000000000004,9061.2,0.002517
2024-05-06 06:22:00,16,873,349,6,22,9.597999999999999,5879.4,0.0016331666666666667
2024-05-06 06:23:00,31,1686,364,6,23,10.786,6235.799999999999,0.0017321666666666664
2024-05-06 06:24:00,38,728,632,6,24,16.528000000000002,7958.4000000000015,0.002210666666666667
2024-05-06 06:25:00,35,1665,503,6,25,14.240000000000002,7272.000000000001,0.00202
2024-05-06 06:26:00,17,1116,1001,6,26,26.141000000000002,10842.3,0.0030117499999999997
2024-05-06 06:27:00,10,1566,415,6,27,11.941,6582.3,0.0018284166666666668
2024-05-06 06:28:00,8,1511,265,6,28,8.136,5440.8,0.0015113333333333333
2024-05-06 06:29:00,47,1245,887,6,29,23.42,10026.0,0.002785
2024-05-06 06:30:00,41,1182,232,6,30,6.982000000000001,5094.6,0.0014151666666666668
2024-05-06 06:31:00,43,900,262,6,31,7.450000000000001,5235.0,0.0014541666666666668
2024-05-06 06:32:00,43,1770,718,6,32,19.72,8916.0,0.0024766666666666665
2024-05-06 06:33:00,55,552,274,6,33,7.402000000000001,5220.6,0.0014501666666666667
2024-05-06 06:34:00,19,669,947,6,34,24.344,10303.199999999999,0.0028619999999999995
2024-05-06 06:35:00,10,456,313,6,35,8.281,5484.300000000001,0.001523416666666667
2024-05-06 06:36:00,35,1715,302,6,36,9.265,5779.5,0.0016054166666666667
2024-05-06 06:37:00,22,1112,298,6,37,8.562000000000001,5568.6,0.0015468333333333334
2024-05-06 06:38:00,19,1023,949,6,38,24.748,10424.400000000001,0.002895666666666667
2024-05-06 06:39:00,35,1245,526,6,39,14.395,7318.5,0.002032916666666667
2024-05-06 06:40:00,23,1565,556,6,40,15.465,7639.5,0.0021220833333333335
2024-05-06 06:41:00,14,1391,388,6,41,11.091000000000001,6327.3,0.0017575833333333334
2024-05-06 06:42:00,37,533,560,6,42,14.533,7359.9,0.0020444166666666666
2024-05-06 06:43:00,14,1622,952,6,43,25.422,10626.6,0.0029518333333333332
2024-05-06 06:44:00,23,1188,382,6,44,10.738000000000001,6221.400000000001,0.001728166666666667
2024-05-06 06:45:00,52,1463,727,6,45,19.638,8891.4,0.0024698333333333334
2024-05-06 06:46:00,46,797,719,6,46,18.772000000000002,8631.6,0.002397666666666667
2024-05-06 06:47:00,14,1371,338,6,47,9.821000000000002,5946.300000000001,0.0016517500000000002
2024-05-06 06:48:00,17,1572,944,6,48,25.172,10551.6,0.002931
2024-05-06 06:49:00,22,1829,610,6,49,17.079,8123.700000000001,0.0022565833333333335
2024-05-06 06:50:00,26,461,904,6,50,23.061,9918.300000000001,0.0027550833333333338
2024-05-06 06:51:00,47,1145,721,6,51,19.17,8751.0,0.0024308333333333335
2024-05-06 06:52:00,50,1437,410,6,52,11.687,6506.1,0.00180725
2024-05-06 06:53:00,55,1569,932,6,53,24.869,10460.699999999999,0.00290575
2024-05-06 06:54:00,53,915,389,6,54,10.64,6192.0,0.00172
2024-05-06 06:55:00,55,1224,290,6,55,8.474,5542.2,0.0015394999999999999
2024-05-06 06:56:00,44,1313,505,6,56,13.938,7181.4,0.0019948333333333333
2024-05-06 06:57:00,8,1260,962,6,57,25.310000000000002,10593.0,0.0029425
2024-05-06 06:58:00,29,431,755,6,58,19.306,8791.800000000001,0.002442166666666667
2024-05-06 06:59:00,22,1413,820,6,59,21.913,9573.9,0.0026594166666666667
2024-05-06 07:00:00,46,1418,845,7,0,22.543,9762.9,0.0027119166666666667
2024-05-06 07:01:00,49,1313,920,7,1,24.313,10293.9,0.0028594166666666664
2024-05-06 07:02:00,44,818,578,7,2,15.268,7580.4,0.0021056666666666667
2024-05-06 07:03:00,11,774,965,7,3,24.899,10469.699999999999,0.00290825
2024-05-06 07:04:00,22,698,893,7,4,23.023000000000003,9906.900000000001,0.0027519166666666673
2024-05-06 07:05:00,35,1743,478,7,5,13.693000000000001,7107.9,0.0019744166666666664
2024-05-06 07:06:00,23,1167,346,7,6,9.817,5945.1,0.0016514166666666667
2024-05-06 07:07:00,44,1155,592,7,7,15.955,7786.5,0.0021629166666666667
2024-05-06 07:08:00,47,1437,952,7,8,25.237000000000002,10571.1,0.0029364166666666666
2024-05-06 07:09:00,25,830,644,7,9,16.93,8079.0,0.002244166666666667
2024-05-06 07:10:00,43,1295,737,7,10,19.72,8916.0,0.0024766666666666665
2024-05-06 07:11:00,32,915,872,7,11,22.715,9814.5,0.00272625
2024-05-06 07:12:00,29,486,722,7,12,18.536,8560.8,0.002378
2024-05-06 07:13:00,38,1620,289,7,13,8.845,5653.5,0.0015704166666666666
2024-05-06 07:14:00,46,1679,755,7,14,20.554,9166.199999999999,0.002546166666666666
2024-05-06 07:15:00,43,626,548,7,15,14.326,7297.8,0.0020271666666666667
2024-05-06 07:16:00,31,642,514,7,16,13.492,7047.6,0.0019576666666666666
2024-05-06 07:17:00,23,636,521,7,17,13.661,7098.299999999999,0.00197175
2024-05-06 07:18:00,13,951,929,7,18,24.176000000000002,10252.8,0.002848
2024-05-06 07:19:00,22,428,709,7,19,18.153000000000002,8445.900000000001,0.0023460833333333337
2024-05-06 07:20:00,25,1349,229,7,20,7.074000000000001,5122.200000000001,0.0014228333333333335
2024-05-06 07:21:00,46,762,386,7,21,10.412,6123.6,0.001701
2024-05-06 07:22:00,19,1169,541,7,22,14.694,7408.200000000001,0.0020578333333333334
2024-05-06 07:23:00,31,992,407,7,23,11.167000000000002,6350.1,0.0017639166666666667
2024-05-06 07:24:00,19,1404,923,7,24,24.479000000000003,10343.7,0.0028732500000000004
2024-05-06 07:25:00,7,678,328,7,25,8.878000000000002,5663.400000000001,0.0015731666666666667
2024-05-06 07:26:00,44,1454,209,7,26,6.679,5003.7,0.0013899166666666667
2024-05-06 07:27:00,25,1173,712,7,27,18.973,8691.9,0.0024144166666666667
2024-05-06 07:28:00,40,1332,341,7,28,9.857000000000001,5957.1,0.0016547500000000002
2024-05-06 07:29:00,46,1263,301,7,29,8.788,5636.400000000001,0.0015656666666666668
2024-05-06 07:30:00,50,1661,749,7,30,20.386000000000003,9115.800000000001,0.002532166666666667
2024-05-06 07:31:00,11,1086,791,7,31,20.861,9258.3,0.00257175
2024-05-06 07:32:00,23,1452,509,7,32,14.177000000000001,7253.1,0.00201475
2024-05-06 07:33:00,10,899,871,7,33,22.674000000000003,9802.2,0.0027228333333333336
2024-05-06 07:34:00,20,1125,611,7,34,16.4,7919.999999999999,0.0021999999999999997
2024-05-06 07:35:00,37,1134,461,7,35,12.659,6797.700000000001,0.0018882500000000002
2024-05-06 07:36:00,26,933,841,7,36,21.958000000000002,9587.400000000001,0.002663166666666667
2024-05-06 07:37:00,14,1436,820,7,37,21.936,9580.800000000001,0.0026613333333333337
2024-05-06 07:38:00,8,1452,634,7,38,17.302,8190.6,0.0022751666666666667
2024-05-06 07:39:00,44,1238,349,7,39,9.963,5988.9,0.0016635833333333333
2024-05-06 07:40:00,10,1263,446,7,40,12.413,6723.900000000001,0.00186775
2024-05-06 07:41:00,16,626,497,7,41,13.051,6915.3,0.0019209166666666667
2024-05-06 07:42:00,26,1674,487,7,42,13.849,7154.699999999999,0.0019874166666666664
2024-05-06 07:43:00,41,578,599,7,43,15.553,7665.900000000001,0.0021294166666666666
2024-05-06 07:44:00,16,1409,593,7,44,16.234,7870.200000000001,0.002186166666666667
2024-05-06 07:45:00,34,554,662,7,45,17.104,8131.2,0.0022586666666666666
2024-05-06 07:46:00,20,932,499,7,46,13.407000000000002,7022.1,0.0019505833333333335
2024-05-06 07:47:00,43,1544,373,7,47,10.869000000000002,6260.700000000001,0.0017390833333333336
2024-05-06 07:48:00,7,866,653,7,48,17.191,8157.299999999999,0.0022659166666666665
2024-05-06 07:49:00,28,464,869,7,49,22.189,9656.699999999999,0.0026824166666666663
2024-05-06 07:50:00,34,941,388,7,50,10.641000000000002,6192.300000000001,0.0017200833333333337
2024-05-06 07:51:00,35,1676,245,7,51,7.801,5340.299999999999,0.0014834166666666665
2024-05-06 07:52:00,20,1443,472,7,52,13.243,6972.9,0.0019369166666666666
2024-05-06 07:53:00,16,882,683,7,53,17.957,8387.1,0.0023297500000000002
2024-05-06 07:54:00,26,1169,455,7,54,12.544,6763.200000000001,0.001878666666666667
2024-05-06 07:55:00,28,1193,601,7,55,16.218,7865.4,0.0021848333333333333
2024-05-06 07:56:00,14,1515,491,7,56,13.790000000000001,7137.0,0.0019825
2024-05-06 07:57:00,38,837,413,7,57,11.162,6348.6,0.0017635
2024-05-06 07:58:00,23,1587,893,7,58,23.912000000000003,10173.6,0.002826
2024-05-06 07:59:00,47,803,220,7,59,6.303,4890.900000000001,0.0013585833333333334
2024-05-06 08:00:00,25,456,517,8,0,13.381,7014.3,0.0019484166666666667
2024-05-06 08:01:00,46,1406,764,8,1,20.506,9151.800000000001,0.002542166666666667
2024-05-06 08:02:00,32,585,638,8,2,16.535,7960.5,0.00221125
2024-05-06 08:03:00,43,797,622,8,3,16.347,7904.1,0.0021955833333333332
2024-05-06 08:04:00,40,1004,431,8,4,11.779,6533.7,0.0018149166666666667
2024-05-06 08:05:00,16,1185,320,8,5,9.185,5755.5,0.00159875
2024-05-06 08:06:00,35,555,808,8,6,20.755000000000003,9226.5,0.0025629166666666665
2024-05-06 08:07:00,26,984,410,8,7,11.234,6370.2,0.0017695
2024-05-06 08:08:00,26,860,841,8,8,21.885,9565.5,0.0026570833333333333
2024-05-06 08:09:00,40,839,793,8,9,20.664,9199.2,0.0025553333333333335
2024-05-06 08:10:00,14,1191,236,8,10,7.091,5127.299999999999,0.0014242499999999997
2024-05-06 08:11:00,40,1482,526,8,11,14.632,7389.6,0.0020526666666666666
2024-05-06 08:12:00,17,1314,838,8,12,22.264000000000003,9679.2,0.002688666666666667
2024-05-06 08:13:00,26,413,376,8,13,9.813,5943.9,0.0016510833333333332
2024-05-06 08:14:00,25,1116,458,8,14,12.566,6769.8,0.0018805
2024-05-06 08:15:00,11,716,880,8,15,22.716,9814.800000000001,0.0027263333333333336
2024-05-06 08:16:00,50,1373,721,8,16,19.398000000000003,8819.400000000001,0.002449833333333334
2024-05-06 08:17:00,41,996,620,8,17,16.496,7948.799999999999,0.002208
2024-05-06 08:18:00,17,929,388,8,18,10.629000000000001,6188.700000000001,0.0017190833333333335
2024-05-06 08:19:00,46,977,694,8,19,18.327,8498.1,0.0023605833333333335
2024-05-06 08:20:00,35,1293,632,8,20,17.093,8127.9,0.0022577499999999998
2024-05-06 08:21:00,7,1215,710,8,21,18.965,8689.5,0.00241375
2024-05-06 08:22:00,20,1587,392,8,22,11.387,6416.1,0.0017822500000000002
2024-05-06 08:23:00,7,728,784,8,23,20.328000000000003,9098.400000000001,0.0025273333333333337
2024-05-06 08:24:00,10,1227,325,8,24,9.352,5805.6,0.0016126666666666668
2024-05-06 08:25:00,7,1598,329,8,25,9.823,5946.9,0.0016519166666666666
2024-05-06 08:26:00,40,822,842,8,26,21.872,9561.6,0.002656
2024-05-06 08:27:00,17,606,671,8,27,17.381000000000004,8214.300000000001,0.0022817500000000004
2024-05-06 08:28:00,49,963,262,8,28,7.513000000000001,5253.9,0.0014594166666666666
2024-05-06 08:29:00,46,1385,209,8,29,6.61,4983.0,0.0013841666666666666
2024-05-06 08:30:00,35,1638,398,8,30,11.588000000000001,6476.4,0.0017989999999999998
2024-05-06 08:31:00,25,1370,251,8,31,7.6450000000000005,5293.5,0.0014704166666666667
2024-05-06 08:32:00,13,405,436,8,32,11.305,6391.5,0.0017754166666666667
2024-05-06 08:33:00,44,893,622,8,33,16.443,7932.9,0.0022035833333333334
2024-05-06 08:34:00,37,1158,196,8,34,6.058,4817.4,0.0013381666666666665
2024-05-06 08:35:00,32,410,515,8,35,13.285,6985.5,0.0019404166666666667
2024-05-06 08:36:00,47,606,212,8,36,5.906000000000001,4771.800000000001,0.0013255000000000003
2024-05-06 08:37:00,47,1349,728,8,37,19.549,8864.699999999999,0.0024624166666666666
2024-05-06 08:38:00,25,1158,268,8,38,7.8580000000000005,5357.4,0.0014881666666666665
2024-05-06 08:39:00,35,1488,641,8,39,17.513,8253.9,0.00229275
2024-05-06 08:40:00,14,771,220,8,40,6.271,4881.299999999999,0.0013559166666666665
2024-05-06 08:41:00,37,1419,724,8,41,19.519000000000002,8855.7,0.0024599166666666667
2024-05-06 08:42:00,19,800,767,8,42,19.975,8992.5,0.0024979166666666665
2024-05-06 08:43:00,10,1170,349,8,43,9.895,5968.5,0.0016579166666666667
2024-05-06 08:44:00,32,1268,625,8,44,16.893,8067.9,0.002241083333333333
2024-05-06 08:45:00,19,630,358,8,45,9.580000000000002,5874.0,0.0016316666666666667
2024-05-06 08:46:00,22,483,742,8,46,19.033,8709.9,0.0024194166666666665
2024-05-06 08:47:00,23,1317,220,8,47,6.817,5045.1,0.0014014166666666667
2024-05-06 08:48:00,41,1106,818,8,48,21.556000000000004,9466.800000000001,0.002629666666666667
2024-05-06 08:49:00,14,1437,452,8,49,12.737,6821.1,0.0018947500000000002
2024-05-06 08:50:00,31,1526,455,8,50,12.901,6870.300000000001,0.001908416666666667
2024-05-06 08:51:00,19,1143,638,8,51,17.093,8127.9,0.0022577499999999998
2024-05-06 08:52:00,40,594,674,8,52,17.444000000000003,8233.2,0.0022870000000000004
2024-05-06 08:53:00,31,1260,475,8,53,13.135,6940.5,0.0019279166666666668
2024-05-06 08:54:00,8,813,835,8,54,21.688,9506.4,0.0026406666666666666
2024-05-06 08:55:00,25,603,292,8,55,7.9030000000000005,5370.9,0.0014919166666666666
2024-05-06 08:56:00,37,1355,490,8,56,13.605,7081.5,0.0019670833333333333
2024-05-06 08:57:00,23,1440,380,8,57,10.94,6282.0,0.001745
2024-05-06 08:58:00,40,849,406,8,58,10.999,6299.7,0.0017499166666666665
2024-05-06 08:59:00,8,1493,611,8,59,16.768,8030.4,0.0022306666666666664
2024-05-06 09:00:00,79,2210,700,9,0,19.71,8913.0,0.0024758333333333334
2024-05-06 09:01:00,70,2123,1240,9,1,33.123,12936.9,0.003593583333333333
2024-05-06 09:02:00,91,1877,1102,9,2,29.427,11828.1,0.0032855833333333335
2024-05-06 09:03:00,31,2525,1285,9,3,34.65,13395.0,0.0037208333333333334
2024-05-06 09:04:00,85,1841,1306,9,4,34.491,13347.300000000001,0.0037075833333333336
2024-05-06 09:05:00,40,1211,451,9,5,12.486,6745.8,0.0018738333333333335
2024-05-06 09:06:00,34,1133,1078,9,6,28.083000000000002,11424.900000000001,0.003173583333333334
2024-05-06 09:07:00,13,2108,715,9,7,19.983,8994.9,0.002498583333333333
2024-05-06 09:08:00,67,1610,1063,9,8,28.185000000000002,11455.5,0.003182083333333333
2024-05-06 09:09:00,49,2609,1528,9,9,40.809000000000005,15242.7,0.004234083333333334
2024-05-06 09:10:00,16,2759,1255,9,10,34.134,13240.199999999999,0.003677833333333333
2024-05-06 09:11:00,25,1616,664,9,11,18.216,8464.8,0.0023513333333333333
2024-05-06 09:12:00,49,752,508,9,12,13.452000000000002,7035.6,0.0019543333333333335
2024-05-06 09:13:00,31,2888,1357,9,13,36.813,14043.900000000001,0.0039010833333333337
2024-05-06 09:14:00,64,1223,685,9,14,18.348,8504.4,0.002362333333333333
2024-05-06 09:15:00,64,1313,631,9,15,17.088,8126.4,0.0022573333333333334
2024-05-06 09:16:00,67,2606,1234,9,16,33.456,13036.8,0.003621333333333333
2024-05-06 09:17:00,73,950,1282,9,17,33.00000000000001,12900.000000000002,0.0035833333333333338
2024-05-06 09:18:00,22,1610,1471,9,18,38.385,14515.5,0.004032083333333334
2024-05-06 09:19:00,40,1109,1537,9,19,39.534000000000006,14860.2,0.004127833333333333
2024-05-06 09:20:00,10,1271,580,9,20,15.771,7731.3,0.0021475833333333334
2024-05-06 09:21:00,34,2330,493,9,21,14.655000000000001,7396.5,0.002054583333333333
2024-05-06 09:22:00,88,2843,1030,9,22,28.593,11577.9,0.0032160833333333334
2024-05-06 09:23:00,88,854,1516,9,23,38.754,14626.2,0.004062833333333333
2024-05-06 09:24:00,76,2339,871,9,24,24.114,10234.199999999999,0.002842833333333333
2024-05-06 09:25:00,55,794,823,9,25,21.369000000000003,9410.7,0.0026140833333333337
2024-05-06 09:26:00,58,2216,1486,9,26,39.366,14809.800000000001,0.004113833333333334
2024-05-06 09:27:00,88,2225,1336,9,27,35.625,13687.5,0.0038020833333333335
2024-05-06 09:28:00,37,2909,1288,9,28,35.109,13532.7,0.0037590833333333335
2024-05-06 09:29:00,22,1457,1009,9,29,26.682000000000002,11004.6,0.0030568333333333333
2024-05-06 09:30:00,67,2447,1006,9,30,27.597,11279.1,0.0031330833333333336
2024-05-06 09:31:00,52,872,499,9,31,13.347000000000001,7004.1,0.0019455833333333335
2024-05-06 09:32:00,64,2423,1435,9,32,38.298,14489.400000000001,0.004024833333333333
2024-05-06 09:33:00,37,1739,538,9,33,15.189000000000002,7556.700000000001,0.0020990833333333334
2024-05-06 09:34:00,82,1394,1360,9,34,35.394,13618.2,0.0037828333333333334
2024-05-06 09:35:00,34,1382,613,9,35,16.707,8012.1,0.0022255833333333333
2024-05-06 09:36:00,52,1412,1147,9,36,30.087,12026.1,0.0033405833333333334
2024-05-06 09:37:00,61,2318,1330,9,37,35.568,13670.4,0.003797333333333333
2024-05-06 09:38:00,22,1862,613,9,38,17.187,8156.1,0.0022655833333333334
2024-05-06 09:39:00,31,1490,1423,9,39,37.065000000000005,14119.500000000002,0.003922083333333334
2024-05-06 09:40:00,16,1622,892,9,40,23.922,10176.6,0.0028268333333333335
2024-05-06 09:41:00,55,2672,1303,9,41,35.247,13574.1,0.0037705833333333333
2024-05-06 09:42:00,43,833,751,9,42,19.608,8882.4,0.002467333333333333
2024-05-06 09:43:00,82,1154,916,9,43,24.054000000000002,10216.2,0.0028378333333333337
2024-05-06 09:44:00,73,1106,523,9,44,14.181000000000001,7254.300000000001,0.0020150833333333336
2024-05-06 09:45:00,85,1349,1165,9,45,30.474,12142.199999999999,0.003372833333333333
2024-05-06 09:46:00,82,1052,1534,9,46,39.402,14820.6,0.0041168333333333335
2024-05-06 09:47:00,22,2078,1483,9,47,39.153000000000006,14745.900000000003,0.004096083333333334
2024-05-06 09:48:00,37,2705,991,9,48,27.480000000000004,11244.000000000002,0.003123333333333334
2024-05-06 09:49:00,64,785,1510,9,49,38.535,14560.499999999998,0.004044583333333333
2024-05-06 09:50:00,22,2180,781,9,50,21.705000000000002,9511.5,0.0026420833333333335
2024-05-06 09:51:00,31,2108,835,9,51,22.983,9894.9,0.0027485833333333333
2024-05-06 09:52:00,28,2240,904,9,52,24.840000000000003,10452.000000000002,0.0029033333333333337
2024-05-06 09:53:00,43,890,1441,9,53,36.915,14074.5,0.0039095833333333335
2024-05-06 09:54:00,40,2636,1138,9,54,31.086000000000002,12325.8,0.003423833333333333
2024-05-06 09:55:00,70,2783,718,9,55,20.733,9219.9,0.002561083333333333
2024-05-06 09:56:00,19,2855,1267,9,56,34.53,13359.0,0.0037108333333333333
2024-05-06 09:57:00,43,1415,1096,9,57,28.815,11644.5,0.0032345833333333332
2024-05-06 09:58:00,64,2384,1444,9,58,38.484,14545.2,0.004040333333333333
2024-05-06 09:59:00,82,1616,832,9,59,22.416,9724.800000000001,0.002701333333333334
2024-05-06 10:00:00,58,875,1294,10,0,33.225,12967.5,0.0036020833333333334
2024-05-06 10:01:00,16,2180,1402,10,1,37.230000000000004,14169.000000000002,0.003935833333333334
2024-05-06 10:02:00,22,1331,1105,10,2,28.956,11686.800000000001,0.0032463333333333337
2024-05-06 10:03:00,79,2126,691,10,3,19.401000000000003,8820.300000000001,0.0024500833333333336
2024-05-06 10:04:00,43,2219,1303,10,4,34.794000000000004,13438.2,0.0037328333333333337
2024-05-06 10:05:00,64,2492,1351,10,5,36.266999999999996,13880.099999999999,0.003855583333333333
2024-05-06 10:06:00,67,2240,595,10,6,17.115000000000002,8134.500000000001,0.0022595833333333335
2024-05-06 10:07:00,22,797,781,10,7,20.322000000000003,9096.6,0.0025268333333333336
2024-05-06 10:08:00,64,1157,724,10,8,19.257,8777.1,0.0024380833333333333
2024-05-06 10:09:00,34,707,832,10,9,21.507,9452.1,0.0026255833333333335
2024-05-06 10:10:00,61,2624,1429,10,10,38.349000000000004,14504.7,0.004029083333333333
2024-05-06 10:11:00,46,2366,1345,10,11,35.991,13797.300000000001,0.0038325833333333337
2024-05-06 10:12:00,73,2681,1180,10,12,32.181,12654.3,0.003515083333333333
2024-05-06 10:13:00,55,1580,856,10,13,22.980000000000004,9894.000000000002,0.002748333333333334
2024-05-06 10:14:00,49,2468,430,10,14,13.218,6965.4,0.0019348333333333333
2024-05-06 10:15:00,16,2567,913,10,15,25.392000000000003,10617.6,0.0029493333333333333
2024-05-06 10:16:00,31,1271,1378,10,16,35.721000000000004,13716.300000000003,0.003810083333333334
2024-05-06 10:17:00,64,1988,736,10,17,20.388,9116.4,0.002532333333333333
2024-05-06 10:18:00,13,2558,1033,10,18,28.383000000000003,11514.900000000001,0.0031985833333333337
2024-05-06 10:19:00,49,2537,568,10,19,16.737000000000002,8021.1,0.0022280833333333332
2024-05-06 10:20:00,34,2417,895,10,20,24.792,10437.6,0.0028993333333333336
2024-05-06 10:21:00,34,2720,1243,10,21,33.795,13138.5,0.0036495833333333332
2024-05-06 10:22:00,25,2015,1432,10,22,37.815000000000005,14344.500000000002,0.003984583333333334
2024-05-06 10:23:00,64,1496,721,10,23,19.521,8856.300000000001,0.0024600833333333337
2024-05-06 10:24:00,46,1256,1222,10,24,31.806,12541.800000000001,0.0034838333333333336
2024-05-06 10:25:00,16,824,808,10,25,21.024000000000004,9307.2,0.0025853333333333336
2024-05-06 10:26:00,64,1712,1024,10,26,27.312,11193.6,0.0031093333333333333
2024-05-06 10:27:00,55,2192,487,10,27,14.367,7310.1,0.0020305833333333335
2024-05-06 10:28:00,16,1046,1087,10,28,28.221,11466.300000000001,0.0031850833333333336
2024-05-06 10:29:00,13,1847,982,10,29,26.397000000000002,10919.1,0.0030330833333333334
2024-05-06 10:30:00,19,1466,589,10,30,16.191000000000003,7857.300000000001,0.0021825833333333337
2024-05-06 10:31:00,46,1994,1330,10,31,35.244,13573.199999999999,0.003770333333333333
2024-05-06 10:32:00,13,1529,802,10,32,21.579,9473.7,0.0026315833333333334
2024-05-06 10:33:00,37,2408,517,10,33,15.333,7599.9,0.0021110833333333333
2024-05-06 10:34:00,55,1010,466,10,34,12.66,6798.0,0.0018883333333333332
2024-05-06 10:35:00,67,992,664,10,35,17.592000000000002,8277.6,0.0022993333333333334
2024-05-06 10:36:00,16,1772,1219,10,36,32.247,12674.1,0.0035205833333333335
2024-05-06 10:37:00,25,761,604,10,37,15.861,7758.3,0.0021550833333333335
2024-05-06 10:38:00,10,1271,580,10,38,15.771,7731.3,0.0021475833333333334
2024-05-06 10:39:00,25,1601,1243,10,39,32.676,12802.8,0.0035563333333333332
2024-05-06 10:40:00,73,2252,589,10,40,16.977,8093.099999999999,0.0022480833333333333
2024-05-06 10:41:00,76,2594,790,10,41,22.344,9703.2,0.0026953333333333334
2024-05-06 10:42:00,49,1838,901,10,42,24.363000000000003,10308.900000000001,0.002863583333333334
2024-05-06 10:43:00,58,1277,637,10,43,17.202,8160.6,0.0022668333333333334
2024-05-06 10:44:00,49,2069,397,10,44,11.994,6598.2,0.0018328333333333332
2024-05-06 10:45:00,28,1640,1033,10,45,27.465000000000003,11239.500000000002,0.003122083333333334
2024-05-06 10:46:00,13,989,1345,10,46,34.614,13384.2,0.0037178333333333334
2024-05-06 10:47:00,10,2447,946,10,47,26.097,10829.1,0.0030080833333333335
2024-05-06 10:48:00,10,1643,619,10,48,17.118000000000002,8135.4000000000015,0.0022598333333333337
2024-05-06 10:49:00,58,1298,970,10,49,25.548000000000002,10664.400000000001,0.0029623333333333337
2024-05-06 10:50:00,43,2435,802,10,50,22.485,9745.5,0.0027070833333333335
2024-05-06 10:51:00,28,2123,1045,10,51,28.248,11474.400000000001,0.0031873333333333337
2024-05-06 10:52:00,67,2162,958,10,52,26.112000000000002,10833.6,0.0030093333333333335
2024-05-06 10:53:00,64,1205,727,10,53,19.380000000000003,8814.0,0.002448333333333333
2024-05-06 10:54:00,40,2576,1042,10,54,28.626,11587.800000000001,0.0032188333333333335
2024-05-06 10:55:00,37,1919,715,10,55,19.794,8938.2,0.0024828333333333334
2024-05-06 10:56:00,61,1925,958,10,56,25.875000000000004,10762.500000000002,0.0029895833333333337
2024-05-06 10:57:00,46,986,568,10,57,15.186000000000002,7555.8,0.002098833333333333
2024-05-06 10:58:00,55,1061,1351,10,58,34.836,13450.800000000001,0.0037363333333333337
2024-05-06 10:59:00,10,2234,955,10,59,26.109,10832.7,0.0030090833333333337
2024-05-06 11:00:00,64,2087,910,11,0,24.837,10451.1,0.0029030833333333335
2024-05-06 11:01:00,28,2474,640,11,1,18.474,8542.199999999999,0.002372833333333333
2024-05-06 11:02:00,46,1760,478,11,2,13.71,7113.0,0.0019758333333333333
2024-05-06 11:03:00,70,2186,463,11,3,13.761000000000001,7128.3,0.0019800833333333333
2024-05-06 11:04:00,19,1112,1027,11,4,26.787,11036.099999999999,0.003065583333333333
2024-05-06 11:05:00,25,1043,1051,11,5,27.318,11195.400000000001,0.003109833333333334
2024-05-06 11:06:00,43,1454,655,11,6,17.829,8348.7,0.0023190833333333336
2024-05-06 11:07:00,37,1871,694,11,7,19.221,8766.3,0.002435083333333333
2024-05-06 11:08:00,22,1613,382,11,8,11.163,6348.900000000001,0.0017635833333333336
2024-05-06 11:09:00,58,2093,670,11,9,18.843,8652.9,0.002403583333333333
2024-05-06 11:10:00,13,1190,1123,11,10,29.265000000000004,11779.500000000002,0.003272083333333334
2024-05-06 11:11:00,73,1667,454,11,11,13.017000000000001,6905.1,0.0019180833333333335
2024-05-06 11:12:00,70,1715,589,11,12,16.44,7932.0,0.002203333333333333
2024-05-06 11:13:00,55,1610,871,11,13,23.385,10015.5,0.0027820833333333335
2024-05-06 11:14:00,16,803,892,11,14,23.103,9930.9,0.0027585833333333334
2024-05-06 11:15:00,49,1505,1042,11,15,27.555,11266.5,0.003129583333333333
2024-05-06 11:16:00,49,2162,556,11,16,16.062,7818.6,0.0021718333333333333
2024-05-06 11:17:00,64,1175,493,11,17,13.500000000000002,7050.000000000001,0.0019583333333333336
2024-05-06 11:18:00,49,2390,1276,11,18,34.29,13287.0,0.0036908333333333333
2024-05-06 11:19:00,67,1295,439,11,19,12.270000000000001,6681.000000000001,0.0018558333333333337
2024-05-06 11:20:00,16,1031,1009,11,20,26.256,10876.800000000001,0.0030213333333333338
2024-05-06 11:21:00,16,1508,634,11,21,17.358,8207.4,0.0022798333333333334
2024-05-06 11:22:00,61,797,1243,11,22,31.872000000000003,12561.6,0.0034893333333333334
2024-05-06 11:23:00,67,2411,802,11,23,22.461000000000002,9738.300000000001,0.0027050833333333336
2024-05-06 11:24:00,49,1064,1042,11,24,27.114,11134.199999999999,0.003092833333333333
2024-05-06 11:25:00,67,770,355,11,25,9.645,5893.5,0.0016370833333333333
2024-05-06 11:26:00,22,995,727,11,26,19.17,8751.0,0.0024308333333333335
2024-05-06 11:27:00,49,2018,892,11,27,24.318,10295.400000000001,0.0028598333333333336
2024-05-06 11:28:00,28,1028,502,11,28,13.578000000000001,7073.4,0.001964833333333333
2024-05-06 11:29:00,61,1085,1045,11,29,27.21,11163.0,0.0031008333333333335
2024-05-06 11:30:00,64,2195,316,11,30,10.095,6028.5,0.0016745833333333333
2024-05-06 11:31:00,55,713,559,11,31,14.688,7406.4,0.0020573333333333333
2024-05-06 11:32:00,58,1577,670,11,32,18.326999999999998,8498.099999999999,0.002360583333333333
2024-05-06 11:33:00,67,1643,1213,11,33,31.968000000000004,12590.400000000001,0.0034973333333333336
2024-05-06 11:34:00,28,2045,400,11,34,12.045,6613.5,0.0018370833333333334
2024-05-06 11:35:00,34,1502,811,11,35,21.777,9533.1,0.0026480833333333335
2024-05-06 11:36:00,52,1907,334,11,36,10.257,6077.1,0.0016880833333333335
2024-05-06 11:37:00,55,2153,583,11,37,16.728,8018.4,0.0022273333333333333
2024-05-06 11:38:00,46,2282,1054,11,38,28.632,11589.6,0.0032193333333333336
2024-05-06 11:39:00,58,1271,598,11,39,16.221,7866.3,0.0021850833333333336
2024-05-06 11:40:00,70,692,901,11,40,23.217000000000002,9965.1,0.0027680833333333333
2024-05-06 11:41:00,58,1643,679,11,41,18.618000000000002,8585.400000000001,0.002384833333333334
2024-05-06 11:42:00,40,1277,700,11,42,18.777,8633.1,0.0023980833333333332
2024-05-06 11:43:00,64,2156,961,11,43,26.181,10854.300000000001,0.0030150833333333336
2024-05-06 11:44:00,31,1169,622,11,44,16.719,8015.700000000001,0.0022265833333333335
2024-05-06 11:45:00,22,2006,856,11,45,23.406000000000002,10021.8,0.002783833333333333
2024-05-06 11:46:00,52,1514,1240,11,46,32.514,12754.2,0.0035428333333333336
2024-05-06 11:47:00,58,2252,502,11,47,14.802000000000001,7440.6,0.0020668333333333333
2024-05-06 11:48:00,28,1733,1057,11,48,28.158,11447.400000000001,0.0031798333333333336
2024-05-06 11:49:00,13,1784,880,11,49,23.784,10135.199999999999,0.002815333333333333
2024-05-06 11:50:00,61,1103,880,11,50,23.103,9930.9,0.0027585833333333334
2024-05-06 11:51:00,49,1946,1123,11,51,30.021000000000004,12006.300000000003,0.003335083333333334
2024-05-06 11:52:00,22,944,1027,11,52,26.619,10985.699999999999,0.0030515833333333332
2024-05-06 11:53:00,37,2285,961,11,53,26.310000000000002,10893.0,0.0030258333333333335
2024-05-06 11:54:00,40,1112,421,11,54,11.637,6491.1,0.0018030833333333334
2024-05-06 11:55:00,55,1760,844,11,55,22.860000000000003,9858.0,0.0027383333333333335
2024-05-06 11:56:00,13,1709,619,11,56,17.184,8155.200000000001,0.0022653333333333336
2024-05-06 11:57:00,55,1625,595,11,57,16.5,7950.0,0.0022083333333333334
2024-05-06 11:58:00,64,1811,1174,11,58,31.161,12348.3,0.003430083333333333
2024-05-06 11:59:00,34,1202,913,11,59,24.027,10208.1,0.0028355833333333336
2024-05-06 12:00:00,55,1085,1045,12,0,27.21,11163.0,0.0031008333333333335
2024-05-06 12:01:00,19,1130,721,12,1,19.155,8746.5,0.0024295833333333335
2024-05-06 12:02:00,16,683,787,12,2,20.358,9107.4,0.002529833333333333
2024-05-06 12:03:00,58,1280,445,12,3,12.405,6721.5,0.0018670833333333332
2024-05-06 12:04:00,25,2075,982,12,4,26.625,10987.5,0.0030520833333333333
2024-05-06 12:05:00,55,875,832,12,5,21.675,9502.5,0.002639583333333333
2024-05-06 12:06:00,43,1973,646,12,6,18.123,8436.9,0.0023435833333333334
2024-05-06 12:07:00,31,1649,1102,12,7,29.199,11759.7,0.0032665833333333336
2024-05-06 12:08:00,37,824,622,12,8,16.374000000000002,7912.200000000001,0.0021978333333333333
2024-05-06 12:09:00,61,902,778,12,9,20.352000000000004,9105.600000000002,0.002529333333333334
2024-05-06 12:10:00,10,1610,1132,12,10,29.91,11973.0,0.0033258333333333334
2024-05-06 12:11:00,28,1607,1093,12,11,28.932000000000002,11679.6,0.0032443333333333334
2024-05-06 12:12:00,25,1946,868,12,12,23.646000000000004,10093.800000000003,0.002803833333333334
2024-05-06 12:13:00,28,749,976,12,13,25.149,10544.699999999999,0.002929083333333333
2024-05-06 12:14:00,16,1022,763,12,14,20.096999999999998,9029.099999999999,0.002508083333333333
2024-05-06 12:15:00,52,1979,619,12,15,17.454,8236.2,0.0022878333333333336
2024-05-06 12:16:00,28,2123,880,12,16,24.123,10236.900000000001,0.002843583333333334
2024-05-06 12:17:00,64,1004,634,12,17,16.854000000000003,8056.200000000001,0.0022378333333333334
2024-05-06 12:18:00,55,1859,454,12,18,13.209000000000001,6962.700000000001,0.0019340833333333334
2024-05-06 12:19:00,58,2057,787,12,19,21.732,9519.6,0.0026443333333333336
2024-05-06 12:20:00,16,950,712,12,20,18.75,8625.0,0.002395833333333333
2024-05-06 12:21:00,55,860,997,12,21,25.785,10735.5,0.0029820833333333335
2024-05-06 12:22:00,34,1745,751,12,22,20.520000000000003,9156.0,0.002543333333333333
2024-05-06 12:23:00,52,1523,982,12,23,26.073,10821.9,0.0030060833333333333
2024-05-06 12:24:00,37,1010,1129,12,24,29.235000000000003,11770.500000000002,0.003269583333333334
2024-05-06 12:25:00,22,1877,976,12,25,26.277,10883.1,0.0030230833333333334
2024-05-06 12:26:00,43,722,853,12,26,22.047000000000004,9614.100000000002,0.002670583333333334
2024-05-06 12:27:00,40,1532,1135,12,27,29.907,11972.1,0.0033255833333333336
2024-05-06 12:28:00,16,1463,376,12,28,10.863,6258.9,0.0017385833333333333
2024-05-06 12:29:00,34,1520,373,12,29,10.845,6253.5,0.0017370833333333333
2024-05-06 12:30:00,16,2102,1015,12,30,27.477,11243.1,0.0031230833333333336
2024-05-06 12:31:00,58,1049,1039,12,31,27.024,11107.199999999999,0.003085333333333333
2024-05-06 12:32:00,58,2093,775,12,32,21.468,9440.4,0.0026223333333333333
2024-05-06 12:33:00,28,2132,640,12,33,18.132,8439.6,0.0023443333333333333
2024-05-06 12:34:00,13,1445,517,12,34,14.370000000000001,7311.0,0.0020308333333333333
2024-05-06 12:35:00,25,857,634,12,35,16.707,8012.1,0.0022255833333333333
2024-05-06 12:36:00,31,1469,910,12,36,24.219,10265.699999999999,0.002851583333333333
2024-05-06 12:37:00,13,869,1066,12,37,27.519000000000002,11255.7,0.0031265833333333336
2024-05-06 12:38:00,13,803,1114,12,38,28.653000000000002,11595.900000000001,0.0032210833333333336
2024-05-06 12:39:00,16,1430,571,12,39,15.705,7711.5,0.0021420833333333335
2024-05-06 12:40:00,49,1109,313,12,40,8.934000000000001,5680.200000000001,0.0015778333333333334
2024-05-06 12:41:00,49,1319,781,12,41,20.844,9253.2,0.0025703333333333333
2024-05-06 12:42:00,25,1796,301,12,42,9.321,5796.3,0.0016100833333333334
2024-05-06 12:43:00,40,2063,784,12,43,21.663,9498.9,0.002638583333333333
2024-05-06 12:44:00,10,1931,325,12,44,10.056000000000001,6016.800000000001,0.0016713333333333337
2024-05-06 12:45:00,13,1901,1057,12,45,28.326,11497.800000000001,0.0031938333333333337
2024-05-06 12:46:00,16,1454,694,12,46,18.804000000000002,8641.2,0.0024003333333333337
2024-05-06 12:47:00,34,761,1057,12,47,27.186,11155.800000000001,0.0030988333333333336
2024-05-06 12:48:00,43,878,958,12,48,24.828000000000003,10448.400000000001,0.0029023333333333336
2024-05-06 12:49:00,43,851,808,12,49,21.051000000000002,9315.3,0.0025875833333333332
2024-05-06 12:50:00,16,1157,727,12,50,19.332,8799.6,0.0024443333333333335
2024-05-06 12:51:00,55,911,1093,12,51,28.236000000000004,11470.800000000003,0.003186333333333334
2024-05-06 12:52:00,55,1163,709,12,52,18.888,8666.4,0.0024073333333333334
2024-05-06 12:53:00,19,1388,547,12,53,15.063,7518.9,0.0020885833333333334
2024-05-06 12:54:00,7,1475,421,12,54,12.0,6600.0,0.0018333333333333333
2024-05-06 12:55:00,52,1595,757,12,55,20.52,9156.0,0.002543333333333333
2024-05-06 12:56:00,28,1457,691,12,56,18.732000000000003,8619.6,0.0023943333333333334
2024-05-06 12:57:00,58,911,574,12,57,15.261000000000001,7578.3,0.0021050833333333334
2024-05-06 12:58:00,49,728,901,12,58,23.253000000000004,9975.900000000001,0.0027710833333333337
2024-05-06 12:59:00,55,998,1045,12,59,27.123,11136.900000000001,0.0030935833333333336
2024-05-06 13:00:00,49,671,784,13,0,20.271,9081.300000000001,0.0025225833333333337
2024-05-06 13:01:00,16,1946,1048,13,1,28.146000000000004,11443.800000000003,0.0031788333333333343
2024-05-06 13:02:00,52,1061,376,13,2,10.461,6138.3,0.0017050833333333334
2024-05-06 13:03:00,34,1424,334,13,3,9.774,5932.2,0.0016478333333333332
2024-05-06 13:04:00,31,1352,337,13,4,9.777000000000001,5933.1,0.0016480833333333334
2024-05-06 13:05:00,37,1616,784,13,5,21.216,9364.800000000001,0.0026013333333333335
2024-05-06 13:06:00,52,737,733,13,6,19.061999999999998,8718.599999999999,0.002421833333333333
2024-05-06 13:07:00,49,1709,595,13,7,16.584,7975.199999999999,0.002215333333333333
2024-05-06 13:08:00,49,1457,805,13,8,21.582,9474.6,0.0026318333333333332
2024-05-06 13:09:00,22,827,739,13,9,19.302000000000003,8790.6,0.0024418333333333336
2024-05-06 13:10:00,10,1307,940,13,10,24.807,10442.099999999999,0.002900583333333333
2024-05-06 13:11:00,16,1181,415,13,11,11.556000000000001,6466.800000000001,0.0017963333333333336
2024-05-06 13:12:00,55,608,286,13,12,7.758,5327.4,0.0014798333333333332
2024-05-06 13:13:00,55,1826,625,13,13,17.451,8235.3,0.0022875833333333333
2024-05-06 13:14:00,13,1457,781,13,14,20.982000000000003,9294.6,0.0025818333333333335
2024-05-06 13:15:00,28,1019,526,13,15,14.169,7250.700000000001,0.0020140833333333334
2024-05-06 13:16:00,37,1904,367,13,16,11.079,6323.700000000001,0.0017565833333333335
2024-05-06 13:17:00,55,938,988,13,17,25.638,10691.400000000001,0.002969833333333334
2024-05-06 13:18:00,31,1748,865,13,18,23.373,10011.9,0.0027810833333333333
2024-05-06 13:19:00,49,1364,355,13,19,10.239,6071.7,0.0016865833333333333
2024-05-06 13:20:00,25,854,490,13,20,13.104,6931.2,0.0019253333333333334
2024-05-06 13:21:00,22,1823,340,13,21,10.323,6096.9,0.0016935833333333332
2024-05-06 13:22:00,10,887,730,13,22,19.137,8741.1,0.0024280833333333333
2024-05-06 13:23:00,28,1592,775,13,23,20.967,9290.1,0.0025805833333333336
2024-05-06 13:24:00,52,1334,937,13,24,24.759,10427.699999999999,0.002896583333333333
2024-05-06 13:25:00,34,1646,328,13,25,9.846000000000002,5953.800000000001,0.0016538333333333335
2024-05-06 13:26:00,31,1025,736,13,26,19.425,8827.5,0.0024520833333333335
2024-05-06 13:27:00,25,1748,472,13,27,13.548,7064.4,0.0019623333333333333
2024-05-06 13:28:00,49,1841,448,13,28,13.041,6912.300000000001,0.0019200833333333335
2024-05-06 13:29:00,19,977,622,13,29,16.527,7958.1,0.0022105833333333335
2024-05-06 13:30:00,34,1442,619,13,30,16.917,8075.1,0.0022430833333333335
2024-05-06 13:31:00,13,1820,403,13,31,11.895000000000001,6568.500000000001,0.0018245833333333337
2024-05-06 13:32:00,28,1358,496,13,32,13.758000000000001,7127.4,0.0019798333333333334
2024-05-06 13:33:00,34,671,799,13,33,20.646,9193.800000000001,0.0025538333333333337
2024-05-06 13:34:00,22,1730,844,13,34,22.830000000000002,9849.0,0.002735833333333333
2024-05-06 13:35:00,49,620,448,13,35,11.82,6546.0,0.0018183333333333333
2024-05-06 13:36:00,28,1880,832,13,36,22.68,9804.0,0.0027233333333333332
2024-05-06 13:37:00,40,1394,709,13,37,19.119,8735.699999999999,0.002426583333333333
2024-05-06 13:38:00,10,794,499,13,38,13.269000000000002,6980.700000000001,0.0019390833333333335
2024-05-06 13:39:00,46,857,283,13,39,7.932,5379.6,0.0014943333333333334
2024-05-06 13:40:00,16,1529,394,13,40,11.379000000000001,6413.700000000001,0.0017815833333333336
2024-05-06 13:41:00,16,920,913,13,41,23.745000000000005,10123.500000000002,0.002812083333333334
2024-05-06 13:42:00,52,782,520,13,42,13.782,7134.6,0.0019818333333333333
2024-05-06 13:43:00,25,743,634,13,43,16.593,7977.9,0.0022160833333333334
2024-05-06 13:44:00,46,1454,493,13,44,13.779000000000002,7133.700000000001,0.0019815833333333335
2024-05-06 13:45:00,19,1580,778,13,45,21.03,9309.0,0.002585833333333333
2024-05-06 13:46:00,16,1463,331,13,46,9.738,5921.4,0.0016448333333333332
2024-05-06 13:47:00,13,1229,727,13,47,19.404,8821.2,0.0024503333333333334
2024-05-06 13:48:00,34,719,397,13,48,10.644,6193.200000000001,0.0017203333333333335
2024-05-06 13:49:00,49,758,961,13,49,24.783,10434.900000000001,0.0028985833333333337
2024-05-06 13:50:00,43,1562,355,13,50,10.437,6131.1,0.0017030833333333334
2024-05-06 13:51:00,46,1160,373,13,51,10.485000000000001,6145.5,0.0017070833333333332
2024-05-06 13:52:00,49,704,409,13,52,10.929000000000002,6278.700000000001,0.0017440833333333336
2024-05-06 13:53:00,31,593,469,13,53,12.318000000000001,6695.4,0.0018598333333333331
2024-05-06 13:54:00,16,755,892,13,54,23.055,9916.5,0.0027545833333333333
2024-05-06 13:55:00,46,1508,307,13,55,9.183,5754.9,0.0015985833333333331
2024-05-06 13:56:00,16,1337,619,13,56,16.812,8043.6,0.0022343333333333334
2024-05-06 13:57:00,40,911,868,13,57,22.611000000000004,9783.300000000001,0.0027175833333333336
2024-05-06 13:58:00,34,593,565,13,58,14.718,7415.4,0.0020598333333333332
2024-05-06 13:59:00,13,653,319,13,59,8.628,5588.4,0.0015523333333333333
2024-05-06 14:00:00,22,1397,268,14,0,8.097,5429.1,0.0015080833333333335
2024-05-06 14:01:00,13,1754,277,14,1,8.679,5603.7,0.0015565833333333332
2024-05-06 14:02:00,19,1295,874,14,2,23.145000000000003,9943.5,0.0027620833333333334
2024-05-06 14:03:00,19,1274,469,14,3,12.999000000000002,6899.700000000001,0.0019165833333333335
2024-05-06 14:04:00,34,1496,793,14,4,21.321,9396.300000000001,0.0026100833333333336
2024-05-06 14:05:00,49,1292,754,14,5,20.142000000000003,9042.6,0.0025118333333333334
2024-05-06 14:06:00,28,1328,892,14,6,23.628,10088.4,0.0028023333333333333
2024-05-06 14:07:00,40,1661,655,14,7,18.036,8410.8,0.002336333333333333
2024-05-06 14:08:00,19,1709,274,14,8,8.559000000000001,5567.700000000001,0.0015465833333333336
2024-05-06 14:09:00,16,1328,271,14,9,8.103,5430.9,0.0015085833333333331
2024-05-06 14:10:00,40,1190,601,14,10,16.215,7864.5,0.0021845833333333335
2024-05-06 14:11:00,22,1553,907,14,11,24.228,10268.400000000001,0.002852333333333334
2024-05-06 14:12:00,31,551,367,14,12,9.726,5917.8,0.0016438333333333333
2024-05-06 14:13:00,46,1307,514,14,13,14.157000000000002,7247.1,0.0020130833333333333
2024-05-06 14:14:00,10,1553,652,14,14,17.853,8355.9,0.0023210833333333334
2024-05-06 14:15:00,7,707,505,14,15,13.332,6999.6,0.0019443333333333335
2024-05-06 14:16:00,10,1457,682,14,16,18.507,8552.1,0.0023755833333333333
2024-05-06 14:17:00,22,1553,457,14,17,12.978000000000002,6893.4,0.0019148333333333333
2024-05-06 14:18:00,25,887,334,14,18,9.237,5771.1,0.0016030833333333335
2024-05-06 14:19:00,25,1457,865,14,19,23.082,9924.6,0.0027568333333333334
2024-05-06 14:20:00,19,1103,460,14,20,12.603,6780.9,0.0018835833333333332
2024-05-06 14:21:00,13,1439,592,14,21,16.239,7871.700000000001,0.0021865833333333333
2024-05-06 14:22:00,7,1034,571,14,22,15.309000000000001,7592.700000000001,0.0021090833333333335
2024-05-06 14:23:00,28,731,283,14,23,7.806,5341.8,0.0014838333333333333
2024-05-06 14:24:00,22,1301,634,14,24,17.151,8145.300000000001,0.0022625833333333335
2024-05-06 14:25:00,43,1034,574,14,25,15.384000000000002,7615.200000000001,0.0021153333333333336
2024-05-06 14:26:00,31,737,628,14,26,16.437,7931.1,0.0022030833333333334
2024-05-06 14:27:00,31,602,715,14,27,18.477,8543.099999999999,0.002373083333333333
2024-05-06 14:28:00,10,728,448,14,28,11.928,6578.400000000001,0.0018273333333333336
2024-05-06 14:29:00,43,923,358,14,29,9.873000000000001,5961.9,0.0016560833333333332
2024-05-06 14:30:00,31,725,748,14,30,19.425,8827.5,0.0024520833333333335
2024-05-06 14:31:00,43,830,631,14,31,16.605,7981.5,0.0022170833333333335
2024-05-06 14:32:00,28,1391,865,14,32,23.016,9904.8,0.002751333333333333
2024-05-06 14:33:00,10,899,745,14,33,19.524,8857.2,0.0024603333333333335
2024-05-06 14:34:00,19,818,445,14,34,11.943,6582.9,0.0018285833333333333
2024-05-06 14:35:00,13,1088,613,14,35,16.413,7923.900000000001,0.0022010833333333335
2024-05-06 14:36:00,34,1082,583,14,36,15.657000000000002,7697.1,0.0021380833333333334
2024-05-06 14:37:00,28,629,772,14,37,19.929000000000002,8978.7,0.0024940833333333334
2024-05-06 14:38:00,37,638,454,14,38,11.988000000000001,6596.4,0.0018323333333333332
2024-05-06 14:39:00,19,869,475,14,39,12.744,6823.2,0.0018953333333333333
2024-05-06 14:40:00,40,1460,820,14,40,21.96,9588.0,0.0026633333333333335
2024-05-06 14:41:00,10,1043,472,14,41,12.843,6852.9,0.0019035833333333333
2024-05-06 14:42:00,37,755,595,14,42,15.63,7689.0,0.0021358333333333333
2024-05-06 14:43:00,22,701,610,14,43,15.951,7785.3,0.002162583333333333
2024-05-06 14:44:00,28,1136,310,14,44,8.886,5665.8,0.0015738333333333333
2024-05-06 14:45:00,22,899,415,14,45,11.274000000000001,6382.200000000001,0.0017728333333333335
2024-05-06 14:46:00,25,1592,754,14,46,20.442,9132.6,0.0025368333333333336
2024-05-06 14:47:00,13,1475,397,14,47,11.4,6420.0,0.0017833333333333334
2024-05-06 14:48:00,31,806,772,14,48,20.106,9031.8,0.002508833333333333
2024-05-06 14:49:00,19,1370,715,14,49,19.245,8773.5,0.002437083333333333
2024-05-06 14:50:00,10,1571,439,14,50,12.546000000000001,6763.8,0.0018788333333333335
2024-05-06 14:51:00,22,1211,727,14,51,19.386,8815.8,0.0024488333333333332
2024-05-06 14:52:00,28,1052,568,14,52,15.252,7575.6,0.0021043333333333335
2024-05-06 14:53:00,13,1331,577,14,53,15.756,7726.8,0.0021463333333333334
2024-05-06 14:54:00,28,578,769,14,54,19.803,8940.9,0.0024835833333333333
2024-05-06 14:55:00,16,1007,424,14,55,11.607000000000001,6482.1,0.0018005833333333335
2024-05-06 14:56:00,7,1355,295,14,56,8.73,5619.0,0.0015608333333333333
2024-05-06 14:57:00,22,698,751,14,57,19.473000000000003,8841.900000000001,0.0024560833333333336
2024-05-06 14:58:00,22,797,787,14,58,20.472,9141.6,0.0025393333333333335
2024-05-06 14:59:00,40,1160,778,14,59,20.610000000000003,9183.0,0.0025508333333333333
2024-05-06 15:00:00,10,1034,361,15,0,10.059000000000001,6017.700000000001,0.0016715833333333335
2024-05-06 15:01:00,10,584,580,15,1,15.084,7525.199999999999,0.002090333333333333
2024-05-06 15:02:00,34,542,742,15,2,19.092000000000002,8727.6,0.0024243333333333335
2024-05-06 15:03:00,7,1163,364,15,3,10.263,6078.9,0.0016885833333333332
2024-05-06 15:04:00,34,833,649,15,4,17.058,8117.4,0.002254833333333333
2024-05-06 15:05:00,7,551,757,15,5,19.476,8842.8,0.002456333333333333
2024-05-06 15:06:00,34,1382,628,15,6,17.082,8124.6,0.0022568333333333333
2024-05-06 15:07:00,10,1385,589,15,7,16.110000000000003,7833.000000000001,0.0021758333333333334
2024-05-06 15:08:00,28,1280,667,15,8,17.955000000000002,8386.5,0.0023295833333333332
2024-05-06 15:09:00,16,959,475,15,9,12.834,6850.199999999999,0.001902833333333333
2024-05-06 15:10:00,13,800,724,15,10,18.900000000000002,8670.0,0.0024083333333333335
2024-05-06 15:11:00,19,1244,466,15,11,12.894,6868.2,0.0019078333333333332
2024-05-06 15:12:00,40,1316,760,15,12,20.316,9094.8,0.002526333333333333
2024-05-06 15:13:00,10,956,259,15,13,7.431000000000001,5229.300000000001,0.0014525833333333337
2024-05-06 15:14:00,25,752,727,15,14,18.927,8678.1,0.0024105833333333336
2024-05-06 15:15:00,13,1106,454,15,15,12.456000000000001,6736.8,0.0018713333333333334
2024-05-06 15:16:00,10,1418,265,15,16,8.043,5412.9,0.0015035833333333333
2024-05-06 15:17:00,19,1439,487,15,17,13.614,7084.200000000001,0.0019678333333333336
2024-05-06 15:18:00,16,1055,754,15,18,19.905,8971.5,0.002492083333333333
2024-05-06 15:19:00,7,1355,322,15,19,9.405000000000001,5821.5,0.0016170833333333334
2024-05-06 15:20:00,19,1148,277,15,20,8.073,5421.9,0.0015060833333333332
2024-05-06 15:21:00,31,962,418,15,21,11.412,6423.6,0.0017843333333333335
2024-05-06 15:22:00,31,680,310,15,22,8.43,5529.0,0.0015358333333333333
2024-05-06 15:23:00,28,1325,319,15,23,9.3,5790.0,0.0016083333333333334
2024-05-06 15:24:00,19,509,352,15,24,9.309000000000001,5792.700000000001,0.0016090833333333335
2024-05-06 15:25:00,13,875,304,15,25,8.475000000000001,5542.5,0.0015395833333333333
2024-05-06 15:26:00,34,1337,670,15,26,18.087,8426.099999999999,0.002340583333333333
2024-05-06 15:27:00,37,1379,658,15,27,17.829,8348.7,0.0023190833333333336
2024-05-06 15:28:00,28,761,409,15,28,10.986,6295.8,0.0017488333333333334
2024-05-06 15:29:00,25,611,676,15,29,17.511000000000003,8253.300000000001,0.0022925833333333335
2024-05-06 15:30:00,22,1349,526,15,30,14.499,7349.700000000001,0.0020415833333333336
2024-05-06 15:31:00,10,1103,610,15,31,16.353,7905.9,0.0021960833333333333
2024-05-06 15:32:00,10,926,382,15,32,10.476,6142.8,0.0017063333333333334
2024-05-06 15:33:00,19,920,436,15,33,11.82,6546.0,0.0018183333333333333
2024-05-06 15:34:00,37,842,658,15,34,17.291999999999998,8187.5999999999985,0.002274333333333333
2024-05-06 15:35:00,34,1127,700,15,35,18.627,8588.1,0.0023855833333333333
2024-05-06 15:36:00,31,542,649,15,36,16.767000000000003,8030.1,0.0022305833333333335
2024-05-06 15:37:00,19,893,634,15,37,16.743000000000002,8022.9000000000015,0.0022285833333333337
2024-05-06 15:38:00,7,962,499,15,38,13.437000000000001,7031.1,0.0019530833333333334
2024-05-06 15:39:00,28,758,298,15,39,8.208,5462.4,0.0015173333333333332
2024-05-06 15:40:00,16,1262,403,15,40,11.337000000000002,6401.1,0.0017780833333333333
2024-05-06 15:41:00,22,761,439,15,41,11.736,6520.8,0.0018113333333333334
2024-05-06 15:42:00,10,1151,697,15,42,18.576,8572.8,0.002381333333333333
2024-05-06 15:43:00,7,635,631,15,43,16.41,7923.0,0.0022008333333333333
2024-05-06 15:44:00,34,836,610,15,44,16.086,7825.799999999999,0.002173833333333333
2024-05-06 15:45:00,25,911,535,15,45,14.286,7285.799999999999,0.002023833333333333
2024-05-06 15:46:00,16,641,325,15,46,8.766,5629.8,0.0015638333333333333
2024-05-06 15:47:00,19,560,520,15,47,13.56,7068.0,0.0019633333333333334
2024-05-06 15:48:00,16,1274,667,15,48,17.949,8384.7,0.0023290833333333336
2024-05-06 15:49:00,19,632,268,15,49,7.332,5199.6,0.0014443333333333335
2024-05-06 15:50:00,7,632,550,15,50,14.382,7314.6,0.0020318333333333334
2024-05-06 15:51:00,28,599,436,15,51,11.499,6449.7,0.0017915833333333332
2024-05-06 15:52:00,10,1316,631,15,52,17.091,8127.3,0.0022575833333333332
2024-05-06 15:53:00,7,617,631,15,53,16.392,7917.6,0.0021993333333333335
2024-05-06 15:54:00,7,542,265,15,54,7.167,5150.1,0.0014305833333333334
2024-05-06 15:55:00,16,1061,649,15,55,17.286,8185.8,0.0022738333333333334
2024-05-06 15:56:00,16,968,418,15,56,11.418000000000001,6425.4,0.0017848333333333332
2024-05-06 15:57:00,31,1193,535,15,57,14.568,7370.4,0.0020473333333333333
2024-05-06 15:58:00,10,743,259,15,58,7.218000000000001,5165.4,0.0014348333333333333
2024-05-06 15:59:00,28,728,415,15,59,11.103,6330.9,0.0017585833333333331
2024-05-06 16:00:00,28,920,661,16,0,17.445000000000004,8233.5,0.0022870833333333332
2024-05-06 16:01:00,7,1013,295,16,1,8.388,5516.4,0.0015323333333333332
2024-05-06 16:02:00,34,857,625,16,2,16.482,7944.6,0.0022068333333333337
2024-05-06 16:03:00,22,842,568,16,3,15.042000000000002,7512.6,0.0020868333333333333
2024-05-06 16:04:00,22,557,337,16,4,8.982000000000001,5694.6,0.0015818333333333335
2024-05-06 16:05:00,16,968,523,16,5,14.043000000000001,7212.9,0.0020035833333333333
2024-05-06 16:06:00,13,878,484,16,6,12.978000000000002,6893.4,0.0019148333333333333
2024-05-06 16:07:00,7,608,292,16,7,7.908,5372.4,0.0014923333333333331
2024-05-06 16:08:00,31,1076,595,16,8,15.951,7785.3,0.002162583333333333
2024-05-06 16:09:00,7,1130,523,16,9,14.205000000000002,7261.500000000001,0.0020170833333333334
2024-05-06 16:10:00,31,1217,370,16,10,10.467,6140.1,0.0017055833333333335
2024-05-06 16:11:00,25,953,490,16,11,13.203,6960.9,0.0019335833333333332
2024-05-06 16:12:00,22,890,466,16,12,12.540000000000001,6762.0,0.0018783333333333334
2024-05-06 16:13:00,22,494,505,16,13,13.119,6935.7,0.0019265833333333333
2024-05-06 16:14:00,25,887,322,16,14,8.937000000000001,5681.1,0.0015780833333333335
2024-05-06 16:15:00,25,566,373,16,15,9.891000000000002,5967.300000000001,0.0016575833333333336
2024-05-06 16:16:00,10,1145,454,16,16,12.495000000000001,6748.5,0.0018745833333333334
2024-05-06 16:17:00,10,563,373,16,17,9.888000000000002,5966.400000000001,0.0016573333333333336
2024-05-06 16:18:00,13,1109,451,16,18,12.384,6715.200000000001,0.0018653333333333336
2024-05-06 16:19:00,25,1094,517,16,19,14.019,7205.7,0.002001583333333333
2024-05-06 16:20:00,31,608,571,16,20,14.883000000000001,7464.9,0.002073583333333333
2024-05-06 16:21:00,25,1034,445,16,21,12.159,6647.700000000001,0.0018465833333333335
2024-05-06 16:22:00,13,986,577,16,22,15.411000000000001,7623.3,0.0021175833333333333
2024-05-06 16:23:00,22,530,529,16,23,13.755,7126.5,0.001979583333333333
2024-05-06 16:24:00,10,1052,286,16,24,8.202,5460.6,0.0015168333333333334
2024-05-06 16:25:00,16,647,355,16,25,9.522,5856.6,0.0016268333333333334
2024-05-06 16:26:00,28,476,544,16,26,14.076000000000002,7222.8,0.0020063333333333335
2024-05-06 16:27:00,10,935,307,16,27,8.610000000000001,5583.0,0.0015508333333333333
2024-05-06 16:28:00,16,1115,277,16,28,8.040000000000001,5412.0,0.0015033333333333333
2024-05-06 16:29:00,16,860,451,16,29,12.135,6640.5,0.0018445833333333333
2024-05-06 16:30:00,22,1037,256,16,30,7.437,5231.1,0.0014530833333333334
2024-05-06 16:31:00,7,1157,451,16,31,12.432,6729.6,0.0018693333333333335
2024-05-06 16:32:00,10,1100,445,16,32,12.225,6667.5,0.0018520833333333334
2024-05-06 16:33:00,13,1058,442,16,33,12.108,6632.4,0.0018423333333333332
2024-05-06 16:34:00,13,530,271,16,34,7.305000000000001,5191.5,0.0014420833333333334
2024-05-06 16:35:00,10,944,373,16,35,10.269000000000002,6080.700000000001,0.0016890833333333335
2024-05-06 16:36:00,28,545,562,16,36,14.595,7378.5,0.0020495833333333334
2024-05-06 16:37:00,10,914,448,16,37,12.114,6634.200000000001,0.0018428333333333335
2024-05-06 16:38:00,10,923,283,16,38,7.998,5399.4,0.0014998333333333333
2024-05-06 16:39:00,16,737,502,16,39,13.287,6986.1,0.0019405833333333334
2024-05-06 16:40:00,19,482,436,16,40,11.382,6414.6,0.0017818333333333334
2024-05-06 16:41:00,13,1067,331,16,41,9.342,5802.6,0.0016118333333333334
2024-05-06 16:42:00,13,572,538,16,42,14.022000000000002,7206.6,0.0020018333333333333
2024-05-06 16:43:00,28,692,550,16,43,14.442,7332.6,0.0020368333333333336
2024-05-06 16:44:00,4,623,409,16,44,10.848,6254.4,0.0017373333333333331
2024-05-06 16:45:00,25,548,232,16,45,6.348000000000001,4904.4,0.0013623333333333332
2024-05-06 16:46:00,16,575,367,16,46,9.75,5925.0,0.0016458333333333333
2024-05-06 16:47:00,22,593,367,16,47,9.768,5930.4,0.0016473333333333333
2024-05-06 16:48:00,10,908,556,16,48,14.808,7442.4,0.0020673333333333333
2024-05-06 16:49:00,28,890,523,16,49,13.965000000000002,7189.500000000001,0.0019970833333333338
2024-05-06 16:50:00,25,707,325,16,50,8.832,5649.6,0.0015693333333333334
2024-05-06 16:51:00,16,815,517,16,51,13.74,7122.0,0.0019783333333333332
2024-05-06 16:52:00,4,806,433,16,52,11.631,6489.299999999999,0.0018025833333333331
2024-05-06 16:53:00,16,962,376,16,53,10.362,6108.6,0.0016968333333333334
2024-05-06 16:54:00,19,632,274,16,54,7.482,5244.6,0.0014568333333333334
2024-05-06 16:55:00,22,893,460,16,55,12.393,6717.9,0.0018660833333333333
2024-05-06 16:56:00,10,554,547,16,56,14.229000000000001,7268.700000000001,0.0020190833333333337
2024-05-06 16:57:00,19,1073,268,16,57,7.773,5331.9,0.0014810833333333332
2024-05-06 16:58:00,13,725,262,16,58,7.275,5182.5,0.0014395833333333333
2024-05-06 16:59:00,16,608,463,16,59,12.183000000000002,6654.9,0.0018485833333333332
2024-05-06 17:00:00,19,743,295,17,0,8.118,5435.4,0.0015098333333333333
2024-05-06 17:01:00,7,536,550,17,1,14.286,7285.799999999999,0.002023833333333333
2024-05-06 17:02:00,13,692,277,17,2,7.617000000000001,5285.1,0.0014680833333333334
2024-05-06 17:03:00,10,488,538,17,3,13.938,7181.4,0.0019948333333333333
2024-05-06 17:04:00,19,593,553,17,4,14.418000000000001,7325.4,0.0020348333333333334
2024-05-06 17:05:00,25,572,367,17,5,9.747,5924.1,0.0016455833333333335
2024-05-06 17:06:00,7,824,427,17,6,11.499,6449.7,0.0017915833333333332
2024-05-06 17:07:00,19,1034,535,17,7,14.409,7322.700000000001,0.0020340833333333335
2024-05-06 17:08:00,22,1049,382,17,8,10.599,6179.7,0.0017165833333333332
2024-05-06 17:09:00,16,881,472,17,9,12.681000000000001,6804.300000000001,0.0018900833333333337
2024-05-06 17:10:00,13,773,499,17,10,13.248000000000001,6974.4,0.0019373333333333332
2024-05-06 17:11:00,22,890,538,17,11,14.340000000000002,7302.000000000001,0.0020283333333333334
2024-05-06 17:12:00,10,764,472,17,12,12.564,6769.2,0.0018803333333333332
2024-05-06 17:13:00,10,764,295,17,13,8.139,5441.7,0.0015115833333333333
2024-05-06 17:14:00,22,626,421,17,14,11.151,6345.3,0.0017625833333333334
2024-05-06 17:15:00,7,980,505,17,15,13.605,7081.5,0.0019670833333333333
2024-05-06 17:16:00,19,827,250,17,16,7.077,5123.1,0.0014230833333333335
2024-05-06 17:17:00,13,845,280,17,17,7.845,5353.5,0.0014870833333333333
2024-05-06 17:18:00,22,815,304,17,18,8.415000000000001,5524.5,0.0015345833333333333
2024-05-06 17:19:00,25,965,529,17,19,14.190000000000001,7257.0,0.0020158333333333335
2024-05-06 17:20:00,10,461,478,17,20,12.411000000000001,6723.3,0.0018675833333333333
2024-05-06 17:21:00,22,794,343,17,21,9.369000000000002,5810.700000000001,0.0016140833333333335
2024-05-06 17:22:00,7,569,412,17,22,10.869000000000002,6260.700000000001,0.0017390833333333336
2024-05-06 17:23:00,16,677,496,17,23,13.077,6923.1,0.0019230833333333335
2024-05-06 17:24:00,16,575,460,17,24,12.075,6622.5,0.0018395833333333333
2024-05-06 17:25:00,13,674,289,17,25,7.899000000000001,5369.700000000001,0.0014915833333333335
2024-05-06 17:26:00,19,719,418,17,26,11.169,6350.700000000001,0.0017640833333333334
2024-05-06 17:27:00,22,539,292,17,27,7.839,5351.700000000001,0.0014865833333333335
2024-05-06 17:28:00,22,974,520,17,28,13.974,7192.199999999999,0.0019978333333333332
2024-05-06 17:29:00,4,698,241,17,29,6.723000000000001,5016.9,0.0013935833333333333
2024-05-06 17:30:00,13,476,319,17,30,8.451,5535.3,0.0015375833333333333
2024-05-06 17:31:00,10,575,370,17,31,9.825,5947.5,0.0016520833333333333
2024-05-06 17:32:00,16,530,301,17,32,8.055,5416.5,0.0015045833333333333
2024-05-06 17:33:00,10,845,406,17,33,10.995000000000001,6298.5,0.0017495833333333332
2024-05-06 17:34:00,4,809,343,17,34,9.384,5815.200000000001,0.0016153333333333336
2024-05-06 17:35:00,10,437,259,17,35,6.912000000000001,5073.6,0.0014093333333333334
2024-05-06 17:36:00,7,866,256,17,36,7.266,5179.8,0.0014388333333333334
2024-05-06 17:37:00,19,446,256,17,37,6.846,5053.799999999999,0.001403833333333333
2024-05-06 17:38:00,19,617,490,17,38,12.867,6860.1,0.0019055833333333333
2024-05-06 17:39:00,19,944,226,17,39,6.594,4978.2,0.0013828333333333334
2024-05-06 17:40:00,7,611,421,17,40,11.136000000000001,6340.8,0.0017613333333333333
2024-05-06 17:41:00,22,698,487,17,41,12.873000000000001,6861.9,0.0019060833333333332
2024-05-06 17:42:00,22,671,391,17,42,10.446,6133.8,0.0017038333333333335
2024-05-06 17:43:00,7,521,367,17,43,9.696000000000002,5908.800000000001,0.0016413333333333336
2024-05-06 17:44:00,10,566,244,17,44,6.666,4999.8,0.0013888333333333333
2024-05-06 17:45:00,13,872,316,17,45,8.772,5631.6,0.0015643333333333334
2024-05-06 17:46:00,22,824,418,17,46,11.274000000000001,6382.200000000001,0.0017728333333333335
2024-05-06 17:47:00,7,884,430,17,47,11.634,6490.200000000001,0.0018028333333333336
2024-05-06 17:48:00,13,785,220,17,48,6.285,4885.5,0.0013570833333333334
2024-05-06 17:49:00,10,635,457,17,49,12.06,6618.0,0.0018383333333333333
2024-05-06 17:50:00,16,455,421,17,50,10.98,6294.0,0.0017483333333333333
2024-05-06 17:51:00,10,503,376,17,51,9.903,5970.9,0.0016585833333333333
2024-05-06 17:52:00,19,437,385,17,52,10.062,6018.6,0.0016718333333333333
2024-05-06 17:53:00,7,698,265,17,53,7.323,5196.9,0.0014435833333333332
2024-05-06 17:54:00,19,815,406,17,54,10.965,6289.5,0.0017470833333333333
2024-05-06 17:55:00,13,431,325,17,55,8.556,5566.8,0.0015463333333333334
2024-05-06 17:56:00,7,728,442,17,56,11.778,6533.4,0.0018148333333333332
2024-05-06 17:57:00,13,779,223,17,57,6.354,4906.200000000001,0.0013628333333333335
2024-05-06 17:58:00,19,785,454,17,58,12.135000000000002,6640.5,0.0018445833333333333
2024-05-06 17:59:00,19,833,313,17,59,8.658,5597.4,0.0015548333333333332
2024-05-06 18:00:00,10,506,259,18,0,6.981000000000001,5094.3,0.0014150833333333333
2024-05-06 18:01:00,19,776,406,18,1,10.926,6277.799999999999,0.0017438333333333331
2024-05-06 18:02:00,7,683,256,18,2,7.083,5124.9,0.0014235833333333331
2024-05-06 18:03:00,16,779,337,18,3,9.204,5761.200000000001,0.0016003333333333336
2024-05-06 18:04:00,16,629,217,18,4,6.054,4816.2,0.0013378333333333332
2024-05-06 18:05:00,7,644,412,18,5,10.944,6283.2,0.0017453333333333333
2024-05-06 18:06:00,10,536,442,18,6,11.586,6475.8,0.0017988333333333335
2024-05-06 18:07:00,7,731,433,18,7,11.556000000000001,6466.800000000001,0.0017963333333333336
2024-05-06 18:08:00,4,548,343,18,8,9.123000000000001,5736.9,0.0015935833333333331
2024-05-06 18:09:00,13,533,229,18,9,6.258000000000001,4877.4,0.0013548333333333333
2024-05-06 18:10:00,7,476,433,18,10,11.301000000000002,6390.300000000001,0.0017750833333333336
2024-05-06 18:11:00,16,698,370,18,11,9.948,5984.4,0.0016623333333333332
2024-05-06 18:12:00,16,575,427,18,12,11.25,6375.0,0.0017708333333333332
2024-05-06 18:13:00,7,824,343,18,13,9.399000000000001,5819.700000000001,0.0016165833333333336
2024-05-06 18:14:00,16,812,442,18,14,11.862,6558.6,0.0018218333333333335
2024-05-06 18:15:00,7,482,271,18,15,7.257000000000001,5177.1,0.0014380833333333335
2024-05-06 18:16:00,7,629,376,18,16,10.029,6008.700000000001,0.0016690833333333336
2024-05-06 18:17:00,19,596,409,18,17,10.821000000000002,6246.300000000001,0.0017350833333333337
2024-05-06 18:18:00,10,764,328,18,18,8.964,5689.200000000001,0.0015803333333333335
2024-05-06 18:19:00,7,446,358,18,19,9.396,5818.8,0.0016163333333333333
2024-05-06 18:20:00,4,461,436,18,20,11.361,6408.3,0.0017800833333333334
2024-05-06 18:21:00,7,572,430,18,21,11.322,6396.599999999999,0.0017768333333333332
2024-05-06 18:22:00,19,563,265,18,22,7.188,5156.4,0.0014323333333333332
2024-05-06 18:23:00,4,698,247,18,23,6.873000000000001,5061.9,0.0014060833333333332
2024-05-06 18:24:00,7,524,253,18,24,6.849,5054.7,0.0014040833333333334
2024-05-06 18:25:00,10,761,358,18,25,9.711,5913.3,0.0016425833333333334
2024-05-06 18:26:00,7,563,406,18,26,10.713000000000001,6213.9,0.0017260833333333332
2024-05-06 18:27:00,10,641,364,18,27,9.741,5922.299999999999,0.001645083333333333
2024-05-06 18:28:00,10,665,412,18,28,10.965,6289.5,0.0017470833333333333
2024-05-06 18:29:00,13,560,316,18,29,8.46,5538.0,0.0015383333333333334
2024-05-06 18:30:00,13,536,271,18,30,7.311,5193.299999999999,0.001442583333333333
2024-05-06 18:31:00,13,599,409,18,31,10.824000000000002,6247.200000000001,0.0017353333333333335
2024-05-06 18:32:00,16,698,388,18,32,10.398000000000001,6119.400000000001,0.0016998333333333336
2024-05-06 18:33:00,10,716,214,18,33,6.066000000000001,4819.8,0.0013388333333333334
2024-05-06 18:34:00,13,692,382,18,34,10.242,6072.6,0.0016868333333333334
2024-05-06 18:35:00,7,659,211,18,35,5.934,4780.200000000001,0.0013278333333333336
2024-05-06 18:36:00,7,608,271,18,36,7.383,5214.9,0.0014485833333333332
2024-05-06 18:37:00,16,590,385,18,37,10.215,6064.5,0.0016845833333333333
2024-05-06 18:38:00,13,761,388,18,38,10.461,6138.3,0.0017050833333333334
2024-05-06 18:39:00,10,560,406,18,39,10.71,6213.0,0.0017258333333333333
2024-05-06 18:40:00,16,713,376,18,40,10.113,6033.9,0.0016760833333333332
2024-05-06 18:41:00,7,554,373,18,41,9.879000000000001,5963.700000000001,0.0016565833333333335
2024-05-06 18:42:00,13,617,319,18,42,8.592,5577.6,0.0015493333333333333
2024-05-06 18:43:00,10,737,379,18,43,10.212,6063.599999999999,0.0016843333333333333
2024-05-06 18:44:00,13,578,349,18,44,9.302999999999999,5790.9,0.0016085833333333332
2024-05-06 18:45:00,10,596,226,18,45,6.246,4873.8,0.0013538333333333334
2024-05-06 18:46:00,10,539,334,18,46,8.889,5666.7,0.0015740833333333334
2024-05-06 18:47:00,10,452,217,18,47,5.877000000000001,4763.1,0.0013230833333333334
2024-05-06 18:48:00,16,482,229,18,48,6.207000000000001,4862.1,0.0013505833333333334
2024-05-06 18:49:00,7,707,304,18,49,8.307,5492.1,0.0015255833333333334
2024-05-06 18:50:00,10,467,337,18,50,8.892000000000001,5667.6,0.0015743333333333334
2024-05-06 18:51:00,13,638,355,18,51,9.513,5853.9,0.0016260833333333333
2024-05-06 18:52:00,7,443,391,18,52,10.218,6065.4,0.0016848333333333333
2024-05-06 18:53:00,4,695,274,18,53,7.545000000000001,5263.5,0.0014620833333333332
2024-05-06 18:54:00,7,719,307,18,54,8.394,5518.200000000001,0.0015328333333333335
2024-05-06 18:55:00,7,572,286,18,55,7.722,5316.6,0.0014768333333333335
2024-05-06 18:56:00,7,512,340,18,56,9.012,5703.6,0.0015843333333333334
2024-05-06 18:57:00,7,539,319,18,57,8.514000000000001,5554.200000000001,0.0015428333333333336
2024-05-06 18:58:00,7,503,325,18,58,8.628,5588.4,0.0015523333333333333
2024-05-06 18:59:00,7,473,355,18,59,9.348,5804.4,0.0016123333333333332
2024-05-06 19:00:00,5,272,143,19,0,3.8470000000000004,4154.1,0.0011539166666666668
2024-05-06 19:01:00,7,366,145,19,1,3.991,4197.3,0.0011659166666666667
2024-05-06 19:02:00,7,366,194,19,2,5.216,4564.8,0.001268
2024-05-06 19:03:00,5,300,161,19,3,4.325,4297.5,0.00119375
2024-05-06 19:04:00,5,380,155,19,4,4.255,4276.5,0.0011879166666666668
2024-05-06 19:05:00,4,294,160,19,5,4.294,4288.2,0.0011911666666666665
2024-05-06 19:06:00,4,239,161,19,6,4.264,4279.2,0.0011886666666666666
2024-05-06 19:07:00,4,363,196,19,7,5.263,4578.9,0.0012719166666666666
2024-05-06 19:08:00,5,242,193,19,8,5.067,4520.1,0.0012555833333333334
2024-05-06 19:09:00,5,314,145,19,9,3.939,4181.700000000001,0.0011615833333333335
2024-05-06 19:10:00,4,296,130,19,10,3.546,4063.7999999999997,0.0011288333333333333
2024-05-06 19:11:00,7,273,157,19,11,4.198,4259.4,0.0011831666666666666
2024-05-06 19:12:00,4,269,115,19,12,3.144,3943.2000000000003,0.0010953333333333334
2024-05-06 19:13:00,2,363,128,19,13,3.563,4068.8999999999996,0.00113025
2024-05-06 19:14:00,5,312,161,19,14,4.337000000000001,4301.1,0.00119475
2024-05-06 19:15:00,2,297,143,19,15,3.8720000000000003,4161.6,0.0011560000000000001
2024-05-06 19:16:00,7,339,131,19,16,3.6140000000000003,4084.2000000000003,0.0011345
2024-05-06 19:17:00,5,305,130,19,17,3.555,4066.5,0.0011295833333333334
2024-05-06 19:18:00,4,275,112,19,18,3.075,3922.5,0.0010895833333333332
2024-05-06 19:19:00,5,224,128,19,19,3.4240000000000004,4027.2000000000003,0.0011186666666666667
2024-05-06 19:20:00,2,356,149,19,20,4.081,4224.3,0.0011734166666666668
2024-05-06 19:21:00,4,276,115,19,21,3.151,3945.3,0.0010959166666666667
2024-05-06 19:22:00,2,327,167,19,22,4.502,4350.6,0.0012085000000000002
2024-05-06 19:23:00,4,266,131,19,23,3.5410000000000004,4062.3,0.0011284166666666667
2024-05-06 19:24:00,5,311,182,19,24,4.861,4458.3,0.0012384166666666667
2024-05-06 19:25:00,4,240,116,19,25,3.1400000000000006,3942.0,0.001095
2024-05-06 19:26:00,7,227,142,19,26,3.777,4133.1,0.0011480833333333334
2024-05-06 19:27:00,7,269,113,19,27,3.0940000000000003,3928.2,0.0010911666666666667
2024-05-06 19:28:00,2,242,142,19,28,3.7920000000000003,4137.6,0.0011493333333333334
2024-05-06 19:29:00,4,299,154,19,29,4.149,4244.700000000001,0.0011790833333333336
2024-05-06 19:30:00,2,242,176,19,30,4.642,4392.599999999999,0.0012201666666666665
2024-05-06 19:31:00,7,258,167,19,31,4.433,4329.9,0.0012027499999999998
2024-05-06 19:32:00,5,314,154,19,32,4.164,4249.2,0.0011803333333333334
2024-05-06 19:33:00,2,267,161,19,33,4.292000000000001,4287.6,0.001191
2024-05-06 19:34:00,5,257,119,19,34,3.232,3969.6000000000004,0.0011026666666666667
2024-05-06 19:35:00,4,242,112,19,35,3.0420000000000003,3912.6000000000004,0.0010868333333333335
2024-05-06 19:36:00,4,318,152,19,36,4.118,4235.4,0.0011764999999999998
2024-05-06 19:37:00,5,275,152,19,37,4.075,4222.5,0.0011729166666666667
2024-05-06 19:38:00,4,308,158,19,38,4.258,4277.4,0.0011881666666666666
2024-05-06 19:39:00,5,221,118,19,39,3.1710000000000003,3951.3,0.0010975833333333334
2024-05-06 19:40:00,4,234,130,19,40,3.484,4045.2,0.0011236666666666667
2024-05-06 19:41:00,4,336,136,19,41,3.736,4120.8,0.0011446666666666667
2024-05-06 19:42:00,5,243,148,19,42,3.943,4182.9,0.0011619166666666666
2024-05-06 19:43:00,5,290,136,19,43,3.6900000000000004,4107.0,0.0011408333333333333
2024-05-06 19:44:00,5,296,128,19,44,3.496,4048.7999999999997,0.0011246666666666666
2024-05-06 19:45:00,2,231,164,19,45,4.331,4299.3,0.00119425
2024-05-06 19:46:00,4,248,139,19,46,3.723,4116.9,0.0011435833333333333
2024-05-06 19:47:00,4,254,166,19,47,4.404,4321.2,0.0012003333333333332
2024-05-06 19:48:00,2,258,139,19,48,3.733,4119.900000000001,0.0011444166666666668
2024-05-06 19:49:00,2,314,164,19,49,4.414000000000001,4324.2,0.0012011666666666666
2024-05-06 19:50:00,5,297,163,19,50,4.372,4311.6,0.0011976666666666668
2024-05-06 19:51:00,4,321,112,19,51,3.1210000000000004,3936.3,0.0010934166666666668
2024-05-06 19:52:00,4,317,128,19,52,3.5170000000000003,4055.0999999999995,0.0011264166666666664
2024-05-06 19:53:00,4,293,151,19,53,4.0680000000000005,4220.4,0.0011723333333333332
2024-05-06 19:54:00,4,221,119,19,54,3.196,3958.8,0.0010996666666666668
2024-05-06 19:55:00,2,231,142,19,55,3.781,4134.3,0.0011484166666666667
2024-05-06 19:56:00,5,293,161,19,56,4.3180000000000005,4295.4,0.0011931666666666666
2024-05-06 19:57:00,5,239,145,19,57,3.864,4159.2,0.0011553333333333333
2024-05-06 19:58:00,4,299,158,19,58,4.2490000000000006,4274.7,0.0011874166666666667
2024-05-06 19:59:00,5,324,151,19,59,4.099,4229.7,0.0011749166666666666
2024-05-06 20:00:00,4,278,158,20,0,4.228,4268.4,0.0011856666666666665
2024-05-06 20:01:00,5,311,143,20,1,3.886,4165.8,0.0011571666666666668
2024-05-06 20:02:00,4,317,161,20,2,4.3420000000000005,4302.6,0.0011951666666666669
2024-05-06 20:03:00,4,240,146,20,3,3.8900000000000006,4167.0,0.0011575
2024-05-06 20:04:00,5,260,154,20,4,4.11,4233.0,0.0011758333333333334
2024-05-06 20:05:00,5,273,136,20,5,3.6730000000000005,4101.9,0.0011394166666666666
2024-05-06 20:06:00,2,278,124,20,6,3.378,4013.3999999999996,0.0011148333333333331
2024-05-06 20:07:00,5,236,121,20,7,3.2610000000000006,3978.3,0.0011050833333333334
2024-05-06 20:08:00,2,309,112,20,8,3.1090000000000004,3932.7,0.0010924166666666667
2024-05-06 20:09:00,4,294,112,20,9,3.0940000000000003,3928.2,0.0010911666666666667
2024-05-06 20:10:00,4,257,124,20,10,3.357,4007.1000000000004,0.0011130833333333333
2024-05-06 20:11:00,5,303,112,20,11,3.103,3930.9,0.0010919166666666666
2024-05-06 20:12:00,4,303,142,20,12,3.853,4155.9,0.0011544166666666667
2024-05-06 20:13:00,2,237,127,20,13,3.4120000000000004,4023.6000000000004,0.0011176666666666668
2024-05-06 20:14:00,4,228,143,20,14,3.8030000000000004,4140.900000000001,0.0011502500000000002
2024-05-06 20:15:00,4,267,133,20,15,3.592,4077.6000000000004,0.0011326666666666668
2024-05-06 20:16:00,2,224,124,20,16,3.3240000000000003,3997.2000000000003,0.0011103333333333334
2024-05-06 20:17:00,5,306,130,20,17,3.556,4066.8,0.0011296666666666666
2024-05-06 20:18:00,2,264,107,20,18,2.939,3881.7000000000003,0.00107825
2024-05-06 20:19:00,2,240,151,20,19,4.015000000000001,4204.5,0.0011679166666666667
2024-05-06 20:20:00,5,302,146,20,20,3.9520000000000004,4185.6,0.0011626666666666667
2024-05-06 20:21:00,4,233,133,20,21,3.5580000000000003,4067.4,0.0011298333333333334
2024-05-06 20:22:00,2,269,119,20,22,3.244,3973.2000000000003,0.0011036666666666666
2024-05-06 20:23:00,4,242,125,20,23,3.367,4010.1000000000004,0.0011139166666666667
2024-05-06 20:24:00,4,227,152,20,24,4.027,4208.1,0.0011689166666666668
2024-05-06 20:25:00,4,285,116,20,25,3.1850000000000005,3955.5,0.00109875
2024-05-06 20:26:00,4,269,149,20,26,3.994,4198.200000000001,0.001166166666666667
2024-05-06 20:27:00,4,294,110,20,27,3.044,3913.2000000000003,0.001087
2024-05-06 20:28:00,4,254,127,20,28,3.4290000000000003,4028.7,0.0011190833333333333
2024-05-06 20:29:00,2,252,134,20,29,3.6020000000000003,4080.5999999999995,0.0011334999999999997
2024-05-06 20:30:00,4,287,109,20,30,3.012,3903.6000000000004,0.0010843333333333334
2024-05-06 20:31:00,4,281,125,20,31,3.406,4021.8,0.0011171666666666667
2024-05-06 20:32:00,4,276,124,20,32,3.3760000000000003,4012.8,0.0011146666666666668
2024-05-06 20:33:00,2,216,149,20,33,3.9410000000000003,4182.3,0.00116175
2024-05-06 20:34:00,4,269,109,20,34,2.994,3898.2000000000003,0.0010828333333333334
2024-05-06 20:35:00,4,248,109,20,35,2.973,3891.8999999999996,0.0010810833333333332
2024-05-06 20:36:00,4,248,143,20,36,3.8230000000000004,4146.9,0.0011519166666666665
2024-05-06 20:37:00,2,242,118,20,37,3.192,3957.6000000000004,0.0010993333333333335
2024-05-06 20:38:00,4,216,130,20,38,3.466,4039.8,0.0011221666666666667
2024-05-06 20:39:00,4,270,139,20,39,3.745,4123.5,0.0011454166666666668
2024-05-06 20:40:00,2,273,137,20,40,3.6980000000000004,4109.4,0.0011415
2024-05-06 20:41:00,4,260,119,20,41,3.2350000000000003,3970.5,0.0011029166666666668
2024-05-06 20:42:00,2,245,116,20,42,3.1450000000000005,3943.5,0.0010954166666666666
2024-05-06 20:43:00,4,257,131,20,43,3.5320000000000005,4059.6,0.0011276666666666666
2024-05-06 20:44:00,2,218,134,20,44,3.568,4070.3999999999996,0.0011306666666666665
2024-05-06 20:45:00,2,272,142,20,45,3.822,4146.599999999999,0.0011518333333333333
2024-05-06 20:46:00,4,227,109,20,46,2.952,3885.6000000000004,0.0010793333333333334
2024-05-06 20:47:00,4,231,131,20,47,3.5060000000000002,4051.8,0.0011255
2024-05-06 20:48:00,4,252,128,20,48,3.452,4035.6000000000004,0.001121
2024-05-06 20:49:00,4,234,118,20,49,3.184,3955.2000000000003,0.0010986666666666668
2024-05-06 20:50:00,2,275,115,20,50,3.15,3945.0,0.0010958333333333334
2024-05-06 20:51:00,4,272,107,20,51,2.947,3884.0999999999995,0.0010789166666666666
2024-05-06 20:52:00,4,234,121,20,52,3.2590000000000003,3977.7000000000003,0.0011049166666666668
2024-05-06 20:53:00,2,216,131,20,53,3.4910000000000005,4047.3,0.00112425
2024-05-06 20:54:00,2,213,119,20,54,3.188,3956.3999999999996,0.001099
2024-05-06 20:55:00,2,228,131,20,55,3.5030000000000006,4050.9,0.00112525
2024-05-06 20:56:00,2,248,115,20,56,3.123,3936.9,0.0010935833333333333
2024-05-06 20:57:00,2,263,122,20,57,3.313,3993.8999999999996,0.0011094166666666665
2024-05-06 20:58:00,4,251,118,20,58,3.201,3960.3,0.0011000833333333333
2024-05-06 20:59:00,2,272,110,20,59,3.0220000000000002,3906.6000000000004,0.0010851666666666668
2024-05-06 21:00:00,2,210,127,21,0,3.3850000000000002,4015.5,0.0011154166666666667
2024-05-06 21:01:00,4,254,133,21,1,3.579,4073.7000000000003,0.0011315833333333334
2024-05-06 21:02:00,4,222,104,21,2,2.822,3846.5999999999995,0.0010684999999999998
2024-05-06 21:03:00,4,266,134,21,3,3.616,4084.8,0.0011346666666666666
2024-05-06 21:04:00,2,239,122,21,4,3.289,3986.7,0.0011074166666666667
2024-05-06 21:05:00,2,228,125,21,5,3.353,4005.9,0.00111275
2024-05-06 21:06:00,4,239,122,21,6,3.289,3986.7,0.0011074166666666667
2024-05-06 21:07:00,4,227,116,21,7,3.1270000000000002,3938.1000000000004,0.0010939166666666669
2024-05-06 21:08:00,2,222,128,21,8,3.422,4026.6000000000004,0.0011185000000000001
2024-05-06 21:09:00,2,233,130,21,9,3.483,4044.9000000000005,0.0011235833333333334
2024-05-06 21:10:00,2,248,128,21,10,3.4480000000000004,4034.4,0.0011206666666666667
2024-05-06 21:11:00,2,257,133,21,11,3.5820000000000003,4074.6000000000004,0.0011318333333333334
2024-05-06 21:12:00,2,257,107,21,12,2.9320000000000004,3879.6000000000004,0.0010776666666666667
2024-05-06 21:13:00,4,242,115,21,13,3.117,3935.1000000000004,0.0010930833333333335
2024-05-06 21:14:00,2,209,125,21,14,3.334,4000.2,0.0011111666666666666
2024-05-06 21:15:00,4,245,110,21,15,2.995,3898.5,0.0010829166666666667
2024-05-06 21:16:00,4,222,128,21,16,3.422,4026.6000000000004,0.0011185000000000001
2024-05-06 21:17:00,2,252,116,21,17,3.152,3945.6000000000004,0.0010960000000000002
2024-05-06 21:18:00,2,254,110,21,18,3.004,3901.2000000000003,0.0010836666666666668
2024-05-06 21:19:00,2,242,113,21,19,3.067,3920.1000000000004,0.0010889166666666669
2024-05-06 21:20:00,4,234,121,21,20,3.2590000000000003,3977.7000000000003,0.0011049166666666668
2024-05-06 21:21:00,2,222,125,21,21,3.347,4004.1000000000004,0.0011122500000000002
2024-05-06 21:22:00,2,227,109,21,22,2.952,3885.6000000000004,0.0010793333333333334
2024-05-06 21:23:00,2,236,113,21,23,3.0610000000000004,3918.3,0.0010884166666666668
2024-05-06 21:24:00,2,221,124,21,24,3.321,3996.3,0.0011100833333333334
2024-05-06 21:25:00,2,207,121,21,25,3.232,3969.6000000000004,0.0011026666666666667
2024-05-06 21:26:00,4,219,107,21,26,2.894,3868.2000000000003,0.0010745000000000002
2024-05-06 21:27:00,2,207,112,21,27,3.007,3902.1000000000004,0.0010839166666666668
2024-05-06 21:28:00,2,249,125,21,28,3.374,4012.2,0.0011145
2024-05-06 21:29:00,2,227,119,21,29,3.202,3960.6000000000004,0.0011001666666666668
2024-05-06 21:30:00,2,209,113,21,30,3.0340000000000003,3910.2000000000003,0.0010861666666666667
2024-05-06 21:31:00,2,243,107,21,31,2.918,3875.4,0.0010765
2024-05-06 21:32:00,2,233,106,21,32,2.8830000000000005,3864.9,0.0010735833333333333
2024-05-06 21:33:00,2,227,121,21,33,3.2520000000000002,3975.6000000000004,0.0011043333333333335
2024-05-06 21:34:00,2,218,118,21,34,3.168,3950.3999999999996,0.0010973333333333332
2024-05-06 21:35:00,2,228,113,21,35,3.0530000000000004,3915.9000000000005,0.0010877500000000002
2024-05-06 21:36:00,2,234,124,21,36,3.334,4000.2,0.0011111666666666666
2024-05-06 21:37:00,2,215,121,21,37,3.24,3972.0,0.0011033333333333333
2024-05-06 21:38:00,2,207,113,21,38,3.032,3909.6000000000004,0.0010860000000000002
2024-05-06 21:39:00,2,228,121,21,39,3.2530000000000006,3975.9,0.0011044166666666667
2024-05-06 21:40:00,2,207,106,21,40,2.857,3857.1000000000004,0.0010714166666666667
2024-05-06 21:41:00,2,221,112,21,41,3.0210000000000004,3906.3,0.0010850833333333333
2024-05-06 21:42:00,2,215,109,21,42,2.94,3882.0,0.0010783333333333333
2024-05-06 21:43:00,2,231,101,21,43,2.7560000000000002,3826.8,0.0010630000000000001
2024-05-06 21:44:00,2,215,113,21,44,3.04,3912.0,0.0010866666666666668
2024-05-06 21:45:00,2,209,103,21,45,2.7840000000000003,3835.2000000000003,0.0010653333333333335
2024-05-06 21:46:00,2,219,115,21,46,3.094,3928.2,0.0010911666666666667
2024-05-06 21:47:00,2,228,119,21,47,3.2030000000000003,3960.9,0.00110025
2024-05-06 21:48:00,2,207,113,21,48,3.032,3909.6000000000004,0.0010860000000000002
2024-05-06 21:49:00,2,207,103,21,49,2.782,3834.6000000000004,0.0010651666666666667
2024-05-06 21:50:00,2,207,115,21,50,3.082,3924.6000000000004,0.0010901666666666668
2024-05-06 21:51:00,2,221,104,21,51,2.821,3846.3,0.0010684166666666667
2024-05-06 21:52:00,2,225,113,21,52,3.0500000000000003,3915.0,0.0010875
2024-05-06 21:53:00,2,210,103,21,53,2.785,3835.5,0.0010654166666666668
2024-05-06 21:54:00,2,231,106,21,54,2.8810000000000002,3864.3,0.0010734166666666667
2024-05-06 21:55:00,2,219,118,21,55,3.169,3950.7000000000003,0.0010974166666666667
2024-05-06 21:56:00,2,219,103,21,56,2.794,3838.2000000000003,0.0010661666666666667
2024-05-06 21:57:00,2,227,116,21,57,3.1270000000000002,3938.1000000000004,0.0010939166666666669
2024-05-06 21:58:00,2,218,103,21,58,2.793,3837.9,0.0010660833333333334
2024-05-06 21:59:00,2,209,113,21,59,3.0340000000000003,3910.2000000000003,0.0010861666666666667
2024-05-06 22:00:00,2,225,104,22,0,2.825,3847.5,0.00106875
2024-05-06 22:01:00,2,213,110,22,1,2.963,3888.8999999999996,0.0010802499999999998
2024-05-06 22:02:00,2,212,106,22,2,2.8620000000000005,3858.6000000000004,0.0010718333333333335
2024-05-06 22:03:00,2,219,107,22,3,2.894,3868.2000000000003,0.0010745000000000002
2024-05-06 22:04:00,2,221,107,22,4,2.8960000000000004,3868.8,0.0010746666666666667
2024-05-06 22:05:00,2,210,104,22,5,2.81,3843.0,0.0010675
2024-05-06 22:06:00,2,212,104,22,6,2.8120000000000003,3843.6000000000004,0.0010676666666666669
2024-05-06 22:07:00,2,227,104,22,7,2.827,3848.1,0.0010689166666666666
2024-05-06 22:08:00,2,206,106,22,8,2.8560000000000003,3856.8,0.0010713333333333334
2024-05-06 22:09:00,2,224,113,22,9,3.0490000000000004,3914.7000000000003,0.0010874166666666667
2024-05-06 22:10:00,2,206,107,22,10,2.8810000000000002,3864.3,0.0010734166666666667
2024-05-06 22:11:00,2,215,110,22,11,2.965,3889.5,0.0010804166666666666
2024-05-06 22:12:00,2,206,106,22,12,2.8560000000000003,3856.8,0.0010713333333333334
2024-05-06 22:13:00,2,212,104,22,13,2.8120000000000003,3843.6000000000004,0.0010676666666666669
2024-05-06 22:14:00,2,218,101,22,14,2.7430000000000003,3822.9,0.0010619166666666667
2024-05-06 22:15:00,2,209,109,22,15,2.934,3880.2000000000003,0.0010778333333333334
2024-05-06 22:16:00,2,213,112,22,16,3.0130000000000003,3903.9,0.0010844166666666667
2024-05-06 22:17:00,2,215,107,22,17,2.89,3867.0,0.0010741666666666666
2024-05-06 22:18:00,2,206,104,22,18,2.806,3841.8,0.0010671666666666668
2024-05-06 22:19:00,2,213,110,22,19,2.963,3888.8999999999996,0.0010802499999999998
2024-05-06 22:20:00,2,218,103,22,20,2.793,3837.9,0.0010660833333333334
2024-05-06 22:21:00,2,209,106,22,21,2.8590000000000004,3857.7,0.0010715833333333332
2024-05-06 22:22:00,2,204,103,22,22,2.7790000000000004,3833.7,0.0010649166666666667
2024-05-06 22:23:00,2,215,103,22,23,2.79,3837.0,0.0010658333333333333
2024-05-06 22:24:00,2,203,109,22,24,2.928,3878.4000000000005,0.0010773333333333336
2024-05-06 22:25:00,2,210,107,22,25,2.8850000000000002,3865.5,0.00107375
2024-05-06 22:26:00,2,212,101,22,26,2.7370000000000005,3821.1000000000004,0.0010614166666666667
2024-05-06 22:27:00,2,210,104,22,27,2.81,3843.0,0.0010675
2024-05-06 22:28:00,2,216,104,22,28,2.8160000000000003,3844.8,0.0010680000000000002
2024-05-06 22:29:00,2,209,103,22,29,2.7840000000000003,3835.2000000000003,0.0010653333333333335
2024-05-06 22:30:00,2,216,107,22,30,2.8910000000000005,3867.3,0.0010742500000000001
2024-05-06 22:31:00,2,207,101,22,31,2.732,3819.6000000000004,0.001061
2024-05-06 22:32:00,2,213,106,22,32,2.8630000000000004,3858.9,0.0010719166666666668
2024-05-06 22:33:00,2,206,104,22,33,2.806,3841.8,0.0010671666666666668
2024-05-06 22:34:00,2,210,103,22,34,2.785,3835.5,0.0010654166666666668
2024-05-06 22:35:00,2,212,104,22,35,2.8120000000000003,3843.6000000000004,0.0010676666666666669
2024-05-06 22:36:00,2,207,106,22,36,2.857,3857.1000000000004,0.0010714166666666667
2024-05-06 22:37:00,2,206,103,22,37,2.781,3834.3,0.0010650833333333335
2024-05-06 22:38:00,2,207,103,22,38,2.782,3834.6000000000004,0.0010651666666666667
2024-05-06 22:39:00,2,206,104,22,39,2.806,3841.8,0.0010671666666666668
2024-05-06 22:40:00,2,210,104,22,40,2.81,3843.0,0.0010675
2024-05-06 22:41:00,2,204,104,22,41,2.8040000000000003,3841.2,0.001067
2024-05-06 22:42:00,2,206,103,22,42,2.781,3834.3,0.0010650833333333335
2024-05-06 22:43:00,2,212,101,22,43,2.7370000000000005,3821.1000000000004,0.0010614166666666667
2024-05-06 22:44:00,2,210,101,22,44,2.7350000000000003,3820.5,0.00106125
2024-05-06 22:45:00,2,206,101,22,45,2.7310000000000003,3819.3,0.0010609166666666668
2024-05-06 22:46:00,2,209,103,22,46,2.7840000000000003,3835.2000000000003,0.0010653333333333335
2024-05-06 22:47:00,2,203,104,22,47,2.803,3840.9000000000005,0.0010669166666666668
2024-05-06 22:48:00,2,209,103,22,48,2.7840000000000003,3835.2000000000003,0.0010653333333333335
2024-05-06 22:49:00,2,209,101,22,49,2.7340000000000004,3820.2,0.0010611666666666666
2024-05-06 22:50:00,2,209,103,22,50,2.7840000000000003,3835.2000000000003,0.0010653333333333335
2024-05-06 22:51:00,2,207,101,22,51,2.732,3819.6000000000004,0.001061
2024-05-06 22:52:00,2,201,100,22,52,2.701,3810.2999999999997,0.0010584166666666665
2024-05-06 22:53:00,2,206,104,22,53,2.806,3841.8,0.0010671666666666668
2024-05-06 22:54:00,2,201,101,22,54,2.7260000000000004,3817.8,0.0010605
2024-05-06 22:55:00,2,204,101,22,55,2.7290000000000005,3818.7000000000003,0.00106075
2024-05-06 22:56:00,2,204,103,22,56,2.7790000000000004,3833.7,0.0010649166666666667
2024-05-06 22:57:00,2,206,103,22,57,2.781,3834.3,0.0010650833333333335
2024-05-06 22:58:00,2,201,100,22,58,2.701,3810.2999999999997,0.0010584166666666665
2024-05-06 22:59:00,2,206,100,22,59,2.706,3811.7999999999997,0.0010588333333333333
2024-05-06 23:00:00,1,80,40,23,0,1.08,3324.0,0.0009233333333333333
2024-05-06 23:01:00,1,80,40,23,1,1.08,3324.0,0.0009233333333333333
2024-05-06 23:02:00,1,80,40,23,2,1.08,3324.0,0.0009233333333333333
2024-05-06 23:03:00,1,80,40,23,3,1.08,3324.0,0.0009233333333333333
2024-05-06 23:04:00,1,80,40,23,4,1.08,3324.0,0.0009233333333333333
2024-05-06 23:05:00,1,81,40,23,5,1.081,3324.2999999999997,0.0009234166666666666
2024-05-06 23:06:00,1,80,40,23,6,1.08,3324.0,0.0009233333333333333
2024-05-06 23:07:00,1,80,40,23,7,1.08,3324.0,0.0009233333333333333
2024-05-06 23:08:00,1,80,40,23,8,1.08,3324.0,0.0009233333333333333
2024-05-06 23:09:00,1,80,40,23,9,1.08,3324.0,0.0009233333333333333
2024-05-06 23:10:00,1,80,40,23,10,1.08,3324.0,0.0009233333333333333
2024-05-06 23:11:00,1,80,40,23,11,1.08,3324.0,0.0009233333333333333
2024-05-06 23:12:00,1,80,40,23,12,1.08,3324.0,0.0009233333333333333
2024-05-06 23:13:00,1,80,40,23,13,1.08,3324.0,0.0009233333333333333
2024-05-06 23:14:00,1,80,40,23,14,1.08,3324.0,0.0009233333333333333
2024-05-06 23:15:00,1,80,40,23,15,1.08,3324.0,0.0009233333333333333
2024-05-06 23:16:00,1,80,40,23,16,1.08,3324.0,0.0009233333333333333
2024-05-06 23:17:00,1,80,40,23,17,1.08,3324.0,0.0009233333333333333
2024-05-06 23:18:00,1,80,40,23,18,1.08,3324.0,0.0009233333333333333
2024-05-06 23:19:00,1,80,40,23,19,1.08,3324.0,0.0009233333333333333
2024-05-06 23:20:00,1,80,40,23,20,1.08,3324.0,0.0009233333333333333
2024-05-06 23:21:00,1,80,40,23,21,1.08,3324.0,0.0009233333333333333
2024-05-06 23:22:00,1,80,40,23,22,1.08,3324.0,0.0009233333333333333
2024-05-06 23:23:00,1,80,40,23,23,1.08,3324.0,0.0009233333333333333
2024-05-06 23:24:00,1,80,40,23,24,1.08,3324.0,0.0009233333333333333
2024-05-06 23:25:00,1,80,40,23,25,1.08,3324.0,0.0009233333333333333
2024-05-06 23:26:00,1,80,40,23,26,1.08,3324.0,0.0009233333333333333
2024-05-06 23:27:00,1,80,40,23,27,1.08,3324.0,0.0009233333333333333
2024-05-06 23:28:00,1,80,40,23,28,1.08,3324.0,0.0009233333333333333
2024-05-06 23:29:00,1,80,40,23,29,1.08,3324.0,0.0009233333333333333
2024-05-06 23:30:00,1,80,40,23,30,1.08,3324.0,0.0009233333333333333
2024-05-06 23:31:00,1,80,40,23,31,1.08,3324.0,0.0009233333333333333
2024-05-06 23:32:00,1,80,40,23,32,1.08,3324.0,0.0009233333333333333
2024-05-06 23:33:00,1,80,40,23,33,1.08,3324.0,0.0009233333333333333
2024-05-06 23:34:00,1,80,40,23,34,1.08,3324.0,0.0009233333333333333
2024-05-06 23:35:00,1,80,40,23,35,1.08,3324.0,0.0009233333333333333
2024-05-06 23:36:00,1,80,40,23,36,1.08,3324.0,0.0009233333333333333
2024-05-06 23:37:00,1,80,40,23,37,1.08,3324.0,0.0009233333333333333
2024-05-06 23:38:00,1,80,40,23,38,1.08,3324.0,0.0009233333333333333
2024-05-06 23:39:00,1,80,40,23,39,1.08,3324.0,0.0009233333333333333
2024-05-06 23:40:00,1,80,40,23,40,1.08,3324.0,0.0009233333333333333
2024-05-06 23:41:00,1,80,40,23,41,1.08,3324.0,0.0009233333333333333
2024-05-06 23:42:00,1,80,40,23,42,1.08,3324.0,0.0009233333333333333
2024-05-06 23:43:00,1,80,40,23,43,1.08,3324.0,0.0009233333333333333
2024-05-06 23:44:00,1,80,40,23,44,1.08,3324.0,0.0009233333333333333
2024-05-06 23:45:00,1,80,40,23,45,1.08,3324.0,0.0009233333333333333
2024-05-06 23:46:00,1,80,40,23,46,1.08,3324.0,0.0009233333333333333
2024-05-06 23:47:00,1,80,40,23,47,1.08,3324.0,0.0009233333333333333
2024-05-06 23:48:00,1,80,40,23,48,1.08,3324.0,0.0009233333333333333
2024-05-06 23:49:00,1,80,40,23,49,1.08,3324.0,0.0009233333333333333
2024-05-06 23:50:00,1,80,40,23,50,1.08,3324.0,0.0009233333333333333
2024-05-06 23:51:00,1,80,40,23,51,1.08,3324.0,0.0009233333333333333
2024-05-06 23:52:00,1,80,40,23,52,1.08,3324.0,0.0009233333333333333
2024-05-06 23:53:00,1,80,40,23,53,1.08,3324.0,0.0009233333333333333
2024-05-06 23:54:00,1,80,40,23,54,1.08,3324.0,0.0009233333333333333
2024-05-06 23:55:00,1,80,40,23,55,1.08,3324.0,0.0009233333333333333
2024-05-06 23:56:00,1,80,40,23,56,1.08,3324.0,0.0009233333333333333
2024-05-06 23:57:00,1,80,40,23,57,1.08,3324.0,0.0009233333333333333
2024-05-06 23:58:00,1,80,40,23,58,1.08,3324.0,0.0009233333333333333
2024-05-06 23:59:00,1,80,40,23,59,1.08,3324.0,0.0009233333333333333
2024-05-07 00:00:00,1,80,40,0,0,1.08,3324.0,0.0009233333333333333
2024-05-07 00:01:00,1,80,40,0,1,1.08,3324.0,0.0009233333333333333
2024-05-07 00:02:00,1,80,40,0,2,1.08,3324.0,0.0009233333333333333
2024-05-07 00:03:00,1,80,40,0,3,1.08,3324.0,0.0009233333333333333
2024-05-07 00:04:00,1,80,40,0,4,1.08,3324.0,0.0009233333333333333
2024-05-07 00:05:00,1,80,40,0,5,1.08,3324.0,0.0009233333333333333
2024-05-07 00:06:00,1,80,40,0,6,1.08,3324.0,0.0009233333333333333
2024-05-07 00:07:00,1,80,40,0,7,1.08,3324.0,0.0009233333333333333
2024-05-07 00:08:00,1,80,40,0,8,1.08,3324.0,0.0009233333333333333
2024-05-07 00:09:00,1,80,40,0,9,1.08,3324.0,0.0009233333333333333
2024-05-07 00:10:00,1,80,40,0,10,1.08,3324.0,0.0009233333333333333
2024-05-07 00:11:00,1,80,40,0,11,1.08,3324.0,0.0009233333333333333
2024-05-07 00:12:00,1,80,40,0,12,1.08,3324.0,0.0009233333333333333
2024-05-07 00:13:00,1,80,40,0,13,1.08,3324.0,0.0009233333333333333
2024-05-07 00:14:00,1,80,40,0,14,1.08,3324.0,0.0009233333333333333
2024-05-07 00:15:00,1,80,40,0,15,1.08,3324.0,0.0009233333333333333
2024-05-07 00:16:00,1,80,40,0,16,1.08,3324.0,0.0009233333333333333
2024-05-07 00:17:00,1,80,40,0,17,1.08,3324.0,0.0009233333333333333
2024-05-07 00:18:00,1,80,40,0,18,1.08,3324.0,0.0009233333333333333
2024-05-07 00:19:00,1,80,40,0,19,1.08,3324.0,0.0009233333333333333
2024-05-07 00:20:00,1,80,40,0,20,1.08,3324.0,0.0009233333333333333
2024-05-07 00:21:00,1,80,40,0,21,1.08,3324.0,0.0009233333333333333
2024-05-07 00:22:00,1,80,40,0,22,1.08,3324.0,0.0009233333333333333
2024-05-07 00:23:00,1,80,40,0,23,1.08,3324.0,0.0009233333333333333
2024-05-07 00:24:00,1,80,40,0,24,1.08,3324.0,0.0009233333333333333
2024-05-07 00:25:00,1,80,40,0,25,1.08,3324.0,0.0009233333333333333
2024-05-07 00:26:00,1,80,40,0,26,1.08,3324.0,0.0009233333333333333
2024-05-07 00:27:00,1,80,40,0,27,1.08,3324.0,0.0009233333333333333
2024-05-07 00:28:00,1,80,40,0,28,1.08,3324.0,0.0009233333333333333
2024-05-07 00:29:00,1,80,40,0,29,1.08,3324.0,0.0009233333333333333
2024-05-07 00:30:00,1,80,40,0,30,1.08,3324.0,0.0009233333333333333
2024-05-07 00:31:00,1,80,40,0,31,1.08,3324.0,0.0009233333333333333
2024-05-07 00:32:00,1,80,40,0,32,1.08,3324.0,0.0009233333333333333
2024-05-07 00:33:00,1,80,40,0,33,1.08,3324.0,0.0009233333333333333
2024-05-07 00:34:00,1,80,40,0,34,1.08,3324.0,0.0009233333333333333
2024-05-07 00:35:00,1,80,40,0,35,1.08,3324.0,0.0009233333333333333
2024-05-07 00:36:00,1,80,40,0,36,1.08,3324.0,0.0009233333333333333
2024-05-07 00:37:00,1,80,40,0,37,1.08,3324.0,0.0009233333333333333
2024-05-07 00:38:00,1,80,40,0,38,1.08,3324.0,0.0009233333333333333
2024-05-07 00:39:00,1,80,40,0,39,1.08,3324.0,0.0009233333333333333
2024-05-07 00:40:00,1,80,40,0,40,1.08,3324.0,0.0009233333333333333
2024-05-07 00:41:00,1,80,40,0,41,1.08,3324.0,0.0009233333333333333
2024-05-07 00:42:00,1,80,40,0,42,1.08,3324.0,0.0009233333333333333
2024-05-07 00:43:00,1,80,40,0,43,1.08,3324.0,0.0009233333333333333
2024-05-07 00:44:00,1,80,40,0,44,1.08,3324.0,0.0009233333333333333
2024-05-07 00:45:00,1,80,40,0,45,1.08,3324.0,0.0009233333333333333
2024-05-07 00:46:00,1,80,40,0,46,1.08,3324.0,0.0009233333333333333
2024-05-07 00:47:00,1,80,40,0,47,1.08,3324.0,0.0009233333333333333
2024-05-07 00:48:00,1,80,40,0,48,1.08,3324.0,0.0009233333333333333
2024-05-07 00:49:00,1,80,40,0,49,1.08,3324.0,0.0009233333333333333
2024-05-07 00:50:00,1,80,40,0,50,1.08,3324.0,0.0009233333333333333
2024-05-07 00:51:00,1,80,40,0,51,1.08,3324.0,0.0009233333333333333
2024-05-07 00:52:00,1,80,40,0,52,1.08,3324.0,0.0009233333333333333
2024-05-07 00:53:00,1,80,40,0,53,1.08,3324.0,0.0009233333333333333
2024-05-07 00:54:00,1,80,40,0,54,1.08,3324.0,0.0009233333333333333
2024-05-07 00:55:00,1,80,40,0,55,1.08,3324.0,0.0009233333333333333
2024-05-07 00:56:00,1,80,40,0,56,1.08,3324.0,0.0009233333333333333
2024-05-07 00:57:00,1,80,40,0,57,1.08,3324.0,0.0009233333333333333
2024-05-07 00:58:00,1,80,40,0,58,1.08,3324.0,0.0009233333333333333
2024-05-07 00:59:00,1,80,40,0,59,1.08,3324.0,0.0009233333333333333
2024-05-07 01:00:00,1,80,40,1,0,1.08,3324.0,0.0009233333333333333
2024-05-07 01:01:00,1,81,40,1,1,1.081,3324.2999999999997,0.0009234166666666666
2024-05-07 01:02:00,1,80,40,1,2,1.08,3324.0,0.0009233333333333333
2024-05-07 01:03:00,1,80,40,1,3,1.08,3324.0,0.0009233333333333333
2024-05-07 01:04:00,1,80,40,1,4,1.08,3324.0,0.0009233333333333333
2024-05-07 01:05:00,1,80,40,1,5,1.08,3324.0,0.0009233333333333333
2024-05-07 01:06:00,1,80,40,1,6,1.08,3324.0,0.0009233333333333333
2024-05-07 01:07:00,1,80,40,1,7,1.08,3324.0,0.0009233333333333333
2024-05-07 01:08:00,1,81,40,1,8,1.081,3324.2999999999997,0.0009234166666666666
2024-05-07 01:09:00,1,80,40,1,9,1.08,3324.0,0.0009233333333333333
2024-05-07 01:10:00,1,81,40,1,10,1.081,3324.2999999999997,0.0009234166666666666
2024-05-07 01:11:00,1,82,40,1,11,1.082,3324.6000000000004,0.0009235000000000001
2024-05-07 01:12:00,1,81,40,1,12,1.081,3324.2999999999997,0.0009234166666666666
2024-05-07 01:13:00,1,81,40,1,13,1.081,3324.2999999999997,0.0009234166666666666
2024-05-07 01:14:00,1,81,41,1,14,1.106,3331.7999999999997,0.0009254999999999999
2024-05-07 01:15:00,1,80,40,1,15,1.08,3324.0,0.0009233333333333333
2024-05-07 01:16:00,1,82,40,1,16,1.082,3324.6000000000004,0.0009235000000000001
2024-05-07 01:17:00,1,80,41,1,17,1.1050000000000002,3331.5,0.0009254166666666666
2024-05-07 01:18:00,1,80,41,1,18,1.1050000000000002,3331.5,0.0009254166666666666
2024-05-07 01:19:00,1,80,41,1,19,1.1050000000000002,3331.5,0.0009254166666666666
2024-05-07 01:20:00,1,81,41,1,20,1.106,3331.7999999999997,0.0009254999999999999
2024-05-07 01:21:00,1,82,41,1,21,1.1070000000000002,3332.1000000000004,0.0009255833333333335
2024-05-07 01:22:00,1,80,40,1,22,1.08,3324.0,0.0009233333333333333
2024-05-07 01:23:00,1,80,41,1,23,1.1050000000000002,3331.5,0.0009254166666666666
2024-05-07 01:24:00,1,82,40,1,24,1.082,3324.6000000000004,0.0009235000000000001
2024-05-07 01:25:00,1,82,40,1,25,1.082,3324.6000000000004,0.0009235000000000001
2024-05-07 01:26:00,1,80,41,1,26,1.1050000000000002,3331.5,0.0009254166666666666
2024-05-07 01:27:00,1,81,41,1,27,1.106,3331.7999999999997,0.0009254999999999999
2024-05-07 01:28:00,1,82,40,1,28,1.082,3324.6000000000004,0.0009235000000000001
2024-05-07 01:29:00,1,81,40,1,29,1.081,3324.2999999999997,0.0009234166666666666
2024-05-07 01:30:00,1,81,41,1,30,1.106,3331.7999999999997,0.0009254999999999999
2024-05-07 01:31:00,1,83,40,1,31,1.083,3324.9,0.0009235833333333333
2024-05-07 01:32:00,1,83,40,1,32,1.083,3324.9,0.0009235833333333333
2024-05-07 01:33:00,1,80,40,1,33,1.08,3324.0,0.0009233333333333333
2024-05-07 01:34:00,1,80,40,1,34,1.08,3324.0,0.0009233333333333333
2024-05-07 01:35:00,1,83,41,1,35,1.108,3332.4000000000005,0.0009256666666666669
2024-05-07 01:36:00,1,81,40,1,36,1.081,3324.2999999999997,0.0009234166666666666
2024-05-07 01:37:00,1,83,40,1,37,1.083,3324.9,0.0009235833333333333
2024-05-07 01:38:00,1,83,40,1,38,1.083,3324.9,0.0009235833333333333
2024-05-07 01:39:00,1,80,40,1,39,1.08,3324.0,0.0009233333333333333
2024-05-07 01:40:00,1,83,41,1,40,1.108,3332.4000000000005,0.0009256666666666669
2024-05-07 01:41:00,1,84,41,1,41,1.1090000000000002,3332.7,0.0009257499999999999
2024-05-07 01:42:00,1,81,41,1,42,1.106,3331.7999999999997,0.0009254999999999999
2024-05-07 01:43:00,1,80,41,1,43,1.1050000000000002,3331.5,0.0009254166666666666
2024-05-07 01:44:00,1,82,40,1,44,1.082,3324.6000000000004,0.0009235000000000001
2024-05-07 01:45:00,1,84,42,1,45,1.1340000000000001,3340.2000000000003,0.0009278333333333335
2024-05-07 01:46:00,1,81,40,1,46,1.081,3324.2999999999997,0.0009234166666666666
2024-05-07 01:47:00,1,80,41,1,47,1.1050000000000002,3331.5,0.0009254166666666666
2024-05-07 01:48:00,1,85,40,1,48,1.085,3325.5,0.00092375
2024-05-07 01:49:00,1,83,41,1,49,1.108,3332.4000000000005,0.0009256666666666669
2024-05-07 01:50:00,1,81,42,1,50,1.131,3339.2999999999997,0.0009275833333333332
2024-05-07 01:51:00,1,83,40,1,51,1.083,3324.9,0.0009235833333333333
2024-05-07 01:52:00,1,82,40,1,52,1.082,3324.6000000000004,0.0009235000000000001
2024-05-07 01:53:00,1,82,41,1,53,1.1070000000000002,3332.1000000000004,0.0009255833333333335
2024-05-07 01:54:00,1,83,42,1,54,1.133,3339.9,0.00092775
2024-05-07 01:55:00,1,84,40,1,55,1.084,3325.2,0.0009236666666666666
2024-05-07 01:56:00,1,85,40,1,56,1.085,3325.5,0.00092375
2024-05-07 01:57:00,1,86,42,1,57,1.1360000000000001,3340.7999999999997,0.0009279999999999999
2024-05-07 01:58:00,1,81,42,1,58,1.131,3339.2999999999997,0.0009275833333333332
2024-05-07 01:59:00,1,85,41,1,59,1.11,3333.0,0.0009258333333333333
2024-05-07 02:00:00,1,85,43,2,0,1.16,3348.0,0.00093
2024-05-07 02:01:00,1,83,43,2,1,1.158,3347.3999999999996,0.0009298333333333332
2024-05-07 02:02:00,1,85,41,2,2,1.11,3333.0,0.0009258333333333333
2024-05-07 02:03:00,1,83,42,2,3,1.133,3339.9,0.00092775
2024-05-07 02:04:00,1,85,43,2,4,1.16,3348.0,0.00093
2024-05-07 02:05:00,1,83,41,2,5,1.108,3332.4000000000005,0.0009256666666666669
2024-05-07 02:06:00,1,85,40,2,6,1.085,3325.5,0.00092375
2024-05-07 02:07:00,1,86,43,2,7,1.161,3348.2999999999997,0.0009300833333333332
2024-05-07 02:08:00,1,81,40,2,8,1.081,3324.2999999999997,0.0009234166666666666
2024-05-07 02:09:00,1,85,41,2,9,1.11,3333.0,0.0009258333333333333
2024-05-07 02:10:00,1,83,42,2,10,1.133,3339.9,0.00092775
2024-05-07 02:11:00,1,82,40,2,11,1.082,3324.6000000000004,0.0009235000000000001
2024-05-07 02:12:00,1,83,43,2,12,1.158,3347.3999999999996,0.0009298333333333332
2024-05-07 02:13:00,1,85,43,2,13,1.16,3348.0,0.00093
2024-05-07 02:14:00,1,83,43,2,14,1.158,3347.3999999999996,0.0009298333333333332
2024-05-07 02:15:00,1,85,43,2,15,1.16,3348.0,0.00093
2024-05-07 02:16:00,1,84,43,2,16,1.159,3347.7000000000003,0.0009299166666666668
2024-05-07 02:17:00,1,82,40,2,17,1.082,3324.6000000000004,0.0009235000000000001
2024-05-07 02:18:00,1,83,41,2,18,1.108,3332.4000000000005,0.0009256666666666669
2024-05-07 02:19:00,1,87,42,2,19,1.137,3341.1,0.0009280833333333333
2024-05-07 02:20:00,1,87,40,2,20,1.087,3326.0999999999995,0.0009239166666666665
2024-05-07 02:21:00,1,81,41,2,21,1.106,3331.7999999999997,0.0009254999999999999
2024-05-07 02:22:00,1,86,41,2,22,1.1110000000000002,3333.3,0.0009259166666666667
2024-05-07 02:23:00,1,85,41,2,23,1.11,3333.0,0.0009258333333333333
2024-05-07 02:24:00,1,83,41,2,24,1.108,3332.4000000000005,0.0009256666666666669
2024-05-07 02:25:00,1,81,43,2,25,1.156,3346.8,0.0009296666666666667
2024-05-07 02:26:00,1,84,44,2,26,1.1840000000000002,3355.2000000000003,0.0009320000000000001
2024-05-07 02:27:00,1,86,43,2,27,1.161,3348.2999999999997,0.0009300833333333332
2024-05-07 02:28:00,1,89,43,2,28,1.164,3349.2,0.0009303333333333333
2024-05-07 02:29:00,1,81,42,2,29,1.131,3339.2999999999997,0.0009275833333333332
2024-05-07 02:30:00,1,87,43,2,30,1.162,3348.6,0.0009301666666666666
2024-05-07 02:31:00,1,88,41,2,31,1.1130000000000002,3333.9,0.0009260833333333333
2024-05-07 02:32:00,1,89,44,2,32,1.189,3356.7000000000003,0.0009324166666666668
2024-05-07 02:33:00,1,85,42,2,33,1.135,3340.5,0.0009279166666666666
2024-05-07 02:34:00,1,83,43,2,34,1.158,3347.3999999999996,0.0009298333333333332
2024-05-07 02:35:00,1,85,40,2,35,1.085,3325.5,0.00092375
2024-05-07 02:36:00,1,88,40,2,36,1.088,3326.4,0.000924
2024-05-07 02:37:00,1,86,45,2,37,1.211,3363.3,0.0009342500000000001
2024-05-07 02:38:00,1,82,44,2,38,1.1820000000000002,3354.6000000000004,0.0009318333333333335
2024-05-07 02:39:00,1,88,42,2,39,1.1380000000000001,3341.4,0.0009281666666666667
2024-05-07 02:40:00,1,89,45,2,40,1.214,3364.2000000000003,0.0009345000000000001
2024-05-07 02:41:00,1,90,45,2,41,1.215,3364.5,0.0009345833333333334
2024-05-07 02:42:00,1,84,45,2,42,1.209,3362.7,0.0009340833333333333
2024-05-07 02:43:00,1,85,46,2,43,1.235,3370.5,0.00093625
2024-05-07 02:44:00,1,88,44,2,44,1.1880000000000002,3356.4,0.0009323333333333334
2024-05-07 02:45:00,1,82,44,2,45,1.1820000000000002,3354.6000000000004,0.0009318333333333335
2024-05-07 02:46:00,1,91,43,2,46,1.166,3349.8,0.0009305
2024-05-07 02:47:00,1,86,42,2,47,1.1360000000000001,3340.7999999999997,0.0009279999999999999
2024-05-07 02:48:00,1,89,43,2,48,1.164,3349.2,0.0009303333333333333
2024-05-07 02:49:00,1,88,41,2,49,1.1130000000000002,3333.9,0.0009260833333333333
2024-05-07 02:50:00,1,86,46,2,50,1.2360000000000002,3370.8,0.0009363333333333334
2024-05-07 02:51:00,1,87,45,2,51,1.212,3363.5999999999995,0.0009343333333333331
2024-05-07 02:52:00,1,85,43,2,52,1.16,3348.0,0.00093
2024-05-07 02:53:00,1,88,45,2,53,1.213,3363.9,0.0009344166666666667
2024-05-07 02:54:00,1,92,46,2,54,1.2420000000000002,3372.6000000000004,0.0009368333333333335
2024-05-07 02:55:00,1,82,45,2,55,1.207,3362.1000000000004,0.0009339166666666668
2024-05-07 02:56:00,1,84,44,2,56,1.1840000000000002,3355.2000000000003,0.0009320000000000001
2024-05-07 02:57:00,1,91,45,2,57,1.216,3364.7999999999997,0.0009346666666666665
2024-05-07 02:58:00,1,94,45,2,58,1.219,3365.7,0.0009349166666666666
2024-05-07 02:59:00,1,87,44,2,59,1.187,3356.1000000000004,0.0009322500000000001
2024-05-07 03:00:00,1,91,45,3,0,1.216,3364.7999999999997,0.0009346666666666665
2024-05-07 03:01:00,1,92,42,3,1,1.1420000000000001,3342.5999999999995,0.0009284999999999999
2024-05-07 03:02:00,1,91,43,3,2,1.166,3349.8,0.0009305
2024-05-07 03:03:00,1,83,45,3,3,1.208,3362.4,0.000934
2024-05-07 03:04:00,1,82,43,3,4,1.157,3347.1,0.00092975
2024-05-07 03:05:00,1,91,48,3,5,1.2910000000000001,3387.3,0.0009409166666666667
2024-05-07 03:06:00,1,92,44,3,6,1.1920000000000002,3357.6000000000004,0.0009326666666666668
2024-05-07 03:07:00,1,87,43,3,7,1.162,3348.6,0.0009301666666666666
2024-05-07 03:08:00,1,95,41,3,8,1.12,3336.0,0.0009266666666666667
2024-05-07 03:09:00,1,92,42,3,9,1.1420000000000001,3342.5999999999995,0.0009284999999999999
2024-05-07 03:10:00,1,91,41,3,10,1.116,3334.7999999999997,0.0009263333333333333
2024-05-07 03:11:00,1,95,41,3,11,1.12,3336.0,0.0009266666666666667
2024-05-07 03:12:00,1,88,48,3,12,1.2880000000000003,3386.4000000000005,0.0009406666666666668
2024-05-07 03:13:00,1,88,46,3,13,1.2380000000000002,3371.4,0.0009365
2024-05-07 03:14:00,1,91,43,3,14,1.166,3349.8,0.0009305
2024-05-07 03:15:00,1,95,47,3,15,1.27,3381.0,0.0009391666666666667
2024-05-07 03:16:00,1,97,41,3,16,1.122,3336.6000000000004,0.0009268333333333334
2024-05-07 03:17:00,1,90,42,3,17,1.1400000000000001,3342.0,0.0009283333333333333
2024-05-07 03:18:00,1,88,45,3,18,1.213,3363.9,0.0009344166666666667
2024-05-07 03:19:00,1,83,42,3,19,1.133,3339.9,0.00092775
2024-05-07 03:20:00,1,97,44,3,20,1.197,3359.0999999999995,0.0009330833333333332
2024-05-07 03:21:00,1,93,42,3,21,1.143,3342.9,0.0009285833333333333
2024-05-07 03:22:00,1,85,48,3,22,1.2850000000000001,3385.5,0.0009404166666666667
2024-05-07 03:23:00,1,98,45,3,23,1.223,3366.9,0.00093525
2024-05-07 03:24:00,1,94,47,3,24,1.2690000000000001,3380.7000000000003,0.0009390833333333334
2024-05-07 03:25:00,1,84,42,3,25,1.1340000000000001,3340.2000000000003,0.0009278333333333335
2024-05-07 03:26:00,1,91,43,3,26,1.166,3349.8,0.0009305
2024-05-07 03:27:00,1,95,42,3,27,1.145,3343.5,0.00092875
2024-05-07 03:28:00,1,96,47,3,28,1.2710000000000001,3381.2999999999997,0.0009392499999999999
2024-05-07 03:29:00,1,96,43,3,29,1.171,3351.2999999999997,0.0009309166666666666
2024-05-07 03:30:00,1,91,48,3,30,1.2910000000000001,3387.3,0.0009409166666666667
2024-05-07 03:31:00,1,96,46,3,31,1.2460000000000002,3373.7999999999997,0.0009371666666666666
2024-05-07 03:32:00,1,83,41,3,32,1.108,3332.4000000000005,0.0009256666666666669
2024-05-07 03:33:00,1,90,49,3,33,1.3150000000000002,3394.5,0.0009429166666666667
2024-05-07 03:34:00,1,83,46,3,34,1.233,3369.9000000000005,0.0009360833333333335
2024-05-07 03:35:00,1,93,47,3,35,1.268,3380.4,0.0009390000000000001
2024-05-07 03:36:00,1,98,44,3,36,1.1980000000000002,3359.4,0.0009331666666666667
2024-05-07 03:37:00,1,97,49,3,37,1.322,3396.5999999999995,0.0009434999999999999
2024-05-07 03:38:00,1,83,47,3,38,1.258,3377.4,0.0009381666666666667
2024-05-07 03:39:00,1,86,51,3,39,1.3610000000000002,3408.3,0.00094675
2024-05-07 03:40:00,1,86,49,3,40,1.3110000000000002,3393.2999999999997,0.0009425833333333333
2024-05-07 03:41:00,1,100,43,3,41,1.175,3352.5,0.00093125
2024-05-07 03:42:00,1,92,45,3,42,1.217,3365.1000000000004,0.0009347500000000001
2024-05-07 03:43:00,1,93,45,3,43,1.218,3365.4,0.0009348333333333333
2024-05-07 03:44:00,1,92,41,3,44,1.1170000000000002,3335.1000000000004,0.0009264166666666668
2024-05-07 03:45:00,1,100,45,3,45,1.225,3367.5,0.0009354166666666666
2024-05-07 03:46:00,1,99,47,3,46,1.274,3382.2000000000003,0.0009395000000000001
2024-05-07 03:47:00,1,87,43,3,47,1.162,3348.6,0.0009301666666666666
2024-05-07 03:48:00,1,90,52,3,48,1.3900000000000001,3417.0,0.0009491666666666666
2024-05-07 03:49:00,1,88,52,3,49,1.3880000000000001,3416.4,0.000949
2024-05-07 03:50:00,1,92,49,3,50,1.3170000000000002,3395.1000000000004,0.0009430833333333334
2024-05-07 03:51:00,1,83,42,3,51,1.133,3339.9,0.00092775
2024-05-07 03:52:00,1,83,43,3,52,1.158,3347.3999999999996,0.0009298333333333332
2024-05-07 03:53:00,1,93,46,3,53,1.243,3372.9,0.0009369166666666667
2024-05-07 03:54:00,1,95,43,3,54,1.17,3351.0,0.0009308333333333333
2024-05-07 03:55:00,1,96,46,3,55,1.2460000000000002,3373.7999999999997,0.0009371666666666666
2024-05-07 03:56:00,1,99,43,3,56,1.174,3352.2000000000003,0.0009311666666666667
2024-05-07 03:57:00,1,85,50,3,57,1.335,3400.5,0.0009445833333333333
2024-05-07 03:58:00,1,84,50,3,58,1.334,3400.2,0.0009444999999999999
2024-05-07 03:59:00,1,84,51,3,59,1.3590000000000002,3407.7,0.0009465833333333332
2024-05-07 04:00:00,1,89,44,4,0,1.189,3356.7000000000003,0.0009324166666666668
2024-05-07 04:01:00,1,89,49,4,1,1.314,3394.2000000000003,0.0009428333333333334
2024-05-07 04:02:00,1,88,47,4,2,1.2630000000000001,3378.9,0.0009385833333333334
2024-05-07 04:03:00,1,85,41,4,3,1.11,3333.0,0.0009258333333333333
2024-05-07 04:04:00,1,98,48,4,4,1.2980000000000003,3389.4,0.0009415000000000001
2024-05-07 04:05:00,1,99,46,4,5,1.249,3374.7,0.0009374166666666666
2024-05-07 04:06:00,1,84,49,4,6,1.3090000000000002,3392.7000000000003,0.0009424166666666667
2024-05-07 04:07:00,1,104,49,4,7,1.3290000000000002,3398.7000000000003,0.0009440833333333334
2024-05-07 04:08:00,1,89,53,4,8,1.4140000000000001,3424.2,0.0009511666666666666
2024-05-07 04:09:00,1,85,50,4,9,1.335,3400.5,0.0009445833333333333
2024-05-07 04:10:00,1,84,47,4,10,1.2590000000000001,3377.7000000000003,0.0009382500000000001
2024-05-07 04:11:00,1,105,53,4,11,1.4300000000000002,3429.0,0.0009525
2024-05-07 04:12:00,1,101,54,4,12,1.451,3435.2999999999997,0.0009542499999999999
2024-05-07 04:13:00,2,95,42,4,13,1.145,3343.5,0.00092875
2024-05-07 04:14:00,1,103,45,4,14,1.228,3368.4,0.0009356666666666667
2024-05-07 04:15:00,1,89,49,4,15,1.314,3394.2000000000003,0.0009428333333333334
2024-05-07 04:16:00,1,98,44,4,16,1.1980000000000002,3359.4,0.0009331666666666667
2024-05-07 04:17:00,1,92,51,4,17,1.3670000000000002,3410.1000000000004,0.0009472500000000001
2024-05-07 04:18:00,1,83,41,4,18,1.108,3332.4000000000005,0.0009256666666666669
2024-05-07 04:19:00,2,83,48,4,19,1.2830000000000001,3384.9,0.00094025
2024-05-07 04:20:00,1,102,49,4,20,1.3270000000000002,3398.1000000000004,0.0009439166666666668
2024-05-07 04:21:00,1,102,52,4,21,1.4020000000000001,3420.6000000000004,0.0009501666666666668
2024-05-07 04:22:00,1,105,44,4,22,1.205,3361.5,0.00093375
2024-05-07 04:23:00,1,109,52,4,23,1.409,3422.7000000000003,0.0009507500000000001
2024-05-07 04:24:00,2,108,55,4,24,1.483,3444.9000000000005,0.0009569166666666668
2024-05-07 04:25:00,1,106,49,4,25,1.3310000000000002,3399.2999999999997,0.0009442499999999999
2024-05-07 04:26:00,1,97,52,4,26,1.397,3419.1,0.00094975
2024-05-07 04:27:00,1,97,56,4,27,1.497,3449.1000000000004,0.0009580833333333335
2024-05-07 04:28:00,1,88,42,4,28,1.1380000000000001,3341.4,0.0009281666666666667
2024-05-07 04:29:00,1,92,53,4,29,1.4170000000000003,3425.1000000000004,0.0009514166666666668
2024-05-07 04:30:00,1,98,51,4,30,1.3730000000000002,3411.9,0.00094775
2024-05-07 04:31:00,1,87,44,4,31,1.187,3356.1000000000004,0.0009322500000000001
2024-05-07 04:32:00,2,105,57,4,32,1.53,3459.0,0.0009608333333333333
2024-05-07 04:33:00,1,92,46,4,33,1.2420000000000002,3372.6000000000004,0.0009368333333333335
2024-05-07 04:34:00,2,93,49,4,34,1.318,3395.4,0.0009431666666666667
2024-05-07 04:35:00,1,97,53,4,35,1.4220000000000002,3426.6000000000004,0.0009518333333333334
2024-05-07 04:36:00,1,89,56,4,36,1.489,3446.7000000000003,0.0009574166666666667
2024-05-07 04:37:00,1,96,57,4,37,1.5210000000000001,3456.2999999999997,0.0009600833333333333
2024-05-07 04:38:00,2,90,56,4,38,1.4900000000000002,3447.0,0.0009575
2024-05-07 04:39:00,2,107,46,4,39,1.2570000000000001,3377.1000000000004,0.0009380833333333334
2024-05-07 04:40:00,2,87,47,4,40,1.262,3378.6,0.0009385
2024-05-07 04:41:00,2,91,43,4,41,1.166,3349.8,0.0009305
2024-05-07 04:42:00,1,110,53,4,42,1.4350000000000003,3430.5,0.0009529166666666667
2024-05-07 04:43:00,2,99,53,4,43,1.4240000000000002,3427.2000000000003,0.000952
2024-05-07 04:44:00,1,101,46,4,44,1.2510000000000001,3375.3,0.0009375833333333333
2024-05-07 04:45:00,1,109,43,4,45,1.184,3355.2000000000003,0.0009320000000000001
2024-05-07 04:46:00,2,115,51,4,46,1.3900000000000001,3417.0,0.0009491666666666666
2024-05-07 04:47:00,2,114,57,4,47,1.5390000000000001,3461.7,0.0009615833333333333
2024-05-07 04:48:00,1,91,43,4,48,1.166,3349.8,0.0009305
2024-05-07 04:49:00,1,95,55,4,49,1.47,3441.0,0.0009558333333333334
2024-05-07 04:50:00,2,105,44,4,50,1.205,3361.5,0.00093375
2024-05-07 04:51:00,1,94,58,4,51,1.5440000000000003,3463.2000000000003,0.0009620000000000001
2024-05-07 04:52:00,1,100,48,4,52,1.3000000000000003,3390.0,0.0009416666666666667
2024-05-07 04:53:00,1,88,50,4,53,1.338,3401.4,0.0009448333333333333
2024-05-07 04:54:00,1,98,49,4,54,1.3230000000000002,3396.9,0.0009435833333333334
2024-05-07 04:55:00,2,101,52,4,55,1.401,3420.2999999999997,0.0009500833333333333
2024-05-07 04:56:00,2,96,53,4,56,1.4210000000000003,3426.2999999999997,0.0009517499999999999
2024-05-07 04:57:00,2,88,44,4,57,1.1880000000000002,3356.4,0.0009323333333333334
2024-05-07 04:58:00,1,92,51,4,58,1.3670000000000002,3410.1000000000004,0.0009472500000000001
2024-05-07 04:59:00,2,85,47,4,59,1.26,3378.0,0.0009383333333333333
2024-05-07 05:00:00,1,91,54,5,0,1.441,3432.2999999999997,0.0009534166666666665
2024-05-07 05:01:00,1,117,53,5,1,1.4420000000000002,3432.6000000000004,0.0009535000000000001
2024-05-07 05:02:00,1,107,59,5,2,1.582,3474.6000000000004,0.0009651666666666668
2024-05-07 05:03:00,2,110,44,5,3,1.2100000000000002,3363.0,0.0009341666666666667
2024-05-07 05:04:00,1,117,57,5,4,1.542,3462.6000000000004,0.0009618333333333334
2024-05-07 05:05:00,1,98,54,5,5,1.4480000000000002,3434.4,0.000954
2024-05-07 05:06:00,1,92,54,5,6,1.4420000000000002,3432.6000000000004,0.0009535000000000001
2024-05-07 05:07:00,1,119,55,5,7,1.494,3448.2000000000003,0.0009578333333333334
2024-05-07 05:08:00,1,117,46,5,8,1.2670000000000001,3380.0999999999995,0.0009389166666666666
2024-05-07 05:09:00,2,102,60,5,9,1.602,3480.6000000000004,0.0009668333333333334
2024-05-07 05:10:00,2,119,49,5,10,1.344,3403.2,0.0009453333333333333
2024-05-07 05:11:00,2,87,58,5,11,1.5370000000000001,3461.1000000000004,0.0009614166666666667
2024-05-07 05:12:00,1,87,49,5,12,1.312,3393.6000000000004,0.0009426666666666667
2024-05-07 05:13:00,1,95,61,5,13,1.62,3486.0,0.0009683333333333333
2024-05-07 05:14:00,2,99,57,5,14,1.524,3457.2000000000003,0.0009603333333333334
2024-05-07 05:15:00,1,114,60,5,15,1.614,3484.2000000000003,0.0009678333333333335
2024-05-07 05:16:00,2,102,56,5,16,1.5020000000000002,3450.6000000000004,0.0009585000000000002
2024-05-07 05:17:00,1,112,44,5,17,1.2120000000000002,3363.5999999999995,0.0009343333333333331
2024-05-07 05:18:00,1,96,55,5,18,1.471,3441.2999999999997,0.0009559166666666665
2024-05-07 05:19:00,1,96,60,5,19,1.596,3478.7999999999997,0.0009663333333333333
2024-05-07 05:20:00,1,88,62,5,20,1.6380000000000001,3491.4,0.0009698333333333334
2024-05-07 05:21:00,2,95,60,5,21,1.595,3478.5,0.00096625
2024-05-07 05:22:00,1,97,43,5,22,1.172,3351.6,0.000931
2024-05-07 05:23:00,2,103,43,5,23,1.178,3353.4000000000005,0.0009315000000000001
2024-05-07 05:24:00,1,108,51,5,24,1.3830000000000002,3414.9,0.0009485833333333334
2024-05-07 05:25:00,1,108,46,5,25,1.2580000000000002,3377.4,0.0009381666666666667
2024-05-07 05:26:00,1,96,60,5,26,1.596,3478.7999999999997,0.0009663333333333333
2024-05-07 05:27:00,1,121,57,5,27,1.546,3463.7999999999997,0.0009621666666666666
2024-05-07 05:28:00,1,124,51,5,28,1.399,3419.7000000000003,0.0009499166666666667
2024-05-07 05:29:00,2,124,47,5,29,1.299,3389.7000000000003,0.0009415833333333334
2024-05-07 05:30:00,2,108,56,5,30,1.5080000000000002,3452.4,0.000959
2024-05-07 05:31:00,2,110,44,5,31,1.2100000000000002,3363.0,0.0009341666666666667
2024-05-07 05:32:00,2,118,59,5,32,1.5930000000000002,3477.9,0.0009660833333333333
2024-05-07 05:33:00,2,125,51,5,33,1.4000000000000001,3420.0,0.00095
2024-05-07 05:34:00,1,107,63,5,34,1.6820000000000002,3504.6000000000004,0.0009735000000000001
2024-05-07 05:35:00,1,105,48,5,35,1.3050000000000002,3391.5,0.0009420833333333333
2024-05-07 05:36:00,1,86,50,5,36,1.336,3400.8,0.0009446666666666667
2024-05-07 05:37:00,1,92,50,5,37,1.342,3402.6000000000004,0.0009451666666666667
2024-05-07 05:38:00,1,110,63,5,38,1.6850000000000003,3505.5,0.00097375
2024-05-07 05:39:00,2,121,55,5,39,1.496,3448.7999999999997,0.000958
2024-05-07 05:40:00,1,112,53,5,40,1.4370000000000003,3431.1000000000004,0.0009530833333333335
2024-05-07 05:41:00,1,100,50,5,41,1.35,3405.0,0.0009458333333333334
2024-05-07 05:42:00,1,119,50,5,42,1.369,3410.7000000000003,0.0009474166666666667
2024-05-07 05:43:00,1,106,56,5,43,1.5060000000000002,3451.8,0.0009588333333333333
2024-05-07 05:44:00,2,123,63,5,44,1.6980000000000002,3509.4,0.0009748333333333334
2024-05-07 05:45:00,2,122,60,5,45,1.6219999999999999,3486.6,0.0009685
2024-05-07 05:46:00,1,106,64,5,46,1.7060000000000002,3511.7999999999997,0.0009754999999999999
2024-05-07 05:47:00,1,122,59,5,47,1.597,3479.1000000000004,0.0009664166666666667
2024-05-07 05:48:00,1,130,67,5,48,1.8050000000000002,3541.5,0.00098375
2024-05-07 05:49:00,1,121,65,5,49,1.746,3523.7999999999997,0.0009788333333333333
2024-05-07 05:50:00,1,130,59,5,50,1.605,3481.5,0.0009670833333333334
2024-05-07 05:51:00,1,113,58,5,51,1.5630000000000002,3468.9,0.0009635833333333333
2024-05-07 05:52:00,2,127,60,5,52,1.627,3488.1000000000004,0.0009689166666666668
2024-05-07 05:53:00,2,94,52,5,53,1.3940000000000001,3418.2000000000003,0.0009495
2024-05-07 05:54:00,1,125,49,5,54,1.35,3405.0,0.0009458333333333334
2024-05-07 05:55:00,2,122,48,5,55,1.322,3396.5999999999995,0.0009434999999999999
2024-05-07 05:56:00,2,121,57,5,56,1.546,3463.7999999999997,0.0009621666666666666
2024-05-07 05:57:00,1,126,61,5,57,1.6510000000000002,3495.3,0.0009709166666666667
2024-05-07 05:58:00,1,135,58,5,58,1.5850000000000002,3475.5,0.0009654166666666666
2024-05-07 05:59:00,2,126,58,5,59,1.576,3472.7999999999997,0.0009646666666666666
2024-05-07 06:00:00,5,453,169,6,0,4.678000000000001,4403.400000000001,0.0012231666666666669
2024-05-07 06:01:00,5,440,143,6,1,4.015000000000001,4204.5,0.0011679166666666667
2024-05-07 06:02:00,4,257,137,6,2,3.6820000000000004,4104.6,0.0011401666666666667
2024-05-07 06:03:00,5,482,164,6,3,4.582000000000001,4374.6,0.0012151666666666667
2024-05-07 06:04:00,7,285,140,6,4,3.785,4135.5,0.00114875
2024-05-07 06:05:00,7,294,160,6,5,4.294,4288.2,0.0011911666666666665
2024-05-07 06:06:00,11,366,211,6,6,5.641,4692.3,0.0013034166666666667
2024-05-07 06:07:00,4,467,221,6,7,5.992,4797.6,0.0013326666666666667
2024-05-07 06:08:00,5,345,253,6,8,6.67,5001.0,0.0013891666666666666
2024-05-07 06:09:00,2,362,163,6,9,4.437,4331.1,0.0012030833333333333
2024-05-07 06:10:00,10,453,172,6,10,4.753,4425.9,0.0012294166666666666
2024-05-07 06:11:00,4,297,145,6,11,3.922,4176.6,0.0011601666666666668
2024-05-07 06:12:00,5,258,142,6,12,3.8080000000000003,4142.4,0.0011506666666666666
2024-05-07 06:13:00,10,455,206,6,13,5.605,4681.5,0.0013004166666666667
2024-05-07 06:14:00,2,306,248,6,14,6.506,4951.799999999999,0.0013754999999999998
2024-05-07 06:15:00,7,408,250,6,15,6.658,4997.4,0.0013881666666666667
2024-05-07 06:16:00,11,320,193,6,16,5.1450000000000005,4543.5,0.0012620833333333334
2024-05-07 06:17:00,8,417,166,6,17,4.567,4370.1,0.0012139166666666667
2024-05-07 06:18:00,4,318,214,6,18,5.668,4700.4,0.0013056666666666666
2024-05-07 06:19:00,8,258,197,6,19,5.183000000000001,4554.9,0.0012652499999999999
2024-05-07 06:20:00,5,333,245,6,20,6.458,4937.4,0.0013714999999999999
2024-05-07 06:21:00,7,263,247,6,21,6.438000000000001,4931.4,0.0013698333333333331
2024-05-07 06:22:00,2,306,163,6,22,4.381,4314.3,0.0011984166666666666
2024-05-07 06:23:00,2,491,229,6,23,6.216,4864.799999999999,0.001351333333333333
2024-05-07 06:24:00,2,335,218,6,24,5.785,4735.5,0.0013154166666666668
2024-05-07 06:25:00,5,287,214,6,25,5.6370000000000005,4691.1,0.0013030833333333334
2024-05-07 06:26:00,7,507,188,6,26,5.207,4562.1,0.0012672500000000001
2024-05-07 06:27:00,5,386,140,6,27,3.886,4165.8,0.0011571666666666668
2024-05-07 06:28:00,5,302,208,6,28,5.502,4650.6,0.0012918333333333334
2024-05-07 06:29:00,11,461,155,6,29,4.336,4300.8,0.0011946666666666668
2024-05-07 06:30:00,7,366,142,6,30,3.9160000000000004,4174.8,0.0011596666666666667
2024-05-07 06:31:00,10,464,170,6,31,4.714,4414.200000000001,0.0012261666666666669
2024-05-07 06:32:00,4,435,218,6,32,5.885,4765.5,0.00132375
2024-05-07 06:33:00,8,345,250,6,33,6.595,4978.5,0.0013829166666666666
2024-05-07 06:34:00,7,429,209,6,34,5.654000000000001,4696.2,0.0013044999999999999
2024-05-07 06:35:00,8,411,248,6,35,6.611000000000001,4983.3,0.00138425
2024-05-07 06:36:00,11,431,136,6,36,3.8310000000000004,4149.3,0.0011525833333333334
2024-05-07 06:37:00,8,251,247,6,37,6.426000000000001,4927.8,0.0013688333333333334
2024-05-07 06:38:00,4,326,184,6,38,4.926,4477.8,0.0012438333333333333
2024-05-07 06:39:00,11,264,274,6,39,7.114000000000001,5134.2,0.0014261666666666665
2024-05-07 06:40:00,10,531,239,6,40,6.506,4951.799999999999,0.0013754999999999998
2024-05-07 06:41:00,5,416,179,6,41,4.891000000000001,4467.300000000001,0.001240916666666667
2024-05-07 06:42:00,11,317,206,6,42,5.4670000000000005,4640.1,0.0012889166666666667
2024-05-07 06:43:00,8,329,265,6,43,6.954,5086.200000000001,0.0014128333333333334
2024-05-07 06:44:00,7,456,145,6,44,4.081,4224.3,0.0011734166666666668
2024-05-07 06:45:00,2,548,185,6,45,5.173,4551.9,0.0012644166666666665
2024-05-07 06:46:00,10,410,136,6,46,3.8100000000000005,4143.0,0.0011508333333333334
2024-05-07 06:47:00,4,276,241,6,47,6.301,4890.299999999999,0.0013584166666666664
2024-05-07 06:48:00,8,437,196,6,48,5.337000000000001,4601.1,0.0012780833333333333
2024-05-07 06:49:00,11,434,239,6,49,6.409000000000001,4922.700000000001,0.001367416666666667
2024-05-07 06:50:00,13,330,221,6,50,5.855,4756.5,0.00132125
2024-05-07 06:51:00,8,290,157,6,51,4.215,4264.5,0.0011845833333333333
2024-05-07 06:52:00,10,533,202,6,52,5.583000000000001,4674.900000000001,0.0012985833333333334
2024-05-07 06:53:00,2,519,235,6,53,6.394,4918.200000000001,0.0013661666666666668
2024-05-07 06:54:00,4,435,278,6,54,7.385,5215.5,0.00144875
2024-05-07 06:55:00,7,372,163,6,55,4.447,4334.099999999999,0.0012039166666666665
2024-05-07 06:56:00,10,338,139,6,56,3.813,4143.9,0.0011510833333333332
2024-05-07 06:57:00,2,491,131,6,57,3.7660000000000005,4129.8,0.0011471666666666668
2024-05-07 06:58:00,7,336,206,6,58,5.486000000000001,4645.8,0.0012905
2024-05-07 06:59:00,8,447,143,6,59,4.022,4206.6,0.0011685
2024-05-07 07:00:00,8,525,203,7,0,5.6000000000000005,4680.0,0.0013
2024-05-07 07:01:00,4,563,229,7,1,6.288,4886.400000000001,0.0013573333333333334
2024-05-07 07:02:00,4,353,172,7,2,4.653,4395.9,0.0012210833333333331
2024-05-07 07:03:00,8,435,248,7,3,6.635,4990.5,0.00138625
2024-05-07 07:04:00,11,500,205,7,4,5.625,4687.5,0.0013020833333333333
2024-05-07 07:05:00,7,281,200,7,5,5.281,4584.3,0.0012734166666666666
2024-05-07 07:06:00,10,374,253,7,6,6.699,5009.700000000001,0.0013915833333333334
2024-05-07 07:07:00,13,300,170,7,7,4.55,4365.0,0.0012125
2024-05-07 07:08:00,10,404,181,7,8,4.929,4478.7,0.0012440833333333334
2024-05-07 07:09:00,10,404,295,7,9,7.779,5333.700000000001,0.0014815833333333334
2024-05-07 07:10:00,11,423,281,7,10,7.448,5234.4,0.001454
2024-05-07 07:11:00,2,279,307,7,11,7.954000000000001,5386.200000000001,0.001496166666666667
2024-05-07 07:12:00,10,353,212,7,12,5.6530000000000005,4695.9,0.0013044166666666666
2024-05-07 07:13:00,8,459,160,7,13,4.459,4337.7,0.0012049166666666666
2024-05-07 07:14:00,11,356,197,7,14,5.281000000000001,4584.3,0.0012734166666666666
2024-05-07 07:15:00,10,317,272,7,15,7.117000000000001,5135.1,0.0014264166666666668
2024-05-07 07:16:00,13,410,269,7,16,7.135000000000001,5140.5,0.0014279166666666667
2024-05-07 07:17:00,13,486,224,7,17,6.086,4825.8,0.0013405000000000001
2024-05-07 07:18:00,8,380,293,7,18,7.705,5311.5,0.0014754166666666668
2024-05-07 07:19:00,7,488,220,7,19,5.9879999999999995,4796.4,0.0013323333333333332
2024-05-07 07:20:00,14,509,164,7,20,4.609000000000001,4382.7,0.0012174166666666666
2024-05-07 07:21:00,5,591,166,7,21,4.7410000000000005,4422.3,0.0012284166666666667
2024-05-07 07:22:00,14,420,194,7,22,5.2700000000000005,4581.0,0.0012725
2024-05-07 07:23:00,8,534,248,7,23,6.734,5020.2,0.0013945
2024-05-07 07:24:00,13,558,206,7,24,5.708,4712.4,0.0013089999999999998
2024-05-07 07:25:00,10,494,319,7,25,8.469000000000001,5540.700000000001,0.0015390833333333335
2024-05-07 07:26:00,14,593,158,7,26,4.543,4362.9,0.0012119166666666665
2024-05-07 07:27:00,13,614,187,7,27,5.289,4586.7,0.0012740833333333332
2024-05-07 07:28:00,8,258,310,7,28,8.008,5402.4,0.0015006666666666666
2024-05-07 07:29:00,5,341,184,7,29,4.941000000000001,4482.3,0.0012450833333333333
2024-05-07 07:30:00,11,569,242,7,30,6.619000000000001,4985.700000000001,0.0013849166666666669
2024-05-07 07:31:00,4,563,248,7,31,6.763,5028.9,0.0013969166666666665
2024-05-07 07:32:00,10,482,130,7,32,3.732,4119.6,0.0011443333333333334
2024-05-07 07:33:00,7,299,278,7,33,7.2490000000000006,5174.7,0.0014374166666666667
2024-05-07 07:34:00,7,291,299,7,34,7.766000000000001,5329.800000000001,0.0014805000000000003
2024-05-07 07:35:00,7,615,211,7,35,5.890000000000001,4767.0,0.0013241666666666666
2024-05-07 07:36:00,13,414,323,7,36,8.489,5546.7,0.00154075
2024-05-07 07:37:00,4,603,242,7,37,6.6530000000000005,4995.9,0.0013877499999999999
2024-05-07 07:38:00,10,629,250,7,38,6.879,5063.7,0.0014065833333333333
2024-05-07 07:39:00,11,369,173,7,39,4.694,4408.2,0.0012245
2024-05-07 07:40:00,11,282,256,7,40,6.682,5004.6,0.0013901666666666667
2024-05-07 07:41:00,5,405,215,7,41,5.78,4734.0,0.001315
2024-05-07 07:42:00,16,365,229,7,42,6.090000000000001,4827.0,0.0013408333333333334
2024-05-07 07:43:00,10,536,211,7,43,5.811,4743.299999999999,0.0013175833333333331
2024-05-07 07:44:00,13,650,142,7,44,4.2,4260.0,0.0011833333333333333
2024-05-07 07:45:00,13,582,271,7,45,7.357,5207.1,0.0014464166666666668
2024-05-07 07:46:00,8,564,226,7,46,6.214,4864.200000000001,0.001351166666666667
2024-05-07 07:47:00,7,297,280,7,47,7.297,5189.1,0.0014414166666666668
2024-05-07 07:48:00,13,477,290,7,48,7.727,5318.1,0.00147725
2024-05-07 07:49:00,8,362,182,7,49,4.912,4473.6,0.0012426666666666669
2024-05-07 07:50:00,14,566,329,7,50,8.791,5637.3,0.0015659166666666666
2024-05-07 07:51:00,8,360,229,7,51,6.085000000000001,4825.5,0.0013404166666666666
2024-05-07 07:52:00,5,614,143,7,52,4.189,4256.700000000001,0.001182416666666667
2024-05-07 07:53:00,14,501,296,7,53,7.901000000000001,5370.3,0.00149175
2024-05-07 07:54:00,4,611,328,7,54,8.811000000000002,5643.300000000001,0.0015675833333333336
2024-05-07 07:55:00,4,398,272,7,55,7.198,5159.4,0.0014331666666666666
2024-05-07 07:56:00,8,486,157,7,56,4.4110000000000005,4323.3,0.0012009166666666668
2024-05-07 07:57:00,10,513,302,7,57,8.063,5418.9,0.0015052499999999999
2024-05-07 07:58:00,8,489,233,7,58,6.314,4894.200000000001,0.0013595000000000002
2024-05-07 07:59:00,5,621,205,7,59,5.746,4723.8,0.0013121666666666668
2024-05-07 08:00:00,14,435,304,8,0,8.035,5410.5,0.0015029166666666667
2024-05-07 08:01:00,10,456,212,8,1,5.756000000000001,4726.8,0.0013130000000000001
2024-05-07 08:02:00,10,641,277,8,2,7.566000000000001,5269.8,0.0014638333333333335
2024-05-07 08:03:00,8,347,209,8,3,5.572000000000001,4671.6,0.0012976666666666668
2024-05-07 08:04:00,16,659,290,8,4,7.909,5372.700000000001,0.0014924166666666668
2024-05-07 08:05:00,8,677,283,8,5,7.752000000000001,5325.6,0.0014793333333333334
2024-05-07 08:06:00,16,549,235,8,6,6.424,4927.200000000001,0.001368666666666667
2024-05-07 08:07:00,10,561,190,8,7,5.311,4593.299999999999,0.0012759166666666665
2024-05-07 08:08:00,13,533,191,8,8,5.308000000000001,4592.4,0.0012756666666666665
2024-05-07 08:09:00,17,489,260,8,9,6.989,5096.700000000001,0.0014157500000000001
2024-05-07 08:10:00,16,356,230,8,10,6.106,4831.799999999999,0.0013421666666666664
2024-05-07 08:11:00,17,449,203,8,11,5.524,4657.200000000001,0.001293666666666667
2024-05-07 08:12:00,11,648,157,8,12,4.573,4371.9,0.0012144166666666666
2024-05-07 08:13:00,16,458,248,8,13,6.658,4997.4,0.0013881666666666667
2024-05-07 08:14:00,13,600,181,8,14,5.125,4537.5,0.0012604166666666666
2024-05-07 08:15:00,13,389,200,8,15,5.389,4616.7,0.0012824166666666665
2024-05-07 08:16:00,19,672,191,8,16,5.447,4634.099999999999,0.0012872499999999998
2024-05-07 08:17:00,16,540,272,8,17,7.340000000000001,5202.0,0.001445
2024-05-07 08:18:00,7,708,211,8,18,5.9830000000000005,4794.9,0.0013319166666666666
2024-05-07 08:19:00,13,573,275,8,19,7.448,5234.4,0.001454
2024-05-07 08:20:00,4,690,371,8,20,9.965,5989.5,0.00166375
2024-05-07 08:21:00,13,341,155,8,21,4.216,4264.8,0.0011846666666666668
2024-05-07 08:22:00,5,368,247,8,22,6.543000000000001,4962.9,0.0013785833333333332
2024-05-07 08:23:00,8,528,181,8,23,5.053000000000001,4515.900000000001,0.001254416666666667
2024-05-07 08:24:00,13,636,338,8,24,9.086,5725.8,0.0015905000000000001
2024-05-07 08:25:00,4,668,341,8,25,9.193,5757.9,0.0015994166666666665
2024-05-07 08:26:00,5,374,200,8,26,5.374,4612.2,0.0012811666666666666
2024-05-07 08:27:00,5,272,260,8,27,6.772,5031.6,0.0013976666666666668
2024-05-07 08:28:00,8,465,160,8,28,4.465,4339.5,0.0012054166666666667
2024-05-07 08:29:00,19,513,229,8,29,6.238,4871.4,0.0013531666666666666
2024-05-07 08:30:00,4,555,244,8,30,6.655,4996.5,0.0013879166666666666
2024-05-07 08:31:00,13,344,335,8,31,8.719,5615.699999999999,0.0015599166666666663
2024-05-07 08:32:00,16,389,215,8,32,5.764,4729.2,0.0013136666666666665
2024-05-07 08:33:00,19,570,254,8,33,6.920000000000001,5076.0,0.00141
2024-05-07 08:34:00,11,360,349,8,34,9.084999999999999,5725.5,0.0015904166666666666
2024-05-07 08:35:00,19,390,163,8,35,4.465,4339.5,0.0012054166666666667
2024-05-07 08:36:00,11,633,322,8,36,8.683,5604.9,0.0015569166666666665
2024-05-07 08:37:00,19,665,188,8,37,5.365,4609.5,0.0012804166666666667
2024-05-07 08:38:00,19,552,352,8,38,9.352,5805.6,0.0016126666666666668
2024-05-07 08:39:00,14,656,173,8,39,4.981,4494.299999999999,0.0012484166666666666
2024-05-07 08:40:00,17,609,361,8,40,9.634,5890.200000000001,0.0016361666666666668
2024-05-07 08:41:00,5,410,352,8,41,9.21,5763.0,0.0016008333333333332
2024-05-07 08:42:00,8,738,160,8,42,4.7379999999999995,4421.4,0.0012281666666666665
2024-05-07 08:43:00,8,302,209,8,43,5.527,4658.1,0.0012939166666666667
2024-05-07 08:44:00,17,677,160,8,44,4.677,4403.1,0.0012230833333333334
2024-05-07 08:45:00,13,378,337,8,45,8.803,5640.900000000001,0.0015669166666666668
2024-05-07 08:46:00,8,353,227,8,46,6.0280000000000005,4808.4,0.0013356666666666666
2024-05-07 08:47:00,4,321,293,8,47,7.646,5293.799999999999,0.0014704999999999998
2024-05-07 08:48:00,8,669,251,8,48,6.944000000000001,5083.2,0.0014119999999999998
2024-05-07 08:49:00,19,738,212,8,49,6.038,4811.400000000001,0.0013365000000000002
2024-05-07 08:50:00,13,485,311,8,50,8.26,5478.0,0.0015216666666666666
2024-05-07 08:51:00,17,299,358,8,51,9.249,5774.7,0.0016040833333333332
2024-05-07 08:52:00,11,624,377,8,52,10.049000000000001,6014.700000000001,0.0016707500000000001
2024-05-07 08:53:00,5,620,385,8,53,10.245,6073.5,0.0016870833333333334
2024-05-07 08:54:00,8,581,254,8,54,6.931000000000001,5079.300000000001,0.0014109166666666669
2024-05-07 08:55:00,11,449,316,8,55,8.349,5504.7,0.0015290833333333332
2024-05-07 08:56:00,4,764,217,8,56,6.189000000000001,4856.700000000001,0.0013490833333333334
2024-05-07 08:57:00,14,636,403,8,57,10.711,6213.3,0.0017259166666666666
2024-05-07 08:58:00,17,683,257,8,58,7.1080000000000005,5132.4,0.0014256666666666667
2024-05-07 08:59:00,10,608,385,8,59,10.233,6069.9,0.0016860833333333333
2024-05-07 09:00:00,19,1307,520,9,0,14.307,7292.1,0.0020255833333333332
2024-05-07 09:01:00,37,1007,277,9,1,7.932,5379.6,0.0014943333333333334
2024-05-07 09:02:00,10,1460,331,9,2,9.735,5920.5,0.0016445833333333334
2024-05-07 09:03:00,19,1310,406,9,3,11.46,6438.0,0.0017883333333333334
2024-05-07 09:04:00,37,1100,688,9,4,18.3,8490.0,0.0023583333333333334
2024-05-07 09:05:00,16,584,292,9,5,7.884,5365.200000000001,0.0014903333333333335
2024-05-07 09:06:00,16,644,457,9,6,12.069,6620.700000000001,0.0018390833333333336
2024-05-07 09:07:00,31,1289,439,9,7,12.264000000000001,6679.200000000001,0.0018553333333333336
2024-05-07 09:08:00,28,680,475,9,8,12.555,6766.5,0.0018795833333333334
2024-05-07 09:09:00,43,1403,799,9,9,21.378,9413.4,0.002614833333333333
2024-05-07 09:10:00,40,935,652,9,10,17.235,8170.5,0.0022695833333333335
2024-05-07 09:11:00,28,1487,526,9,11,14.637,7391.1,0.0020530833333333334
2024-05-07 09:12:00,40,1130,403,9,12,11.205000000000002,6361.5,0.0017670833333333334
2024-05-07 09:13:00,43,767,808,9,13,20.967000000000002,9290.1,0.0025805833333333336
2024-05-07 09:14:00,31,842,274,9,14,7.692,5307.6,0.0014743333333333334
2024-05-07 09:15:00,13,1430,763,9,15,20.505,9151.5,0.0025420833333333333
2024-05-07 09:16:00,43,671,565,9,16,14.796,7438.799999999999,0.002066333333333333
2024-05-07 09:17:00,7,1040,463,9,17,12.615000000000002,6784.500000000001,0.0018845833333333336
2024-05-07 09:18:00,40,1130,391,9,18,10.905000000000001,6271.5,0.0017420833333333333
2024-05-07 09:19:00,31,719,574,9,19,15.069,7520.700000000001,0.0020890833333333334
2024-05-07 09:20:00,25,968,499,9,20,13.443000000000001,7032.9,0.001953583333333333
2024-05-07 09:21:00,37,638,700,9,21,18.138,8441.4,0.0023448333333333333
2024-05-07 09:22:00,13,1619,643,9,22,17.694,8308.199999999999,0.002307833333333333
2024-05-07 09:23:00,25,638,856,9,23,22.038000000000004,9611.400000000001,0.002669833333333334
2024-05-07 09:24:00,40,914,814,9,24,21.264000000000003,9379.2,0.0026053333333333336
2024-05-07 09:25:00,28,581,796,9,25,20.481,9144.3,0.002540083333333333
2024-05-07 09:26:00,28,854,760,9,26,19.854,8956.199999999999,0.002487833333333333
2024-05-07 09:27:00,22,1067,376,9,27,10.467,6140.1,0.0017055833333333335
2024-05-07 09:28:00,19,695,343,9,28,9.270000000000001,5781.0,0.0016058333333333332
2024-05-07 09:29:00,25,701,364,9,29,9.801,5940.299999999999,0.001650083333333333
2024-05-07 09:30:00,43,1019,589,9,30,15.744000000000002,7723.200000000001,0.0021453333333333337
2024-05-07 09:31:00,16,1385,502,9,31,13.935,7180.5,0.0019945833333333335
2024-05-07 09:32:00,22,1232,418,9,32,11.682,6504.6,0.0018068333333333335
2024-05-07 09:33:00,25,1283,505,9,33,13.908,7172.4,0.0019923333333333334
2024-05-07 09:34:00,43,1307,385,9,34,10.932,6279.6,0.0017443333333333334
2024-05-07 09:35:00,31,1391,379,9,35,10.866,6259.799999999999,0.0017388333333333331
2024-05-07 09:36:00,43,1097,301,9,36,8.622,5586.6,0.0015518333333333334
2024-05-07 09:37:00,37,818,373,9,37,10.143,6042.9,0.0016785833333333331
2024-05-07 09:38:00,10,923,385,9,38,10.548,6164.4,0.0017123333333333333
2024-05-07 09:39:00,40,1250,592,9,39,16.05,7815.0,0.002170833333333333
2024-05-07 09:40:00,31,788,601,9,40,15.813,7743.9,0.0021510833333333334
2024-05-07 09:41:00,40,734,376,9,41,10.134,6040.200000000001,0.0016778333333333335
2024-05-07 09:42:00,16,1517,661,9,42,18.042,8412.6,0.0023368333333333336
2024-05-07 09:43:00,43,1412,787,9,43,21.087,9326.1,0.0025905833333333336
2024-05-07 09:44:00,16,1388,310,9,44,9.138,5741.4,0.0015948333333333333
2024-05-07 09:45:00,22,1043,391,9,45,10.818,6245.4,0.0017348333333333332
2024-05-07 09:46:00,16,1187,409,9,46,11.412,6423.6,0.0017843333333333335
2024-05-07 09:47:00,22,992,316,9,47,8.892,5667.6,0.0015743333333333334
2024-05-07 09:48:00,31,1319,814,9,48,21.669,9500.7,0.0026390833333333336
2024-05-07 09:49:00,40,1391,661,9,49,17.916000000000004,8374.800000000001,0.0023263333333333335
2024-05-07 09:50:00,22,590,679,9,50,17.565,8269.5,0.0022970833333333333
2024-05-07 09:51:00,25,773,571,9,51,15.048,7514.4,0.0020873333333333334
2024-05-07 09:52:00,40,1076,865,9,52,22.701,9810.300000000001,0.0027250833333333337
2024-05-07 09:53:00,34,761,865,9,53,22.386,9715.8,0.002698833333333333
2024-05-07 09:54:00,49,572,343,9,54,9.147000000000002,5744.1,0.0015955833333333334
2024-05-07 09:55:00,40,560,715,9,55,18.435,8530.5,0.0023695833333333334
2024-05-07 09:56:00,31,926,625,9,56,16.551,7965.299999999999,0.0022125833333333333
2024-05-07 09:57:00,28,974,583,9,57,15.549000000000001,7664.700000000001,0.0021290833333333335
2024-05-07 09:58:00,37,1478,436,9,58,12.378,6713.4,0.0018648333333333331
2024-05-07 09:59:00,22,881,895,9,59,23.256,9976.800000000001,0.0027713333333333335
2024-05-07 10:00:00,16,905,691,10,0,18.180000000000003,8454.0,0.0023483333333333333
2024-05-07 10:01:00,7,1676,391,10,1,11.451,6435.3,0.0017875833333333333
2024-05-07 10:02:00,34,1088,937,10,2,24.513,10353.900000000001,0.002876083333333334
2024-05-07 10:03:00,25,1577,481,10,3,13.602,7080.599999999999,0.001966833333333333
2024-05-07 10:04:00,46,962,538,10,4,14.412,7323.6,0.0020343333333333333
2024-05-07 10:05:00,25,596,742,10,5,19.146,8743.800000000001,0.0024288333333333336
2024-05-07 10:06:00,13,1106,850,10,6,22.356,9706.8,0.002696333333333333
2024-05-07 10:07:00,43,806,409,10,7,11.031000000000002,6309.300000000001,0.0017525833333333336
2024-05-07 10:08:00,22,611,865,10,8,22.236,9670.8,0.002686333333333333
2024-05-07 10:09:00,46,1430,379,10,9,10.905,6271.5,0.0017420833333333333
2024-05-07 10:10:00,52,1328,322,10,10,9.378,5813.4,0.0016148333333333331
2024-05-07 10:11:00,52,800,880,10,11,22.8,9840.0,0.0027333333333333333
2024-05-07 10:12:00,28,1211,880,10,12,23.211,9963.3,0.0027675833333333333
2024-05-07 10:13:00,37,1034,922,10,13,24.084,10225.199999999999,0.002840333333333333
2024-05-07 10:14:00,22,1292,589,10,14,16.017000000000003,7805.1,0.0021680833333333335
2024-05-07 10:15:00,25,596,472,10,15,12.396,6718.8,0.0018663333333333333
2024-05-07 10:16:00,49,866,319,10,16,8.841000000000001,5652.3,0.0015700833333333335
2024-05-07 10:17:00,40,965,781,10,17,20.490000000000002,9147.0,0.0025408333333333333
2024-05-07 10:18:00,22,986,817,10,18,21.411,9423.3,0.0026175833333333333
2024-05-07 10:19:00,10,1589,793,10,19,21.414,9424.2,0.0026178333333333336
2024-05-07 10:20:00,46,1736,292,10,20,9.036000000000001,5710.8,0.0015863333333333335
2024-05-07 10:21:00,31,977,595,10,21,15.852,7755.599999999999,0.002154333333333333
2024-05-07 10:22:00,19,1412,718,10,22,19.362,8808.6,0.0024468333333333334
2024-05-07 10:23:00,22,1490,673,10,23,18.314999999999998,8494.5,0.0023595833333333333
2024-05-07 10:24:00,25,998,355,10,24,9.873,5961.9,0.0016560833333333332
2024-05-07 10:25:00,52,1214,658,10,25,17.663999999999998,8299.199999999999,0.002305333333333333
2024-05-07 10:26:00,22,614,445,10,26,11.739,6521.700000000001,0.0018115833333333334
2024-05-07 10:27:00,22,1553,907,10,27,24.228,10268.400000000001,0.002852333333333334
2024-05-07 10:28:00,46,1568,916,10,28,24.468000000000004,10340.400000000001,0.002872333333333334
2024-05-07 10:29:00,22,1805,301,10,29,9.33,5799.0,0.0016108333333333333
2024-05-07 10:30:00,16,605,313,10,30,8.43,5529.0,0.0015358333333333333
2024-05-07 10:31:00,13,1805,814,10,31,22.155,9646.5,0.0026795833333333333
2024-05-07 10:32:00,28,1916,760,10,32,20.916,9274.800000000001,0.0025763333333333337
2024-05-07 10:33:00,31,995,424,10,33,11.595,6478.5,0.0017995833333333334
2024-05-07 10:34:00,37,1454,883,10,34,23.529000000000003,10058.7,0.0027940833333333337
2024-05-07 10:35:00,13,707,883,10,35,22.782000000000004,9834.600000000002,0.002731833333333334
2024-05-07 10:36:00,31,821,559,10,36,14.796000000000001,7438.8,0.002066333333333333
2024-05-07 10:37:00,22,1805,634,10,37,17.655,8296.5,0.0023045833333333334
2024-05-07 10:38:00,37,806,478,10,38,12.756,6826.8,0.0018963333333333334
2024-05-07 10:39:00,25,1409,346,10,39,10.059000000000001,6017.700000000001,0.0016715833333333335
2024-05-07 10:40:00,46,1244,580,10,40,15.744,7723.2,0.0021453333333333333
2024-05-07 10:41:00,25,965,862,10,41,22.515,9754.5,0.0027095833333333334
2024-05-07 10:42:00,28,1751,463,10,42,13.326,6997.8,0.0019438333333333334
2024-05-07 10:43:00,22,1361,823,10,43,21.936000000000003,9580.800000000001,0.0026613333333333337
2024-05-07 10:44:00,13,1745,859,10,44,23.220000000000002,9966.0,0.002768333333333333
2024-05-07 10:45:00,31,659,607,10,45,15.834000000000001,7750.200000000001,0.0021528333333333334
2024-05-07 10:46:00,49,1775,499,10,46,14.250000000000002,7275.000000000001,0.0020208333333333337
2024-05-07 10:47:00,16,1343,430,10,47,12.093,6627.9,0.0018410833333333332
2024-05-07 10:48:00,43,1910,580,10,48,16.41,7923.0,0.0022008333333333333
2024-05-07 10:49:00,34,1226,868,10,49,22.926000000000002,9877.8,0.002743833333333333
2024-05-07 10:50:00,43,1160,769,10,50,20.385,9115.5,0.0025320833333333332
2024-05-07 10:51:00,22,803,379,10,51,10.278,6083.4,0.0016898333333333333
2024-05-07 10:52:00,46,650,316,10,52,8.55,5565.0,0.0015458333333333333
2024-05-07 10:53:00,13,638,418,10,53,11.088000000000001,6326.4,0.0017573333333333332
2024-05-07 10:54:00,52,1346,361,10,54,10.371,6111.3,0.0016975833333333333
2024-05-07 10:55:00,40,1955,1003,10,55,27.03,11109.0,0.0030858333333333332
2024-05-07 10:56:00,49,584,838,10,56,21.534000000000002,9460.2,0.0026278333333333336
2024-05-07 10:57:00,25,1484,448,10,57,12.684000000000001,6805.200000000001,0.0018903333333333335
2024-05-07 10:58:00,7,608,658,10,58,17.058,8117.4,0.002254833333333333
2024-05-07 10:59:00,55,1907,826,10,59,22.557000000000002,9767.1,0.0027130833333333334
2024-05-07 11:00:00,28,1703,583,11,0,16.278000000000002,7883.4000000000015,0.0021898333333333336
2024-05-07 11:01:00,31,842,616,11,1,16.242,7872.6,0.0021868333333333336
2024-05-07 11:02:00,37,1943,772,11,2,21.243000000000002,9372.900000000001,0.0026035833333333336
2024-05-07 11:03:00,22,1211,385,11,3,10.836,6250.8,0.0017363333333333334
2024-05-07 11:04:00,49,1835,304,11,4,9.435,5830.5,0.0016195833333333333
2024-05-07 11:05:00,22,1316,1006,11,5,26.466,10939.800000000001,0.0030388333333333335
2024-05-07 11:06:00,37,1709,421,11,6,12.234,6670.199999999999,0.001852833333333333
2024-05-07 11:07:00,49,1520,598,11,7,16.470000000000002,7941.000000000001,0.0022058333333333335
2024-05-07 11:08:00,34,1124,742,11,8,19.674,8902.199999999999,0.002472833333333333
2024-05-07 11:09:00,10,707,475,11,9,12.582,6774.6,0.0018818333333333334
2024-05-07 11:10:00,52,1022,1099,11,10,28.497,11549.1,0.0032080833333333336
2024-05-07 11:11:00,16,599,409,11,11,10.824000000000002,6247.200000000001,0.0017353333333333335
2024-05-07 11:12:00,52,1154,1048,11,12,27.354000000000003,11206.2,0.0031128333333333333
2024-05-07 11:13:00,61,1661,484,11,13,13.761000000000001,7128.3,0.0019800833333333333
2024-05-07 11:14:00,34,719,640,11,14,16.719,8015.700000000001,0.0022265833333333335
2024-05-07 11:15:00,40,1613,322,11,15,9.663,5898.900000000001,0.0016385833333333335
2024-05-07 11:16:00,52,719,790,11,16,20.469,9140.7,0.0025390833333333337
2024-05-07 11:17:00,31,1544,952,11,17,25.344,10603.199999999999,0.0029453333333333332
2024-05-07 11:18:00,28,1346,475,11,18,13.221,6966.3,0.0019350833333333334
2024-05-07 11:19:00,37,983,676,11,19,17.883000000000003,8364.900000000001,0.0023235833333333338
2024-05-07 11:20:00,46,1679,706,11,20,19.329,8798.7,0.0024440833333333337
2024-05-07 11:21:00,61,761,436,11,21,11.661,6498.299999999999,0.0018050833333333332
2024-05-07 11:22:00,37,731,1069,11,22,27.456000000000003,11236.8,0.003121333333333333
2024-05-07 11:23:00,31,683,925,11,23,23.808,10142.4,0.002817333333333333
2024-05-07 11:24:00,58,1409,964,11,24,25.509,10652.699999999999,0.002959083333333333
2024-05-07 11:25:00,22,1385,490,11,25,13.635,7090.5,0.001969583333333333
2024-05-07 11:26:00,19,1040,367,11,26,10.215,6064.5,0.0016845833333333333
2024-05-07 11:27:00,25,665,703,11,27,18.24,8472.0,0.002353333333333333
2024-05-07 11:28:00,19,1199,1099,11,28,28.674000000000003,11602.2,0.0032228333333333336
2024-05-07 11:29:00,22,1400,673,11,29,18.224999999999998,8467.5,0.002352083333333333
2024-05-07 11:30:00,10,1136,751,11,30,19.911,8973.3,0.002492583333333333
2024-05-07 11:31:00,55,1652,718,11,31,19.602,8880.6,0.0024668333333333335
2024-05-07 11:32:00,22,1424,478,11,32,13.374,7012.200000000001,0.0019478333333333335
2024-05-07 11:33:00,49,2051,1012,11,33,27.351,11205.300000000001,0.0031125833333333335
2024-05-07 11:34:00,55,1160,1009,11,34,26.385,10915.5,0.0030320833333333332
2024-05-07 11:35:00,55,1160,514,11,35,14.010000000000002,7203.0,0.002000833333333333
2024-05-07 11:36:00,46,2093,733,11,36,20.418,9125.4,0.0025348333333333334
2024-05-07 11:37:00,55,1169,931,11,37,24.444000000000003,10333.2,0.0028703333333333337
2024-05-07 11:38:00,25,1727,679,11,38,18.702,8610.6,0.0023918333333333335
2024-05-07 11:39:00,61,1067,445,11,39,12.192,6657.6,0.0018493333333333335
2024-05-07 11:40:00,10,1877,943,11,40,25.452,10635.6,0.0029543333333333336
2024-05-07 11:41:00,40,1052,895,11,41,23.427,10028.1,0.0027855833333333335
2024-05-07 11:42:00,55,689,817,11,42,21.114,9334.2,0.0025928333333333337
2024-05-07 11:43:00,61,1400,1036,11,43,27.3,11190.0,0.003108333333333333
2024-05-07 11:44:00,10,2102,739,11,44,20.577,9173.1,0.0025480833333333336
2024-05-07 11:45:00,64,2150,937,11,45,25.575,10672.5,0.0029645833333333334
2024-05-07 11:46:00,43,1025,544,11,46,14.625000000000002,7387.500000000001,0.0020520833333333337
2024-05-07 11:47:00,37,848,535,11,47,14.223,7266.9,0.002018583333333333
2024-05-07 11:48:00,28,1886,871,11,48,23.661,10098.3,0.002805083333333333
2024-05-07 11:49:00,52,1433,931,11,49,24.708000000000002,10412.400000000001,0.0028923333333333336
2024-05-07 11:50:00,46,2261,958,11,50,26.211000000000002,10863.300000000001,0.0030175833333333335
2024-05-07 11:51:00,61,611,1192,11,51,30.411,12123.3,0.003367583333333333
2024-05-07 11:52:00,49,1763,652,11,52,18.063000000000002,8418.900000000001,0.0023385833333333336
2024-05-07 11:53:00,31,1862,367,11,53,11.037,6311.1,0.0017530833333333335
2024-05-07 11:54:00,49,1334,640,11,54,17.334,8200.199999999999,0.002277833333333333
2024-05-07 11:55:00,58,1400,778,11,55,20.85,9255.0,0.0025708333333333334
2024-05-07 11:56:00,34,1349,475,11,56,13.224,6967.199999999999,0.001935333333333333
2024-05-07 11:57:00,43,1385,595,11,57,16.26,7878.0,0.0021883333333333334
2024-05-07 11:58:00,13,1607,706,11,58,19.257,8777.1,0.0024380833333333333
2024-05-07 11:59:00,49,2174,1048,11,59,28.374000000000002,11512.2,0.0031978333333333333
2024-05-07 12:00:00,37,926,325,12,0,9.051,5715.299999999999,0.0015875833333333332
2024-05-07 12:01:00,64,2216,559,12,1,16.191000000000003,7857.300000000001,0.0021825833333333337
2024-05-07 12:02:00,64,2057,886,12,2,24.207,10262.1,0.0028505833333333334
2024-05-07 12:03:00,67,1619,703,12,3,19.194,8758.199999999999,0.002432833333333333
2024-05-07 12:04:00,28,1118,367,12,4,10.293000000000001,6087.9,0.0016910833333333333
2024-05-07 12:05:00,58,1127,463,12,5,12.702000000000002,6810.6,0.0018918333333333335
2024-05-07 12:06:00,34,1799,964,12,6,25.899,10769.699999999999,0.002991583333333333
2024-05-07 12:07:00,49,1526,1051,12,7,27.801000000000002,11340.3,0.0031500833333333333
2024-05-07 12:08:00,43,2144,928,12,8,25.344,10603.199999999999,0.0029453333333333332
2024-05-07 12:09:00,13,677,361,12,9,9.702,5910.6,0.0016418333333333335
2024-05-07 12:10:00,34,1442,916,12,10,24.342000000000002,10302.6,0.0028618333333333334
2024-05-07 12:11:00,10,1235,1021,12,11,26.76,11028.0,0.0030633333333333333
2024-05-07 12:12:00,37,782,805,12,12,20.907,9272.1,0.0025755833333333334
2024-05-07 12:13:00,55,797,550,12,13,14.547,7364.1,0.0020455833333333333
2024-05-07 12:14:00,46,1751,1003,12,14,26.826000000000004,11047.800000000001,0.0030688333333333336
2024-05-07 12:15:00,34,1763,1195,12,15,31.638,12491.400000000001,0.003469833333333334
2024-05-07 12:16:00,58,1439,1105,12,16,29.064,11719.199999999999,0.003255333333333333
2024-05-07 12:17:00,61,650,622,12,17,16.2,7860.0,0.002183333333333333
2024-05-07 12:18:00,58,1388,781,12,18,20.913000000000004,9273.900000000001,0.002576083333333334
2024-05-07 12:19:00,22,1664,961,12,19,25.689000000000004,10706.7,0.0029740833333333334
2024-05-07 12:20:00,13,1937,595,12,20,16.812,8043.6,0.0022343333333333334
2024-05-07 12:21:00,58,944,1234,12,21,31.794,12538.199999999999,0.003482833333333333
2024-05-07 12:22:00,34,1988,1243,12,22,33.063,12918.900000000001,0.003588583333333334
2024-05-07 12:23:00,52,2111,691,12,23,19.386000000000003,8815.800000000001,0.0024488333333333337
2024-05-07 12:24:00,43,2261,1258,12,24,33.711000000000006,13113.300000000003,0.003642583333333334
2024-05-07 12:25:00,37,1763,382,12,25,11.313,6393.9,0.0017760833333333333
2024-05-07 12:26:00,31,923,325,12,26,9.048,5714.4,0.0015873333333333332
2024-05-07 12:27:00,67,2297,1222,12,27,32.847,12854.1,0.0035705833333333336
2024-05-07 12:28:00,10,1538,955,12,28,25.413,10623.9,0.0029510833333333333
2024-05-07 12:29:00,40,1928,1123,12,29,30.003000000000004,12000.900000000001,0.003333583333333334
2024-05-07 12:30:00,67,2180,532,12,30,15.48,7644.0,0.0021233333333333334
2024-05-07 12:31:00,43,1061,340,12,31,9.561,5868.299999999999,0.0016300833333333332
2024-05-07 12:32:00,43,1409,388,12,32,11.109000000000002,6332.700000000001,0.0017590833333333336
2024-05-07 12:33:00,19,1994,343,12,33,10.569,6170.7,0.0017140833333333333
2024-05-07 12:34:00,61,989,709,12,34,18.714000000000002,8614.2,0.0023928333333333336
2024-05-07 12:35:00,64,1382,1075,12,35,28.257,11477.1,0.0031880833333333336
2024-05-07 12:36:00,58,704,904,12,36,23.304000000000002,9991.2,0.0027753333333333336
2024-05-07 12:37:00,28,2324,718,12,37,20.274,9082.2,0.0025228333333333335
2024-05-07 12:38:00,22,2180,1069,12,38,28.905,11671.5,0.0032420833333333334
2024-05-07 12:39:00,13,1058,1072,12,39,27.858,11357.400000000001,0.0031548333333333337
2024-05-07 12:40:00,61,1589,1042,12,40,27.639,11291.7,0.0031365833333333337
2024-05-07 12:41:00,37,1745,880,12,41,23.745,10123.5,0.0028120833333333335
2024-05-07 12:42:00,67,1826,487,12,42,14.001000000000001,7200.3,0.0020000833333333333
2024-05-07 12:43:00,55,968,454,12,43,12.318000000000001,6695.4,0.0018598333333333331
2024-05-07 12:44:00,67,2036,487,12,44,14.211,7263.300000000001,0.0020175833333333335
2024-05-07 12:45:00,73,2207,1090,12,45,29.457,11837.1,0.0032880833333333334
2024-05-07 12:46:00,55,677,538,12,46,14.127,7238.1,0.0020105833333333334
2024-05-07 12:47:00,61,2192,670,12,47,18.942,8682.6,0.0024118333333333335
2024-05-07 12:48:00,46,2498,1066,12,48,29.148000000000003,11744.400000000001,0.0032623333333333337
2024-05-07 12:49:00,16,1496,889,12,49,23.721,10116.3,0.0028100833333333333
2024-05-07 12:50:00,52,1781,526,12,50,14.931000000000001,7479.300000000001,0.0020775833333333336
2024-05-07 12:51:00,34,1544,1054,12,51,27.894000000000002,11368.2,0.0031578333333333337
2024-05-07 12:52:00,16,1496,640,12,52,17.496,8248.8,0.002291333333333333
2024-05-07 12:53:00,31,2108,553,12,53,15.933000000000002,7779.9,0.0021610833333333334
2024-05-07 12:54:00,10,911,430,12,54,11.661,6498.299999999999,0.0018050833333333332
2024-05-07 12:55:00,28,2180,1219,12,55,32.655,12796.5,0.003554583333333333
2024-05-07 12:56:00,58,833,1339,12,56,34.308,13292.4,0.003692333333333333
2024-05-07 12:57:00,52,1073,1264,12,57,32.673,12801.900000000001,0.003556083333333334
2024-05-07 12:58:00,37,1385,367,12,58,10.56,6168.0,0.0017133333333333334
2024-05-07 12:59:00,10,920,814,12,59,21.270000000000003,9381.0,0.0026058333333333333
2024-05-07 13:00:00,73,1355,1102,13,0,28.905,11671.5,0.0032420833333333334
2024-05-07 13:01:00,25,1376,976,13,1,25.776000000000003,10732.8,0.0029813333333333332
2024-05-07 13:02:00,67,1412,847,13,2,22.587,9776.1,0.0027155833333333333
2024-05-07 13:03:00,73,2276,829,13,3,23.001,9900.3,0.002750083333333333
2024-05-07 13:04:00,43,1346,922,13,4,24.396,10318.800000000001,0.0028663333333333336
2024-05-07 13:05:00,25,1076,916,13,5,23.976000000000003,10192.800000000001,0.0028313333333333337
2024-05-07 13:06:00,13,1550,625,13,6,17.175,8152.5,0.0022645833333333333
2024-05-07 13:07:00,10,2342,1120,13,7,30.342,12102.599999999999,0.003361833333333333
2024-05-07 13:08:00,52,935,463,13,8,12.510000000000002,6753.0,0.0018758333333333333
2024-05-07 13:09:00,16,2147,865,13,9,23.772,10131.599999999999,0.0028143333333333327
2024-05-07 13:10:00,70,2000,925,13,10,25.125,10537.5,0.002927083333333333
2024-05-07 13:11:00,55,1241,415,13,11,11.616,6484.799999999999,0.0018013333333333332
2024-05-07 13:12:00,19,1019,1051,13,12,27.294000000000004,11188.2,0.0031078333333333335
2024-05-07 13:13:00,43,1289,1258,13,13,32.739000000000004,12821.7,0.0035615833333333337
2024-05-07 13:14:00,49,920,325,13,14,9.045,5713.5,0.0015870833333333334
2024-05-07 13:15:00,52,1244,1174,13,15,30.594,12178.199999999999,0.003382833333333333
2024-05-07 13:16:00,46,1961,802,13,16,22.011,9603.3,0.002667583333333333
2024-05-07 13:17:00,25,2585,583,13,17,17.16,8148.0,0.0022633333333333333
2024-05-07 13:18:00,40,1676,622,13,18,17.226,8167.799999999999,0.002268833333333333
2024-05-07 13:19:00,31,1352,379,13,19,10.827,6248.1,0.0017355833333333333
2024-05-07 13:20:00,61,1085,379,13,20,10.559999999999999,6168.0,0.0017133333333333334
2024-05-07 13:21:00,16,2597,1393,13,21,37.422000000000004,14226.6,0.003951833333333333
2024-05-07 13:22:00,79,2513,973,13,22,26.838,11051.400000000001,0.0030698333333333337
2024-05-07 13:23:00,19,989,574,13,23,15.339000000000002,7601.700000000001,0.0021115833333333334
2024-05-07 13:24:00,43,722,1108,13,24,28.422000000000004,11526.6,0.0032018333333333334
2024-05-07 13:25:00,34,2447,898,13,25,24.897000000000002,10469.1,0.0029080833333333333
2024-05-07 13:26:00,31,2615,859,13,26,24.090000000000003,10227.000000000002,0.0028408333333333337
2024-05-07 13:27:00,70,1121,853,13,27,22.446,9733.800000000001,0.0027038333333333337
2024-05-07 13:28:00,73,1604,1243,13,28,32.679,12803.7,0.0035565833333333335
2024-05-07 13:29:00,52,2693,844,13,29,23.793000000000003,10137.900000000001,0.0028160833333333336
2024-05-07 13:30:00,13,1514,508,13,30,14.214,7264.200000000001,0.0020178333333333337
2024-05-07 13:31:00,37,1376,991,13,31,26.151000000000003,10845.3,0.0030125833333333333
2024-05-07 13:32:00,52,2378,1069,13,32,29.103,11730.900000000001,0.003258583333333334
2024-05-07 13:33:00,43,2519,556,13,33,16.419,7925.700000000001,0.0022015833333333336
2024-05-07 13:34:00,46,1919,1297,13,34,34.344,13303.199999999999,0.003695333333333333
2024-05-07 13:35:00,19,1196,823,13,35,21.771000000000004,9531.300000000001,0.002647583333333334
2024-05-07 13:36:00,40,2087,970,13,36,26.337,10901.1,0.0030280833333333336
2024-05-07 13:37:00,22,2528,841,13,37,23.553,10065.900000000001,0.0027960833333333336
2024-05-07 13:38:00,28,737,670,13,38,17.487,8246.1,0.0022905833333333333
2024-05-07 13:39:00,58,899,841,13,39,21.924000000000003,9577.2,0.0026603333333333336
2024-05-07 13:40:00,19,1202,628,13,40,16.902,8070.6,0.0022418333333333335
2024-05-07 13:41:00,13,2273,664,13,41,18.873,8661.9,0.0024060833333333334
2024-05-07 13:42:00,37,758,919,13,42,23.733,10119.900000000001,0.002811083333333334
2024-05-07 13:43:00,28,2075,682,13,43,19.125,8737.5,0.002427083333333333
2024-05-07 13:44:00,28,1961,733,13,44,20.285999999999998,9085.8,0.0025238333333333332
2024-05-07 13:45:00,13,1199,721,13,45,19.224000000000004,8767.2,0.0024353333333333336
2024-05-07 13:46:00,43,800,970,13,46,25.05,10515.0,0.0029208333333333334
2024-05-07 13:47:00,31,2387,1180,13,47,31.887,12566.1,0.0034905833333333334
2024-05-07 13:48:00,34,2279,1297,13,48,34.70400000000001,13411.200000000003,0.003725333333333334
2024-05-07 13:49:00,79,2528,787,13,49,22.203,9660.9,0.0026835833333333334
2024-05-07 13:50:00,76,1586,667,13,50,18.261,8478.3,0.002355083333333333
2024-05-07 13:51:00,25,2093,685,13,51,19.218,8765.4,0.002434833333333333
2024-05-07 13:52:00,67,1853,1330,13,52,35.103,13530.900000000001,0.003758583333333334
2024-05-07 13:53:00,25,1451,1123,13,53,29.526000000000003,11857.8,0.003293833333333333
2024-05-07 13:54:00,37,797,1174,13,54,30.147000000000002,12044.1,0.0033455833333333332
2024-05-07 13:55:00,82,1649,460,13,55,13.149000000000001,6944.700000000001,0.0019290833333333334
2024-05-07 13:56:00,49,1610,1444,13,56,37.71,14313.0,0.003975833333333333
2024-05-07 13:57:00,55,1451,1438,13,57,37.401,14220.3,0.003950083333333333
2024-05-07 13:58:00,64,1673,574,13,58,16.023000000000003,7806.9000000000015,0.0021685833333333336
2024-05-07 13:59:00,28,2327,1318,13,59,35.277,13583.1,0.0037730833333333336
2024-05-07 14:00:00,31,1907,874,14,0,23.757,10127.1,0.0028130833333333332
2024-05-07 14:01:00,10,2339,1495,14,1,39.714,14914.199999999999,0.0041428333333333334
2024-05-07 14:02:00,61,1097,1108,14,2,28.797000000000004,11639.1,0.0032330833333333335
2024-05-07 14:03:00,64,2597,1462,14,3,39.147000000000006,14744.100000000002,0.004095583333333334
2024-05-07 14:04:00,43,794,583,14,4,15.369000000000002,7610.700000000001,0.0021140833333333337
2024-05-07 14:05:00,37,1646,430,14,5,12.396,6718.8,0.0018663333333333333
2024-05-07 14:06:00,76,1868,940,14,6,25.368,10610.4,0.002947333333333333
2024-05-07 14:07:00,49,1478,808,14,7,21.678000000000004,9503.400000000001,0.002639833333333334
2024-05-07 14:08:00,25,1517,1345,14,8,35.142,13542.6,0.0037618333333333336
2024-05-07 14:09:00,64,1808,1018,14,9,27.258000000000003,11177.400000000001,0.0031048333333333336
2024-05-07 14:10:00,46,1172,1474,14,10,38.022,14406.599999999999,0.004001833333333333
2024-05-07 14:11:00,79,1217,1219,14,11,31.692,12507.6,0.0034743333333333336
2024-05-07 14:12:00,19,1214,1192,14,12,31.014,12304.199999999999,0.003417833333333333
2024-05-07 14:13:00,70,2009,871,14,13,23.784000000000002,10135.2,0.0028153333333333337
2024-05-07 14:14:00,25,2603,805,14,14,22.728,9818.4,0.0027273333333333333
2024-05-07 14:15:00,37,2339,1327,14,15,35.514,13654.2,0.0037928333333333334
2024-05-07 14:16:00,31,2636,1111,14,16,30.411,12123.3,0.003367583333333333
2024-05-07 14:17:00,43,1472,535,14,17,14.847,7454.1,0.0020705833333333336
2024-05-07 14:18:00,16,917,754,14,18,19.767000000000003,8930.1,0.0024805833333333333
2024-05-07 14:19:00,43,2291,592,14,19,17.091,8127.3,0.0022575833333333332
2024-05-07 14:20:00,46,2357,988,14,20,27.057000000000002,11117.1,0.0030880833333333333
2024-05-07 14:21:00,61,2297,379,14,21,11.772,6531.6,0.0018143333333333334
2024-05-07 14:22:00,37,902,1342,14,22,34.452000000000005,13335.600000000002,0.0037043333333333338
2024-05-07 14:23:00,85,2810,847,14,23,23.985,10195.5,0.002832083333333333
2024-05-07 14:24:00,85,1796,1375,14,24,36.171,13851.300000000001,0.0038475833333333335
2024-05-07 14:25:00,49,2255,688,14,25,19.455,8836.5,0.0024545833333333334
2024-05-07 14:26:00,61,2042,1012,14,26,27.342000000000002,11202.6,0.0031118333333333336
2024-05-07 14:27:00,61,2552,1360,14,27,36.552,13965.6,0.0038793333333333336
2024-05-07 14:28:00,85,1685,1567,14,28,40.86000000000001,15258.000000000002,0.0042383333333333335
2024-05-07 14:29:00,16,1595,1537,14,29,40.02,15006.000000000002,0.004168333333333334
2024-05-07 14:30:00,52,2777,1210,14,30,33.027,12908.1,0.0035855833333333334
2024-05-07 14:31:00,76,1205,637,14,31,17.130000000000003,8139.000000000001,0.0022608333333333334
2024-05-07 14:32:00,31,1052,1414,14,32,36.402,13920.6,0.0038668333333333332
2024-05-07 14:33:00,85,1631,787,14,33,21.306,9391.800000000001,0.0026088333333333337
2024-05-07 14:34:00,67,2321,469,14,34,14.046000000000001,7213.8,0.0020038333333333336
2024-05-07 14:35:00,76,2951,385,14,35,12.576,6772.8,0.0018813333333333334
2024-05-07 14:36:00,31,2903,1255,14,36,34.278,13283.4,0.003689833333333333
2024-05-07 14:37:00,25,2675,1408,14,37,37.875,14362.5,0.003989583333333334
2024-05-07 14:38:00,52,2669,1042,14,38,28.719,11615.699999999999,0.003226583333333333
2024-05-07 14:39:00,88,2636,1303,14,39,35.211000000000006,13563.300000000003,0.003767583333333334
2024-05-07 14:40:00,37,2129,547,14,40,15.804,7741.200000000001,0.0021503333333333335
2024-05-07 14:41:00,67,2609,1414,14,41,37.959,14387.7,0.003996583333333334
2024-05-07 14:42:00,70,725,1174,14,42,30.075000000000003,12022.500000000002,0.0033395833333333337
2024-05-07 14:43:00,73,2198,490,14,43,14.448,7334.4,0.0020373333333333333
2024-05-07 14:44:00,67,2216,1132,14,44,30.516000000000002,12154.8,0.003376333333333333
2024-05-07 14:45:00,40,1862,1036,14,45,27.762,11328.6,0.0031468333333333335
2024-05-07 14:46:00,13,2759,1525,14,46,40.884,15265.199999999999,0.004240333333333333
2024-05-07 14:47:00,58,2948,1147,14,47,31.623,12486.900000000001,0.003468583333333334
2024-05-07 14:48:00,88,899,964,14,48,24.999000000000002,10499.7,0.0029165833333333335
2024-05-07 14:49:00,40,1961,1120,14,49,29.961,11988.300000000001,0.0033300833333333338
2024-05-07 14:50:00,79,1667,658,14,50,18.117,8435.1,0.0023430833333333333
2024-05-07 14:51:00,13,2246,829,14,51,22.971,9891.3,0.002747583333333333
2024-05-07 14:52:00,25,2336,1408,14,52,37.536,14260.8,0.003961333333333333
2024-05-07 14:53:00,22,1415,772,14,53,20.715,9214.5,0.0025595833333333334
2024-05-07 14:54:00,25,2993,649,14,54,19.218,8765.4,0.002434833333333333
2024-05-07 14:55:00,13,1592,1135,14,55,29.967,11990.099999999999,0.003330583333333333
2024-05-07 14:56:00,19,1460,577,14,56,15.885000000000002,7765.5,0.0021570833333333333
2024-05-07 14:57:00,82,2360,628,14,57,18.060000000000002,8418.0,0.0023383333333333333
2024-05-07 14:58:00,25,2021,559,14,58,15.996000000000002,7798.8,0.0021663333333333335
2024-05-07 14:59:00,37,1889,1564,14,59,40.989000000000004,15296.7,0.004249083333333334
2024-05-07 15:00:00,61,2642,763,15,0,21.717,9515.1,0.0026430833333333332
2024-05-07 15:01:00,25,2219,475,15,1,14.094,7228.199999999999,0.002007833333333333
2024-05-07 15:02:00,76,2414,1537,15,2,40.839000000000006,15251.7,0.0042365833333333335
2024-05-07 15:03:00,64,1094,1012,15,3,26.394000000000002,10918.2,0.0030328333333333336
2024-05-07 15:04:00,46,1490,1237,15,4,32.415,12724.5,0.003534583333333333
2024-05-07 15:05:00,37,1490,1258,15,5,32.940000000000005,12882.000000000002,0.003578333333333334
2024-05-07 15:06:00,76,878,382,15,6,10.428,6128.400000000001,0.0017023333333333335
2024-05-07 15:07:00,16,1031,643,15,7,17.105999999999998,8131.799999999999,0.002258833333333333
2024-05-07 15:08:00,52,1436,805,15,8,21.561,9468.300000000001,0.0026300833333333337
2024-05-07 15:09:00,28,1595,715,15,9,19.47,8841.0,0.0024558333333333333
2024-05-07 15:10:00,67,2771,1600,15,10,42.771,15831.300000000001,0.004397583333333333
2024-05-07 15:11:00,46,2240,520,15,11,15.24,7572.0,0.0021033333333333334
2024-05-07 15:12:00,82,2594,400,15,12,12.594,6778.199999999999,0.001882833333333333
2024-05-07 15:13:00,16,1613,1666,15,13,43.263000000000005,15978.900000000001,0.0044385833333333334
2024-05-07 15:14:00,16,2594,961,15,14,26.619000000000003,10985.7,0.0030515833333333337
2024-05-07 15:15:00,73,3143,658,15,15,19.593,8877.9,0.002466083333333333
2024-05-07 15:16:00,13,1244,1270,15,16,32.994,12898.199999999999,0.003582833333333333
2024-05-07 15:17:00,61,2699,505,15,17,15.324,7597.2,0.0021103333333333334
2024-05-07 15:18:00,55,1655,985,15,18,26.28,10884.0,0.003023333333333333
2024-05-07 15:19:00,91,1346,1150,15,19,30.096,12028.800000000001,0.0033413333333333337
2024-05-07 15:20:00,70,1733,748,15,20,20.433,9129.9,0.0025360833333333333
2024-05-07 15:21:00,76,2426,799,15,21,22.401000000000003,9720.300000000001,0.002700083333333334
2024-05-07 15:22:00,85,899,652,15,22,17.199,8159.700000000001,0.0022665833333333336
2024-05-07 15:23:00,46,1655,499,15,23,14.13,7239.0,0.0020108333333333332
2024-05-07 15:24:00,61,2084,793,15,24,21.909000000000002,9572.7,0.0026590833333333336
2024-05-07 15:25:00,31,1400,1270,15,25,33.15,12945.0,0.0035958333333333333
2024-05-07 15:26:00,85,2855,1597,15,26,42.78,15834.0,0.004398333333333333
2024-05-07 15:27:00,46,1475,1054,15,27,27.825000000000003,11347.500000000002,0.003152083333333334
2024-05-07 15:28:00,58,899,1402,15,28,35.949000000000005,13784.7,0.0038290833333333336
2024-05-07 15:29:00,25,1322,1537,15,29,39.74700000000001,14924.100000000002,0.004145583333333334
2024-05-07 15:30:00,70,3005,454,15,30,14.355,7306.5,0.0020295833333333333
2024-05-07 15:31:00,13,1583,367,15,31,10.758000000000001,6227.4,0.0017298333333333332
2024-05-07 15:32:00,85,2165,1678,15,32,44.115,16234.5,0.004509583333333333
2024-05-07 15:33:00,19,1247,841,15,33,22.272000000000002,9681.6,0.0026893333333333335
2024-05-07 15:34:00,37,2630,790,15,34,22.38,9714.0,0.0026983333333333334
2024-05-07 15:35:00,46,2165,1561,15,35,41.190000000000005,15357.000000000002,0.004265833333333334
2024-05-07 15:36:00,79,1556,934,15,36,24.906000000000002,10471.8,0.002908833333333333
2024-05-07 15:37:00,19,1697,1258,15,37,33.147000000000006,12944.100000000002,0.003595583333333334
2024-05-07 15:38:00,58,1973,766,15,38,21.123,9336.9,0.002593583333333333
2024-05-07 15:39:00,37,2678,763,15,39,21.753,9525.9,0.002646083333333333
2024-05-07 15:40:00,52,1544,1477,15,40,38.469,14540.699999999999,0.004039083333333333
2024-05-07 15:41:00,76,1079,1312,15,41,33.879000000000005,13163.7,0.0036565833333333337
2024-05-07 15:42:00,49,746,1372,15,42,35.04600000000001,13513.800000000001,0.003753833333333334
2024-05-07 15:43:00,19,2420,916,15,43,25.32,10596.0,0.0029433333333333334
2024-05-07 15:44:00,58,2684,400,15,44,12.684000000000001,6805.200000000001,0.0018903333333333335
2024-05-07 15:45:00,79,2978,1405,15,45,38.103,14430.900000000001,0.004008583333333334
2024-05-07 15:46:00,70,2837,1072,15,46,29.637,11891.1,0.0033030833333333332
2024-05-07 15:47:00,67,1895,1075,15,47,28.77,11631.0,0.0032308333333333334
2024-05-07 15:48:00,100,2834,1555,15,48,41.709,15512.7,0.004309083333333333
2024-05-07 15:49:00,25,1499,526,15,49,14.649000000000001,7394.700000000001,0.0020540833333333335
2024-05-07 15:50:00,94,3311,502,15,50,15.861,7758.3,0.0021550833333333335
2024-05-07 15:51:00,79,2804,796,15,51,22.704,9811.2,0.0027253333333333335
2024-05-07 15:52:00,70,1430,1759,15,52,45.405,16621.5,0.004617083333333333
2024-05-07 15:53:00,79,1076,1267,15,53,32.751,12825.3,0.003562583333333333
2024-05-07 15:54:00,88,2144,1237,15,54,33.069,12920.7,0.0035890833333333334
2024-05-07 15:55:00,28,1430,1462,15,55,37.980000000000004,14394.000000000002,0.003998333333333334
2024-05-07 15:56:00,34,2837,601,15,56,17.862000000000002,8358.6,0.0023218333333333333
2024-05-07 15:57:00,70,2714,1216,15,57,33.114000000000004,12934.2,0.0035928333333333337
2024-05-07 15:58:00,31,3176,1375,15,58,37.551,14265.3,0.003962583333333333
2024-05-07 15:59:00,64,1847,1138,15,59,30.297000000000004,12089.1,0.0033580833333333336
2024-05-07 16:00:00,49,2834,661,16,0,19.359,8807.7,0.0024465833333333336
2024-05-07 16:01:00,37,1136,1648,16,1,42.336000000000006,15700.800000000001,0.004361333333333333
2024-05-07 16:02:00,94,1397,421,16,2,11.922,6576.6,0.0018268333333333335
2024-05-07 16:03:00,85,1925,1465,16,3,38.55,14564.999999999998,0.004045833333333333
2024-05-07 16:04:00,76,1715,526,16,4,14.865,7459.5,0.0020720833333333333
2024-05-07 16:05:00,40,2045,1459,16,5,38.52,14556.000000000002,0.004043333333333334
2024-05-07 16:06:00,52,1619,1741,16,6,45.144000000000005,16543.2,0.004595333333333333
2024-05-07 16:07:00,16,2957,457,16,7,14.382000000000001,7314.6,0.0020318333333333334
2024-05-07 16:08:00,28,953,1531,16,8,39.228,14768.400000000001,0.004102333333333334
2024-05-07 16:09:00,22,1766,1219,16,9,32.241,12672.300000000001,0.003520083333333334
2024-05-07 16:10:00,70,2105,1225,16,10,32.73,12818.999999999998,0.003560833333333333
2024-05-07 16:11:00,49,3392,1294,16,11,35.742000000000004,13722.6,0.0038118333333333333
2024-05-07 16:12:00,46,776,1627,16,12,41.45100000000001,15435.300000000001,0.004287583333333333
2024-05-07 16:13:00,31,1694,1726,16,13,44.84400000000001,16453.200000000004,0.004570333333333334
2024-05-07 16:14:00,79,1319,1273,16,14,33.144000000000005,12943.2,0.0035953333333333336
2024-05-07 16:15:00,37,2690,1513,16,15,40.515,15154.5,0.004209583333333333
2024-05-07 16:16:00,67,2885,871,16,16,24.660000000000004,10398.000000000002,0.002888333333333334
2024-05-07 16:17:00,97,1187,463,16,17,12.762,6828.6,0.0018968333333333335
2024-05-07 16:18:00,37,3128,400,16,18,13.128,6938.4,0.0019273333333333332
2024-05-07 16:19:00,16,2945,925,16,19,26.07,10821.0,0.0030058333333333334
2024-05-07 16:20:00,31,1184,1582,16,20,40.734,15220.2,0.0042278333333333334
2024-05-07 16:21:00,55,1835,1303,16,21,34.410000000000004,13323.000000000002,0.0037008333333333338
2024-05-07 16:22:00,58,1835,667,16,22,18.51,8553.0,0.0023758333333333335
2024-05-07 16:23:00,13,1682,787,16,23,21.357,9407.1,0.0026130833333333336
2024-05-07 16:24:00,79,2198,535,16,24,15.573,7671.9,0.0021310833333333334
2024-05-07 16:25:00,64,2534,1663,16,25,44.109,16232.7,0.004509083333333334
2024-05-07 16:26:00,43,2504,850,16,26,23.754,10126.199999999999,0.002812833333333333
2024-05-07 16:27:00,58,1472,1708,16,27,44.172000000000004,16251.6,0.004514333333333334
2024-05-07 16:28:00,64,3194,595,16,28,18.069,8420.699999999999,0.002339083333333333
2024-05-07 16:29:00,13,1577,934,16,29,24.927,10478.1,0.0029105833333333336
2024-05-07 16:30:00,64,2966,718,16,30,20.916,9274.800000000001,0.0025763333333333337
2024-05-07 16:31:00,55,1829,871,16,31,23.604000000000003,10081.2,0.0028003333333333335
2024-05-07 16:32:00,97,2198,1414,16,32,37.548,14264.400000000001,0.003962333333333333
2024-05-07 16:33:00,61,2222,1036,16,33,28.122000000000003,11436.6,0.0031768333333333336
2024-05-07 16:34:00,94,2636,1756,16,34,46.53600000000001,16960.800000000003,0.004711333333333334
2024-05-07 16:35:00,46,3131,862,16,35,24.681,10404.300000000001,0.0028900833333333335
2024-05-07 16:36:00,79,2087,961,16,36,26.112000000000002,10833.6,0.0030093333333333335
2024-05-07 16:37:00,46,3248,1054,16,37,29.598000000000003,11879.400000000001,0.003299833333333334
2024-05-07 16:38:00,40,2663,565,16,38,16.788,8036.400000000001,0.0022323333333333336
2024-05-07 16:39:00,100,2795,1003,16,39,27.870000000000005,11361.000000000002,0.003155833333333334
2024-05-07 16:40:00,79,3440,1381,16,40,37.964999999999996,14389.499999999998,0.0039970833333333325
2024-05-07 16:41:00,97,2441,1615,16,41,42.816,15844.8,0.0044013333333333335
2024-05-07 16:42:00,106,1829,1762,16,42,45.879000000000005,16763.7,0.004656583333333334
2024-05-07 16:43:00,61,3041,1246,16,43,34.191,13257.3,0.0036825833333333333
2024-05-07 16:44:00,40,2369,1297,16,44,34.794000000000004,13438.2,0.0037328333333333337
2024-05-07 16:45:00,34,1709,1189,16,45,31.434,12430.199999999999,0.003452833333333333
2024-05-07 16:46:00,43,1514,1600,16,46,41.514,15454.2,0.004292833333333333
2024-05-07 16:47:00,34,3314,925,16,47,26.439,10931.699999999999,0.003036583333333333
2024-05-07 16:48:00,100,1958,1531,16,48,40.233,15069.9,0.004186083333333333
2024-05-07 16:49:00,100,2540,1048,16,49,28.740000000000002,11622.0,0.0032283333333333335
2024-05-07 16:50:00,19,1943,1312,16,50,34.743,13422.900000000001,0.0037285833333333337
2024-05-07 16:51:00,46,1088,1843,16,51,47.163000000000004,17148.9,0.004763583333333334
2024-05-07 16:52:00,106,2048,958,16,52,25.998000000000005,10799.400000000001,0.002999833333333334
2024-05-07 16:53:00,49,2198,535,16,53,15.573,7671.9,0.0021310833333333334
2024-05-07 16:54:00,64,1526,619,16,54,17.001,8100.3,0.0022500833333333335
2024-05-07 16:55:00,76,3581,1255,16,55,34.956,13486.8,0.0037463333333333333
2024-05-07 16:56:00,88,2291,1645,16,56,43.416,16024.8,0.004451333333333333
2024-05-07 16:57:00,91,1364,820,16,57,21.864,9559.2,0.0026553333333333333
2024-05-07 16:58:00,40,1148,805,16,58,21.273,9381.9,0.002606083333333333
2024-05-07 16:59:00,64,854,1507,16,59,38.529,14558.7,0.0040440833333333336
2024-05-07 17:00:00,94,1604,1354,17,0,35.454,13636.199999999999,0.003787833333333333
2024-05-07 17:01:00,67,3485,391,17,1,13.26,6978.0,0.0019383333333333334
2024-05-07 17:02:00,31,1643,1171,17,2,30.918000000000003,12275.400000000001,0.0034098333333333337
2024-05-07 17:03:00,52,1853,643,17,3,17.928,8378.400000000001,0.0023273333333333336
2024-05-07 17:04:00,73,2366,1705,17,4,44.991,16497.3,0.0045825833333333335
2024-05-07 17:05:00,28,2861,823,17,5,23.436000000000003,10030.8,0.002786333333333333
2024-05-07 17:06:00,109,3098,1717,17,6,46.023,16806.9,0.004668583333333334
2024-05-07 17:07:00,61,872,994,17,7,25.722,10716.6,0.0029768333333333335
2024-05-07 17:08:00,76,3422,745,17,8,22.047,9614.1,0.0026705833333333334
2024-05-07 17:09:00,94,3080,772,17,9,22.380000000000003,9714.0,0.0026983333333333334
2024-05-07 17:10:00,46,3170,1594,17,10,43.02,15906.000000000002,0.004418333333333334
2024-05-07 17:11:00,91,1286,1405,17,11,36.411,13923.3,0.003867583333333333
2024-05-07 17:12:00,22,938,1687,17,12,43.11300000000001,15933.900000000003,0.004426083333333334
2024-05-07 17:13:00,76,3494,1351,17,13,37.269,14180.7,0.0039390833333333335
2024-05-07 17:14:00,61,2642,1459,17,14,39.117000000000004,14735.1,0.004093083333333333
2024-05-07 17:15:00,25,3113,1402,17,15,38.163000000000004,14448.900000000001,0.004013583333333333
2024-05-07 17:16:00,91,3011,829,17,16,23.736,10120.8,0.0028113333333333332
2024-05-07 17:17:00,85,1319,1726,17,17,44.46900000000001,16340.700000000003,0.004539083333333334
2024-05-07 17:18:00,103,2924,1081,17,18,29.949,11984.7,0.0033290833333333336
2024-05-07 17:19:00,46,2843,1633,17,19,43.668000000000006,16100.400000000003,0.004472333333333334
2024-05-07 17:20:00,88,3386,1498,17,20,40.836000000000006,15250.800000000001,0.004236333333333333
2024-05-07 17:21:00,109,1850,1375,17,21,36.225,13867.5,0.0038520833333333332
2024-05-07 17:22:00,70,2033,1849,17,22,48.258,17477.399999999998,0.0048548333333333325
2024-05-07 17:23:00,94,2351,1201,17,23,32.376000000000005,12712.800000000003,0.0035313333333333342
2024-05-07 17:24:00,40,3605,475,17,24,15.48,7644.0,0.0021233333333333334
2024-05-07 17:25:00,49,1508,472,17,25,13.308,6992.4,0.0019423333333333332
2024-05-07 17:26:00,82,2141,595,17,26,17.016,8104.799999999999,0.002251333333333333
2024-05-07 17:27:00,85,2525,1879,17,27,49.5,17850.0,0.004958333333333334
2024-05-07 17:28:00,76,2795,433,17,28,13.620000000000001,7086.0,0.0019683333333333332
2024-05-07 17:29:00,76,2063,1348,17,29,35.763000000000005,13728.900000000001,0.0038135833333333338
2024-05-07 17:30:00,67,3566,1645,17,30,44.691,16407.3,0.004557583333333333
2024-05-07 17:31:00,61,1382,682,17,31,18.432000000000002,8529.6,0.0023693333333333335
2024-05-07 17:32:00,73,3521,415,17,32,13.896,7168.8,0.0019913333333333332
2024-05-07 17:33:00,112,2516,1468,17,33,39.216,14764.800000000001,0.004101333333333334
2024-05-07 17:34:00,97,1079,1459,17,34,37.554,14266.2,0.003962833333333334
2024-05-07 17:35:00,58,1577,1558,17,35,40.527,15158.1,0.0042105833333333335
2024-05-07 17:36:00,115,3518,1312,17,36,36.318000000000005,13895.400000000001,0.0038598333333333336
2024-05-07 17:37:00,67,3269,799,17,37,23.244,9973.199999999999,0.002770333333333333
2024-05-07 17:38:00,31,1394,1237,17,38,32.319,12695.7,0.0035265833333333334
2024-05-07 17:39:00,43,1019,1513,17,39,38.844,14653.199999999999,0.004070333333333333
2024-05-07 17:40:00,100,3428,442,17,40,14.478000000000002,7343.4,0.002039833333333333
2024-05-07 17:41:00,43,896,529,17,41,14.121000000000002,7236.3,0.0020100833333333333
2024-05-07 17:42:00,22,1385,481,17,42,13.41,7023.0,0.0019508333333333333
2024-05-07 17:43:00,61,821,1846,17,43,46.971000000000004,17091.300000000003,0.0047475833333333346
2024-05-07 17:44:00,46,2477,1717,17,44,45.402,16620.600000000002,0.004616833333333334
2024-05-07 17:45:00,94,965,1780,17,45,45.465,16639.5,0.004622083333333333
2024-05-07 17:46:00,88,3347,1198,17,46,33.297000000000004,12989.1,0.0036080833333333334
2024-05-07 17:47:00,52,2054,475,17,47,13.929,7178.700000000001,0.0019940833333333334
2024-05-07 17:48:00,58,3770,709,17,48,21.495,9448.5,0.0026245833333333334
2024-05-07 17:49:00,13,1013,1732,17,49,44.313,16293.900000000001,0.004526083333333333
2024-05-07 17:50:00,49,3653,862,17,50,25.203,10560.9,0.002933583333333333
2024-05-07 17:51:00,115,1301,994,17,51,26.151,10845.300000000001,0.0030125833333333337
2024-05-07 17:52:00,52,2741,1195,17,52,32.616,12784.800000000001,0.0035513333333333334
2024-05-07 17:53:00,34,1427,1948,17,53,50.127,18038.100000000002,0.005010583333333334
2024-05-07 17:54:00,64,2927,940,17,54,26.427,10928.1,0.0030355833333333333
2024-05-07 17:55:00,55,1490,1102,17,55,29.04,11712.0,0.0032533333333333333
2024-05-07 17:56:00,34,3674,1675,17,56,45.549,16664.7,0.004629083333333333
2024-05-07 17:57:00,82,1586,463,17,57,13.161000000000001,6948.3,0.0019300833333333333
2024-05-07 17:58:00,43,3377,1651,17,58,44.65200000000001,16395.600000000002,0.004554333333333334
2024-05-07 17:59:00,85,3158,1927,17,59,51.333000000000006,18399.9,0.005111083333333334
2024-05-07 18:00:00,112,923,1513,18,0,38.748000000000005,14624.400000000001,0.004062333333333334
2024-05-07 18:01:00,43,2267,1309,18,1,34.992000000000004,13497.6,0.0037493333333333333
2024-05-07 18:02:00,88,3677,1072,18,2,30.477,12143.1,0.0033730833333333334
2024-05-07 18:03:00,52,1814,1459,18,3,38.289,14486.699999999999,0.004024083333333333
2024-05-07 18:04:00,19,1307,1156,18,4,30.207,12062.1,0.0033505833333333335
2024-05-07 18:05:00,13,2900,772,18,5,22.2,9660.0,0.002683333333333333
2024-05-07 18:06:00,25,1178,1513,18,6,39.003,14700.9,0.004083583333333333
2024-05-07 18:07:00,88,1793,1393,18,7,36.618,13985.400000000001,0.003884833333333334
2024-05-07 18:08:00,70,3599,673,18,8,20.424,9127.199999999999,0.002535333333333333
2024-05-07 18:09:00,118,3848,1942,18,9,52.398,18719.4,0.005199833333333334
2024-05-07 18:10:00,25,3416,1402,18,10,38.466,14539.800000000001,0.0040388333333333335
2024-05-07 18:11:00,100,2636,1819,18,11,48.111000000000004,17433.300000000003,0.004842583333333334
2024-05-07 18:12:00,67,3143,1081,18,12,30.168000000000003,12050.400000000001,0.0033473333333333337
2024-05-07 18:13:00,40,3554,1762,18,13,47.604000000000006,17281.2,0.0048003333333333335
2024-05-07 18:14:00,94,2192,535,18,14,15.567,7670.1,0.0021305833333333333
2024-05-07 18:15:00,67,2576,1843,18,15,48.651,17595.300000000003,0.004887583333333334
2024-05-07 18:16:00,49,1208,1180,18,16,30.708,12212.4,0.003392333333333333
2024-05-07 18:17:00,25,3290,1498,18,17,40.74,15222.0,0.004228333333333333
2024-05-07 18:18:00,118,3812,1039,18,18,29.787000000000003,11936.1,0.0033155833333333336
2024-05-07 18:19:00,79,1286,1318,18,19,34.236000000000004,13270.800000000003,0.003686333333333334
2024-05-07 18:20:00,25,2114,916,18,20,25.014000000000003,10504.2,0.0029178333333333335
2024-05-07 18:21:00,43,1679,1204,18,21,31.779,12533.699999999999,0.003481583333333333
2024-05-07 18:22:00,115,2855,433,18,22,13.680000000000001,7104.000000000001,0.0019733333333333334
2024-05-07 18:23:00,85,1847,1267,18,23,33.522,13056.599999999999,0.003626833333333333
2024-05-07 18:24:00,73,2015,895,18,24,24.39,10317.0,0.0028658333333333335
2024-05-07 18:25:00,52,2810,550,18,25,16.56,7968.0,0.002213333333333333
2024-05-07 18:26:00,34,1991,1597,18,26,41.916000000000004,15574.800000000003,0.004326333333333334
2024-05-07 18:27:00,52,1619,1636,18,27,42.519000000000005,15755.7,0.004376583333333334
2024-05-07 18:28:00,55,2963,946,18,28,26.613000000000003,10983.900000000001,0.0030510833333333336
2024-05-07 18:29:00,43,3212,1300,18,29,35.712,13713.6,0.0038093333333333334
2024-05-07 18:30:00,82,3647,2077,18,30,55.572,19671.600000000002,0.005464333333333334
2024-05-07 18:31:00,115,1454,1420,18,31,36.954,14086.199999999999,0.003912833333333333
2024-05-07 18:32:00,121,1532,1732,18,32,44.83200000000001,16449.600000000002,0.004569333333333334
2024-05-07 18:33:00,70,1175,661,18,33,17.700000000000003,8310.0,0.0023083333333333332
2024-05-07 18:34:00,121,2636,802,18,34,22.686,9805.800000000001,0.0027238333333333337
2024-05-07 18:35:00,118,2348,898,18,35,24.798000000000002,10439.400000000001,0.0028998333333333337
2024-05-07 18:36:00,43,1049,802,18,36,21.099,9329.699999999999,0.002591583333333333
2024-05-07 18:37:00,73,2576,2098,18,37,55.026,19507.800000000003,0.0054188333333333345
2024-05-07 18:38:00,112,3716,745,18,38,22.341,9702.300000000001,0.0026950833333333336
2024-05-07 18:39:00,16,2000,1381,18,39,36.525,13957.5,0.0038770833333333335
2024-05-07 18:40:00,34,1037,1369,18,40,35.262,13578.6,0.0037718333333333336
2024-05-07 18:41:00,22,3512,673,18,41,20.337,9101.1,0.0025280833333333336
2024-05-07 18:42:00,79,2474,1834,18,42,48.324,17497.199999999997,0.004860333333333333
2024-05-07 18:43:00,43,2096,1852,18,43,48.396,17518.8,0.004866333333333333
2024-05-07 18:44:00,70,2018,547,18,44,15.693000000000001,7707.9,0.0021410833333333334
2024-05-07 18:45:00,34,2747,1093,18,45,30.072000000000003,12021.6,0.0033393333333333335
2024-05-07 18:46:00,97,1091,688,18,46,18.291,8487.300000000001,0.0023575833333333335
2024-05-07 18:47:00,106,1667,964,18,47,25.767000000000003,10730.1,0.0029805833333333333
2024-05-07 18:48:00,97,2519,601,18,48,17.544,8263.2,0.0022953333333333337
2024-05-07 18:49:00,94,3044,1657,18,49,44.469,16340.699999999999,0.004539083333333333
2024-05-07 18:50:00,97,2327,451,18,50,13.602,7080.599999999999,0.001966833333333333
2024-05-07 18:51:00,61,1385,1600,18,51,41.385,15415.5,0.004282083333333333
2024-05-07 18:52:00,16,3380,883,18,52,25.455000000000002,10636.5,0.0029545833333333334
2024-05-07 18:53:00,121,3491,1315,18,53,36.366,13909.800000000001,0.0038638333333333337
2024-05-07 18:54:00,76,3551,1006,18,54,28.701,11610.300000000001,0.0032250833333333337
2024-05-07 18:55:00,115,2081,1408,18,55,37.281000000000006,14184.300000000003,0.0039400833333333345
2024-05-07 18:56:00,43,2870,1168,18,56,32.07,12621.0,0.0035058333333333335
2024-05-07 18:57:00,88,2381,643,18,57,18.456,8536.8,0.002371333333333333
2024-05-07 18:58:00,91,1250,1387,18,58,35.925000000000004,13777.500000000002,0.003827083333333334
2024-05-07 18:59:00,103,3443,874,18,59,25.293000000000003,10587.900000000001,0.0029410833333333337
2024-05-07 19:00:00,29,1802,242,19,0,7.852,5355.6,0.0014876666666666669
2024-05-07 19:01:00,34,1986,236,19,1,7.886,5365.799999999999,0.0014904999999999999
2024-05-07 19:02:00,8,1871,428,19,2,12.571000000000002,6771.300000000001,0.001880916666666667
2024-05-07 19:03:00,20,470,403,19,3,10.545000000000002,6163.5,0.0017120833333333333
2024-05-07 19:04:00,38,2040,572,19,4,16.34,7902.0,0.002195
2024-05-07 19:05:00,31,1749,905,19,5,24.374,10312.2,0.0028645000000000003
2024-05-07 19:06:00,31,1679,947,19,6,25.354,10606.199999999999,0.0029461666666666664
2024-05-07 19:07:00,22,1008,433,19,7,11.833000000000002,6549.9000000000015,0.001819416666666667
2024-05-07 19:08:00,10,1136,434,19,8,11.986,6595.8,0.0018321666666666666
2024-05-07 19:09:00,29,1787,655,19,9,18.162,8448.6,0.0023468333333333336
2024-05-07 19:10:00,13,1317,847,19,10,22.492,9747.6,0.002707666666666667
2024-05-07 19:11:00,37,1182,799,19,11,21.157,9347.1,0.0025964166666666666
2024-05-07 19:12:00,25,1352,595,19,12,16.227,7868.099999999999,0.002185583333333333
2024-05-07 19:13:00,55,1962,401,19,13,11.987,6596.1,0.0018322500000000001
2024-05-07 19:14:00,10,582,1096,19,14,27.982000000000003,11394.6,0.003165166666666667
2024-05-07 19:15:00,14,1971,290,19,15,9.221,5766.299999999999,0.0016017499999999999
2024-05-07 19:16:00,22,1425,371,19,16,10.700000000000001,6210.0,0.001725
2024-05-07 19:17:00,20,1845,683,19,17,18.919999999999998,8676.0,0.00241
2024-05-07 19:18:00,56,1911,1069,19,18,28.636000000000003,11590.8,0.0032196666666666662
2024-05-07 19:19:00,40,1581,395,19,19,11.456,6436.799999999999,0.0017879999999999999
2024-05-07 19:20:00,8,873,746,19,20,19.523000000000003,8856.900000000001,0.00246025
2024-05-07 19:21:00,26,1217,322,19,21,9.267000000000001,5780.1,0.0016055833333333334
2024-05-07 19:22:00,17,1509,928,19,22,24.709000000000003,10412.7,0.002892416666666667
2024-05-07 19:23:00,13,1212,247,19,23,7.3870000000000005,5216.1,0.0014489166666666667
2024-05-07 19:24:00,17,962,734,19,24,19.312,8793.6,0.0024426666666666668
2024-05-07 19:25:00,34,1136,484,19,25,13.236,6970.8,0.0019363333333333333
2024-05-07 19:26:00,49,1841,857,19,26,23.266000000000002,9979.8,0.0027721666666666663
2024-05-07 19:27:00,56,482,635,19,27,16.357,7907.1,0.002196416666666667
2024-05-07 19:28:00,61,1244,980,19,28,25.744,10723.199999999999,0.0029786666666666664
2024-05-07 19:29:00,32,1824,940,19,29,25.324,10597.2,0.002943666666666667
2024-05-07 19:30:00,64,1707,583,19,30,16.282,7884.6,0.0021901666666666667
2024-05-07 19:31:00,35,737,436,19,31,11.637,6491.1,0.0018030833333333334
2024-05-07 19:32:00,23,681,535,19,32,14.056000000000001,7216.800000000001,0.002004666666666667
2024-05-07 19:33:00,56,1473,836,19,33,22.373,9711.9,0.00269775
2024-05-07 19:34:00,20,1007,434,19,34,11.857000000000001,6557.1,0.0018214166666666667
2024-05-07 19:35:00,29,1466,640,19,35,17.466,8239.8,0.0022888333333333333
2024-05-07 19:36:00,44,1584,952,19,36,25.384,10615.199999999999,0.0029486666666666663
2024-05-07 19:37:00,49,1083,931,19,37,24.358,10307.400000000001,0.002863166666666667
2024-05-07 19:38:00,62,2007,1046,19,38,28.157000000000004,11447.1,0.0031797500000000003
2024-05-07 19:39:00,10,1493,1039,19,39,27.468,11240.4,0.0031223333333333333
2024-05-07 19:40:00,8,1688,1121,19,40,29.713,11913.900000000001,0.003309416666666667
2024-05-07 19:41:00,53,993,493,19,41,13.318000000000001,6995.4,0.0019431666666666666
2024-05-07 19:42:00,14,2091,631,19,42,17.866,8359.8,0.0023221666666666664
2024-05-07 19:43:00,55,1290,617,19,43,16.715,8014.5,0.00222625
2024-05-07 19:44:00,44,1985,535,19,44,15.36,7608.0,0.0021133333333333334
2024-05-07 19:45:00,20,2103,515,19,45,14.978,7493.4,0.0020815
2024-05-07 19:46:00,23,1070,340,19,46,9.57,5871.0,0.0016308333333333333
2024-05-07 19:47:00,20,675,920,19,47,23.675,10102.5,0.00280625
2024-05-07 19:48:00,56,681,781,19,48,20.206000000000003,9061.800000000001,0.002517166666666667
2024-05-07 19:49:00,38,1064,511,19,49,13.839,7151.700000000001,0.0019865833333333337
2024-05-07 19:50:00,26,903,583,19,50,15.478000000000002,7643.4,0.0021231666666666664
2024-05-07 19:51:00,23,1032,1064,19,51,27.632,11289.6,0.003136
2024-05-07 19:52:00,61,1806,313,19,52,9.631,5889.299999999999,0.0016359166666666664
2024-05-07 19:53:00,49,1875,995,19,53,26.75,11025.0,0.0030625
2024-05-07 19:54:00,23,1272,776,19,54,20.672,9201.6,0.002556
2024-05-07 19:55:00,56,1226,559,19,55,15.201,7560.3,0.0021000833333333336
2024-05-07 19:56:00,38,1143,391,19,56,10.918000000000001,6275.4,0.0017431666666666665
2024-05-07 19:57:00,32,1050,418,19,57,11.500000000000002,6450.0,0.0017916666666666667
2024-05-07 19:58:00,64,2141,1028,19,58,27.841,11352.300000000001,0.0031534166666666668
2024-05-07 19:59:00,29,1515,730,19,59,19.765,8929.5,0.002480416666666667
2024-05-07 20:00:00,38,704,811,20,0,20.979000000000003,9293.7,0.0025815833333333337
2024-05-07 20:01:00,41,1791,733,20,1,20.116,9034.8,0.0025096666666666666
2024-05-07 20:02:00,59,1388,728,20,2,19.588,8876.4,0.0024656666666666664
2024-05-07 20:03:00,49,1151,590,20,3,15.901,7770.300000000001,0.002158416666666667
2024-05-07 20:04:00,44,1026,728,20,4,19.226,8767.8,0.0024354999999999997
2024-05-07 20:05:00,25,836,391,20,5,10.611,6183.3,0.0017175833333333333
2024-05-07 20:06:00,55,1113,578,20,6,15.563,7668.9,0.0021302499999999998
2024-05-07 20:07:00,35,857,374,20,7,10.206999999999999,6062.1,0.0016839166666666667
2024-05-07 20:08:00,52,575,728,20,8,18.775,8632.5,0.0023979166666666667
2024-05-07 20:09:00,43,1550,1018,20,9,27.000000000000004,11100.000000000002,0.0030833333333333338
2024-05-07 20:10:00,44,1035,437,20,10,11.96,6588.0,0.00183
2024-05-07 20:11:00,35,1172,950,20,11,24.922,10476.6,0.002910166666666667
2024-05-07 20:12:00,64,1836,1018,20,12,27.286,11185.8,0.0031071666666666665
2024-05-07 20:13:00,11,1557,385,20,13,11.182,6354.6,0.0017651666666666668
2024-05-07 20:14:00,35,1511,662,20,14,18.061,8418.3,0.0023384166666666666
2024-05-07 20:15:00,34,1200,1145,20,15,29.825,11947.5,0.00331875
2024-05-07 20:16:00,28,1467,319,20,16,9.442,5832.6,0.0016201666666666667
2024-05-07 20:17:00,19,1079,803,20,17,21.154000000000003,9346.2,0.0025961666666666668
2024-05-07 20:18:00,23,1949,704,20,18,19.549000000000003,8864.7,0.002462416666666667
2024-05-07 20:19:00,20,1355,1117,20,19,29.28,11784.0,0.0032733333333333334
2024-05-07 20:20:00,35,1368,817,20,20,21.793,9537.9,0.0026494166666666667
2024-05-07 20:21:00,62,2006,448,20,21,13.206000000000001,6961.8,0.0019338333333333334
2024-05-07 20:22:00,59,645,709,20,22,18.37,8511.0,0.0023641666666666668
2024-05-07 20:23:00,16,1230,1006,20,23,26.380000000000003,10914.0,0.0030316666666666665
2024-05-07 20:24:00,37,1406,388,20,24,11.106000000000002,6331.8,0.0017588333333333334
2024-05-07 20:25:00,31,767,490,20,25,13.017,6905.1,0.0019180833333333335
2024-05-07 20:26:00,35,837,1030,20,26,26.587,10976.1,0.003048916666666667
2024-05-07 20:27:00,25,1374,1013,20,27,26.699,11009.7,0.00305825
2024-05-07 20:28:00,20,1566,1097,20,28,28.991,11697.300000000001,0.0032492500000000004
2024-05-07 20:29:00,50,1038,551,20,29,14.813,7443.9,0.0020677499999999997
2024-05-07 20:30:00,19,1883,910,20,30,24.633,10389.9,0.0028860833333333334
2024-05-07 20:31:00,31,2112,1120,20,31,30.112000000000002,12033.6,0.003342666666666667
2024-05-07 20:32:00,25,867,985,20,32,25.492,10647.6,0.0029576666666666666
2024-05-07 20:33:00,29,1947,421,20,33,12.472000000000001,6741.6,0.0018726666666666668
2024-05-07 20:34:00,38,2172,272,20,34,8.972000000000001,5691.6,0.0015810000000000002
2024-05-07 20:35:00,40,1178,530,20,35,14.428,7328.400000000001,0.002035666666666667
2024-05-07 20:36:00,28,1494,587,20,36,16.169,7850.700000000001,0.0021807500000000004
2024-05-07 20:37:00,40,1061,610,20,37,16.311,7893.3,0.0021925833333333333
2024-05-07 20:38:00,49,1883,742,20,38,20.433,9129.9,0.0025360833333333333
2024-05-07 20:39:00,22,815,977,20,39,25.240000000000002,10572.0,0.002936666666666667
2024-05-07 20:40:00,38,2154,316,20,40,10.054,6016.2,0.0016711666666666667
2024-05-07 20:41:00,62,1458,932,20,41,24.758,10427.4,0.0028964999999999998
2024-05-07 20:42:00,59,1536,328,20,42,9.736,5920.8,0.0016446666666666667
2024-05-07 20:43:00,37,561,1042,20,43,26.611,10983.3,0.0030509166666666666
2024-05-07 20:44:00,52,1790,953,20,44,25.615000000000002,10684.5,0.002967916666666667
2024-05-07 20:45:00,62,1115,421,20,45,11.64,6492.0,0.0018033333333333334
2024-05-07 20:46:00,64,2042,658,20,46,18.492,8547.6,0.0023743333333333333
2024-05-07 20:47:00,31,500,691,20,47,17.775000000000002,8332.5,0.0023145833333333334
2024-05-07 20:48:00,26,1770,1028,20,48,27.470000000000002,11241.0,0.0031225
2024-05-07 20:49:00,44,1475,946,20,49,25.125000000000004,10537.500000000002,0.002927083333333334
2024-05-07 20:50:00,22,1610,964,20,50,25.71,10713.0,0.0029758333333333334
2024-05-07 20:51:00,40,2090,796,20,51,21.990000000000002,9597.0,0.0026658333333333334
2024-05-07 20:52:00,56,908,865,20,52,22.533,9759.9,0.002711083333333333
2024-05-07 20:53:00,32,1550,740,20,53,20.05,9015.0,0.0025041666666666667
2024-05-07 20:54:00,25,494,628,20,54,16.194000000000003,7858.200000000001,0.0021828333333333335
2024-05-07 20:55:00,52,528,292,20,55,7.828000000000001,5348.400000000001,0.0014856666666666668
2024-05-07 20:56:00,32,680,305,20,56,8.305,5491.5,0.0015254166666666667
2024-05-07 20:57:00,50,1646,548,20,57,15.346000000000002,7603.8,0.0021121666666666667
2024-05-07 20:58:00,28,1722,521,20,58,14.747,7424.1,0.0020622500000000003
2024-05-07 20:59:00,22,1479,244,20,59,7.579000000000001,5273.700000000001,0.0014649166666666669
2024-05-07 21:00:00,38,776,1096,21,0,28.176000000000002,11452.8,0.0031813333333333333
2024-05-07 21:01:00,14,765,892,21,1,23.065,9919.5,0.002755416666666667
2024-05-07 21:02:00,37,512,292,21,2,7.812000000000001,5343.6,0.0014843333333333334
2024-05-07 21:03:00,64,1946,688,21,3,19.146,8743.800000000001,0.0024288333333333336
2024-05-07 21:04:00,32,1695,551,21,4,15.47,7641.0,0.0021225
2024-05-07 21:05:00,17,1746,329,21,5,9.971,5991.299999999999,0.0016642499999999997
2024-05-07 21:06:00,52,1079,256,21,6,7.479,5243.700000000001,0.0014565833333333336
2024-05-07 21:07:00,11,2192,329,21,7,10.417,6125.1,0.0017014166666666668
2024-05-07 21:08:00,46,2018,307,21,8,9.693000000000001,5907.900000000001,0.0016410833333333336
2024-05-07 21:09:00,8,2133,1172,21,9,31.433,12429.9,0.00345275
2024-05-07 21:10:00,58,1197,754,21,10,20.047,9014.1,0.002503916666666667
2024-05-07 21:11:00,37,1482,869,21,11,23.207,9962.1,0.00276725
2024-05-07 21:12:00,67,1670,956,21,12,25.57,10671.0,0.0029641666666666666
2024-05-07 21:13:00,34,1248,1166,21,13,30.398000000000003,12119.400000000001,0.0033665000000000006
2024-05-07 21:14:00,26,2213,322,21,14,10.263000000000002,6078.900000000001,0.0016885833333333334
2024-05-07 21:15:00,11,576,593,21,15,15.401000000000002,7620.3,0.00211675
2024-05-07 21:16:00,34,1224,922,21,16,24.274,10282.199999999999,0.0028561666666666666
2024-05-07 21:17:00,52,840,401,21,17,10.865,6259.5,0.00173875
2024-05-07 21:18:00,35,909,565,21,18,15.034,7510.200000000001,0.0020861666666666667
2024-05-07 21:19:00,8,2049,875,21,19,23.924,10177.199999999999,0.0028269999999999997
2024-05-07 21:20:00,43,507,383,21,20,10.082,6024.6,0.0016735
2024-05-07 21:21:00,20,693,484,21,21,12.793000000000001,6837.9,0.0018994166666666667
2024-05-07 21:22:00,55,1295,257,21,22,7.720000000000001,5316.0,0.0014766666666666667
2024-05-07 21:23:00,25,2043,725,21,23,20.168,9050.4,0.0025139999999999997
2024-05-07 21:24:00,16,1716,662,21,24,18.266000000000002,8479.8,0.0023555
2024-05-07 21:25:00,67,1167,1049,21,25,27.392000000000003,11217.6,0.0031160000000000003
2024-05-07 21:26:00,16,2118,1072,21,26,28.918,11675.4,0.0032431666666666668
2024-05-07 21:27:00,55,1875,487,21,27,14.05,7215.0,0.0020041666666666667
2024-05-07 21:28:00,29,1448,476,21,28,13.348,7004.4,0.0019456666666666665
2024-05-07 21:29:00,64,2135,727,21,29,20.310000000000002,9093.0,0.0025258333333333335
2024-05-07 21:30:00,19,476,727,21,30,18.651,8595.300000000001,0.0023875833333333336
2024-05-07 21:31:00,11,1502,539,21,31,14.977000000000002,7493.1,0.0020814166666666667
2024-05-07 21:32:00,14,2015,1145,21,32,30.64,12192.0,0.0033866666666666667
2024-05-07 21:33:00,37,920,674,21,33,17.770000000000003,8331.0,0.0023141666666666666
2024-05-07 21:34:00,50,1005,839,21,34,21.98,9594.0,0.002665
2024-05-07 21:35:00,26,2246,628,21,35,17.946,8383.800000000001,0.002328833333333334
2024-05-07 21:36:00,58,1724,596,21,36,16.624,7987.2,0.0022186666666666665
2024-05-07 21:37:00,34,1473,1015,21,37,26.848,11054.4,0.0030706666666666664
2024-05-07 21:38:00,59,2258,244,21,38,8.358,5507.4,0.0015298333333333331
2024-05-07 21:39:00,35,903,1036,21,39,26.803,11040.900000000001,0.003066916666666667
2024-05-07 21:40:00,10,2103,1067,21,40,28.778000000000002,11633.400000000001,0.0032315000000000004
2024-05-07 21:41:00,17,1022,1136,21,41,29.422,11826.6,0.0032851666666666667
2024-05-07 21:42:00,53,2141,787,21,42,21.816000000000003,9544.800000000001,0.0026513333333333337
2024-05-07 21:43:00,65,1859,706,21,43,19.509,8852.7,0.0024590833333333335
2024-05-07 21:44:00,16,893,325,21,44,9.018,5705.4,0.0015848333333333333
2024-05-07 21:45:00,17,803,299,21,45,8.278,5483.4,0.0015231666666666666
2024-05-07 21:46:00,68,855,451,21,46,12.13,6639.0,0.0018441666666666667
2024-05-07 21:47:00,32,1994,1193,21,47,31.819000000000003,12545.7,0.003484916666666667
2024-05-07 21:48:00,67,2240,455,21,48,13.615,7084.5,0.001967916666666667
2024-05-07 21:49:00,47,1425,907,21,49,24.1,10230.0,0.002841666666666667
2024-05-07 21:50:00,34,1467,623,21,50,17.042,8112.6,0.0022535000000000003
2024-05-07 21:51:00,43,806,739,21,51,19.281000000000002,8784.300000000001,0.0024400833333333336
2024-05-07 21:52:00,13,1662,835,21,52,22.537,9761.1,0.0027114166666666667
2024-05-07 21:53:00,25,2240,985,21,53,26.865000000000002,11059.5,0.0030720833333333333
2024-05-07 21:54:00,52,1167,916,21,54,24.067000000000004,10220.1,0.0028389166666666667
2024-05-07 21:55:00,46,1185,539,21,55,14.660000000000002,7398.000000000001,0.0020550000000000004
2024-05-07 21:56:00,55,1730,349,21,56,10.455,6136.5,0.0017045833333333333
2024-05-07 21:57:00,46,1311,434,21,57,12.161000000000001,6648.3,0.00184675
2024-05-07 21:58:00,20,1529,376,21,58,10.929,6278.7,0.0017440833333333334
2024-05-07 21:59:00,19,1082,1172,21,59,30.382,12114.6,0.003365166666666667
2024-05-07 22:00:00,37,1461,517,22,0,14.386000000000001,7315.8,0.002032166666666667
2024-05-07 22:01:00,49,1389,458,22,1,12.839,6851.700000000001,0.0019032500000000002
2024-05-07 22:02:00,49,1511,310,22,2,9.261,5778.3,0.0016050833333333334
2024-05-07 22:03:00,20,1608,914,22,3,24.458000000000002,10337.400000000001,0.0028715000000000004
2024-05-07 22:04:00,25,993,560,22,4,14.993,7497.9,0.00208275
2024-05-07 22:05:00,32,765,884,22,5,22.865000000000002,9859.5,0.00273875
2024-05-07 22:06:00,61,1725,976,22,6,26.125000000000004,10837.500000000002,0.0030104166666666673
2024-05-07 22:07:00,38,686,449,22,7,11.911000000000001,6573.3,0.0018259166666666667
2024-05-07 22:08:00,50,1662,320,22,8,9.662,5898.6,0.0016385000000000002
2024-05-07 22:09:00,56,1385,469,22,9,13.110000000000001,6933.0,0.0019258333333333334
2024-05-07 22:10:00,67,672,914,22,10,23.522000000000002,10056.6,0.0027935
2024-05-07 22:11:00,67,1367,391,22,11,11.142,6342.6,0.0017618333333333334
2024-05-07 22:12:00,22,2306,844,22,12,23.406000000000002,10021.8,0.002783833333333333
2024-05-07 22:13:00,20,572,799,22,13,20.547,9164.1,0.0025455833333333333
2024-05-07 22:14:00,52,1178,503,22,14,13.753,7125.9,0.0019794166666666667
2024-05-07 22:15:00,70,539,1031,22,15,26.314000000000004,10894.2,0.003026166666666667
2024-05-07 22:16:00,64,1938,872,22,16,23.738,10121.4,0.0028114999999999998
2024-05-07 22:17:00,41,1778,1150,22,17,30.528,12158.4,0.0033773333333333333
2024-05-07 22:18:00,65,1866,877,22,18,23.791,10137.300000000001,0.002815916666666667
2024-05-07 22:19:00,19,2094,364,22,19,11.193999999999999,6358.199999999999,0.0017661666666666663
2024-05-07 22:20:00,35,2252,593,22,20,17.077,8123.1,0.0022564166666666666
2024-05-07 22:21:00,31,1005,866,22,21,22.655,9796.5,0.00272125
2024-05-07 22:22:00,47,1788,605,22,22,16.913,8073.900000000001,0.00224275
2024-05-07 22:23:00,16,1946,634,22,23,17.796000000000003,8338.800000000001,0.0023163333333333334
2024-05-07 22:24:00,67,830,863,22,24,22.405,9721.5,0.0027004166666666665
2024-05-07 22:25:00,55,1769,976,22,25,26.169000000000004,10850.7,0.0030140833333333335
2024-05-07 22:26:00,47,719,1063,22,26,27.294000000000004,11188.2,0.0031078333333333335
2024-05-07 22:27:00,8,1980,529,22,27,15.205000000000002,7561.500000000001,0.002100416666666667
2024-05-07 22:28:00,65,1968,1061,22,28,28.493000000000002,11547.900000000001,0.0032077500000000005
2024-05-07 22:29:00,58,1523,1175,22,29,30.898,12269.4,0.0034081666666666665
2024-05-07 22:30:00,41,2078,497,22,30,14.503,7350.9,0.0020419166666666667
2024-05-07 22:31:00,16,1173,1220,22,31,31.673000000000002,12501.900000000001,0.0034727500000000006
2024-05-07 22:32:00,17,1260,706,22,32,18.910000000000004,8673.0,0.0024091666666666667
2024-05-07 22:33:00,20,2241,1132,22,33,30.541,12162.300000000001,0.003378416666666667
2024-05-07 22:34:00,61,1817,1223,22,34,32.392,12717.6,0.0035326666666666666
2024-05-07 22:35:00,31,1056,920,22,35,24.056,10216.800000000001,0.0028380000000000002
2024-05-07 22:36:00,56,2247,1193,22,36,32.072,12621.6,0.003506
2024-05-07 22:37:00,58,1371,814,22,37,21.721,9516.3,0.0026434166666666663
2024-05-07 22:38:00,58,2162,551,22,38,15.937000000000001,7781.1,0.002161416666666667
2024-05-07 22:39:00,35,1745,890,22,39,23.995,10198.5,0.0028329166666666667
2024-05-07 22:40:00,40,629,821,22,40,21.154000000000003,9346.2,0.0025961666666666668
2024-05-07 22:41:00,68,1748,586,22,41,16.398,7919.400000000001,0.0021998333333333336
2024-05-07 22:42:00,58,1677,508,22,42,14.377,7313.1,0.0020314166666666666
2024-05-07 22:43:00,40,2303,310,22,43,10.053,6015.900000000001,0.0016710833333333334
2024-05-07 22:44:00,13,1575,796,22,44,21.475,9442.5,0.0026229166666666666
2024-05-07 22:45:00,22,719,541,22,45,14.244,7273.2,0.002020333333333333
2024-05-07 22:46:00,70,2207,467,22,46,13.882000000000001,7164.6,0.0019901666666666666
2024-05-07 22:47:00,23,1208,565,22,47,15.333,7599.9,0.0021110833333333333
2024-05-07 22:48:00,65,1272,449,22,48,12.497000000000002,6749.1,0.0018747500000000001
2024-05-07 22:49:00,20,1034,845,22,49,22.159,9647.699999999999,0.0026799166666666664
2024-05-07 22:50:00,65,1739,401,22,50,11.764000000000001,6529.200000000001,0.0018136666666666668
2024-05-07 22:51:00,25,1790,911,22,51,24.565,10369.5,0.0028804166666666665
2024-05-07 22:52:00,32,2198,433,22,52,13.023000000000001,6906.9,0.0019185833333333333
2024-05-07 22:53:00,53,1931,1144,22,53,30.531000000000002,12159.3,0.003377583333333333
2024-05-07 22:54:00,40,1365,1109,22,54,29.09,11727.0,0.0032575
2024-05-07 22:55:00,29,929,1213,22,55,31.254,12376.199999999999,0.003437833333333333
2024-05-07 22:56:00,47,566,724,22,56,18.666,8599.800000000001,0.0023888333333333335
2024-05-07 22:57:00,62,1907,350,22,57,10.657,6197.1,0.0017214166666666667
2024-05-07 22:58:00,14,968,838,22,58,21.918000000000003,9575.400000000001,0.002659833333333334
2024-05-07 22:59:00,65,671,992,22,59,25.471,10641.3,0.0029559166666666666
2024-05-07 23:00:00,7,341,249,23,0,6.566000000000001,4969.8,0.0013805
2024-05-07 23:01:00,8,207,79,23,1,2.182,3654.6,0.0010151666666666666
2024-05-07 23:02:00,6,311,249,23,2,6.5360000000000005,4960.8,0.001378
2024-05-07 23:03:00,3,283,133,23,3,3.608,4082.4000000000005,0.0011340000000000002
2024-05-07 23:04:00,9,312,222,23,4,5.862000000000001,4758.6,0.0013218333333333335
2024-05-07 23:05:00,6,225,138,23,5,3.6750000000000003,4102.5,0.0011395833333333334
2024-05-07 23:06:00,15,205,107,23,6,2.8800000000000003,3864.0,0.0010733333333333333
2024-05-07 23:07:00,8,445,181,23,7,4.970000000000001,4491.0,0.0012475
2024-05-07 23:08:00,8,177,98,23,8,2.6270000000000002,3788.1000000000004,0.00105225
2024-05-07 23:09:00,10,194,257,23,9,6.619000000000001,4985.700000000001,0.0013849166666666669
2024-05-07 23:10:00,14,325,266,23,10,6.9750000000000005,5092.5,0.0014145833333333332
2024-05-07 23:11:00,9,137,213,23,11,5.462,4638.599999999999,0.0012885
2024-05-07 23:12:00,9,300,217,23,12,5.7250000000000005,4717.5,0.0013104166666666668
2024-05-07 23:13:00,3,463,224,23,13,6.063000000000001,4818.9,0.0013385833333333333
2024-05-07 23:14:00,5,344,227,23,14,6.019000000000001,4805.700000000001,0.001334916666666667
2024-05-07 23:15:00,8,257,168,23,15,4.457,4337.1,0.00120475
2024-05-07 23:16:00,3,294,70,23,16,2.044,3613.2000000000003,0.0010036666666666668
2024-05-07 23:17:00,7,262,125,23,17,3.387,4016.1000000000004,0.0011155833333333334
2024-05-07 23:18:00,11,206,108,23,18,2.906,3871.8,0.0010755
2024-05-07 23:19:00,4,239,206,23,19,5.389,4616.7,0.0012824166666666665
2024-05-07 23:20:00,10,253,131,23,20,3.5280000000000005,4058.4,0.0011273333333333333
2024-05-07 23:21:00,13,259,170,23,21,4.509,4352.700000000001,0.0012090833333333335
2024-05-07 23:22:00,4,404,122,23,22,3.454,4036.2000000000003,0.0011211666666666668
2024-05-07 23:23:00,13,451,117,23,23,3.3760000000000003,4012.8,0.0011146666666666668
2024-05-07 23:24:00,9,161,79,23,24,2.136,3640.7999999999997,0.0010113333333333333
2024-05-07 23:25:00,4,148,265,23,25,6.773,5031.9,0.00139775
2024-05-07 23:26:00,12,456,206,23,26,5.606000000000001,4681.8,0.0013005
2024-05-07 23:27:00,10,325,200,23,27,5.325,4597.5,0.0012770833333333334
2024-05-07 23:28:00,10,395,211,23,28,5.67,4701.0,0.0013058333333333333
2024-05-07 23:29:00,10,359,110,23,29,3.109,3932.7,0.0010924166666666667
2024-05-07 23:30:00,4,320,98,23,30,2.77,3831.0,0.0010641666666666666
2024-05-07 23:31:00,3,275,81,23,31,2.3,3690.0,0.001025
2024-05-07 23:32:00,8,479,111,23,32,3.2540000000000004,3976.2000000000003,0.0011045
2024-05-07 23:33:00,13,242,88,23,33,2.442,3732.6000000000004,0.0010368333333333334
2024-05-07 23:34:00,15,345,125,23,34,3.47,4041.0,0.0011225
2024-05-07 23:35:00,7,436,156,23,35,4.336,4300.8,0.0011946666666666668
2024-05-07 23:36:00,5,402,79,23,36,2.3770000000000002,3713.1000000000004,0.0010314166666666668
2024-05-07 23:37:00,11,335,216,23,37,5.735,4720.5,0.00131125
2024-05-07 23:38:00,13,266,260,23,38,6.766,5029.8,0.0013971666666666668
2024-05-07 23:39:00,3,293,250,23,39,6.543,4962.9,0.0013785833333333332
2024-05-07 23:40:00,15,175,194,23,40,5.025,4507.5,0.0012520833333333333
2024-05-07 23:41:00,14,198,263,23,41,6.773000000000001,5031.9,0.00139775
2024-05-07 23:42:00,10,146,172,23,42,4.446,4333.8,0.0012038333333333334
2024-05-07 23:43:00,14,269,164,23,43,4.369000000000001,4310.700000000001,0.001197416666666667
2024-05-07 23:44:00,13,422,80,23,44,2.422,3726.6000000000004,0.0010351666666666669
2024-05-07 23:45:00,6,274,97,23,45,2.6990000000000003,3809.7000000000003,0.0010582500000000002
2024-05-07 23:46:00,15,182,100,23,46,2.682,3804.6,0.0010568333333333332
2024-05-07 23:47:00,7,209,254,23,47,6.559,4967.700000000001,0.0013799166666666669
2024-05-07 23:48:00,4,216,113,23,48,3.0410000000000004,3912.3,0.00108675
2024-05-07 23:49:00,9,470,90,23,49,2.72,3816.0,0.00106
2024-05-07 23:50:00,12,407,85,23,50,2.532,3759.6000000000004,0.0010443333333333335
2024-05-07 23:51:00,15,284,167,23,51,4.459,4337.7,0.0012049166666666666
2024-05-07 23:52:00,7,340,143,23,52,3.915,4174.5,0.0011595833333333334
2024-05-07 23:53:00,13,185,143,23,53,3.7600000000000002,4128.0,0.0011466666666666667
2024-05-07 23:54:00,9,189,182,23,54,4.739,4421.7,0.00122825
2024-05-07 23:55:00,4,284,203,23,55,5.359,4607.7,0.0012799166666666666
2024-05-07 23:56:00,10,424,145,23,56,4.049,4214.700000000001,0.0011707500000000001
2024-05-07 23:57:00,4,337,206,23,57,5.487,4646.1,0.0012905833333333335
2024-05-07 23:58:00,5,332,79,23,58,2.307,3692.1,0.0010255833333333332
2024-05-07 23:59:00,7,404,214,23,59,5.7540000000000004,4726.200000000001,0.0013128333333333336
